Molecule,Atom 1,Atom 2,Bond Length,Elecneg_1,Ele_1,Elecneg_2,Ele_2,InConj_1,InConj_2,InRing_1,InRing_2,Neighbour1,Neighbour2
1,4,6,1.564019145,2.55,0,2.55,0,0,0,4,4,3,2
1,2,4,1.563574854,2.55,0,2.55,0,0,0,4,4,3,3
1,3,6,1.549091883,2.55,0,2.55,0,0,0,4,4,2,2
1,2,3,1.548739113,2.55,0,2.55,0,0,0,4,4,3,2
1,20,21,1.521542959,2.55,0,2.55,0,0,0,0,0,2,2
1,16,17,1.516091922,2.55,0,2.55,0,0,0,0,0,2,2
1,4,11,1.512668201,2.55,0,2.55,0,0,0,4,0,3,3
1,0,2,1.510638742,2.55,0,2.55,0,0,0,0,4,3,3
1,35,36,1.509123966,2.55,0,2.55,0,0,0,0,0,3,1
1,30,31,1.508871486,2.55,0,2.55,0,0,0,0,0,3,1
1,15,20,1.432483693,3.44,1,2.55,0,0,0,0,0,2,2
1,1,16,1.431766561,3.44,1,2.55,0,0,0,0,0,2,2
1,21,27,1.430757324,2.55,0,3.44,1,0,0,0,0,2,2
1,17,24,1.429676621,2.55,0,3.44,1,0,0,0,0,2,2
1,24,30,1.353279848,3.44,1,2.55,0,0,0,0,0,2,3
1,27,35,1.352507326,3.44,1,2.55,0,0,0,0,0,2,3
1,11,15,1.346103592,2.55,0,3.44,1,0,0,0,0,3,2
1,0,1,1.345926609,2.55,0,3.44,1,0,0,0,0,3,2
1,11,14,1.209624525,2.55,0,3.44,1,0,0,0,0,3,1
1,0,13,1.206901679,2.55,0,3.44,1,0,0,0,0,3,1
1,35,41,1.204651065,2.55,0,3.44,1,0,0,0,0,3,1
1,30,40,1.204430144,2.55,0,3.44,1,0,0,0,0,3,1
2,2,4,1.566851256,2.55,0,2.55,0,0,0,4,4,3,3
2,4,6,1.556107732,2.55,0,2.55,0,0,0,4,4,3,2
2,2,3,1.555436717,2.55,0,2.55,0,0,0,4,4,3,2
2,3,6,1.547047041,2.55,0,2.55,0,0,0,4,4,2,2
2,16,17,1.516331788,2.55,0,2.55,0,0,0,0,0,2,2
2,20,21,1.516180073,2.55,0,2.55,0,0,0,0,0,2,2
2,4,11,1.510131251,2.55,0,2.55,0,0,0,4,0,3,3
2,0,2,1.510129799,2.55,0,2.55,0,0,0,0,4,3,3
2,35,36,1.508580056,2.55,0,2.55,0,0,0,0,0,3,1
2,30,31,1.508579229,2.55,0,2.55,0,0,0,0,0,3,1
2,1,16,1.430551267,3.44,1,2.55,0,0,0,0,0,2,2
2,15,20,1.430444732,3.44,1,2.55,0,0,0,0,0,2,2
2,17,24,1.429078403,2.55,0,3.44,1,0,0,0,0,2,2
2,21,27,1.428859186,2.55,0,3.44,1,0,0,0,0,2,2
2,24,30,1.35394593,3.44,1,2.55,0,0,0,0,0,2,3
2,27,35,1.353920364,3.44,1,2.55,0,0,0,0,0,2,3
2,0,1,1.352520249,2.55,0,3.44,1,0,0,0,0,3,2
2,11,15,1.352456745,2.55,0,3.44,1,0,0,0,0,3,2
2,0,13,1.205984091,2.55,0,3.44,1,0,0,0,0,3,1
2,11,14,1.205920804,2.55,0,3.44,1,0,0,0,0,3,1
2,35,41,1.204490196,2.55,0,3.44,1,0,0,0,0,3,1
2,30,40,1.204483264,2.55,0,3.44,1,0,0,0,0,3,1
3,2,4,1.581420806,2.55,0,2.55,0,0,0,4,4,4,3
3,2,3,1.564824368,2.55,0,2.55,0,0,0,4,4,4,2
3,4,6,1.56117857,2.55,0,2.55,0,0,0,4,4,3,2
3,3,6,1.545316373,2.55,0,2.55,0,0,0,4,4,2,2
3,0,2,1.534751548,2.55,0,2.55,0,0,0,0,4,3,4
3,20,21,1.521401978,2.55,0,2.55,0,0,0,0,0,2,2
3,16,17,1.516027306,2.55,0,2.55,0,0,0,0,0,2,2
3,4,11,1.514926022,2.55,0,2.55,0,0,0,4,0,3,3
3,35,36,1.508508719,2.55,0,2.55,0,0,0,0,0,3,1
3,30,31,1.508247725,2.55,0,2.55,0,0,0,0,0,3,1
3,2,5,1.464554477,2.55,0,2.55,0,0,0,4,0,4,2
3,1,16,1.43651172,3.44,1,2.55,0,0,0,0,0,2,2
3,15,20,1.435389115,3.44,1,2.55,0,0,0,0,0,2,2
3,21,27,1.429129904,2.55,0,3.44,1,0,0,0,0,2,2
3,17,24,1.428320444,2.55,0,3.44,1,0,0,0,0,2,2
3,24,30,1.355115765,3.44,1,2.55,0,0,0,0,0,2,3
3,27,35,1.354193089,3.44,1,2.55,0,0,0,0,0,2,3
3,11,15,1.341175165,2.55,0,3.44,1,0,0,0,0,3,2
3,0,1,1.336122362,2.55,0,3.44,1,0,0,0,0,3,2
3,11,14,1.209440076,2.55,0,3.44,1,0,0,0,0,3,1
3,35,41,1.204362053,2.55,0,3.44,1,0,0,0,0,3,1
3,30,40,1.203995716,2.55,0,3.44,1,0,0,0,0,3,1
3,0,13,1.202965216,2.55,0,3.44,1,0,0,0,0,3,1
3,5,42,1.159519846,2.55,0,3.04,2,0,0,0,0,2,1
4,2,4,1.591504333,2.55,0,2.55,0,0,0,4,4,3,4
4,4,6,1.576571284,2.55,0,2.55,0,0,0,4,4,4,2
4,3,6,1.545030467,2.55,0,2.55,0,0,0,4,4,2,2
4,2,3,1.544633737,2.55,0,2.55,0,0,0,4,4,3,2
4,4,11,1.53030176,2.55,0,2.55,0,0,0,4,0,4,3
4,15,16,1.516987465,2.55,0,2.55,0,0,0,0,0,2,2
4,19,20,1.516020219,2.55,0,2.55,0,0,0,0,0,2,2
4,0,2,1.514527447,2.55,0,2.55,0,0,0,0,4,3,3
4,29,30,1.508890525,2.55,0,2.55,0,0,0,0,0,3,1
4,34,35,1.507856802,2.55,0,2.55,0,0,0,0,0,3,1
4,4,41,1.464890579,2.55,0,2.55,0,0,0,4,0,4,2
4,14,19,1.435723394,3.44,1,2.55,0,0,0,0,0,2,2
4,1,15,1.433793751,3.44,1,2.55,0,0,0,0,0,2,2
4,16,23,1.429652602,2.55,0,3.44,1,0,0,0,0,2,2
4,20,26,1.427604457,2.55,0,3.44,1,0,0,0,0,2,2
4,26,34,1.355615334,3.44,1,2.55,0,0,0,0,0,2,3
4,23,29,1.353712066,3.44,1,2.55,0,0,0,0,0,2,3
4,11,14,1.344898411,2.55,0,3.44,1,0,0,0,0,3,2
4,0,1,1.342461269,2.55,0,3.44,1,0,0,0,0,3,2
4,0,12,1.205963982,2.55,0,3.44,1,0,0,0,0,3,1
4,29,39,1.204160258,2.55,0,3.44,1,0,0,0,0,3,1
4,34,40,1.204101844,2.55,0,3.44,1,0,0,0,0,3,1
4,11,13,1.201821777,2.55,0,3.44,1,0,0,0,0,3,1
4,41,42,1.158375897,2.55,0,3.04,2,0,0,0,0,2,1
5,2,4,1.598286339,2.55,0,2.55,0,0,0,4,4,4,4
5,4,5,1.57346047,2.55,0,2.55,0,0,0,4,4,4,2
5,2,3,1.566828818,2.55,0,2.55,0,0,0,4,4,4,2
5,3,5,1.542432163,2.55,0,2.55,0,0,0,4,4,2,2
5,4,10,1.540600998,2.55,0,2.55,0,0,0,4,0,4,3
5,0,2,1.53638327,2.55,0,2.55,0,0,0,0,4,3,4
5,18,19,1.521303929,2.55,0,2.55,0,0,0,0,0,2,2
5,14,15,1.515987741,2.55,0,2.55,0,0,0,0,0,2,2
5,33,34,1.507980335,2.55,0,2.55,0,0,0,0,0,3,1
5,28,29,1.507735134,2.55,0,2.55,0,0,0,0,0,3,1
5,2,40,1.46374295,2.55,0,2.55,0,0,0,4,0,4,2
5,4,41,1.459560154,2.55,0,2.55,0,0,0,4,0,4,2
5,1,14,1.438561342,3.44,1,2.55,0,0,0,0,0,2,2
5,13,18,1.437919167,3.44,1,2.55,0,0,0,0,0,2,2
5,19,25,1.42811774,2.55,0,3.44,1,0,0,0,0,2,2
5,15,22,1.427019066,2.55,0,3.44,1,0,0,0,0,2,2
5,22,28,1.356566148,3.44,1,2.55,0,0,0,0,0,2,3
5,25,33,1.355469403,3.44,1,2.55,0,0,0,0,0,2,3
5,0,1,1.333504552,2.55,0,3.44,1,0,0,0,0,3,2
5,10,13,1.328949705,2.55,0,3.44,1,0,0,0,0,3,2
5,10,12,1.206645083,2.55,0,3.44,1,0,0,0,0,3,1
5,33,39,1.203963859,2.55,0,3.44,1,0,0,0,0,3,1
5,28,38,1.203741918,2.55,0,3.44,1,0,0,0,0,3,1
5,0,11,1.202398799,2.55,0,3.44,1,0,0,0,0,3,1
5,40,42,1.158937055,2.55,0,3.04,2,0,0,0,0,2,1
5,41,43,1.158462981,2.55,0,3.04,2,0,0,0,0,2,1
6,2,4,1.629875999,2.55,0,2.55,0,0,0,4,4,4,4
6,4,5,1.564740886,2.55,0,2.55,0,0,0,4,4,4,2
6,2,3,1.563946474,2.55,0,2.55,0,0,0,4,4,4,2
6,3,5,1.541805685,2.55,0,2.55,0,0,0,4,4,2,2
6,0,2,1.538614888,2.55,0,2.55,0,0,0,0,4,3,4
6,4,10,1.538484478,2.55,0,2.55,0,0,0,4,0,4,3
6,18,19,1.516702827,2.55,0,2.55,0,0,0,0,0,2,2
6,14,15,1.515976819,2.55,0,2.55,0,0,0,0,0,2,2
6,33,34,1.508113319,2.55,0,2.55,0,0,0,0,0,3,1
6,28,29,1.507854113,2.55,0,2.55,0,0,0,0,0,3,1
6,4,40,1.463685827,2.55,0,2.55,0,0,0,4,0,4,2
6,2,41,1.463485473,2.55,0,2.55,0,0,0,4,0,4,2
6,13,18,1.438922358,3.44,1,2.55,0,0,0,0,0,2,2
6,1,14,1.438433865,3.44,1,2.55,0,0,0,0,0,2,2
6,19,25,1.427870165,2.55,0,3.44,1,0,0,0,0,2,2
6,15,22,1.427161149,2.55,0,3.44,1,0,0,0,0,2,2
6,22,28,1.355382827,3.44,1,2.55,0,0,0,0,0,2,3
6,25,33,1.355083985,3.44,1,2.55,0,0,0,0,0,2,3
6,10,13,1.334862872,2.55,0,3.44,1,0,0,0,0,3,2
6,0,1,1.334493095,2.55,0,3.44,1,0,0,0,0,3,2
6,28,38,1.204042249,2.55,0,3.44,1,0,0,0,0,3,1
6,33,39,1.204041747,2.55,0,3.44,1,0,0,0,0,3,1
6,0,11,1.201219742,2.55,0,3.44,1,0,0,0,0,3,1
6,10,12,1.201203777,2.55,0,3.44,1,0,0,0,0,3,1
6,40,42,1.158410361,2.55,0,3.04,2,0,0,0,0,2,1
6,41,43,1.158386475,2.55,0,3.04,2,0,0,0,0,2,1
7,22,23,1.56932001,2.55,0,2.55,0,0,0,4,4,3,3
7,24,26,1.561777985,2.55,0,2.55,0,0,0,4,4,3,3
7,22,24,1.558842652,2.55,0,2.55,0,0,0,4,4,3,3
7,23,26,1.55442528,2.55,0,2.55,0,0,0,4,4,3,3
7,14,15,1.411755171,2.55,0,2.55,0,0,0,6,6,3,3
7,0,9,1.411441648,2.55,0,2.55,0,0,0,6,6,3,3
7,15,16,1.409472396,2.55,0,2.55,0,0,0,6,6,3,2
7,7,9,1.409385129,2.55,0,2.55,0,0,0,6,6,2,3
7,0,1,1.407036225,2.55,0,2.55,0,0,0,6,6,3,2
7,12,14,1.406758907,2.55,0,2.55,0,0,0,6,6,2,3
7,3,5,1.397893269,2.55,0,2.55,0,0,0,6,6,2,2
7,11,18,1.397682173,2.55,0,2.55,0,0,0,6,6,2,2
7,1,3,1.394906929,2.55,0,2.55,0,0,0,6,6,2,2
7,11,12,1.394905216,2.55,0,2.55,0,0,0,6,6,2,2
7,5,7,1.391844009,2.55,0,2.55,0,0,0,6,6,2,2
7,16,18,1.391789552,2.55,0,2.55,0,0,0,6,6,2,2
7,24,28,1.514253373,2.55,0,2.55,0,0,0,4,0,3,3
7,26,30,1.514022621,2.55,0,2.55,0,0,0,4,0,3,3
7,14,23,1.511063746,2.55,0,2.55,0,0,0,6,4,3,3
7,0,22,1.508755483,2.55,0,2.55,0,0,0,6,4,3,3
7,15,20,1.50741237,2.55,0,2.55,0,0,0,6,7,3,3
7,9,20,1.506368,2.55,0,2.55,0,0,0,6,7,3,3
7,35,40,1.430962073,3.44,1,2.55,0,0,0,0,0,2,1
7,33,36,1.429403769,3.44,1,2.55,0,0,0,0,0,2,1
7,30,35,1.344423823,2.55,0,3.44,1,0,0,0,0,3,2
7,28,33,1.340560044,2.55,0,3.44,1,0,0,0,0,3,2
7,20,21,1.218929498,2.55,0,3.44,1,0,0,7,0,3,1
7,28,32,1.20847562,2.55,0,3.44,1,0,0,0,0,3,1
7,30,34,1.206934886,2.55,0,3.44,1,0,0,0,0,3,1
8,35,36,1.568452915,2.55,0,2.55,0,0,0,4,4,3,3
8,34,35,1.563373643,2.55,0,2.55,0,0,0,4,4,3,3
8,34,38,1.562980068,2.55,0,2.55,0,0,0,4,4,3,3
8,36,38,1.546847547,2.55,0,2.55,0,0,0,4,4,3,3
8,11,12,1.407433265,2.55,0,2.55,0,1,1,6,6,2,3
8,7,9,1.405967576,2.55,0,2.55,0,1,1,6,6,2,3
8,1,9,1.402452608,2.55,0,2.55,0,1,1,6,6,2,3
8,12,13,1.402150278,2.55,0,2.55,0,1,1,6,6,3,2
8,17,18,1.402051977,2.55,0,2.55,0,1,1,6,6,3,2
8,13,15,1.399971583,2.55,0,2.55,0,1,1,6,6,2,2
8,15,17,1.399575048,2.55,0,2.55,0,1,1,6,6,2,3
8,4,5,1.399320712,2.55,0,2.55,0,1,1,6,6,3,2
8,1,2,1.399281135,2.55,0,2.55,0,1,1,6,6,2,2
8,2,4,1.398388292,2.55,0,2.55,0,1,1,6,6,2,3
8,5,7,1.393603615,2.55,0,2.55,0,1,1,6,6,2,2
8,11,18,1.391731026,2.55,0,2.55,0,1,1,6,6,2,2
8,36,42,1.509570656,2.55,0,2.55,0,0,0,4,0,3,3
8,9,34,1.509569546,2.55,0,2.55,0,1,0,6,4,3,3
8,38,40,1.509259321,2.55,0,2.55,0,0,0,4,0,3,3
8,27,28,1.509098382,2.55,0,2.55,0,0,0,0,0,3,1
8,22,23,1.508866924,2.55,0,2.55,0,0,0,0,0,3,1
8,12,35,1.506103446,2.55,0,2.55,0,1,0,6,4,3,3
8,44,48,1.430107464,3.44,1,2.55,0,0,0,0,0,2,1
8,45,52,1.428805248,3.44,1,2.55,0,0,0,0,0,2,1
8,4,20,1.388894606,2.55,0,3.44,1,1,0,6,0,3,2
8,17,21,1.387332234,2.55,0,3.44,1,1,0,6,0,3,2
8,20,22,1.363199024,3.44,1,2.55,0,0,0,0,0,2,3
8,21,27,1.361290955,3.44,1,2.55,0,0,0,0,0,2,3
8,40,44,1.346526239,2.55,0,3.44,1,0,0,0,0,3,2
8,42,45,1.344178015,2.55,0,3.44,1,0,0,0,0,3,2
8,42,47,1.208981478,2.55,0,3.44,1,0,0,0,0,3,1
8,40,46,1.208893685,2.55,0,3.44,1,0,0,0,0,3,1
8,27,33,1.202597805,2.55,0,3.44,1,0,0,0,0,3,1
8,22,32,1.201660368,2.55,0,3.44,1,0,0,0,0,3,1
9,34,35,1.59278479,2.55,0,2.55,0,0,0,4,4,3,3
9,34,38,1.56503594,2.55,0,2.55,0,0,0,4,4,3,3
9,36,38,1.556039382,2.55,0,2.55,0,0,0,4,4,3,3
9,35,36,1.550179181,2.55,0,2.55,0,0,0,4,4,3,3
9,7,9,1.407742649,2.55,0,2.55,0,1,1,6,6,2,3
9,12,13,1.405127903,2.55,0,2.55,0,1,1,6,6,3,2
9,11,12,1.404624346,2.55,0,2.55,0,1,1,6,6,2,3
9,1,9,1.401977185,2.55,0,2.55,0,1,1,6,6,2,3
9,4,5,1.401409538,2.55,0,2.55,0,1,1,6,6,3,2
9,1,2,1.400802912,2.55,0,2.55,0,1,1,6,6,2,2
9,2,4,1.398586528,2.55,0,2.55,0,1,1,6,6,2,3
9,17,18,1.398373487,2.55,0,2.55,0,1,1,6,6,3,2
9,15,17,1.398171054,2.55,0,2.55,0,1,1,6,6,2,3
9,11,18,1.397135765,2.55,0,2.55,0,1,1,6,6,2,2
9,13,15,1.394420228,2.55,0,2.55,0,1,1,6,6,2,2
9,5,7,1.391107204,2.55,0,2.55,0,1,1,6,6,2,2
9,38,40,1.514806456,2.55,0,2.55,0,0,0,4,0,3,3
9,36,42,1.511868206,2.55,0,2.55,0,0,0,4,0,3,3
9,9,34,1.511103656,2.55,0,2.55,0,1,0,6,4,3,3
9,22,23,1.509406936,2.55,0,2.55,0,0,0,0,0,3,1
9,27,28,1.508627771,2.55,0,2.55,0,0,0,0,0,3,1
9,12,35,1.504472876,2.55,0,2.55,0,1,0,6,4,3,3
9,45,52,1.429331297,3.44,1,2.55,0,0,0,0,0,2,1
9,44,48,1.428823039,3.44,1,2.55,0,0,0,0,0,2,1
9,17,21,1.389145139,2.55,0,3.44,1,1,0,6,0,3,2
9,4,20,1.387857014,2.55,0,3.44,1,1,0,6,0,3,2
9,21,27,1.364379217,3.44,1,2.55,0,0,0,0,0,2,3
9,20,22,1.360399168,3.44,1,2.55,0,0,0,0,0,2,3
9,42,45,1.341649331,2.55,0,3.44,1,0,0,0,0,3,2
9,40,44,1.339922235,2.55,0,3.44,1,0,0,0,0,3,2
9,40,46,1.210360587,2.55,0,3.44,1,0,0,0,0,3,1
9,42,47,1.208001262,2.55,0,3.44,1,0,0,0,0,3,1
9,22,32,1.202831505,2.55,0,3.44,1,0,0,0,0,3,1
9,27,33,1.201170671,2.55,0,3.44,1,0,0,0,0,3,1
10,30,31,1.592298548,2.55,0,2.55,0,0,0,4,4,3,3
10,32,34,1.56427093,2.55,0,2.55,0,0,0,4,4,3,3
10,30,34,1.55045617,2.55,0,2.55,0,0,0,4,4,3,3
10,31,32,1.549841227,2.55,0,2.55,0,0,0,4,4,3,3
10,12,13,1.41058646,2.55,0,2.55,0,1,1,6,6,3,2
10,7,9,1.4105638,2.55,0,2.55,0,1,1,6,6,2,3
10,15,17,1.406755395,2.55,0,2.55,0,1,1,6,6,2,3
10,4,5,1.406612595,2.55,0,2.55,0,1,1,6,6,3,2
10,11,12,1.403118785,2.55,0,2.55,0,1,1,6,6,2,3
10,1,2,1.402645581,2.55,0,2.55,0,1,1,6,6,2,2
10,17,18,1.402599966,2.55,0,2.55,0,1,1,6,6,3,2
10,2,4,1.400830582,2.55,0,2.55,0,1,1,6,6,2,3
10,11,18,1.400294742,2.55,0,2.55,0,1,1,6,6,2,2
10,1,9,1.400276954,2.55,0,2.55,0,1,1,6,6,2,3
10,13,15,1.390240357,2.55,0,2.55,0,1,1,6,6,2,2
10,5,7,1.389094239,2.55,0,2.55,0,1,1,6,6,2,2
10,34,36,1.542399687,2.55,0,2.55,0,0,0,4,0,3,3
10,32,38,1.519776497,2.55,0,2.55,0,0,0,4,0,3,3
10,9,30,1.511070395,2.55,0,2.55,0,1,0,6,4,3,3
10,12,31,1.506136354,2.55,0,2.55,0,1,0,6,4,3,3
10,43,49,1.448638087,3.04,2,2.55,0,0,0,0,0,2,1
10,42,44,1.447730647,3.04,2,2.55,0,0,0,0,0,2,1
10,21,26,1.409287471,3.44,1,2.55,0,0,0,0,0,2,1
10,20,22,1.408213511,3.44,1,2.55,0,0,0,0,0,2,1
10,36,42,1.3599046,2.55,0,3.04,2,0,0,0,0,3,2
10,4,20,1.359081917,2.55,0,3.44,1,1,0,6,0,3,2
10,38,43,1.358649014,2.55,0,3.04,2,0,0,0,0,3,2
10,17,21,1.357556281,2.55,0,3.44,1,1,0,6,0,3,2
10,38,41,1.230055674,2.55,0,3.44,1,0,0,0,0,3,1
10,36,40,1.224237524,2.55,0,3.44,1,0,0,0,0,3,1
11,0,2,1.573837584,2.55,0,2.55,0,0,0,4,4,3,3
11,2,3,1.570570943,2.55,0,2.55,0,0,0,4,4,3,3
11,1,3,1.566314738,2.55,0,2.55,0,0,0,4,4,3,3
11,0,1,1.559652776,2.55,0,2.55,0,0,0,4,4,3,3
11,36,39,1.52719471,2.55,0,2.55,0,0,0,3,3,3,3
11,36,42,1.50884858,2.55,0,2.55,0,0,0,3,3,3,4
11,39,42,1.501666157,2.55,0,2.55,0,0,0,3,3,3,4
11,7,33,1.549025664,2.55,0,2.55,0,0,0,7,7,2,2
11,5,30,1.548261004,2.55,0,2.55,0,0,0,7,7,2,2
11,2,5,1.534997563,2.55,0,2.55,0,0,0,4,7,3,2
11,3,7,1.527664881,2.55,0,2.55,0,0,0,4,7,3,2
11,16,17,1.52164333,2.55,0,2.55,0,0,0,0,0,2,1
11,1,10,1.520998843,2.55,0,2.55,0,0,0,4,0,3,3
11,0,4,1.520557318,2.55,0,2.55,0,0,0,4,0,3,3
11,23,24,1.52037695,2.55,0,2.55,0,0,0,0,0,2,1
11,30,36,1.518839538,2.55,0,2.55,0,0,0,7,3,2,3
11,33,39,1.515964186,2.55,0,2.55,0,0,0,7,3,2,3
11,15,23,1.440301994,3.44,1,2.55,0,0,0,0,0,2,2
11,13,16,1.431913314,3.44,1,2.55,0,0,0,0,0,2,2
11,4,13,1.354385495,2.55,0,3.44,1,0,0,0,0,3,2
11,10,15,1.341306591,2.55,0,3.44,1,0,0,0,0,3,2
11,10,14,1.211182751,2.55,0,3.44,1,0,0,0,0,3,1
11,4,12,1.203689251,2.55,0,3.44,1,0,0,0,0,3,1
12,0,2,1.585160608,2.55,0,2.55,0,0,0,4,4,3,3
12,1,3,1.585156032,2.55,0,2.55,0,0,0,4,4,3,3
12,2,3,1.55085664,2.55,0,2.55,0,0,0,4,4,3,3
12,0,1,1.550789143,2.55,0,2.55,0,0,0,4,4,3,3
12,22,23,1.407565793,2.55,0,2.55,0,1,1,6,6,3,2
12,34,35,1.407560969,2.55,0,2.55,0,1,1,6,6,3,2
12,22,31,1.405802851,2.55,0,2.55,0,1,1,6,6,3,2
12,34,43,1.405802643,2.55,0,2.55,0,1,1,6,6,3,2
12,37,39,1.398818589,2.55,0,2.55,0,1,1,6,6,2,2
12,25,27,1.398818582,2.55,0,2.55,0,1,1,6,6,2,2
12,29,31,1.398159931,2.55,0,2.55,0,1,1,6,6,2,2
12,41,43,1.398157126,2.55,0,2.55,0,1,1,6,6,2,2
12,39,41,1.397597402,2.55,0,2.55,0,1,1,6,6,2,2
12,27,29,1.3975925,2.55,0,2.55,0,1,1,6,6,2,2
12,35,37,1.397558667,2.55,0,2.55,0,1,1,6,6,2,2
12,23,25,1.397556871,2.55,0,2.55,0,1,1,6,6,2,2
12,3,4,1.526542097,2.55,0,2.55,0,0,0,4,0,3,3
12,0,13,1.526539205,2.55,0,2.55,0,0,0,4,0,3,3
12,1,34,1.509776851,2.55,0,2.55,0,0,1,4,6,3,3
12,2,22,1.509776196,2.55,0,2.55,0,0,1,4,6,3,3
12,7,8,1.448232604,3.04,2,2.55,0,0,0,0,0,2,1
12,16,17,1.448226962,3.04,2,2.55,0,0,0,0,0,2,1
12,13,16,1.363580624,2.55,0,3.04,2,0,0,0,0,3,2
12,4,7,1.363574261,2.55,0,3.04,2,0,0,0,0,3,2
12,4,6,1.22400008,2.55,0,3.44,1,0,0,0,0,3,1
12,13,15,1.223988612,2.55,0,3.44,1,0,0,0,0,3,1
13,1,3,1.579097738,2.55,0,2.55,0,0,0,4,4,3,3
13,0,2,1.578931919,2.55,0,2.55,0,0,0,4,4,3,3
13,0,1,1.551169991,2.55,0,2.55,0,0,0,4,4,3,3
13,2,3,1.551149983,2.55,0,2.55,0,0,0,4,4,3,3
13,3,10,1.50903283,2.55,0,2.55,0,0,0,4,6,3,3
13,0,4,1.508973944,2.55,0,2.55,0,0,0,4,6,3,3
13,1,8,1.505011768,2.55,0,2.55,0,0,1,4,6,3,3
13,2,12,1.505001916,2.55,0,2.55,0,0,1,4,6,3,3
13,8,21,1.408943103,2.55,0,2.55,0,1,1,6,6,3,2
13,12,25,1.40893122,2.55,0,2.55,0,1,1,6,6,3,2
13,26,27,1.408666922,2.55,0,2.55,0,1,1,6,6,2,3
13,19,20,1.408628101,2.55,0,2.55,0,1,1,6,6,3,2
13,7,18,1.400314108,2.55,0,2.55,0,1,1,6,6,3,2
13,14,28,1.400279517,2.55,0,2.55,0,1,1,6,6,3,2
13,18,19,1.399557355,2.55,0,2.55,0,1,1,6,6,2,3
13,27,28,1.399526012,2.55,0,2.55,0,1,1,6,6,3,2
13,7,8,1.39863104,2.55,0,2.55,0,1,1,6,6,3,3
13,12,14,1.398630431,2.55,0,2.55,0,1,1,6,6,3,3
13,25,26,1.387833585,2.55,0,2.55,0,1,1,6,6,2,2
13,20,21,1.387812501,2.55,0,2.55,0,1,1,6,6,2,2
13,6,7,1.384317078,3.44,1,2.55,0,0,1,6,6,2,3
13,14,15,1.384242052,2.55,0,3.44,1,1,0,6,6,3,2
13,4,6,1.360545524,2.55,0,3.44,1,0,0,6,6,3,2
13,10,15,1.360534519,2.55,0,3.44,1,0,0,6,6,3,2
13,33,38,1.411481221,3.44,1,2.55,0,0,0,0,0,2,1
13,32,34,1.411399562,3.44,1,2.55,0,0,0,0,0,2,1
13,19,32,1.353666904,2.55,0,3.44,1,1,0,6,0,3,2
13,27,33,1.353654649,2.55,0,3.44,1,1,0,6,0,3,2
13,10,17,1.201228799,2.55,0,3.44,1,0,0,6,0,3,1
13,4,16,1.201180534,2.55,0,3.44,1,0,0,6,0,3,1
14,1,2,1.582576571,2.55,0,2.55,0,0,0,4,4,3,3
14,0,3,1.552719157,2.55,0,2.55,0,0,0,4,4,3,3
14,0,1,1.550167756,2.55,0,2.55,0,0,0,4,4,3,3
14,2,3,1.550004281,2.55,0,2.55,0,0,0,4,4,3,3
14,0,4,1.520046304,2.55,0,2.55,0,0,0,4,6,3,3
14,3,8,1.519941433,2.55,0,2.55,0,0,0,4,6,3,3
14,1,7,1.494008688,2.55,0,2.55,0,0,1,4,6,3,3
14,2,9,1.493849928,2.55,0,2.55,0,0,1,4,6,3,3
14,15,16,1.408872524,2.55,0,2.55,0,1,1,6,6,3,2
14,22,23,1.408863086,2.55,0,2.55,0,1,1,6,6,2,3
14,7,17,1.406271348,2.55,0,2.55,0,1,1,6,6,3,2
14,9,21,1.406254232,2.55,0,2.55,0,1,1,6,6,3,2
14,14,15,1.401214763,2.55,0,2.55,0,1,1,6,6,2,3
14,23,24,1.401177785,2.55,0,2.55,0,1,1,6,6,3,2
14,10,24,1.399261181,2.55,0,2.55,0,1,1,6,6,3,2
14,6,14,1.399259697,2.55,0,2.55,0,1,1,6,6,3,2
14,6,7,1.399097671,2.55,0,2.55,0,1,1,6,6,3,3
14,9,10,1.39902645,2.55,0,2.55,0,1,1,6,6,3,3
14,16,17,1.389325541,2.55,0,2.55,0,1,1,6,6,2,2
14,21,22,1.389253637,2.55,0,2.55,0,1,1,6,6,2,2
14,10,11,1.384416874,2.55,0,3.44,1,1,0,6,6,3,2
14,5,6,1.384370128,3.44,1,2.55,0,0,1,6,6,2,3
14,8,11,1.366659779,2.55,0,3.44,1,0,0,6,6,3,2
14,4,5,1.366547808,2.55,0,3.44,1,0,0,6,6,3,2
14,28,30,1.4119746,3.44,1,2.55,0,0,0,0,0,2,1
14,29,34,1.411876329,3.44,1,2.55,0,0,0,0,0,2,1
14,15,28,1.353375453,2.55,0,3.44,1,1,0,6,0,3,2
14,23,29,1.353303644,2.55,0,3.44,1,1,0,6,0,3,2
14,8,13,1.198134188,2.55,0,3.44,1,0,0,6,0,3,1
14,4,12,1.198084726,2.55,0,3.44,1,0,0,6,0,3,1
15,0,2,1.619375787,2.55,0,2.55,0,0,0,4,4,4,4
15,1,3,1.56066643,2.55,0,2.55,0,0,0,4,4,3,3
15,0,1,1.557268391,2.55,0,2.55,0,0,0,4,4,4,3
15,2,3,1.556996793,2.55,0,2.55,0,0,0,4,4,4,3
15,0,4,1.519594411,2.55,0,2.55,0,0,0,4,6,4,3
15,2,9,1.51956315,2.55,0,2.55,0,0,0,4,6,4,3
15,3,11,1.505267403,2.55,0,2.55,0,0,0,4,6,3,3
15,1,7,1.504999823,2.55,0,2.55,0,0,0,4,6,3,3
15,9,31,1.40977627,2.55,0,2.55,0,0,0,6,6,3,2
15,4,26,1.409731603,2.55,0,2.55,0,0,0,6,6,3,2
15,25,27,1.408088056,2.55,0,2.55,0,0,0,6,6,3,2
15,32,33,1.408032842,2.55,0,2.55,0,0,0,6,6,2,3
15,10,34,1.402048709,2.55,0,2.55,0,0,0,6,6,3,2
15,5,24,1.401938904,2.55,0,2.55,0,0,0,6,6,3,2
15,4,5,1.401189517,2.55,0,2.55,0,0,0,6,6,3,3
15,9,10,1.401103884,2.55,0,2.55,0,0,0,6,6,3,3
15,33,34,1.397172101,2.55,0,2.55,0,0,0,6,6,3,2
15,24,25,1.397169915,2.55,0,2.55,0,0,0,6,6,2,3
15,26,27,1.388290034,2.55,0,2.55,0,0,0,6,6,2,2
15,31,32,1.388126394,2.55,0,2.55,0,0,0,6,6,2,2
15,10,13,1.381561488,2.55,0,3.44,1,0,0,6,6,3,2
15,5,6,1.381529786,2.55,0,3.44,1,0,0,6,6,3,2
15,6,7,1.366690239,3.44,1,2.55,0,0,0,6,6,2,3
15,11,13,1.366582092,2.55,0,3.44,1,0,0,6,6,3,2
15,2,20,1.530843799,2.55,0,2.55,0,0,0,4,0,4,1
15,0,16,1.530524545,2.55,0,2.55,0,0,0,4,0,4,1
15,52,53,1.518125344,2.55,0,2.55,0,0,0,0,0,2,2
15,40,41,1.518065277,2.55,0,2.55,0,0,0,0,0,2,2
15,47,48,1.508549584,2.55,0,2.55,0,0,0,0,0,3,1
15,60,61,1.508501767,2.55,0,2.55,0,0,0,0,0,3,1
15,41,44,1.42867745,2.55,0,3.44,1,0,0,0,0,2,2
15,53,57,1.428505434,2.55,0,3.44,1,0,0,0,0,2,2
15,38,40,1.414848907,3.44,1,2.55,0,0,0,0,0,2,2
15,39,52,1.414764783,3.44,1,2.55,0,0,0,0,0,2,2
15,25,38,1.355282503,2.55,0,3.44,1,0,0,6,0,3,2
15,33,39,1.355159185,2.55,0,3.44,1,0,0,6,0,3,2
15,57,60,1.354286156,3.44,1,2.55,0,0,0,0,0,2,3
15,44,47,1.354198981,3.44,1,2.55,0,0,0,0,0,2,3
15,60,65,1.204126992,2.55,0,3.44,1,0,0,0,0,3,1
15,47,56,1.204114372,2.55,0,3.44,1,0,0,0,0,3,1
15,11,15,1.197993929,2.55,0,3.44,1,0,0,6,0,3,1
15,7,14,1.197815314,2.55,0,3.44,1,0,0,6,0,3,1
16,18,20,1.586404697,2.55,0,2.55,0,0,0,4,4,3,3
16,16,18,1.575189229,2.55,0,2.55,0,0,0,4,4,3,3
16,17,20,1.574422693,2.55,0,2.55,0,0,0,4,4,3,3
16,16,17,1.568735229,2.55,0,2.55,0,0,0,4,4,3,3
16,2,17,1.512260369,2.55,0,2.55,0,1,0,5,4,3,3
16,9,16,1.512014851,2.55,0,2.55,0,1,0,5,4,3,3
16,7,8,1.425409188,2.55,0,2.55,0,1,1,6,6,2,2
16,4,6,1.425288597,2.55,0,2.55,0,1,1,6,6,3,2
16,0,1,1.425223208,2.55,0,2.55,0,1,1,6,6,2,2
16,4,5,1.425207266,2.55,0,2.55,0,1,1,6,6,3,2
16,3,9,1.418646594,2.55,0,2.55,0,1,1,5,5,3,3
16,2,3,1.418505426,2.55,0,2.55,0,1,1,5,5,3,3
16,3,4,1.416632802,2.55,0,2.55,0,1,1,5,6,3,3
16,0,5,1.386018599,2.55,0,2.55,0,1,1,6,6,2,2
16,6,7,1.386010628,2.55,0,2.55,0,1,1,6,6,2,2
16,1,2,1.381265745,2.55,0,2.55,0,1,1,6,5,2,3
16,8,9,1.381239443,2.55,0,2.55,0,1,1,6,5,2,3
16,26,32,1.500317791,2.55,0,2.55,0,0,0,0,0,2,1
16,27,28,1.500197245,2.55,0,2.55,0,0,0,0,0,2,1
16,20,24,1.496224242,2.55,0,2.55,0,0,0,4,0,3,2
16,18,22,1.49592107,2.55,0,2.55,0,0,0,4,0,3,2
16,22,27,1.340164086,2.55,0,2.55,0,0,0,0,0,2,2
16,24,26,1.340138191,2.55,0,2.55,0,0,0,0,0,2,2
17,17,19,1.589166949,2.55,0,2.55,0,0,0,4,4,3,3
17,15,16,1.569835062,2.55,0,2.55,0,0,0,4,4,3,3
17,15,17,1.563476381,2.55,0,2.55,0,0,0,4,4,3,3
17,16,19,1.562364979,2.55,0,2.55,0,0,0,4,4,3,3
17,2,16,1.513809808,2.55,0,2.55,0,0,0,5,4,3,3
17,9,15,1.512050589,2.55,0,2.55,0,0,0,5,4,3,3
17,4,6,1.442529307,2.55,0,2.55,0,0,0,6,6,3,3
17,4,5,1.424721883,2.55,0,2.55,0,0,0,6,6,3,2
17,7,8,1.423561294,2.55,0,2.55,0,0,0,6,6,2,2
17,0,1,1.422857772,2.55,0,2.55,0,0,0,6,6,2,2
17,3,9,1.419531617,2.55,0,2.55,0,0,0,5,5,3,3
17,2,3,1.419273902,2.55,0,2.55,0,0,0,5,5,3,3
17,3,4,1.415926817,2.55,0,2.55,0,0,0,5,6,3,3
17,6,7,1.395701294,2.55,0,2.55,0,0,0,6,6,3,2
17,0,5,1.386981626,2.55,0,2.55,0,0,0,6,6,2,2
17,1,2,1.381038819,2.55,0,2.55,0,0,0,6,5,2,3
17,8,9,1.378237048,2.55,0,2.55,0,0,0,6,5,2,3
17,25,31,1.50145965,2.55,0,2.55,0,0,0,0,0,2,1
17,26,27,1.501350462,2.55,0,2.55,0,0,0,0,0,2,1
17,19,23,1.501235417,2.55,0,2.55,0,0,0,4,0,3,2
17,17,21,1.500389251,2.55,0,2.55,0,0,0,4,0,3,2
17,39,44,1.458163445,3.04,2,2.55,0,0,0,0,0,3,1
17,39,40,1.448614976,3.04,2,2.55,0,0,0,0,0,3,1
17,6,39,1.41706749,2.55,0,3.04,2,0,0,6,0,3,3
17,21,26,1.339154613,2.55,0,2.55,0,0,0,0,0,2,2
17,23,25,1.339081584,2.55,0,2.55,0,0,0,0,0,2,2
18,25,27,1.58413746,2.55,0,2.55,0,0,0,4,4,3,3
18,23,25,1.578138239,2.55,0,2.55,0,0,0,4,4,3,3
18,24,27,1.574762214,2.55,0,2.55,0,0,0,4,4,3,3
18,23,24,1.571751982,2.55,0,2.55,0,0,0,4,4,3,3
18,2,24,1.513064725,2.55,0,2.55,0,1,0,5,4,3,3
18,9,23,1.509513743,2.55,0,2.55,0,1,0,5,4,3,3
18,6,14,1.483756562,2.55,0,2.55,0,1,1,6,6,3,3
18,5,15,1.482558469,2.55,0,2.55,0,1,1,6,6,3,3
18,7,8,1.421066857,2.55,0,2.55,0,1,1,6,6,2,2
18,0,1,1.420950953,2.55,0,2.55,0,1,1,6,6,2,2
18,4,6,1.415064642,2.55,0,2.55,0,1,1,6,6,3,3
18,14,16,1.414951283,2.55,0,3.04,2,1,1,6,6,3,3
18,3,9,1.414644495,2.55,0,2.55,0,1,1,5,5,3,3
18,2,3,1.414525282,2.55,0,2.55,0,1,1,5,5,3,3
18,4,5,1.414343862,2.55,0,2.55,0,1,1,6,6,3,3
18,15,16,1.411652422,2.55,0,3.04,2,1,1,6,6,3,3
18,3,4,1.403929514,2.55,0,2.55,0,1,1,5,6,3,3
18,6,7,1.394310699,2.55,0,2.55,0,1,1,6,6,3,2
18,0,5,1.394286068,2.55,0,2.55,0,1,1,6,6,2,3
18,1,2,1.388645815,2.55,0,2.55,0,1,1,6,5,2,3
18,8,9,1.388043429,2.55,0,2.55,0,1,1,6,5,2,3
18,40,41,1.499812199,2.55,0,2.55,0,0,0,0,0,2,1
18,31,32,1.499492716,2.55,0,2.55,0,0,0,0,0,2,1
18,27,38,1.497094763,2.55,0,2.55,0,0,0,4,0,3,2
18,25,29,1.495176476,2.55,0,2.55,0,0,0,4,0,3,2
18,16,17,1.464055352,3.04,2,2.55,0,1,0,6,0,3,1
18,29,31,1.340336438,2.55,0,2.55,0,0,0,0,0,2,2
18,38,40,1.339872398,2.55,0,2.55,0,0,0,0,0,2,2
18,14,21,1.217799043,2.55,0,3.44,1,1,0,6,0,3,1
18,15,22,1.21779571,2.55,0,3.44,1,1,0,6,0,3,1
19,26,28,1.585416681,2.55,0,2.55,0,0,0,4,4,3,3
19,24,26,1.575861156,2.55,0,2.55,0,0,0,4,4,3,3
19,25,28,1.572998904,2.55,0,2.55,0,0,0,4,4,3,3
19,24,25,1.566804904,2.55,0,2.55,0,0,0,4,4,3,3
19,5,25,1.512568188,2.55,0,2.55,0,1,0,5,4,3,3
19,6,24,1.509687318,2.55,0,2.55,0,1,0,5,4,3,3
19,3,9,1.441112455,2.55,0,2.55,0,1,1,6,6,3,3
19,2,3,1.440651689,2.55,0,2.55,0,1,1,6,6,3,3
19,4,6,1.421471859,2.55,0,2.55,0,1,1,5,5,3,3
19,4,5,1.421234136,2.55,0,2.55,0,1,1,5,5,3,3
19,7,8,1.421101464,2.55,0,2.55,0,1,1,6,6,2,2
19,0,1,1.420606561,2.55,0,2.55,0,1,1,6,6,2,2
19,3,4,1.417816154,2.55,0,2.55,0,1,1,6,5,3,3
19,1,2,1.3952714,2.55,0,2.55,0,1,1,6,6,2,3
19,8,9,1.394993676,2.55,0,2.55,0,1,1,6,6,2,3
19,0,5,1.376816252,2.55,0,2.55,0,1,1,6,5,2,3
19,6,7,1.376314399,2.55,0,2.55,0,1,1,5,6,3,2
19,41,42,1.500419746,2.55,0,2.55,0,0,0,0,0,2,1
19,32,33,1.500283267,2.55,0,2.55,0,0,0,0,0,2,1
19,28,39,1.496765627,2.55,0,2.55,0,0,0,4,0,3,2
19,26,30,1.495048691,2.55,0,2.55,0,0,0,4,0,3,2
19,15,20,1.406578153,3.44,1,2.55,0,0,0,0,0,2,1
19,14,16,1.406533678,3.44,1,2.55,0,0,0,0,0,2,1
19,9,14,1.354824676,2.55,0,3.44,1,1,0,6,0,3,2
19,2,15,1.354635113,2.55,0,3.44,1,1,0,6,0,3,2
19,30,32,1.340405757,2.55,0,2.55,0,0,0,0,0,2,2
19,39,41,1.340090078,2.55,0,2.55,0,0,0,0,0,2,2
20,39,42,1.573173043,2.55,0,2.55,0,0,0,4,4,3,3
20,38,40,1.571839066,2.55,0,2.55,0,0,0,4,4,3,3
20,40,42,1.561032779,2.55,0,2.55,0,0,0,4,4,3,3
20,42,46,1.544781238,2.55,0,2.55,0,0,0,4,5,3,2
20,46,48,1.543348207,2.55,0,2.55,0,0,0,5,5,2,2
20,40,44,1.541990854,2.55,0,2.55,0,0,0,4,5,3,2
20,38,39,1.540644503,2.55,0,2.55,0,0,0,4,4,3,3
20,44,48,1.539690601,2.55,0,2.55,0,0,0,5,5,2,2
20,7,8,1.406886582,2.55,0,2.55,0,1,1,6,6,3,2
20,22,32,1.406556169,2.55,0,2.55,0,1,1,6,6,3,2
20,21,22,1.405156331,2.55,0,2.55,0,1,1,6,6,2,3
20,5,7,1.404983051,2.55,0,2.55,0,1,1,6,6,2,3
20,20,24,1.404108245,2.55,0,2.55,0,1,1,6,6,2,3
20,2,3,1.404049242,2.55,0,2.55,0,1,1,6,6,3,2
20,1,2,1.402318749,2.55,0,2.55,0,1,1,6,6,2,3
20,24,31,1.402087992,2.55,0,2.55,0,1,1,6,6,3,2
20,20,21,1.394234801,2.55,0,2.55,0,1,1,6,6,2,2
20,3,5,1.394135386,2.55,0,2.55,0,1,1,6,6,2,2
20,1,8,1.391736902,2.55,0,2.55,0,1,1,6,6,2,2
20,31,32,1.391642265,2.55,0,2.55,0,1,1,6,6,2,2
20,23,39,1.520307428,2.55,0,2.55,0,0,0,0,4,3,3
20,17,38,1.517540181,2.55,0,2.55,0,0,0,0,4,3,3
20,11,12,1.508159955,2.55,0,2.55,0,0,0,0,0,3,1
20,25,27,1.508055788,2.55,0,2.55,0,0,0,0,0,1,3
20,22,23,1.50059812,2.55,0,2.55,0,1,0,6,0,3,3
20,7,17,1.499854243,2.55,0,2.55,0,1,0,6,0,3,3
20,2,10,1.382637473,2.55,0,3.44,1,1,0,6,0,3,2
20,24,28,1.382413835,2.55,0,3.44,1,1,0,6,0,3,2
20,10,11,1.366190883,3.44,1,2.55,0,0,0,0,0,2,3
20,27,28,1.365999854,2.55,0,3.44,1,0,0,0,0,3,2
20,17,18,1.220296997,2.55,0,3.44,1,0,0,0,0,3,1
20,23,30,1.21931654,2.55,0,3.44,1,0,0,0,0,3,1
20,27,33,1.201104714,2.55,0,3.44,1,0,0,0,0,3,1
20,11,16,1.201063788,2.55,0,3.44,1,0,0,0,0,3,1
21,2,3,1.570742987,2.55,0,2.55,0,0,0,4,4,3,3
21,0,1,1.566020251,2.55,0,2.55,0,0,0,4,4,3,3
21,1,3,1.561381425,2.55,0,2.55,0,0,0,4,4,3,3
21,3,9,1.540159863,2.55,0,2.55,0,0,0,4,6,3,2
21,0,2,1.5372749,2.55,0,2.55,0,0,0,4,4,3,3
21,4,6,1.53520286,2.55,0,2.55,0,0,0,6,6,2,2
21,9,11,1.534497723,2.55,0,2.55,0,0,0,6,6,2,2
21,6,11,1.533949005,2.55,0,2.55,0,0,0,6,6,2,2
21,1,4,1.527998846,2.55,0,2.55,0,0,0,4,6,3,2
21,26,27,1.516602095,2.55,0,2.55,0,0,0,0,0,2,2
21,30,31,1.516328899,2.55,0,2.55,0,0,0,0,0,2,2
21,41,48,1.508817976,2.55,0,2.55,0,0,0,0,0,3,1
21,40,44,1.508761973,2.55,0,2.55,0,0,0,0,0,3,1
21,2,20,1.507382562,2.55,0,2.55,0,0,0,4,0,3,3
21,0,18,1.505880707,2.55,0,2.55,0,0,0,4,0,3,3
21,24,26,1.430256377,3.44,1,2.55,0,0,0,0,0,2,2
21,25,30,1.430246451,3.44,1,2.55,0,0,0,0,0,2,2
21,27,34,1.429346617,2.55,0,3.44,1,0,0,0,0,2,2
21,31,37,1.429288049,2.55,0,3.44,1,0,0,0,0,2,2
21,37,41,1.353271625,3.44,1,2.55,0,0,0,0,0,2,3
21,34,40,1.353177238,3.44,1,2.55,0,0,0,0,0,2,3
21,18,24,1.351410113,2.55,0,3.44,1,0,0,0,0,3,2
21,20,25,1.349465989,2.55,0,3.44,1,0,0,0,0,3,2
21,20,23,1.207617445,2.55,0,3.44,1,0,0,0,0,3,1
21,18,22,1.206962369,2.55,0,3.44,1,0,0,0,0,3,1
21,40,42,1.204627954,2.55,0,3.44,1,0,0,0,0,3,1
21,41,43,1.204579731,2.55,0,3.44,1,0,0,0,0,3,1
22,2,3,1.571397189,2.55,0,2.55,0,0,0,4,4,3,3
22,1,3,1.561523489,2.55,0,2.55,0,0,0,4,4,3,3
22,0,2,1.558657989,2.55,0,2.55,0,0,0,4,4,3,3
22,0,1,1.552215147,2.55,0,2.55,0,0,0,4,4,3,3
22,3,9,1.539734706,2.55,0,2.55,0,0,0,4,6,3,2
22,4,6,1.535350988,2.55,0,2.55,0,0,0,6,6,2,2
22,9,11,1.534359409,2.55,0,2.55,0,0,0,6,6,2,2
22,6,11,1.534261072,2.55,0,2.55,0,0,0,6,6,2,2
22,1,4,1.528479091,2.55,0,2.55,0,0,0,4,6,3,2
22,30,31,1.516021756,2.55,0,2.55,0,0,0,0,0,2,2
22,26,27,1.516018489,2.55,0,2.55,0,0,0,0,0,2,2
22,2,20,1.511338382,2.55,0,2.55,0,0,0,4,0,3,3
22,0,18,1.509980319,2.55,0,2.55,0,0,0,4,0,3,3
22,41,48,1.509076766,2.55,0,2.55,0,0,0,0,0,3,1
22,40,44,1.508909243,2.55,0,2.55,0,0,0,0,0,3,1
22,24,26,1.431306525,3.44,1,2.55,0,0,0,0,0,2,2
22,25,30,1.431154358,3.44,1,2.55,0,0,0,0,0,2,2
22,31,37,1.430085668,2.55,0,3.44,1,0,0,0,0,2,2
22,27,34,1.429768957,2.55,0,3.44,1,0,0,0,0,2,2
22,34,40,1.352884791,3.44,1,2.55,0,0,0,0,0,2,3
22,37,41,1.352546335,3.44,1,2.55,0,0,0,0,0,2,3
22,18,24,1.348287296,2.55,0,3.44,1,0,0,0,0,3,2
22,20,25,1.345718036,2.55,0,3.44,1,0,0,0,0,3,2
22,20,23,1.209323031,2.55,0,3.44,1,0,0,0,0,3,1
22,18,22,1.206524501,2.55,0,3.44,1,0,0,0,0,3,1
22,40,42,1.204666753,2.55,0,3.44,1,0,0,0,0,3,1
22,41,43,1.204643317,2.55,0,3.44,1,0,0,0,0,3,1
23,0,2,1.585186517,2.55,0,2.55,0,0,0,4,4,4,4
23,2,3,1.570031368,2.55,0,2.55,0,0,0,4,4,4,3
23,1,3,1.55931083,2.55,0,2.55,0,0,0,4,4,3,3
23,0,1,1.554991468,2.55,0,2.55,0,0,0,4,4,4,3
23,4,6,1.537433523,2.55,0,2.55,0,0,0,6,6,2,2
23,1,4,1.53543458,2.55,0,2.55,0,0,0,4,6,3,2
23,3,9,1.534793238,2.55,0,2.55,0,0,0,4,6,3,2
23,9,11,1.5343515,2.55,0,2.55,0,0,0,6,6,2,2
23,6,11,1.533537221,2.55,0,2.55,0,0,0,6,6,2,2
23,2,19,1.543755065,2.55,0,2.55,0,0,0,4,0,4,3
23,0,18,1.525512634,2.55,0,2.55,0,0,0,4,0,4,3
23,28,29,1.516487081,2.55,0,2.55,0,0,0,0,0,2,2
23,24,25,1.516231221,2.55,0,2.55,0,0,0,0,0,2,2
23,39,46,1.508986031,2.55,0,2.55,0,0,0,0,0,3,1
23,38,42,1.50831112,2.55,0,2.55,0,0,0,0,0,3,1
23,22,24,1.433878861,3.44,1,2.55,0,0,0,0,0,2,2
23,23,28,1.432513932,3.44,1,2.55,0,0,0,0,0,2,2
23,29,35,1.429476131,2.55,0,3.44,1,0,0,0,0,2,2
23,25,32,1.428583431,2.55,0,3.44,1,0,0,0,0,2,2
23,32,38,1.35471234,3.44,1,2.55,0,0,0,0,0,2,3
23,35,39,1.353589797,3.44,1,2.55,0,0,0,0,0,2,3
23,18,22,1.34041503,2.55,0,3.44,1,0,0,0,0,3,2
23,19,23,1.32620672,2.55,0,3.44,1,0,0,0,0,3,2
23,19,21,1.210074914,2.55,0,3.44,1,0,0,0,0,3,1
23,18,20,1.205321826,2.55,0,3.44,1,0,0,0,0,3,1
23,39,41,1.204304127,2.55,0,3.44,1,0,0,0,0,3,1
23,38,40,1.20417977,2.55,0,3.44,1,0,0,0,0,3,1
24,2,3,1.582419511,2.55,0,2.55,0,0,0,4,4,4,3
24,0,1,1.573380457,2.55,0,2.55,0,0,0,4,4,3,3
24,0,2,1.572784232,2.55,0,2.55,0,0,0,4,4,3,4
24,1,3,1.562084091,2.55,0,2.55,0,0,0,4,4,3,3
24,4,6,1.538328273,2.55,0,2.55,0,0,0,6,6,2,2
24,3,9,1.537197644,2.55,0,2.55,0,0,0,4,6,3,2
24,9,11,1.535291785,2.55,0,2.55,0,0,0,6,6,2,2
24,1,4,1.534700894,2.55,0,2.55,0,0,0,4,6,3,2
24,6,11,1.534017029,2.55,0,2.55,0,0,0,6,6,2,2
24,2,19,1.536320472,2.55,0,2.55,0,0,0,4,0,4,3
24,24,25,1.516302864,2.55,0,2.55,0,0,0,0,0,2,2
24,28,29,1.515997146,2.55,0,2.55,0,0,0,0,0,2,2
24,0,18,1.514964316,2.55,0,2.55,0,0,0,4,0,3,3
24,38,42,1.508509482,2.55,0,2.55,0,0,0,0,0,3,1
24,39,46,1.508344271,2.55,0,2.55,0,0,0,0,0,3,1
24,2,51,1.467500006,2.55,0,2.55,0,0,0,4,0,4,2
24,23,28,1.43585494,3.44,1,2.55,0,0,0,0,0,2,2
24,22,24,1.433387502,3.44,1,2.55,0,0,0,0,0,2,2
24,25,32,1.428607463,2.55,0,3.44,1,0,0,0,0,2,2
24,29,35,1.428583007,2.55,0,3.44,1,0,0,0,0,2,2
24,35,39,1.354470845,3.44,1,2.55,0,0,0,0,0,2,3
24,32,38,1.354382124,3.44,1,2.55,0,0,0,0,0,2,3
24,18,22,1.344216325,2.55,0,3.44,1,0,0,0,0,3,2
24,19,23,1.337970137,2.55,0,3.44,1,0,0,0,0,3,2
24,18,20,1.208547563,2.55,0,3.44,1,0,0,0,0,3,1
24,39,41,1.204217636,2.55,0,3.44,1,0,0,0,0,3,1
24,38,40,1.204161522,2.55,0,3.44,1,0,0,0,0,3,1
24,19,21,1.202229182,2.55,0,3.44,1,0,0,0,0,3,1
24,51,52,1.15960369,2.55,0,3.04,2,0,0,0,0,2,1
25,8,22,1.586358196,2.55,0,2.55,0,0,0,4,4,3,4
25,0,8,1.570096434,2.55,0,2.55,0,0,0,4,4,3,3
25,20,22,1.559415821,2.55,0,2.55,0,0,0,4,4,3,4
25,0,20,1.548783289,2.55,0,2.55,0,0,0,4,4,3,3
25,5,13,1.544997363,2.55,0,2.55,0,0,0,7,7,2,2
25,9,10,1.539320819,2.55,0,2.55,0,0,0,7,7,2,2
25,10,13,1.537938389,2.55,0,2.55,0,0,0,7,7,2,2
25,2,5,1.536959678,2.55,0,2.55,0,0,0,7,7,2,2
25,8,9,1.534081528,2.55,0,2.55,0,0,0,4,7,3,2
25,22,24,1.533530817,2.55,0,2.55,0,0,0,4,0,4,1
25,1,2,1.533446214,2.55,0,2.55,0,0,0,7,7,2,2
25,0,1,1.525745356,2.55,0,2.55,0,0,0,4,7,3,2
25,22,28,1.522694199,2.55,0,2.55,0,0,0,4,0,4,3
25,20,35,1.521967183,2.55,0,2.55,0,0,0,4,0,3,1
25,30,31,1.427085161,3.44,1,2.55,0,0,0,0,0,2,1
25,28,30,1.351078913,2.55,0,3.44,1,0,0,0,0,3,2
25,28,29,1.20867168,2.55,0,3.44,1,0,0,0,0,3,1
26,2,9,1.571527201,2.55,0,2.55,0,0,0,4,4,3,4
26,7,9,1.565841198,2.55,0,2.55,0,0,0,4,4,3,4
26,0,2,1.55983038,2.55,0,2.55,0,0,0,4,4,3,3
26,0,7,1.558424969,2.55,0,2.55,0,0,0,4,4,3,3
26,0,1,1.54645928,2.55,0,2.55,0,0,0,4,5,3,2
26,1,4,1.54617435,2.55,0,2.55,0,0,0,5,5,2,2
26,2,3,1.540974321,2.55,0,2.55,0,0,0,4,5,3,2
26,3,4,1.53988271,2.55,0,2.55,0,0,0,5,5,2,2
26,9,11,1.533782804,2.55,0,2.55,0,0,0,4,0,4,1
26,7,22,1.521650338,2.55,0,2.55,0,0,0,4,0,3,1
26,9,15,1.519531375,2.55,0,2.55,0,0,0,4,0,4,3
26,17,18,1.427081238,3.44,1,2.55,0,0,0,0,0,2,1
26,15,17,1.349848046,2.55,0,3.44,1,0,0,0,0,3,2
26,15,16,1.208960638,2.55,0,3.44,1,0,0,0,0,3,1
27,0,2,1.592863575,2.55,0,2.55,0,0,0,4,4,3,4
27,2,3,1.572388423,2.55,0,2.55,0,0,0,4,4,4,3
27,0,1,1.569404048,2.55,0,2.55,0,0,0,4,4,3,3
27,1,3,1.547140413,2.55,0,2.55,0,0,0,4,4,3,3
27,40,43,1.546790515,2.55,0,2.55,0,0,0,7,7,2,2
27,25,28,1.546491853,2.55,0,2.55,0,0,0,7,7,2,2
27,37,40,1.544901479,2.55,0,2.55,0,0,0,7,7,2,2
27,34,37,1.543033631,2.55,0,2.55,0,0,0,7,7,2,2
27,22,25,1.542244243,2.55,0,2.55,0,0,0,7,7,2,2
27,0,43,1.541407668,2.55,0,2.55,0,0,0,4,7,3,2
27,19,22,1.540998608,2.55,0,2.55,0,0,0,7,7,2,2
27,17,19,1.540460269,2.55,0,2.55,0,0,0,7,7,2,2
27,28,31,1.539754084,2.55,0,2.55,0,0,0,7,7,2,2
27,2,12,1.538834649,2.55,0,2.55,0,0,0,4,0,4,1
27,31,34,1.538061279,2.55,0,2.55,0,0,0,7,7,2,2
27,2,8,1.536135078,2.55,0,2.55,0,0,0,4,0,4,3
27,1,17,1.53332555,2.55,0,2.55,0,0,0,4,7,3,2
27,3,4,1.525734894,2.55,0,2.55,0,0,0,4,0,3,1
27,10,11,1.418853953,3.44,1,2.55,0,0,0,0,0,2,1
27,8,10,1.358230997,2.55,0,3.44,1,0,0,0,0,3,2
27,8,9,1.205047804,2.55,0,3.44,1,0,0,0,0,3,1
28,0,1,1.571205439,2.55,0,2.55,0,0,0,4,4,3,3
28,2,3,1.564278853,2.55,0,2.55,0,0,0,4,4,3,3
28,1,2,1.560082542,2.55,0,2.55,0,0,0,4,4,3,3
28,0,3,1.554669292,2.55,0,2.55,0,0,0,4,4,3,3
28,2,22,1.547289051,2.55,0,2.55,0,0,0,4,7,3,2
28,30,31,1.529728042,2.55,0,2.55,0,0,0,7,0,4,1
28,30,35,1.529007617,2.55,0,2.55,0,0,0,7,0,4,1
28,1,20,1.527136409,2.55,0,2.55,0,0,0,4,7,3,2
28,0,4,1.513614716,2.55,0,2.55,0,0,0,4,0,3,3
28,3,6,1.511951758,2.55,0,2.55,0,0,0,4,0,3,3
28,24,30,1.439987701,3.44,1,2.55,0,0,0,7,7,2,4
28,11,16,1.429950823,3.44,1,2.55,0,0,0,0,0,2,1
28,10,12,1.429154039,3.44,1,2.55,0,0,0,0,0,2,1
28,22,27,1.423633176,2.55,0,3.44,1,0,0,7,7,2,2
28,20,24,1.417918697,2.55,0,3.44,1,0,0,7,7,2,2
28,27,30,1.404145836,3.44,1,2.55,0,0,0,7,7,2,4
28,6,11,1.34573854,2.55,0,3.44,1,0,0,0,0,3,2
28,4,10,1.343646821,2.55,0,3.44,1,0,0,0,0,3,2
28,4,8,1.209419405,2.55,0,3.44,1,0,0,0,0,3,1
28,6,9,1.206321203,2.55,0,3.44,1,0,0,0,0,3,1
29,1,3,1.594439621,2.55,0,2.55,0,0,0,4,4,3,3
29,2,3,1.567205369,2.55,0,2.55,0,0,0,4,4,3,3
29,0,1,1.560567488,2.55,0,2.55,0,0,0,4,4,3,3
29,2,17,1.520637558,2.55,0,2.55,0,0,0,4,5,3,2
29,0,2,1.513621744,2.55,0,2.55,0,0,0,4,4,3,3
29,0,14,1.50948264,2.55,0,2.55,0,0,0,4,5,3,3
29,16,17,1.463938574,3.44,1,2.55,0,0,0,5,5,2,2
29,14,16,1.389394219,2.55,0,3.44,1,0,0,5,5,3,2
29,3,9,1.524109236,2.55,0,2.55,0,0,0,4,0,3,1
29,1,4,1.52372762,2.55,0,2.55,0,0,0,4,0,3,1
29,14,21,1.19534671,2.55,0,3.44,1,0,0,5,0,3,1
30,0,2,1.576342357,2.55,0,2.55,0,0,0,4,4,3,3
30,0,1,1.537602127,2.55,0,2.55,0,0,0,4,4,3,3
30,2,3,1.475059701,2.55,0,3.04,2,0,0,4,4,3,3
30,4,5,1.408488961,2.55,0,2.55,0,1,1,6,6,3,2
30,4,13,1.405541682,2.55,0,2.55,0,1,1,6,6,3,2
30,15,23,1.403699954,2.55,0,2.55,0,1,1,6,6,3,2
30,15,16,1.403201362,2.55,0,2.55,0,1,1,6,6,3,2
30,7,9,1.399614316,2.55,0,2.55,0,1,1,6,6,2,2
30,20,21,1.398851736,2.55,0,2.55,0,1,1,6,6,3,2
30,9,11,1.397493077,2.55,0,2.55,0,1,1,6,6,2,2
30,18,20,1.397370036,2.55,0,2.55,0,1,1,6,6,2,3
30,11,13,1.39696526,2.55,0,2.55,0,1,1,6,6,2,2
30,21,23,1.396214649,2.55,0,2.55,0,1,1,6,6,2,2
30,16,18,1.395393054,2.55,0,2.55,0,1,1,6,6,2,2
30,5,7,1.395167968,2.55,0,2.55,0,1,1,6,6,2,2
30,1,3,1.385541616,2.55,0,3.04,2,0,0,4,4,3,3
30,0,26,1.524905003,2.55,0,2.55,0,0,0,4,0,3,2
30,2,15,1.513407182,2.55,0,2.55,0,0,1,4,6,3,3
30,39,42,1.507076278,2.55,0,2.55,0,0,0,0,0,3,1
30,31,32,1.505347211,2.55,0,2.55,0,0,0,0,0,3,1
30,26,28,1.429812471,2.55,0,3.44,1,0,0,0,0,2,2
30,3,4,1.403910413,3.04,2,2.55,0,0,1,4,6,3,3
30,20,43,1.386402036,2.55,0,3.44,1,1,0,6,0,3,2
30,39,43,1.370557437,2.55,0,3.44,1,0,0,0,0,3,2
30,28,31,1.36034271,3.44,1,2.55,0,0,0,0,0,2,3
30,1,37,1.206354829,2.55,0,3.44,1,0,0,4,0,3,1
30,31,36,1.204036736,2.55,0,3.44,1,0,0,0,0,3,1
30,38,39,1.19948523,3.44,1,2.55,0,0,0,0,0,1,3
31,50,51,1.553721722,2.55,0,2.55,0,0,0,4,4,3,4
31,49,51,1.540002105,3.04,2,2.55,0,0,0,4,4,3,4
31,48,49,1.440644492,3.04,2,3.04,2,0,0,4,4,3,3
31,0,1,1.409367356,2.55,0,2.55,0,1,1,6,6,3,2
31,31,40,1.407192034,2.55,0,2.55,0,0,0,6,6,3,2
31,35,41,1.406414975,2.55,0,2.55,0,0,0,6,6,3,2
31,3,5,1.406401349,2.55,0,2.55,0,1,1,6,6,2,3
31,53,54,1.405726007,2.55,0,2.55,0,0,0,6,6,3,2
31,64,73,1.405489623,2.55,0,2.55,0,1,1,6,6,3,2
31,64,65,1.404067512,2.55,0,2.55,0,1,1,6,6,3,2
31,53,62,1.401330462,2.55,0,2.55,0,0,0,6,6,3,2
31,27,30,1.401058951,2.55,0,2.55,0,0,0,6,6,2,2
31,30,35,1.400958816,2.55,0,2.55,0,0,0,6,6,2,3
31,5,6,1.400945244,2.55,0,2.55,0,1,1,6,6,3,2
31,6,8,1.400056054,2.55,0,2.55,0,1,1,6,6,2,2
31,56,58,1.399704685,2.55,0,2.55,0,0,0,6,6,2,2
31,60,62,1.399631881,2.55,0,2.55,0,0,0,6,6,2,2
31,69,71,1.399042653,2.55,0,2.55,0,1,1,6,6,2,2
31,0,8,1.398954079,2.55,0,2.55,0,1,1,6,6,3,2
31,65,67,1.398806836,2.55,0,2.55,0,1,1,6,6,2,2
31,27,31,1.398383045,2.55,0,2.55,0,0,0,6,6,2,3
31,67,69,1.396898485,2.55,0,2.55,0,1,1,6,6,2,2
31,58,60,1.396707815,2.55,0,2.55,0,0,0,6,6,2,2
31,71,73,1.395928526,2.55,0,2.55,0,1,1,6,6,2,2
31,54,56,1.395761078,2.55,0,2.55,0,0,0,6,6,2,2
31,1,3,1.389275517,2.55,0,2.55,0,1,1,6,6,2,2
31,40,41,1.389006141,2.55,0,2.55,0,0,0,6,6,2,2
31,48,50,1.377924898,3.04,2,2.55,0,0,0,4,4,3,3
31,51,53,1.524123644,2.55,0,2.55,0,0,0,4,6,4,3
31,51,64,1.518599774,2.55,0,2.55,0,0,1,4,6,4,3
31,11,12,1.518475601,2.55,0,2.55,0,0,0,0,0,2,2
31,28,29,1.518349599,2.55,0,2.55,0,0,0,0,0,2,2
31,18,19,1.509066994,2.55,0,2.55,0,0,0,0,0,3,1
31,32,33,1.508959168,2.55,0,2.55,0,0,0,0,0,3,1
31,31,49,1.431115764,2.55,0,3.04,2,0,0,6,4,3,3
31,12,15,1.429591465,2.55,0,3.44,1,0,0,0,0,2,2
31,29,36,1.429000692,2.55,0,3.44,1,0,0,0,0,2,2
31,28,34,1.410951117,2.55,0,3.44,1,0,0,0,0,2,2
31,10,11,1.410422922,3.44,1,2.55,0,0,0,0,0,2,2
31,0,48,1.407996748,2.55,0,3.04,2,1,0,6,4,3,3
31,5,10,1.362001446,2.55,0,3.44,1,1,0,6,0,3,2
31,34,35,1.36084047,3.44,1,2.55,0,0,0,0,6,2,3
31,32,36,1.353502352,2.55,0,3.44,1,0,0,0,0,3,2
31,15,18,1.353199987,3.44,1,2.55,0,0,0,0,0,2,3
31,32,37,1.204397559,2.55,0,3.44,1,0,0,0,0,3,1
31,18,23,1.20438748,2.55,0,3.44,1,0,0,0,0,3,1
31,50,52,1.203856134,2.55,0,3.44,1,0,0,4,0,3,1
32,17,45,1.577684934,2.55,0,2.55,0,0,0,4,4,4,4
32,6,17,1.567008641,2.55,0,2.55,0,0,0,6,4,3,4
32,46,63,1.566317307,2.55,0,2.55,0,0,0,6,6,2,3
32,39,44,1.564128724,2.55,0,2.55,0,0,0,6,6,2,4
32,2,16,1.561975909,2.55,0,2.55,0,0,0,6,6,4,2
32,44,58,1.555841491,2.55,0,2.55,0,0,0,6,6,4,2
32,1,2,1.553693644,2.55,0,2.55,0,0,0,6,6,2,4
32,63,67,1.551961792,2.55,0,2.55,0,0,0,6,6,3,2
32,12,17,1.551802783,2.55,0,2.55,0,0,0,6,4,3,4
32,5,6,1.550733875,2.55,0,2.55,0,0,0,6,6,2,3
32,45,62,1.549590681,2.55,0,2.55,0,0,0,4,6,4,3
32,39,40,1.544857505,2.55,0,2.55,0,0,0,6,6,2,3
32,58,62,1.544165531,2.55,0,2.55,0,0,0,6,6,2,3
32,40,46,1.541685675,2.55,0,2.55,0,0,0,6,6,3,2
32,40,45,1.541240794,2.55,0,2.55,0,0,0,6,4,3,4
32,10,12,1.541089097,2.55,0,2.55,0,0,0,6,6,2,3
32,0,1,1.540332559,2.55,0,2.55,0,0,0,6,6,3,2
32,0,10,1.540021714,2.55,0,2.55,0,0,0,6,6,3,2
32,12,16,1.539614854,2.55,0,2.55,0,0,0,6,6,3,2
32,62,67,1.538836609,2.55,0,2.55,0,0,0,6,6,3,2
32,0,5,1.537669963,2.55,0,2.55,0,0,0,6,6,3,2
32,2,9,1.493815931,2.55,0,2.55,0,0,0,6,6,4,2
32,6,9,1.491080624,2.55,0,2.55,0,0,0,6,6,3,2
32,44,57,1.489416407,2.55,0,2.55,0,0,0,6,6,4,2
32,57,63,1.485266067,2.55,0,2.55,0,0,0,6,6,2,3
32,72,73,1.471058956,3.44,1,3.44,1,0,0,4,4,2,2
32,45,73,1.458905717,2.55,0,3.44,1,0,0,4,4,4,2
32,17,72,1.455246827,2.55,0,3.44,1,0,0,4,4,4,2
32,23,24,1.518579104,2.55,0,2.55,0,0,0,0,0,2,2
32,48,52,1.518345847,2.55,0,2.55,0,0,0,0,0,2,2
32,30,31,1.510081627,2.55,0,2.55,0,0,0,0,0,3,1
32,51,56,1.509818405,2.55,0,2.55,0,0,0,0,0,3,1
32,24,27,1.431889435,2.55,0,3.44,1,0,0,0,0,2,2
32,48,55,1.431483283,2.55,0,3.44,1,0,0,0,0,2,2
32,44,47,1.418766681,2.55,0,3.44,1,0,0,6,0,4,2
32,2,22,1.418757702,2.55,0,3.44,1,0,0,6,0,4,2
32,47,52,1.410505921,3.44,1,2.55,0,0,0,0,0,2,2
32,22,23,1.410278143,3.44,1,2.55,0,0,0,0,0,2,2
32,51,55,1.351015534,2.55,0,3.44,1,0,0,0,0,3,2
32,27,30,1.350686119,3.44,1,2.55,0,0,0,0,0,2,3
32,42,51,1.205019658,3.44,1,2.55,0,0,0,0,0,1,3
32,30,35,1.205004316,2.55,0,3.44,1,0,0,0,0,3,1
33,3,4,1.56269536,2.55,0,2.55,0,0,0,5,5,3,3
33,4,5,1.553014006,2.55,0,2.55,0,0,0,5,5,3,3
33,0,1,1.552955533,2.55,0,2.55,0,0,0,5,5,3,3
33,1,2,1.546655827,2.55,0,2.55,0,0,0,5,5,3,2
33,1,7,1.430476619,2.55,0,3.44,1,0,0,5,5,3,2
33,4,7,1.420226628,2.55,0,3.44,1,0,0,5,5,3,2
33,15,16,1.402714748,2.55,0,2.55,0,1,1,6,6,3,2
33,15,24,1.402409611,2.55,0,2.55,0,1,1,6,6,3,2
33,18,20,1.39854339,2.55,0,2.55,0,1,1,6,6,2,2
33,20,22,1.398455424,2.55,0,2.55,0,1,1,6,6,2,2
33,22,24,1.397854269,2.55,0,2.55,0,1,1,6,6,2,2
33,16,18,1.397801107,2.55,0,2.55,0,1,1,6,6,2,2
33,0,3,1.347029936,2.55,0,2.55,0,0,0,5,5,3,3
33,2,5,1.337385284,2.55,0,2.55,0,0,0,5,5,2,3
33,45,48,1.529753102,2.55,0,2.55,0,0,0,0,0,2,1
33,35,38,1.529418266,2.55,0,2.55,0,0,0,0,0,2,1
33,34,35,1.520211324,2.55,0,2.55,0,0,0,0,0,2,2
33,44,45,1.519072451,2.55,0,2.55,0,0,0,0,0,2,2
33,14,15,1.512033456,2.55,0,2.55,0,0,1,0,6,2,3
33,3,28,1.491324303,2.55,0,2.55,0,0,0,5,0,3,3
33,5,10,1.489618452,2.55,0,2.55,0,0,0,5,0,3,2
33,0,29,1.471183875,2.55,0,2.55,0,0,0,5,0,3,3
33,32,34,1.439013976,3.44,1,2.55,0,0,0,0,0,2,2
33,33,44,1.43889116,3.44,1,2.55,0,0,0,0,0,2,2
33,10,11,1.413528038,2.55,0,3.44,1,0,0,0,0,2,2
33,11,14,1.408330706,3.44,1,2.55,0,0,0,0,0,2,2
33,29,33,1.348017181,2.55,0,3.44,1,0,0,0,0,3,2
33,28,32,1.336336931,2.55,0,3.44,1,0,0,0,0,3,2
33,29,31,1.211578023,2.55,0,3.44,1,0,0,0,0,3,1
33,28,30,1.208356147,2.55,0,3.44,1,0,0,0,0,3,1
34,0,19,1.52527702,2.55,0,2.55,0,1,0,6,6,3,3
34,8,18,1.523763747,2.55,0,2.55,0,1,0,6,6,3,3
34,14,18,1.521498556,2.55,0,2.55,0,1,0,6,6,3,3
34,13,19,1.520756844,2.55,0,2.55,0,1,0,6,6,3,3
34,19,20,1.487960992,2.55,0,3.04,2,0,0,6,5,3,3
34,18,22,1.487652676,2.55,0,3.04,2,0,0,6,5,3,3
34,20,22,1.419058625,3.04,2,3.04,2,0,0,5,5,3,3
34,24,26,1.412960033,2.55,0,3.04,2,0,0,5,5,3,3
34,25,26,1.41134595,2.55,0,3.04,2,0,0,5,5,3,3
34,0,8,1.411089379,2.55,0,2.55,0,1,1,6,6,3,3
34,13,14,1.409868107,2.55,0,2.55,0,1,1,6,6,3,3
34,15,17,1.409599643,2.55,0,2.55,0,1,1,6,6,2,3
34,1,3,1.409244287,2.55,0,2.55,0,1,1,6,6,2,3
34,10,11,1.403945912,2.55,0,2.55,0,1,1,6,6,2,2
34,29,30,1.403657037,2.55,0,2.55,0,1,1,6,6,3,2
34,29,38,1.403390062,2.55,0,2.55,0,1,1,6,6,3,2
34,3,4,1.402259529,2.55,0,2.55,0,1,1,6,6,3,2
34,4,6,1.401612268,2.55,0,2.55,0,1,1,6,6,2,2
34,10,17,1.399480134,2.55,0,2.55,0,1,1,6,6,2,3
34,32,34,1.398117216,2.55,0,2.55,0,1,1,6,6,2,2
34,34,36,1.397470641,2.55,0,2.55,0,1,1,6,6,2,2
34,36,38,1.397034455,2.55,0,2.55,0,1,1,6,6,2,2
34,30,32,1.396014242,2.55,0,2.55,0,1,1,6,6,2,2
34,6,8,1.39194236,2.55,0,2.55,0,1,1,6,6,2,3
34,0,1,1.390874619,2.55,0,2.55,0,1,1,6,6,3,2
34,11,13,1.389134893,2.55,0,2.55,0,1,1,6,6,2,3
34,20,24,1.388543326,3.04,2,2.55,0,0,0,5,5,3,3
34,14,15,1.388059956,2.55,0,2.55,0,1,1,6,6,3,2
34,22,25,1.387957063,3.04,2,2.55,0,0,0,5,5,3,3
34,3,40,1.511229666,2.55,0,2.55,0,1,0,6,0,3,2
34,54,55,1.509103743,2.55,0,2.55,0,0,0,0,0,3,1
34,44,45,1.508858969,2.55,0,2.55,0,0,0,0,0,3,1
34,17,50,1.507116007,2.55,0,2.55,0,1,0,6,0,3,2
34,40,41,1.444575512,2.55,0,3.44,1,0,0,0,0,2,2
34,50,51,1.437200521,2.55,0,3.44,1,0,0,0,0,2,2
34,26,29,1.427960825,3.04,2,2.55,0,0,1,5,6,3,3
34,51,54,1.352612265,3.44,1,2.55,0,0,0,0,0,2,3
34,41,44,1.350081106,3.44,1,2.55,0,0,0,0,0,2,3
34,25,28,1.209762474,2.55,0,3.44,1,0,0,5,0,3,1
34,24,27,1.208556147,2.55,0,3.44,1,0,0,5,0,3,1
34,44,49,1.207308055,2.55,0,3.44,1,0,0,0,0,3,1
34,54,59,1.20555411,2.55,0,3.44,1,0,0,0,0,3,1
35,13,19,1.537126396,2.55,0,2.55,0,0,0,6,6,3,4
35,14,18,1.537089386,2.55,0,2.55,0,0,0,6,6,3,4
35,0,19,1.537070382,2.55,0,2.55,0,0,0,6,6,3,4
35,8,18,1.537062277,2.55,0,2.55,0,0,0,6,6,3,4
35,20,21,1.458874037,3.44,1,3.44,1,0,0,6,6,2,2
35,19,20,1.455441261,2.55,0,3.44,1,0,0,6,6,4,2
35,18,21,1.455034255,2.55,0,3.44,1,0,0,6,6,4,2
35,13,14,1.416090865,2.55,0,2.55,0,0,0,6,6,3,3
35,0,8,1.415618579,2.55,0,2.55,0,0,0,6,6,3,3
35,41,49,1.405707084,2.55,0,2.55,0,0,0,6,6,3,2
35,30,31,1.405210697,2.55,0,2.55,0,0,0,6,6,3,2
35,41,42,1.404743289,2.55,0,2.55,0,0,0,6,6,3,2
35,30,37,1.404485631,2.55,0,2.55,0,0,0,6,6,3,2
35,46,47,1.403093641,2.55,0,2.55,0,0,0,6,6,3,2
35,10,11,1.402287899,2.55,0,2.55,0,0,0,6,6,2,2
35,15,17,1.40228658,2.55,0,2.55,0,0,0,6,6,2,2
35,4,6,1.402271301,2.55,0,2.55,0,0,0,6,6,2,2
35,1,3,1.402263405,2.55,0,2.55,0,0,0,6,6,2,2
35,33,35,1.401731378,2.55,0,2.55,0,0,0,6,6,2,3
35,44,46,1.401248877,2.55,0,2.55,0,0,0,6,6,2,3
35,35,36,1.400159628,2.55,0,2.55,0,0,0,6,6,3,2
35,36,37,1.396380634,2.55,0,2.55,0,0,0,6,6,2,2
35,42,44,1.396112944,2.55,0,2.55,0,0,0,6,6,2,2
35,47,49,1.395735715,2.55,0,2.55,0,0,0,6,6,2,2
35,11,13,1.395321626,2.55,0,2.55,0,0,0,6,6,2,3
35,6,8,1.395285612,2.55,0,2.55,0,0,0,6,6,2,3
35,31,33,1.395207967,2.55,0,2.55,0,0,0,6,6,2,2
35,0,1,1.395197129,2.55,0,2.55,0,0,0,6,6,3,2
35,14,15,1.395192276,2.55,0,2.55,0,0,0,6,6,3,2
35,3,4,1.393336699,2.55,0,2.55,0,0,0,6,6,2,2
35,10,17,1.393210849,2.55,0,2.55,0,0,0,6,6,2,2
35,18,41,1.526363471,2.55,0,2.55,0,0,0,6,6,4,3
35,19,30,1.525283299,2.55,0,2.55,0,0,0,6,6,4,3
35,46,51,1.510746117,2.55,0,2.55,0,0,0,6,0,3,2
35,54,56,1.508958984,2.55,0,2.55,0,0,0,0,0,3,1
35,25,27,1.508870403,2.55,0,2.55,0,0,0,0,0,3,1
35,22,35,1.50801303,2.55,0,2.55,0,0,0,0,6,2,3
35,51,53,1.444385523,2.55,0,3.44,1,0,0,0,0,2,2
35,22,24,1.430563691,2.55,0,3.44,1,0,0,0,0,2,2
35,24,25,1.352336469,3.44,1,2.55,0,0,0,0,0,2,3
35,53,54,1.350280532,3.44,1,2.55,0,0,0,0,0,2,3
35,52,54,1.207268437,3.44,1,2.55,0,0,0,0,0,1,3
35,23,25,1.205215735,3.44,1,2.55,0,0,0,0,0,1,3
36,18,29,1.859654615,2.55,0,2.58,3,0,0,6,6,4,2
36,31,32,1.858819564,2.58,3,2.55,0,0,0,6,6,2,3
36,30,31,1.852338093,2.55,0,2.58,3,0,0,6,6,4,2
36,29,65,1.7651445,2.58,3,2.55,0,0,0,6,6,2,3
36,12,30,1.881612055,2.58,3,2.55,0,0,0,0,6,2,4
36,15,18,1.880672977,2.58,3,2.55,0,0,0,0,6,2,4
36,10,15,1.851969454,2.55,0,2.58,3,0,0,0,0,2,2
36,11,12,1.850996356,2.55,0,2.58,3,0,0,0,0,2,2
37,13,16,1.516809401,2.55,0,2.55,0,0,0,3,3,3,3
37,5,16,1.512915628,2.55,0,2.55,0,0,0,3,3,3,3
37,5,13,1.499545384,2.55,0,2.55,0,0,0,3,3,3,3
37,0,8,1.405102398,2.55,0,2.55,0,1,1,5,5,3,3
37,0,32,1.376273656,2.55,0,3.04,2,1,1,5,5,3,3
37,8,34,1.370095331,2.55,0,3.04,2,1,1,5,5,3,2
37,32,33,1.339431755,3.04,2,3.04,2,1,1,5,5,3,2
37,33,34,1.290353692,3.04,2,3.04,2,1,1,5,5,2,2
37,9,10,1.543717608,2.55,0,2.55,0,0,0,7,7,2,2
37,1,2,1.54330271,2.55,0,2.55,0,0,0,7,7,2,2
37,35,36,1.524451944,2.55,0,2.55,0,0,0,0,0,2,2
37,0,1,1.518633025,2.55,0,2.55,0,1,0,5,7,3,2
37,8,9,1.514428648,2.55,0,2.55,0,1,0,5,7,3,2
37,2,5,1.509556479,2.55,0,2.55,0,0,0,7,3,2,3
37,16,19,1.508674591,2.55,0,2.55,0,0,0,3,0,3,2
37,10,13,1.508238747,2.55,0,2.55,0,0,0,7,3,2,3
37,32,35,1.455515136,3.04,2,2.55,0,1,0,5,0,3,2
37,25,26,1.445074825,3.04,2,2.55,0,0,0,0,0,2,1
37,19,21,1.437432016,2.55,0,3.44,1,0,0,0,0,2,2
37,36,39,1.406989253,2.55,0,3.44,1,0,0,0,0,2,2
37,39,42,1.403402017,3.44,1,2.55,0,0,0,0,0,2,1
37,24,25,1.361684666,2.55,0,3.04,2,0,0,0,0,3,2
37,21,24,1.357974656,3.44,1,2.55,0,0,0,0,0,2,3
37,24,31,1.21495906,2.55,0,3.44,1,0,0,0,0,3,1
38,19,20,1.586850487,2.55,0,2.55,0,0,0,6,5,4,3
38,18,21,1.564938568,2.55,0,2.55,0,0,0,6,5,3,3
38,20,21,1.546811994,2.55,0,2.55,0,0,0,5,5,3,3
38,13,19,1.539346205,2.55,0,2.55,0,0,0,6,6,3,4
38,0,19,1.536311599,2.55,0,2.55,0,1,0,6,6,3,4
38,20,24,1.531550859,2.55,0,2.55,0,0,0,5,5,3,3
38,21,26,1.523381272,2.55,0,2.55,0,0,0,5,5,3,3
38,14,18,1.51492059,2.55,0,2.55,0,0,0,6,6,3,3
38,8,18,1.514848177,2.55,0,2.55,0,1,0,6,6,3,3
38,0,8,1.409632394,2.55,0,2.55,0,1,1,6,6,3,3
38,13,14,1.409206743,2.55,0,2.55,0,0,0,6,6,3,3
38,10,11,1.402714695,2.55,0,2.55,0,0,0,6,6,2,2
38,1,3,1.401324979,2.55,0,2.55,0,1,1,6,6,2,2
38,15,17,1.400894059,2.55,0,2.55,0,0,0,6,6,2,2
38,4,6,1.400154227,2.55,0,2.55,0,1,1,6,6,2,2
38,0,1,1.398097196,2.55,0,2.55,0,1,1,6,6,3,2
38,11,13,1.397682035,2.55,0,2.55,0,0,0,6,6,2,3
38,3,4,1.397341169,2.55,0,2.55,0,1,1,6,6,2,2
38,10,17,1.396363429,2.55,0,2.55,0,0,0,6,6,2,2
38,26,28,1.396327996,2.55,0,3.04,2,0,0,5,5,3,3
38,6,8,1.395493515,2.55,0,2.55,0,1,1,6,6,2,3
38,14,15,1.394325058,2.55,0,2.55,0,0,0,6,6,3,2
38,24,28,1.393980086,2.55,0,3.04,2,0,0,5,5,3,3
38,19,31,1.530577912,2.55,0,2.55,0,0,0,6,0,4,2
38,41,42,1.525626105,2.55,0,2.55,0,0,0,0,0,2,2
38,48,49,1.508795268,2.55,0,2.55,0,0,0,0,0,3,1
38,35,36,1.508225652,2.55,0,2.55,0,0,0,0,0,3,1
38,28,41,1.453994507,3.04,2,2.55,0,0,0,5,0,3,2
38,31,32,1.437251306,2.55,0,3.44,1,0,0,0,0,2,2
38,42,45,1.429466564,2.55,0,3.44,1,0,0,0,0,2,2
38,45,48,1.35326292,3.44,1,2.55,0,0,0,0,0,2,3
38,32,35,1.351692079,3.44,1,2.55,0,0,0,0,0,2,3
38,24,29,1.210232216,2.55,0,3.44,1,0,0,5,0,3,1
38,26,30,1.207659796,2.55,0,3.44,1,0,0,5,0,3,1
38,35,40,1.206764299,2.55,0,3.44,1,0,0,0,0,3,1
38,48,53,1.204758105,2.55,0,3.44,1,0,0,0,0,3,1
39,19,20,1.593060925,2.55,0,2.55,0,0,1,6,5,4,3
39,18,21,1.564956846,2.55,0,2.55,0,0,1,6,5,3,3
39,20,21,1.545086863,2.55,0,2.55,0,1,1,5,5,3,3
39,13,19,1.541182597,2.55,0,2.55,0,1,0,6,6,3,4
39,0,19,1.539227053,2.55,0,2.55,0,1,0,6,6,3,4
39,20,24,1.531497928,2.55,0,2.55,0,1,1,5,5,3,3
39,21,26,1.524572162,2.55,0,2.55,0,1,1,5,5,3,3
39,8,18,1.517010002,2.55,0,2.55,0,1,0,6,6,3,3
39,14,18,1.516209627,2.55,0,2.55,0,1,0,6,6,3,3
39,46,47,1.410261376,2.55,0,2.55,0,1,1,6,6,3,2
39,46,54,1.410124171,2.55,0,2.55,0,1,1,6,6,3,2
39,0,8,1.40797876,2.55,0,2.55,0,1,1,6,6,3,3
39,13,14,1.407471762,2.55,0,2.55,0,1,1,6,6,3,3
39,10,11,1.402071608,2.55,0,2.55,0,1,1,6,6,2,2
39,51,52,1.401595396,2.55,0,2.55,0,1,1,6,6,3,2
39,15,17,1.401561292,2.55,0,2.55,0,1,1,6,6,2,2
39,1,3,1.401490461,2.55,0,2.55,0,1,1,6,6,2,2
39,4,6,1.401167066,2.55,0,2.55,0,1,1,6,6,2,2
39,49,51,1.401048248,2.55,0,2.55,0,1,1,6,6,2,3
39,24,28,1.398291143,2.55,0,3.04,2,1,1,5,5,3,3
39,3,4,1.397830011,2.55,0,2.55,0,1,1,6,6,2,2
39,10,17,1.397294908,2.55,0,2.55,0,1,1,6,6,2,2
39,6,8,1.395438885,2.55,0,2.55,0,1,1,6,6,2,3
39,52,54,1.395218834,2.55,0,2.55,0,1,1,6,6,2,2
39,26,28,1.394638004,2.55,0,3.04,2,1,1,5,5,3,3
39,14,15,1.394528321,2.55,0,2.55,0,1,1,6,6,3,2
39,0,1,1.394448207,2.55,0,2.55,0,1,1,6,6,3,2
39,11,13,1.39385026,2.55,0,2.55,0,1,1,6,6,2,3
39,47,49,1.391116224,2.55,0,2.55,0,1,1,6,6,2,2
39,32,33,1.525648652,2.55,0,2.55,0,0,0,0,0,2,2
39,39,40,1.509118218,2.55,0,2.55,0,0,0,0,0,3,1
39,58,59,1.508233644,2.55,0,2.55,0,0,0,0,0,3,1
39,19,31,1.460131661,2.55,0,2.55,0,0,0,6,0,4,2
39,28,32,1.453442976,3.04,2,2.55,0,1,0,5,0,3,2
39,45,46,1.43162004,2.55,0,2.55,0,0,1,0,6,2,3
39,33,36,1.429986064,2.55,0,3.44,1,0,0,0,0,2,2
39,51,57,1.385413468,2.55,0,3.44,1,1,0,6,0,3,2
39,57,58,1.365595816,3.44,1,2.55,0,0,0,0,0,2,3
39,36,39,1.352673628,3.44,1,2.55,0,0,0,0,0,2,3
39,31,45,1.215282958,2.55,0,2.55,0,0,0,0,0,2,2
39,26,30,1.208192932,2.55,0,3.44,1,1,0,5,0,3,1
39,24,29,1.207557335,2.55,0,3.44,1,1,0,5,0,3,1
39,39,44,1.204797199,2.55,0,3.44,1,0,0,0,0,3,1
39,58,63,1.200988967,2.55,0,3.44,1,0,0,0,0,3,1
40,0,1,1.586381379,2.55,0,2.55,0,0,0,5,5,3,4
40,3,4,1.583736329,2.55,0,2.55,0,0,0,5,5,3,3
40,0,3,1.538811442,2.55,0,2.55,0,0,0,5,5,3,3
40,1,2,1.52953051,2.55,0,2.55,0,0,0,5,5,4,2
40,4,5,1.523883407,2.55,0,2.55,0,0,0,5,5,3,2
40,3,11,1.521675663,2.55,0,2.55,0,0,0,5,5,3,3
40,0,8,1.518357207,2.55,0,2.55,0,0,0,5,5,3,3
40,1,15,1.433264794,2.55,0,3.44,1,0,0,5,5,4,2
40,4,15,1.427087454,2.55,0,3.44,1,0,0,5,5,3,2
40,10,11,1.4029343,3.04,2,2.55,0,0,0,5,5,3,3
40,8,10,1.397006324,2.55,0,3.04,2,0,0,5,5,3,3
40,2,5,1.338404754,2.55,0,2.55,0,0,0,5,5,2,2
40,34,35,1.525633029,2.55,0,2.55,0,0,0,0,0,2,2
40,29,31,1.508640853,2.55,0,2.55,0,0,0,0,0,1,3
40,21,22,1.508414954,2.55,0,2.55,0,0,0,0,0,3,1
40,1,17,1.507060644,2.55,0,2.55,0,0,0,5,0,4,2
40,10,34,1.453987255,3.04,2,2.55,0,0,0,5,0,3,2
40,33,35,1.429300453,3.44,1,2.55,0,0,0,0,0,2,2
40,17,18,1.426932036,2.55,0,3.44,1,0,0,0,0,2,2
40,31,33,1.353617401,2.55,0,3.44,1,0,0,0,0,3,2
40,18,21,1.353438162,3.44,1,2.55,0,0,0,0,0,2,3
40,8,13,1.209509208,2.55,0,3.44,1,0,0,5,0,3,1
40,11,14,1.207289483,2.55,0,3.44,1,0,0,5,0,3,1
40,21,26,1.204836121,2.55,0,3.44,1,0,0,0,0,3,1
40,27,31,1.204636312,3.44,1,2.55,0,0,0,0,0,1,3
41,0,1,1.582803042,2.55,0,2.55,0,0,0,5,5,3,3
41,3,4,1.58228797,2.55,0,2.55,0,0,0,5,5,3,3
41,0,3,1.540553934,2.55,0,2.55,0,0,0,5,5,3,3
41,1,2,1.531532223,2.55,0,2.55,0,0,0,5,5,3,3
41,4,5,1.522990438,2.55,0,2.55,0,0,0,5,5,3,2
41,0,7,1.520315514,2.55,0,2.55,0,0,0,5,5,3,3
41,3,10,1.520176422,2.55,0,2.55,0,0,0,5,5,3,3
41,4,14,1.428955293,2.55,0,3.44,1,0,0,5,5,3,2
41,1,14,1.425615053,2.55,0,3.44,1,0,0,5,5,3,2
41,9,10,1.404824925,3.04,2,2.55,0,0,0,5,5,3,3
41,7,9,1.397016711,2.55,0,3.04,2,0,0,5,5,3,3
41,2,5,1.342616748,2.55,0,2.55,0,0,0,5,5,3,2
41,34,35,1.532911644,2.55,0,2.55,0,0,0,0,0,2,2
41,17,20,1.508904639,2.55,0,2.55,0,0,0,0,0,1,3
41,28,30,1.508358155,2.55,0,2.55,0,0,0,0,0,3,1
41,2,23,1.49008757,2.55,0,2.55,0,0,0,5,0,3,2
41,9,34,1.455330916,3.04,2,2.55,0,0,0,5,0,3,2
41,21,23,1.438620963,3.44,1,2.55,0,0,0,0,0,2,2
41,29,35,1.430398554,3.44,1,2.55,0,0,0,0,0,2,2
41,28,29,1.356325465,2.55,0,3.44,1,0,0,0,0,3,2
41,20,21,1.353061641,2.55,0,3.44,1,0,0,0,0,3,2
41,7,12,1.210464311,2.55,0,3.44,1,0,0,5,0,3,1
41,10,13,1.206214813,2.55,0,3.44,1,0,0,5,0,3,1
41,20,22,1.205086191,2.55,0,3.44,1,0,0,0,0,3,1
41,27,28,1.204646861,3.44,1,2.55,0,0,0,0,0,1,3
42,0,1,1.5875848,2.55,0,2.55,0,0,0,5,5,3,4
42,3,4,1.572720275,2.55,0,2.55,0,0,0,5,5,3,3
42,0,3,1.546108897,2.55,0,2.55,0,0,0,5,5,3,3
42,1,2,1.531701159,2.55,0,2.55,0,0,0,5,5,4,2
42,0,8,1.525842423,2.55,0,2.55,0,0,0,5,5,3,3
42,3,11,1.523952457,2.55,0,2.55,0,0,0,5,5,3,3
42,4,5,1.523765131,2.55,0,2.55,0,0,0,5,5,3,2
42,1,15,1.433504823,2.55,0,3.44,1,0,0,5,5,4,2
42,4,15,1.42732822,2.55,0,3.44,1,0,0,5,5,3,2
42,10,11,1.396365705,3.04,2,2.55,0,0,0,5,5,3,3
42,8,10,1.394771951,2.55,0,3.04,2,0,0,5,5,3,3
42,2,5,1.337240486,2.55,0,2.55,0,0,0,5,5,2,2
42,34,35,1.526102887,2.55,0,2.55,0,0,0,0,0,2,2
42,1,17,1.511418872,2.55,0,2.55,0,0,0,5,0,4,2
42,29,31,1.509030862,2.55,0,2.55,0,0,0,0,0,1,3
42,21,22,1.508840599,2.55,0,2.55,0,0,0,0,0,3,1
42,10,34,1.453671852,3.04,2,2.55,0,0,0,5,0,3,2
42,33,35,1.429739923,3.44,1,2.55,0,0,0,0,0,2,2
42,17,18,1.428993736,2.55,0,3.44,1,0,0,0,0,2,2
42,18,21,1.353621793,3.44,1,2.55,0,0,0,0,0,2,3
42,31,33,1.35338763,2.55,0,3.44,1,0,0,0,0,3,2
42,8,13,1.208774523,2.55,0,3.44,1,0,0,5,0,3,1
42,11,14,1.207389556,2.55,0,3.44,1,0,0,5,0,3,1
42,21,26,1.204476863,2.55,0,3.44,1,0,0,0,0,3,1
42,27,31,1.204447764,3.44,1,2.55,0,0,0,0,0,1,3
43,0,1,1.590242254,2.55,0,2.55,0,0,0,5,5,3,4
43,3,4,1.573648836,2.55,0,2.55,0,0,0,5,5,3,3
43,0,3,1.54701009,2.55,0,2.55,0,0,0,5,5,3,3
43,1,2,1.532638412,2.55,0,2.55,0,0,0,5,5,4,2
43,0,8,1.525486112,2.55,0,2.55,0,0,0,5,5,3,3
43,4,5,1.52337776,2.55,0,2.55,0,0,0,5,5,3,2
43,3,11,1.523343499,2.55,0,2.55,0,0,0,5,5,3,3
43,1,15,1.432343987,2.55,0,3.44,1,0,0,5,5,4,2
43,4,15,1.426992218,2.55,0,3.44,1,0,0,5,5,3,2
43,10,11,1.401790832,3.04,2,2.55,0,0,0,5,5,3,3
43,8,10,1.399102719,2.55,0,3.04,2,0,0,5,5,3,3
43,2,5,1.337671409,2.55,0,2.55,0,0,0,5,5,2,2
43,1,17,1.516566457,2.55,0,2.55,0,0,0,5,0,4,2
43,29,31,1.507721041,2.55,0,2.55,0,0,0,0,0,1,3
43,21,22,1.507710077,2.55,0,2.55,0,0,0,0,0,3,1
43,10,34,1.43371248,3.04,2,2.55,0,0,0,5,0,3,2
43,17,18,1.431117319,2.55,0,3.44,1,0,0,0,0,2,2
43,33,34,1.430997826,3.44,1,2.55,0,0,0,0,0,2,2
43,31,33,1.354400515,2.55,0,3.44,1,0,0,0,0,3,2
43,18,21,1.351605619,3.44,1,2.55,0,0,0,0,0,2,3
43,21,26,1.207313851,2.55,0,3.44,1,0,0,0,0,3,1
43,8,13,1.20703204,2.55,0,3.44,1,0,0,5,0,3,1
43,27,31,1.205149051,3.44,1,2.55,0,0,0,0,0,1,3
43,11,14,1.204941388,2.55,0,3.44,1,0,0,5,0,3,1
44,3,4,1.59219301,2.55,0,2.55,0,0,0,5,5,3,4
44,0,1,1.581247451,2.55,0,2.55,0,0,0,5,5,3,4
44,0,3,1.540263097,2.55,0,2.55,0,0,0,5,5,3,3
44,4,5,1.528370898,2.55,0,2.55,0,0,0,5,5,4,2
44,1,2,1.527949326,2.55,0,2.55,0,0,0,5,5,4,2
44,3,11,1.52430888,2.55,0,2.55,0,0,0,5,5,3,3
44,0,8,1.518419496,2.55,0,2.55,0,0,0,5,5,3,3
44,1,15,1.4333344,2.55,0,3.44,1,0,0,5,5,4,2
44,4,15,1.432831185,2.55,0,3.44,1,0,0,5,5,4,2
44,10,11,1.405536685,3.04,2,2.55,0,0,0,5,5,3,3
44,8,10,1.394403935,2.55,0,3.04,2,0,0,5,5,3,3
44,2,5,1.337493247,2.55,0,2.55,0,0,0,5,5,2,2
44,4,39,1.52703029,2.55,0,2.55,0,0,0,5,0,4,3
44,33,34,1.525410907,2.55,0,2.55,0,0,0,0,0,2,2
44,39,40,1.521925286,2.55,0,2.55,0,0,0,0,0,3,1
44,28,30,1.508685414,2.55,0,2.55,0,0,0,0,0,1,3
44,20,21,1.508282072,2.55,0,2.55,0,0,0,0,0,3,1
44,1,16,1.507270533,2.55,0,2.55,0,0,0,5,0,4,2
44,10,33,1.453358824,3.04,2,2.55,0,0,0,5,0,3,2
44,39,44,1.438671534,2.55,0,3.44,1,0,0,0,0,3,2
44,32,34,1.429456214,3.44,1,2.55,0,0,0,0,0,2,2
44,48,49,1.427361443,3.44,1,2.55,0,0,0,0,0,2,1
44,16,17,1.426963422,2.55,0,3.44,1,0,0,0,0,2,2
44,17,20,1.353526328,3.44,1,2.55,0,0,0,0,0,2,3
44,30,32,1.353221308,2.55,0,3.44,1,0,0,0,0,3,2
44,44,46,1.340439138,3.44,1,2.55,0,0,0,0,0,2,3
44,46,48,1.33291386,2.55,0,3.44,1,0,0,0,0,3,2
44,8,13,1.209939657,2.55,0,3.44,1,0,0,5,0,3,1
44,46,47,1.206457773,2.55,0,3.44,1,0,0,0,0,3,1
44,11,14,1.20541138,2.55,0,3.44,1,0,0,5,0,3,1
44,20,25,1.204826938,2.55,0,3.44,1,0,0,0,0,3,1
44,26,30,1.204686461,3.44,1,2.55,0,0,0,0,0,1,3
45,3,4,1.588295348,2.55,0,2.55,0,0,0,5,5,3,4
45,0,1,1.57247252,2.55,0,2.55,0,0,0,5,5,3,3
45,0,3,1.543842398,2.55,0,2.55,0,0,0,5,5,3,3
45,4,5,1.53050588,2.55,0,2.55,0,0,0,5,5,4,2
45,3,11,1.523929826,2.55,0,2.55,0,0,0,5,5,3,3
45,1,2,1.523783468,2.55,0,2.55,0,0,0,5,5,3,2
45,0,8,1.523286018,2.55,0,2.55,0,0,0,5,5,3,3
45,4,15,1.435296973,2.55,0,3.44,1,0,0,5,5,4,2
45,1,15,1.427152474,2.55,0,3.44,1,0,0,5,5,3,2
45,8,10,1.406368589,2.55,0,3.04,2,0,0,5,5,3,3
45,10,11,1.405385205,3.04,2,2.55,0,0,0,5,5,3,3
45,29,30,1.402731568,2.55,0,2.55,0,0,0,6,6,3,2
45,27,29,1.400279799,2.55,0,2.55,0,0,0,6,6,2,3
45,25,32,1.399903256,2.55,0,2.55,0,0,0,6,6,3,2
45,25,26,1.398705119,2.55,0,2.55,0,0,0,6,6,3,3
45,26,27,1.39287822,2.55,0,2.55,0,0,0,6,6,3,2
45,30,32,1.391130007,2.55,0,2.55,0,0,0,6,6,2,2
45,2,5,1.337314155,2.55,0,2.55,0,0,0,5,5,2,2
45,4,17,1.514334964,2.55,0,2.55,0,0,0,5,0,4,2
45,36,37,1.507555393,2.55,0,2.55,0,0,0,0,0,3,1
45,10,25,1.421604428,3.04,2,2.55,0,0,0,5,6,3,3
45,17,18,1.403632656,2.55,0,3.44,1,0,0,0,0,2,2
45,18,21,1.40342721,3.44,1,2.55,0,0,0,0,0,2,1
45,29,35,1.381650211,2.55,0,3.44,1,0,0,6,0,3,2
45,35,36,1.365934052,3.44,1,2.55,0,0,0,0,0,2,3
45,11,14,1.205422835,2.55,0,3.44,1,0,0,5,0,3,1
45,8,13,1.204676073,2.55,0,3.44,1,0,0,5,0,3,1
45,36,41,1.201316967,2.55,0,3.44,1,0,0,0,0,3,1
46,32,34,1.750827561,2.58,3,2.55,0,1,1,5,5,2,3
46,53,55,1.750713698,2.58,3,2.55,0,1,1,5,5,2,3
46,31,32,1.740014239,2.55,0,2.58,3,1,1,5,5,3,2
46,53,54,1.736590951,2.58,3,2.55,0,1,1,5,5,2,3
47,50,51,1.753877256,2.58,3,2.55,0,1,1,5,5,2,3
47,48,50,1.734460218,2.55,0,2.58,3,1,1,5,5,3,2
48,0,4,1.539095343,2.55,0,2.55,0,0,1,6,6,4,3
48,35,39,1.539090887,2.55,0,2.55,0,1,0,6,6,3,4
48,34,39,1.538084748,2.55,0,2.55,0,0,0,6,6,3,4
48,0,16,1.53807662,2.55,0,2.55,0,0,0,6,6,4,3
48,1,19,1.515684361,2.55,0,2.55,0,0,0,6,6,3,3
48,26,29,1.515682134,2.55,0,2.55,0,0,0,6,6,3,3
48,26,31,1.51498466,2.55,0,2.55,0,0,1,6,6,3,3
48,1,5,1.514982114,2.55,0,2.55,0,0,1,6,6,3,3
48,29,34,1.410231227,2.55,0,2.55,0,0,0,6,6,3,3
48,16,19,1.410230122,2.55,0,2.55,0,0,0,6,6,3,3
48,4,5,1.409716785,2.55,0,2.55,0,1,1,6,6,3,3
48,31,35,1.409715166,2.55,0,2.55,0,1,1,6,6,3,3
48,12,13,1.40055932,2.55,0,2.55,0,0,0,6,6,2,2
48,33,38,1.400555548,2.55,0,2.55,0,0,0,6,6,2,2
48,34,38,1.40028366,2.55,0,2.55,0,0,0,6,6,3,2
48,13,16,1.400281468,2.55,0,2.55,0,0,0,6,6,2,3
48,3,4,1.40010869,2.55,0,2.55,0,1,1,6,6,2,3
48,35,40,1.400103002,2.55,0,2.55,0,1,1,6,6,3,2
48,37,40,1.399942292,2.55,0,2.55,0,1,1,6,6,2,2
48,3,10,1.399939874,2.55,0,2.55,0,1,1,6,6,2,2
48,14,17,1.398472471,2.55,0,2.55,0,0,0,6,6,2,2
48,24,27,1.398471957,2.55,0,2.55,0,0,0,6,6,2,2
48,28,32,1.398192023,2.55,0,2.55,0,1,1,6,6,2,2
48,6,8,1.398191676,2.55,0,2.55,0,1,1,6,6,2,2
48,28,31,1.397706035,2.55,0,2.55,0,1,1,6,6,2,3
48,5,6,1.397705687,2.55,0,2.55,0,1,1,6,6,3,2
48,17,19,1.39759694,2.55,0,2.55,0,0,0,6,6,2,3
48,24,29,1.397596268,2.55,0,2.55,0,0,0,6,6,2,3
48,8,10,1.395170487,2.55,0,2.55,0,1,1,6,6,2,2
48,32,37,1.395169934,2.55,0,2.55,0,1,1,6,6,2,2
48,27,33,1.394926275,2.55,0,2.55,0,0,0,6,6,2,2
48,12,14,1.394923432,2.55,0,2.55,0,0,0,6,6,2,2
48,0,26,1.637865119,2.55,0,2.55,0,0,0,6,6,4,3
48,1,39,1.637850625,2.55,0,2.55,0,0,0,6,6,3,4
48,0,45,1.53609859,2.55,0,2.55,0,0,0,6,0,4,2
48,39,57,1.536073825,2.55,0,2.55,0,0,0,6,0,4,2
48,61,63,1.44569914,3.04,2,2.55,0,0,0,0,0,2,1
48,51,52,1.445688436,3.04,2,2.55,0,0,0,0,0,2,1
48,57,59,1.426965965,2.55,0,3.44,1,0,0,0,0,2,2
48,45,46,1.426957437,2.55,0,3.44,1,0,0,0,0,2,2
48,46,49,1.360858065,3.44,1,2.55,0,0,0,0,0,2,3
48,59,60,1.360857303,3.44,1,2.55,0,0,0,0,0,2,3
48,60,61,1.358770233,2.55,0,3.04,2,0,0,0,0,3,2
48,49,51,1.35876563,2.55,0,3.04,2,0,0,0,0,3,2
48,49,50,1.214777985,2.55,0,3.44,1,0,0,0,0,3,1
48,58,60,1.214776409,3.44,1,2.55,0,0,0,0,0,1,3
49,0,4,1.541363838,2.55,0,2.55,0,0,0,6,6,4,3
49,35,39,1.541348925,2.55,0,2.55,0,0,0,6,6,3,4
49,34,39,1.541201339,2.55,0,2.55,0,0,0,6,6,3,4
49,0,16,1.541188073,2.55,0,2.55,0,0,0,6,6,4,3
49,1,19,1.515358581,2.55,0,2.55,0,0,0,6,6,3,3
49,26,29,1.515357992,2.55,0,2.55,0,0,0,6,6,3,3
49,26,31,1.515188976,2.55,0,2.55,0,0,0,6,6,3,3
49,1,5,1.515188868,2.55,0,2.55,0,0,0,6,6,3,3
49,4,5,1.408223178,2.55,0,2.55,0,0,0,6,6,3,3
49,31,35,1.40822137,2.55,0,2.55,0,0,0,6,6,3,3
49,29,34,1.408193977,2.55,0,2.55,0,0,0,6,6,3,3
49,16,19,1.408193832,2.55,0,2.55,0,0,0,6,6,3,3
49,33,38,1.399174136,2.55,0,2.55,0,0,0,6,6,2,2
49,12,13,1.399174122,2.55,0,2.55,0,0,0,6,6,2,2
49,3,10,1.399110997,2.55,0,2.55,0,0,0,6,6,2,2
49,37,40,1.399109958,2.55,0,2.55,0,0,0,6,6,2,2
49,34,38,1.398945573,2.55,0,2.55,0,0,0,6,6,3,2
49,13,16,1.39894418,2.55,0,2.55,0,0,0,6,6,2,3
49,3,4,1.398921517,2.55,0,2.55,0,0,0,6,6,2,3
49,35,40,1.398921021,2.55,0,2.55,0,0,0,6,6,3,2
49,28,31,1.398256595,2.55,0,2.55,0,0,0,6,6,2,3
49,5,6,1.39825576,2.55,0,2.55,0,0,0,6,6,3,2
49,17,19,1.398255242,2.55,0,2.55,0,0,0,6,6,2,3
49,24,29,1.398255068,2.55,0,2.55,0,0,0,6,6,2,3
49,14,17,1.398161344,2.55,0,2.55,0,0,0,6,6,2,2
49,24,27,1.398160965,2.55,0,2.55,0,0,0,6,6,2,2
49,6,8,1.398073851,2.55,0,2.55,0,0,0,6,6,2,2
49,28,32,1.398073511,2.55,0,2.55,0,0,0,6,6,2,2
49,32,37,1.395906667,2.55,0,2.55,0,0,0,6,6,2,2
49,8,10,1.395905617,2.55,0,2.55,0,0,0,6,6,2,2
49,12,14,1.395862258,2.55,0,2.55,0,0,0,6,6,2,2
49,27,33,1.395861975,2.55,0,2.55,0,0,0,6,6,2,2
49,1,39,1.62743533,2.55,0,2.55,0,0,0,6,6,3,4
49,0,26,1.62743423,2.55,0,2.55,0,0,0,6,6,4,3
49,0,45,1.542877018,2.55,0,2.55,0,0,0,6,0,4,3
49,39,53,1.54287608,2.55,0,2.55,0,0,0,6,0,4,3
49,47,48,1.428218511,3.44,1,2.55,0,0,0,0,0,2,1
49,54,56,1.428218329,3.44,1,2.55,0,0,0,0,0,2,1
49,53,54,1.340469455,2.55,0,3.44,1,0,0,0,0,3,2
49,45,47,1.340468935,2.55,0,3.44,1,0,0,0,0,3,2
49,45,46,1.208673491,2.55,0,3.44,1,0,0,0,0,3,1
49,52,53,1.208673203,3.44,1,2.55,0,0,0,0,0,1,3
50,8,11,1.528118859,2.55,0,2.55,0,0,0,3,3,3,3
50,11,12,1.506416415,2.55,0,2.55,0,0,0,3,3,3,4
50,8,12,1.506110767,2.55,0,2.55,0,0,0,3,3,3,4
50,1,5,1.534773554,2.55,0,2.55,0,0,0,0,0,2,2
50,14,16,1.534740983,2.55,0,2.55,0,0,0,0,0,2,2
50,16,19,1.529436121,2.55,0,2.55,0,0,0,0,0,2,1
50,0,1,1.529286991,2.55,0,2.55,0,0,0,0,0,1,2
50,11,14,1.517016334,2.55,0,2.55,0,0,0,3,0,3,2
50,5,8,1.516807994,2.55,0,2.55,0,0,0,0,3,2,3
51,8,11,1.528564156,2.55,0,2.55,0,0,0,3,3,3,3
51,11,12,1.506351467,2.55,0,2.55,0,0,0,3,3,3,4
51,8,12,1.506029447,2.55,0,2.55,0,0,0,3,3,3,4
51,1,5,1.534964336,2.55,0,2.55,0,0,0,0,0,2,2
51,14,16,1.534795812,2.55,0,2.55,0,0,0,0,0,2,2
51,16,19,1.529449025,2.55,0,2.55,0,0,0,0,0,2,1
51,0,1,1.529225961,2.55,0,2.55,0,0,0,0,0,1,2
51,11,14,1.517183864,2.55,0,2.55,0,0,0,3,0,3,2
51,5,8,1.516913134,2.55,0,2.55,0,0,0,0,3,2,3
52,8,11,1.54254805,2.55,0,2.55,0,0,0,3,3,3,3
52,8,12,1.494101088,2.55,0,2.55,0,0,0,3,3,3,4
52,11,12,1.493715639,2.55,0,2.55,0,0,0,3,3,3,4
52,1,5,1.535028943,2.55,0,2.55,0,0,0,0,0,2,2
52,14,16,1.534909043,2.55,0,2.55,0,0,0,0,0,2,2
52,0,1,1.529514356,2.55,0,2.55,0,0,0,0,0,1,2
52,16,19,1.529418665,2.55,0,2.55,0,0,0,0,0,2,1
52,5,8,1.516024447,2.55,0,2.55,0,0,0,0,3,2,3
52,11,14,1.515871589,2.55,0,2.55,0,0,0,3,0,3,2
53,8,11,1.541644542,2.55,0,2.55,0,0,0,3,3,3,3
53,11,12,1.494873962,2.55,0,2.55,0,0,0,3,3,3,4
53,8,12,1.494614283,2.55,0,2.55,0,0,0,3,3,3,4
53,1,5,1.535091003,2.55,0,2.55,0,0,0,0,0,2,2
53,14,16,1.534895274,2.55,0,2.55,0,0,0,0,0,2,2
53,16,19,1.529126419,2.55,0,2.55,0,0,0,0,0,2,1
53,0,1,1.528935983,2.55,0,2.55,0,0,0,0,0,1,2
53,11,14,1.517031665,2.55,0,2.55,0,0,0,3,0,3,2
53,5,8,1.516862741,2.55,0,2.55,0,0,0,0,3,2,3
54,1,2,1.563055381,2.55,0,2.55,0,0,0,5,5,2,3
54,9,24,1.561093291,2.55,0,2.55,0,0,0,5,5,3,2
54,0,1,1.552908447,2.55,0,2.55,0,0,0,5,5,3,2
54,24,26,1.5512219,2.55,0,2.55,0,0,0,5,5,2,2
54,2,17,1.548529441,2.55,0,2.55,0,0,0,5,5,3,2
54,12,26,1.544131758,2.55,0,2.55,0,0,0,5,5,3,2
54,9,11,1.542938745,2.55,0,2.55,0,0,0,5,5,3,2
54,0,19,1.54054547,2.55,0,2.55,0,0,0,5,5,3,2
54,11,12,1.535817924,2.55,0,2.55,0,0,0,5,5,2,3
54,5,6,1.532080629,2.55,0,2.55,0,0,0,3,3,3,3
54,17,19,1.531526225,2.55,0,2.55,0,0,0,5,5,2,2
54,6,7,1.505557861,2.55,0,2.55,0,0,0,3,3,3,4
54,5,7,1.504716868,2.55,0,2.55,0,0,0,3,3,3,4
54,0,31,1.527720501,2.55,0,2.55,0,0,0,5,0,3,1
54,12,36,1.526908117,2.55,0,2.55,0,0,0,5,0,3,1
54,2,5,1.517511878,2.55,0,2.55,0,0,0,5,3,3,3
54,6,9,1.516930372,2.55,0,2.55,0,0,0,3,5,3,3
55,1,2,1.52686122,2.55,0,2.55,0,0,0,3,3,3,3
55,1,3,1.507174271,2.55,0,2.55,0,0,0,3,3,3,4
55,2,3,1.506700338,2.55,0,2.55,0,0,0,3,3,3,4
55,5,9,1.531559363,2.55,0,2.55,0,0,0,0,0,2,1
55,0,15,1.531554562,2.55,0,2.55,0,0,0,0,0,2,1
55,0,1,1.518272465,2.55,0,2.55,0,0,0,0,3,2,3
55,2,5,1.518187509,2.55,0,2.55,0,0,0,3,0,3,2
56,4,7,1.531905849,2.55,0,2.55,0,0,0,3,3,3,4
56,7,8,1.518183547,2.55,0,2.55,0,0,0,3,3,4,4
56,4,8,1.510026934,2.55,0,2.55,0,0,0,3,3,3,4
56,0,1,1.531834164,2.55,0,2.55,0,0,0,0,0,1,2
56,10,11,1.531487293,2.55,0,2.55,0,0,0,0,0,2,1
56,7,10,1.522782213,2.55,0,2.55,0,0,0,3,0,4,2
56,1,4,1.51751266,2.55,0,2.55,0,0,0,0,3,2,3
56,20,21,1.410268507,3.44,1,2.55,0,0,0,0,0,2,1
56,7,20,1.395385589,2.55,0,3.44,1,0,0,3,0,4,2
57,11,12,1.542664845,2.55,0,2.55,0,0,0,3,3,4,3
57,10,12,1.531766002,2.55,0,2.55,0,0,0,5,3,3,3
57,11,13,1.525372324,2.55,0,2.55,0,0,0,3,3,4,4
57,6,10,1.522842655,2.55,0,2.55,0,0,0,5,5,3,3
57,7,11,1.50789212,2.55,0,2.55,0,0,0,5,3,3,4
57,12,13,1.496194705,2.55,0,2.55,0,0,0,3,3,3,4
57,6,7,1.409596544,2.55,0,2.55,0,0,0,5,5,3,3
57,2,4,1.400393857,2.55,0,2.55,0,0,0,6,6,2,2
57,1,8,1.399803397,2.55,0,2.55,0,0,0,6,6,2,2
57,1,2,1.398369769,2.55,0,2.55,0,0,0,6,6,2,2
57,7,8,1.397983655,2.55,0,2.55,0,0,0,5,6,3,2
57,4,6,1.397439325,2.55,0,2.55,0,0,0,6,5,2,3
57,10,27,1.54587491,2.55,0,2.55,0,0,0,5,0,3,2
57,15,16,1.536869591,2.55,0,2.55,0,0,0,0,0,2,2
57,27,29,1.531686361,2.55,0,2.55,0,0,0,0,0,2,2
57,29,32,1.530573044,2.55,0,2.55,0,0,0,0,0,2,1
57,16,19,1.529987185,2.55,0,2.55,0,0,0,0,0,2,1
57,11,15,1.524183269,2.55,0,2.55,0,0,0,3,0,4,2
58,1,2,1.528364505,2.55,0,2.55,0,0,0,3,3,3,3
58,1,3,1.506404567,2.55,0,2.55,0,0,0,3,3,3,4
58,2,3,1.506160637,2.55,0,2.55,0,0,0,3,3,3,4
58,0,15,1.531525319,2.55,0,2.55,0,0,0,0,0,2,1
58,5,9,1.531455742,2.55,0,2.55,0,0,0,0,0,2,1
58,0,1,1.517732735,2.55,0,2.55,0,0,0,0,3,2,3
58,2,5,1.517656931,2.55,0,2.55,0,0,0,3,0,3,2
59,0,10,1.560843007,2.55,0,2.55,0,0,0,5,5,3,2
59,5,11,1.560150569,2.55,0,2.55,0,0,0,5,5,3,2
59,10,26,1.555180132,2.55,0,2.55,0,0,0,5,5,2,3
59,11,13,1.551314186,2.55,0,2.55,0,0,0,5,5,2,2
59,0,21,1.545881291,2.55,0,2.55,0,0,0,5,5,3,2
59,13,16,1.544458981,2.55,0,2.55,0,0,0,5,5,2,3
59,5,9,1.542637827,2.55,0,2.55,0,0,0,5,5,3,2
59,23,26,1.542290843,2.55,0,2.55,0,0,0,5,5,2,3
59,9,16,1.536167737,2.55,0,2.55,0,0,0,5,5,2,3
59,1,2,1.533737405,2.55,0,2.55,0,0,0,3,3,3,3
59,21,23,1.531470012,2.55,0,2.55,0,0,0,5,5,2,2
59,2,3,1.504668883,2.55,0,2.55,0,0,0,3,3,3,4
59,1,3,1.503577697,2.55,0,2.55,0,0,0,3,3,3,4
59,26,36,1.527928974,2.55,0,2.55,0,0,0,5,0,3,1
59,16,29,1.526820938,2.55,0,2.55,0,0,0,5,0,3,1
59,2,5,1.516731998,2.55,0,2.55,0,0,0,3,5,3,3
59,0,1,1.516310074,2.55,0,2.55,0,0,0,5,3,3,3
60,6,7,1.539283014,2.55,0,2.55,0,0,0,3,3,3,3
60,6,8,1.514561266,2.55,0,2.55,0,0,0,3,3,3,4
60,7,8,1.499574748,2.55,0,2.55,0,0,0,3,3,3,4
60,10,12,1.531500847,2.55,0,2.55,0,0,0,0,0,2,1
60,7,10,1.516764669,2.55,0,2.55,0,0,0,3,0,3,2
60,0,1,1.499205647,2.55,0,2.55,0,0,0,0,0,1,2
60,5,6,1.482057288,2.55,0,2.55,0,0,0,0,3,2,3
60,1,5,1.34105258,2.55,0,2.55,0,0,0,0,0,2,2
61,6,7,1.541163016,2.55,0,2.55,0,0,0,3,3,3,3
61,6,8,1.514153287,2.55,0,2.55,0,0,0,3,3,3,4
61,7,8,1.499450415,2.55,0,2.55,0,0,0,3,3,3,4
61,10,12,1.531343446,2.55,0,2.55,0,0,0,0,0,2,1
61,7,10,1.516704639,2.55,0,2.55,0,0,0,3,0,3,2
61,0,1,1.5004752,2.55,0,2.55,0,0,0,0,0,1,2
61,5,6,1.482778546,2.55,0,2.55,0,0,0,0,3,2,3
61,1,5,1.34376943,2.55,0,2.55,0,0,0,0,0,2,2
62,0,4,1.523490083,2.55,0,2.55,0,0,0,3,3,3,3
62,1,4,1.505977717,2.55,0,2.55,0,0,0,3,3,4,3
62,0,1,1.50588387,2.55,0,2.55,0,0,0,3,3,3,4
62,5,12,1.544550068,2.55,0,2.55,0,0,0,0,0,2,2
62,6,10,1.544256037,2.55,0,2.55,0,0,0,0,0,2,2
62,31,32,1.536551142,2.55,0,2.55,0,0,0,0,0,2,1
62,27,28,1.536436839,2.55,0,2.55,0,0,0,0,0,2,1
62,0,6,1.517409197,2.55,0,2.55,0,0,0,3,0,3,2
62,4,5,1.517345097,2.55,0,2.55,0,0,0,3,0,3,2
62,12,18,1.506506952,2.55,0,2.55,0,0,0,0,0,2,2
62,10,15,1.5062993,2.55,0,2.55,0,0,0,0,0,2,2
62,24,27,1.505658596,2.55,0,2.55,0,0,0,0,0,2,2
62,21,31,1.505532714,2.55,0,2.55,0,0,0,0,0,2,2
62,18,24,1.342218411,2.55,0,2.55,0,0,0,0,0,2,2
62,15,21,1.342063482,2.55,0,2.55,0,0,0,0,0,2,2
63,1,2,1.534246423,2.55,0,2.55,0,0,0,3,3,3,3
63,2,3,1.506800186,2.55,0,2.55,0,0,0,3,3,3,4
63,1,3,1.505050823,2.55,0,2.55,0,0,0,3,3,3,4
63,5,9,1.547509239,2.55,0,2.55,0,0,0,0,0,2,2
63,0,12,1.545818523,2.55,0,2.55,0,0,0,0,0,2,2
63,19,20,1.539687532,2.55,0,2.55,0,0,0,0,0,2,1
63,32,33,1.539667695,2.55,0,2.55,0,0,0,0,0,2,1
63,2,5,1.520806739,2.55,0,2.55,0,0,0,3,0,3,2
63,0,1,1.520463932,2.55,0,2.55,0,0,0,0,3,2,3
63,9,15,1.507015694,2.55,0,2.55,0,0,0,0,0,2,2
63,18,19,1.506842163,2.55,0,2.55,0,0,0,0,0,2,2
63,12,28,1.506828343,2.55,0,2.55,0,0,0,0,0,2,2
63,31,32,1.50662505,2.55,0,2.55,0,0,0,0,0,2,2
63,15,18,1.339555236,2.55,0,2.55,0,0,0,0,0,2,2
63,28,31,1.339333252,2.55,0,2.55,0,0,0,0,0,2,2
64,16,17,1.510187086,2.55,0,2.55,0,0,0,3,3,3,3
64,15,16,1.448222356,3.04,2,2.55,0,0,0,3,3,3,3
64,15,17,1.437773039,3.04,2,2.55,0,0,0,3,3,3,3
64,3,5,1.406955539,2.55,0,2.55,0,1,1,6,6,3,2
64,0,4,1.406395533,2.55,0,2.55,0,1,1,6,6,3,2
64,0,1,1.401530476,2.55,0,2.55,0,1,1,6,6,3,2
64,1,2,1.400576322,2.55,0,2.55,0,1,1,6,6,2,2
64,2,3,1.39806858,2.55,0,2.55,0,1,1,6,6,2,3
64,4,5,1.389457585,2.55,0,2.55,0,1,1,6,6,2,2
64,17,20,1.506359668,2.55,0,2.55,0,0,0,3,0,3,3
64,16,18,1.505640752,2.55,0,2.55,0,0,0,3,0,3,3
64,23,26,1.429870403,3.44,1,2.55,0,0,0,0,0,2,1
64,25,30,1.429135962,3.44,1,2.55,0,0,0,0,0,2,1
64,3,15,1.415098474,2.55,0,3.04,2,1,0,6,3,3,3
64,10,11,1.407481426,3.44,1,2.55,0,0,0,0,0,2,1
64,0,10,1.361673504,2.55,0,3.44,1,1,0,6,0,3,2
64,20,25,1.345066299,2.55,0,3.44,1,0,0,0,0,3,2
64,18,23,1.343327529,2.55,0,3.44,1,0,0,0,0,3,2
64,18,22,1.206530104,2.55,0,3.44,1,0,0,0,0,3,1
64,20,24,1.204430382,2.55,0,3.44,1,0,0,0,0,3,1
65,16,17,1.509141688,2.55,0,2.55,0,0,0,3,3,3,3
65,15,17,1.446914437,3.04,2,2.55,0,0,0,3,3,3,3
65,15,16,1.431156923,3.04,2,2.55,0,0,0,3,3,3,3
65,3,5,1.407397618,2.55,0,2.55,0,1,1,6,6,3,2
65,0,4,1.406857649,2.55,0,2.55,0,1,1,6,6,3,2
65,0,1,1.402062286,2.55,0,2.55,0,1,1,6,6,3,2
65,1,2,1.400715265,2.55,0,2.55,0,1,1,6,6,2,2
65,2,3,1.399245674,2.55,0,2.55,0,1,1,6,6,2,3
65,4,5,1.389899696,2.55,0,2.55,0,1,1,6,6,2,2
65,16,18,1.511870907,2.55,0,2.55,0,0,0,3,0,3,3
65,17,20,1.505481158,2.55,0,2.55,0,0,0,3,0,3,3
65,25,30,1.429819157,3.44,1,2.55,0,0,0,0,0,2,1
65,23,26,1.42784815,3.44,1,2.55,0,0,0,0,0,2,1
65,3,15,1.413524808,2.55,0,3.04,2,1,0,6,3,3,3
65,10,11,1.408064832,3.44,1,2.55,0,0,0,0,0,2,1
65,0,10,1.360534775,2.55,0,3.44,1,1,0,6,0,3,2
65,20,25,1.343948997,2.55,0,3.44,1,0,0,0,0,3,2
65,18,23,1.333918908,2.55,0,3.44,1,0,0,0,0,3,2
65,18,22,1.206785308,2.55,0,3.44,1,0,0,0,0,3,1
65,20,24,1.205168574,2.55,0,3.44,1,0,0,0,0,3,1
66,9,11,1.560020163,2.55,0,2.55,0,0,0,5,5,3,2
66,9,22,1.558787407,2.55,0,2.55,0,0,0,5,5,3,2
66,2,15,1.556912979,2.55,0,2.55,0,0,0,5,5,3,2
66,15,17,1.552458944,2.55,0,2.55,0,0,0,5,5,2,2
66,0,17,1.545779009,2.55,0,2.55,0,0,0,5,5,3,2
66,11,12,1.542267641,2.55,0,2.55,0,0,0,5,5,2,3
66,1,2,1.541308853,2.55,0,2.55,0,0,0,5,5,2,3
66,12,24,1.538197679,2.55,0,2.55,0,0,0,5,5,3,2
66,0,1,1.536626236,2.55,0,2.55,0,0,0,5,5,3,2
66,22,24,1.536119593,2.55,0,2.55,0,0,0,5,5,2,2
66,5,6,1.477349152,2.55,0,2.55,0,0,0,3,3,3,3
66,5,7,1.428229112,2.55,0,3.44,1,0,0,3,3,3,2
66,6,7,1.426131154,2.55,0,3.44,1,0,0,3,3,3,2
66,0,29,1.527053216,2.55,0,2.55,0,0,0,5,0,3,1
66,12,34,1.526667914,2.55,0,2.55,0,0,0,5,0,3,1
66,6,9,1.513460361,2.55,0,2.55,0,0,0,3,5,3,3
66,2,5,1.510440843,2.55,0,2.55,0,0,0,5,3,3,3
67,0,1,1.483805064,2.55,0,2.55,0,0,0,3,3,3,3
67,0,2,1.435014409,2.55,0,3.44,1,0,0,3,3,3,2
67,1,2,1.42280441,2.55,0,3.44,1,0,0,3,3,3,2
67,5,7,1.537732809,2.55,0,2.55,0,0,0,0,0,2,2
67,7,10,1.531225377,2.55,0,2.55,0,0,0,0,0,2,1
67,1,5,1.512555917,2.55,0,2.55,0,0,0,3,0,3,2
67,16,17,1.498929132,2.55,0,2.55,0,0,0,0,0,2,1
67,0,3,1.48066125,2.55,0,2.55,0,0,0,3,0,3,2
67,3,16,1.340539818,2.55,0,2.55,0,0,0,0,0,2,2
68,10,11,1.609005151,2.55,0,2.55,0,0,0,4,4,3,3
68,6,10,1.528386184,2.55,0,2.55,0,1,0,4,4,3,3
68,7,11,1.525988229,2.55,0,2.55,0,1,0,4,4,3,3
68,1,8,1.406932001,2.55,0,2.55,0,1,1,6,6,2,2
68,2,4,1.406604487,2.55,0,2.55,0,1,1,6,6,2,2
68,1,2,1.40472263,2.55,0,2.55,0,1,1,6,6,2,2
68,6,7,1.395831107,2.55,0,2.55,0,1,1,4,4,3,3
68,7,8,1.392127424,2.55,0,2.55,0,1,1,4,6,3,2
68,4,6,1.390628547,2.55,0,2.55,0,1,1,6,4,2,3
68,12,14,1.533373982,2.55,0,2.55,0,0,0,0,0,2,2
68,14,17,1.53001878,2.55,0,2.55,0,0,0,0,0,2,1
68,11,12,1.529045012,2.55,0,2.55,0,0,0,4,0,3,2
68,25,26,1.501664244,2.55,0,2.55,0,0,0,0,0,2,1
68,10,23,1.499487116,2.55,0,2.55,0,0,0,4,0,3,2
68,23,25,1.343678239,2.55,0,2.55,0,0,0,0,0,2,2
69,10,11,1.586774167,2.55,0,2.55,0,0,0,4,4,3,3
69,6,10,1.527877104,2.55,0,2.55,0,1,0,4,4,3,3
69,7,11,1.527844905,2.55,0,2.55,0,1,0,4,4,3,3
69,2,4,1.407149193,2.55,0,2.55,0,1,1,6,6,2,2
69,1,8,1.407064092,2.55,0,2.55,0,1,1,6,6,2,2
69,1,2,1.403931325,2.55,0,2.55,0,1,1,6,6,2,2
69,6,7,1.397687106,2.55,0,2.55,0,1,1,4,4,3,3
69,7,8,1.391503294,2.55,0,2.55,0,1,1,4,6,3,2
69,4,6,1.391442193,2.55,0,2.55,0,1,1,6,4,2,3
69,11,12,1.530373436,2.55,0,2.55,0,0,0,4,0,3,2
69,10,15,1.53035289,2.55,0,2.55,0,0,0,4,0,3,2
69,15,17,1.530112459,2.55,0,2.55,0,0,0,0,0,2,1
69,12,14,1.530080056,2.55,0,2.55,0,0,0,0,0,2,1
70,10,11,1.56113485,2.55,0,2.55,0,0,0,4,4,3,3
70,7,11,1.520683448,2.55,0,2.55,0,0,0,4,4,3,3
70,6,10,1.520343948,2.55,0,2.55,0,0,0,4,4,3,3
70,1,2,1.40837088,2.55,0,2.55,0,0,0,6,6,2,2
70,1,8,1.404622838,2.55,0,2.55,0,0,0,6,6,2,2
70,2,4,1.404592592,2.55,0,2.55,0,0,0,6,6,2,2
70,6,7,1.394040903,2.55,0,2.55,0,0,0,4,4,3,3
70,7,8,1.391188861,2.55,0,2.55,0,0,0,4,6,3,2
70,4,6,1.391132564,2.55,0,2.55,0,0,0,6,4,2,3
70,14,24,1.508578808,2.55,0,2.55,0,0,0,0,0,3,1
70,17,20,1.508483458,2.55,0,2.55,0,0,0,0,0,3,1
70,11,12,1.42903472,2.55,0,3.44,1,0,0,4,0,3,2
70,10,15,1.429011087,2.55,0,3.44,1,0,0,4,0,3,2
70,15,17,1.352230032,3.44,1,2.55,0,0,0,0,0,2,3
70,12,14,1.352151226,3.44,1,2.55,0,0,0,0,0,2,3
70,17,19,1.206190834,2.55,0,3.44,1,0,0,0,0,3,1
70,14,18,1.206129401,2.55,0,3.44,1,0,0,0,0,3,1
71,10,11,1.599354132,2.55,0,2.55,0,0,0,4,4,3,3
71,6,10,1.528922239,2.55,0,2.55,0,1,0,4,4,3,3
71,7,11,1.526541992,2.55,0,2.55,0,1,0,4,4,3,3
71,1,8,1.406620558,2.55,0,2.55,0,1,1,6,6,2,2
71,2,4,1.406580986,2.55,0,2.55,0,1,1,6,6,2,2
71,1,2,1.404331148,2.55,0,2.55,0,1,1,6,6,2,2
71,6,7,1.395744804,2.55,0,2.55,0,1,1,4,4,3,3
71,7,8,1.391971835,2.55,0,2.55,0,1,1,4,6,3,2
71,4,6,1.39036127,2.55,0,2.55,0,1,1,6,4,2,3
71,12,14,1.53358313,2.55,0,2.55,0,0,0,0,0,2,2
71,14,17,1.529925006,2.55,0,2.55,0,0,0,0,0,2,1
71,11,12,1.528702532,2.55,0,2.55,0,0,0,4,0,3,2
71,10,23,1.510477244,2.55,0,2.55,0,0,0,4,0,3,2
71,25,26,1.50083634,2.55,0,2.55,0,0,0,0,0,2,1
71,23,25,1.339157694,2.55,0,2.55,0,0,0,0,0,2,2
72,3,12,1.597348748,2.55,0,2.55,0,0,0,4,4,3,3
72,0,3,1.526476885,2.55,0,2.55,0,1,0,4,4,3,3
72,4,12,1.52624277,2.55,0,2.55,0,1,0,4,4,3,3
72,1,5,1.406903058,2.55,0,2.55,0,1,1,6,6,2,2
72,6,9,1.406899097,2.55,0,2.55,0,1,1,6,6,2,2
72,5,6,1.404042486,2.55,0,2.55,0,1,1,6,6,2,2
72,0,4,1.397693147,2.55,0,2.55,0,1,1,4,4,3,3
72,0,1,1.391779842,2.55,0,2.55,0,1,1,4,6,3,2
72,4,9,1.391661897,2.55,0,2.55,0,1,1,4,6,3,2
72,7,12,1.531159579,2.55,0,2.55,0,0,0,0,4,2,3
72,3,14,1.530989501,2.55,0,2.55,0,0,0,4,0,3,2
72,7,17,1.530849455,2.55,0,2.55,0,0,0,0,0,2,1
72,14,19,1.5308293,2.55,0,2.55,0,0,0,0,0,2,1
73,10,11,1.575840976,2.55,0,2.55,0,0,0,4,4,3,3
73,7,11,1.519347147,2.55,0,2.55,0,0,0,4,4,3,3
73,6,10,1.519241164,2.55,0,2.55,0,0,0,4,4,3,3
73,1,2,1.408828637,2.55,0,2.55,0,0,0,6,6,2,2
73,1,8,1.404073863,2.55,0,2.55,0,0,0,6,6,2,2
73,2,4,1.404007792,2.55,0,2.55,0,0,0,6,6,2,2
73,6,7,1.394343401,2.55,0,2.55,0,0,0,4,4,3,3
73,4,6,1.391999251,2.55,0,2.55,0,0,0,6,4,2,3
73,7,8,1.39190649,2.55,0,2.55,0,0,0,4,6,3,2
73,17,20,1.508760472,2.55,0,2.55,0,0,0,0,0,3,1
73,14,24,1.508732601,2.55,0,2.55,0,0,0,0,0,3,1
73,10,15,1.425896799,2.55,0,3.44,1,0,0,4,0,3,2
73,11,12,1.425857047,2.55,0,3.44,1,0,0,4,0,3,2
73,15,17,1.350783888,3.44,1,2.55,0,0,0,0,0,2,3
73,12,14,1.350751832,3.44,1,2.55,0,0,0,0,0,2,3
73,17,19,1.206769556,2.55,0,3.44,1,0,0,0,0,3,1
73,14,18,1.206739218,2.55,0,3.44,1,0,0,0,0,3,1
74,19,21,1.58266967,2.55,0,2.55,0,0,0,5,5,4,4
74,15,21,1.52300365,2.55,0,2.55,0,0,0,5,5,3,4
74,18,19,1.502930337,2.55,0,2.55,0,0,0,6,5,2,4
74,19,20,1.477593079,2.55,0,3.44,1,0,0,5,6,4,2
74,2,17,1.456995017,2.55,0,2.55,0,1,0,6,6,3,2
74,19,22,1.447030341,2.55,0,3.04,2,0,0,5,5,4,3
74,1,2,1.412769354,2.55,0,2.55,0,1,1,6,6,3,3
74,0,1,1.411637592,2.55,0,2.55,0,1,1,6,6,3,3
74,15,16,1.40729653,2.55,0,2.55,0,0,0,5,5,3,3
74,9,10,1.403406528,2.55,0,2.55,0,0,0,6,6,2,2
74,12,13,1.403141469,2.55,0,2.55,0,0,0,6,6,3,2
74,16,22,1.400691554,2.55,0,3.04,2,0,0,5,5,3,3
74,5,6,1.400640044,2.55,0,2.55,0,1,1,6,6,3,2
74,2,3,1.400122146,2.55,0,2.55,0,1,1,6,6,3,2
74,9,16,1.395398223,2.55,0,2.55,0,0,0,6,5,2,3
74,3,5,1.393221207,2.55,0,2.55,0,1,1,6,6,2,3
74,10,12,1.392232538,2.55,0,2.55,0,0,0,6,6,2,3
74,0,6,1.387280883,2.55,0,2.55,0,1,1,6,6,3,2
74,13,15,1.385618886,2.55,0,2.55,0,0,0,6,5,2,3
74,17,18,1.345972438,2.55,0,2.55,0,0,0,6,6,2,2
74,1,20,1.333764286,2.55,0,3.44,1,1,0,6,6,3,2
74,21,23,1.545670589,2.55,0,2.55,0,0,0,5,0,4,1
74,21,27,1.532152493,2.55,0,2.55,0,0,0,5,0,4,1
74,46,47,1.507487947,2.55,0,2.55,0,0,0,0,0,3,1
74,39,40,1.502044224,2.55,0,2.55,0,0,0,0,0,3,1
74,5,35,1.470461343,2.55,0,3.04,2,1,0,6,0,3,3
74,22,31,1.452772666,3.04,2,2.55,0,0,0,5,0,3,1
74,12,45,1.397808937,2.55,0,3.44,1,0,0,6,0,3,2
74,0,38,1.379756174,2.55,0,3.44,1,1,0,6,0,3,2
74,38,39,1.378268852,3.44,1,2.55,0,0,0,0,0,2,3
74,45,46,1.364596228,3.44,1,2.55,0,0,0,0,0,2,3
74,35,36,1.222559651,3.04,2,3.44,1,0,0,0,0,3,1
74,35,37,1.222065928,3.04,2,3.44,1,0,0,0,0,3,1
74,46,51,1.202651656,2.55,0,3.44,1,0,0,0,0,3,1
74,39,44,1.200662114,2.55,0,3.44,1,0,0,0,0,3,1
75,19,21,1.587489384,2.55,0,2.55,0,0,0,5,5,4,4
75,15,21,1.522892166,2.55,0,2.55,0,1,0,5,5,3,4
75,18,19,1.503535521,2.55,0,2.55,0,0,0,6,5,2,4
75,19,20,1.479841969,2.55,0,3.44,1,0,0,5,6,4,2
75,2,17,1.456042537,2.55,0,2.55,0,0,0,6,6,3,2
75,19,22,1.444302424,2.55,0,3.04,2,0,0,5,5,4,3
75,1,2,1.412599123,2.55,0,2.55,0,0,0,6,6,3,3
75,0,1,1.411821417,2.55,0,2.55,0,0,0,6,6,3,3
75,16,22,1.406541687,2.55,0,3.04,2,1,0,5,5,3,3
75,12,13,1.40628086,2.55,0,2.55,0,1,1,6,6,2,2
75,15,16,1.405223607,2.55,0,2.55,0,1,1,5,5,3,3
75,9,10,1.404399055,2.55,0,2.55,0,1,1,6,6,2,2
75,5,6,1.400251752,2.55,0,2.55,0,0,0,6,6,3,2
75,2,3,1.399880785,2.55,0,2.55,0,0,0,6,6,3,2
75,10,12,1.397810456,2.55,0,2.55,0,1,1,6,6,2,2
75,9,16,1.397654882,2.55,0,2.55,0,1,1,6,5,2,3
75,3,5,1.393125611,2.55,0,2.55,0,0,0,6,6,2,3
75,13,15,1.389156501,2.55,0,2.55,0,1,1,6,5,2,3
75,0,6,1.386900503,2.55,0,2.55,0,0,0,6,6,3,2
75,17,18,1.345177662,2.55,0,2.55,0,0,0,6,6,2,2
75,1,20,1.334277655,2.55,0,3.44,1,0,0,6,6,3,2
75,21,23,1.546441039,2.55,0,2.55,0,0,0,5,0,4,1
75,21,27,1.532659588,2.55,0,2.55,0,0,0,5,0,4,1
75,31,42,1.532357631,2.55,0,2.55,0,0,0,0,0,2,2
75,48,49,1.507903618,2.55,0,2.55,0,0,0,0,0,3,1
75,36,37,1.502644368,2.55,0,2.55,0,0,0,0,0,3,1
75,5,32,1.470038663,2.55,0,3.04,2,0,0,6,0,3,3
75,22,31,1.454335771,3.04,2,2.55,0,0,0,5,0,3,2
75,42,45,1.433412288,2.55,0,3.44,1,0,0,0,0,2,2
75,0,35,1.380471224,2.55,0,3.44,1,0,0,6,0,3,2
75,35,36,1.376628297,3.44,1,2.55,0,0,0,0,0,2,3
75,45,48,1.351584677,3.44,1,2.55,0,0,0,0,0,2,3
75,32,33,1.2225045,3.04,2,3.44,1,0,0,0,0,3,1
75,32,34,1.222116161,3.04,2,3.44,1,0,0,0,0,3,1
75,48,53,1.207495376,2.55,0,3.44,1,0,0,0,0,3,1
75,36,41,1.199686178,2.55,0,3.44,1,0,0,0,0,3,1
76,19,21,1.5897022,2.55,0,2.55,0,0,0,5,5,4,4
76,15,21,1.52243404,2.55,0,2.55,0,1,0,5,5,3,4
76,18,19,1.503672762,2.55,0,2.55,0,0,0,6,5,2,4
76,19,20,1.477005628,2.55,0,3.44,1,0,0,5,6,4,2
76,2,17,1.456453899,2.55,0,2.55,0,0,0,6,6,3,2
76,19,22,1.444011002,2.55,0,3.04,2,0,0,5,5,4,3
76,1,2,1.415290505,2.55,0,2.55,0,0,0,6,6,3,3
76,0,1,1.414337066,2.55,0,2.55,0,0,0,6,6,3,3
76,12,13,1.406400994,2.55,0,2.55,0,1,1,6,6,2,2
76,16,22,1.406297276,2.55,0,3.04,2,1,0,5,5,3,3
76,15,16,1.404811111,2.55,0,2.55,0,1,1,5,5,3,3
76,9,10,1.404444544,2.55,0,2.55,0,1,1,6,6,2,2
76,5,6,1.398372167,2.55,0,2.55,0,0,0,6,6,3,2
76,2,3,1.397498905,2.55,0,2.55,0,0,0,6,6,3,2
76,10,12,1.397447584,2.55,0,2.55,0,1,1,6,6,2,2
76,9,16,1.397304286,2.55,0,2.55,0,1,1,6,5,2,3
76,0,6,1.395081177,2.55,0,2.55,0,0,0,6,6,3,2
76,3,5,1.393512713,2.55,0,2.55,0,0,0,6,6,2,3
76,13,15,1.389307288,2.55,0,2.55,0,1,1,6,5,2,3
76,17,18,1.343540283,2.55,0,2.55,0,0,0,6,6,2,2
76,1,20,1.339902654,2.55,0,3.44,1,0,0,6,6,3,2
76,21,23,1.546184225,2.55,0,2.55,0,0,0,5,0,4,1
76,21,27,1.533180806,2.55,0,2.55,0,0,0,5,0,4,1
76,31,35,1.53300852,2.55,0,2.55,0,0,0,0,0,2,2
76,50,51,1.508606328,2.55,0,2.55,0,0,0,0,0,1,3
76,41,42,1.507722818,2.55,0,2.55,0,0,0,0,0,3,1
76,0,55,1.50325561,2.55,0,2.55,0,0,0,6,0,3,2
76,5,32,1.469615739,2.55,0,3.04,2,0,0,6,0,3,3
76,22,31,1.451427452,3.04,2,2.55,0,0,0,5,0,3,2
76,48,55,1.440482219,3.44,1,2.55,0,0,0,0,0,2,2
76,35,38,1.433289668,2.55,0,3.44,1,0,0,0,0,2,2
76,48,51,1.354029148,3.44,1,2.55,0,0,0,0,0,2,3
76,38,41,1.352290687,3.44,1,2.55,0,0,0,0,0,2,3
76,32,33,1.222726915,3.04,2,3.44,1,0,0,0,0,3,1
76,32,34,1.222170122,3.04,2,3.44,1,0,0,0,0,3,1
76,41,46,1.207205044,2.55,0,3.44,1,0,0,0,0,3,1
76,51,54,1.205157046,2.55,0,3.44,1,0,0,0,0,3,1
77,19,20,1.922146799,2.55,0,2.58,3,0,0,5,6,4,2
77,1,20,1.760810227,2.55,0,2.58,3,0,0,6,6,3,2
78,19,21,1.589010091,2.55,0,2.55,0,0,0,5,5,4,4
78,15,21,1.522694687,2.55,0,2.55,0,1,0,5,5,3,4
78,18,19,1.504894626,2.55,0,2.55,0,0,0,6,5,2,4
78,19,20,1.465030102,2.55,0,3.44,1,0,0,5,6,4,2
78,2,17,1.45521962,2.55,0,2.55,0,0,0,6,6,3,2
78,19,22,1.452440187,2.55,0,3.04,2,0,0,5,5,4,3
78,1,2,1.408288717,2.55,0,2.55,0,0,0,6,6,3,3
78,12,13,1.40654489,2.55,0,2.55,0,1,1,6,6,2,2
78,15,16,1.406061614,2.55,0,2.55,0,1,1,5,5,3,3
78,2,3,1.40591319,2.55,0,2.55,0,0,0,6,6,3,2
78,0,1,1.405464155,2.55,0,2.55,0,0,0,6,6,3,3
78,9,10,1.40433376,2.55,0,2.55,0,1,1,6,6,2,2
78,16,22,1.403880632,2.55,0,3.04,2,1,0,5,5,3,3
78,5,6,1.401522787,2.55,0,2.55,0,0,0,6,6,2,2
78,9,16,1.39831047,2.55,0,2.55,0,1,1,6,5,2,3
78,10,12,1.397781358,2.55,0,2.55,0,1,1,6,6,2,2
78,3,5,1.39403179,2.55,0,2.55,0,0,0,6,6,2,2
78,0,6,1.392312239,2.55,0,2.55,0,0,0,6,6,3,2
78,13,15,1.388986816,2.55,0,2.55,0,1,1,6,5,2,3
78,1,20,1.346378943,2.55,0,3.44,1,0,0,6,6,3,2
78,17,18,1.346002071,2.55,0,2.55,0,0,0,6,6,2,2
78,21,23,1.546157682,2.55,0,2.55,0,0,0,5,0,4,1
78,21,27,1.53254736,2.55,0,2.55,0,0,0,5,0,4,1
78,31,39,1.532039065,2.55,0,2.55,0,0,0,0,0,2,2
78,45,46,1.508601776,2.55,0,2.55,0,0,0,0,0,3,1
78,33,34,1.50437622,2.55,0,2.55,0,0,0,0,0,3,1
78,22,31,1.45354911,3.04,2,2.55,0,0,0,5,0,3,2
78,39,42,1.43468905,2.55,0,3.44,1,0,0,0,0,2,2
78,0,32,1.385622699,2.55,0,3.44,1,0,0,6,0,3,2
78,32,33,1.37157505,3.44,1,2.55,0,0,0,0,0,2,3
78,42,45,1.350426225,3.44,1,2.55,0,0,0,0,0,2,3
78,45,50,1.207519181,2.55,0,3.44,1,0,0,0,0,3,1
78,33,38,1.200671581,2.55,0,3.44,1,0,0,0,0,3,1
79,19,21,1.588394613,2.55,0,2.55,0,0,0,5,5,4,4
79,15,21,1.522923671,2.55,0,2.55,0,1,0,5,5,3,4
79,18,19,1.505051295,2.55,0,2.55,0,0,0,6,5,2,4
79,19,20,1.46845861,2.55,0,3.44,1,0,0,5,6,4,2
79,2,17,1.45563606,2.55,0,2.55,0,0,0,6,6,3,2
79,19,22,1.450130844,2.55,0,3.04,2,0,0,5,5,4,3
79,1,2,1.407903682,2.55,0,2.55,0,0,0,6,6,3,3
79,12,13,1.406445843,2.55,0,2.55,0,1,1,6,6,2,2
79,0,1,1.405794259,2.55,0,2.55,0,0,0,6,6,3,3
79,15,16,1.405677479,2.55,0,2.55,0,1,1,5,5,3,3
79,2,3,1.405440306,2.55,0,2.55,0,0,0,6,6,3,2
79,16,22,1.404463651,2.55,0,3.04,2,1,0,5,5,3,3
79,9,10,1.404246772,2.55,0,2.55,0,1,1,6,6,2,2
79,5,6,1.400506499,2.55,0,2.55,0,0,0,6,6,3,2
79,9,16,1.39810456,2.55,0,2.55,0,1,1,6,5,2,3
79,10,12,1.397850083,2.55,0,2.55,0,1,1,6,6,2,2
79,3,5,1.392907622,2.55,0,2.55,0,0,0,6,6,2,3
79,0,6,1.3927711,2.55,0,2.55,0,0,0,6,6,3,2
79,13,15,1.389097634,2.55,0,2.55,0,1,1,6,5,2,3
79,17,18,1.345790476,2.55,0,2.55,0,0,0,6,6,2,2
79,1,20,1.344548378,2.55,0,3.44,1,0,0,6,6,3,2
79,21,23,1.546308645,2.55,0,2.55,0,0,0,5,0,4,1
79,21,27,1.532676044,2.55,0,2.55,0,0,0,5,0,4,1
79,31,39,1.53210458,2.55,0,2.55,0,0,0,0,0,2,2
79,45,46,1.508373684,2.55,0,2.55,0,0,0,0,0,3,1
79,33,34,1.503589708,2.55,0,2.55,0,0,0,0,0,3,1
79,22,31,1.45378176,3.04,2,2.55,0,0,0,5,0,3,2
79,39,42,1.434211015,2.55,0,3.44,1,0,0,0,0,2,2
79,0,32,1.382963904,2.55,0,3.44,1,0,0,6,0,3,2
79,32,33,1.374509861,3.44,1,2.55,0,0,0,0,0,2,3
79,42,45,1.350915547,3.44,1,2.55,0,0,0,0,0,2,3
79,45,50,1.207471433,2.55,0,3.44,1,0,0,0,0,3,1
79,33,38,1.199874811,2.55,0,3.44,1,0,0,0,0,3,1
80,19,21,1.593308316,2.55,0,2.55,0,0,0,5,5,4,4
80,15,21,1.521629952,2.55,0,2.55,0,1,0,5,5,3,4
80,18,19,1.505793279,2.55,0,2.55,0,0,0,6,5,2,4
80,19,20,1.457990321,2.55,0,3.44,1,0,0,5,6,4,2
80,19,22,1.45512918,2.55,0,3.04,2,0,0,5,5,4,3
80,2,17,1.454720566,2.55,0,2.55,0,0,0,6,6,3,2
80,1,2,1.409591669,2.55,0,2.55,0,0,0,6,6,3,3
80,15,16,1.407169048,2.55,0,2.55,0,1,1,5,5,3,3
80,12,13,1.406765872,2.55,0,2.55,0,1,1,6,6,2,2
80,5,6,1.405272804,2.55,0,2.55,0,0,0,6,6,3,2
80,2,3,1.404304047,2.55,0,2.55,0,0,0,6,6,3,2
80,9,10,1.404234868,2.55,0,2.55,0,1,1,6,6,2,2
80,0,1,1.399948142,2.55,0,2.55,0,0,0,6,6,2,3
80,9,16,1.39815556,2.55,0,2.55,0,1,1,6,5,2,3
80,16,22,1.397858575,2.55,0,3.04,2,1,0,5,5,3,3
80,3,5,1.397642604,2.55,0,2.55,0,0,0,6,6,2,3
80,10,12,1.396738477,2.55,0,2.55,0,1,1,6,6,2,2
80,0,6,1.395082859,2.55,0,2.55,0,0,0,6,6,2,2
80,13,15,1.388099625,2.55,0,2.55,0,1,1,6,5,2,3
80,1,20,1.355037818,2.55,0,3.44,1,0,0,6,6,3,2
80,17,18,1.344659506,2.55,0,2.55,0,0,0,6,6,2,2
80,21,23,1.545362845,2.55,0,2.55,0,0,0,5,0,4,1
80,21,27,1.533462577,2.55,0,2.55,0,0,0,5,0,4,1
80,31,32,1.528145619,2.55,0,2.55,0,0,0,0,0,2,2
80,5,39,1.511116528,2.55,0,2.55,0,0,0,6,0,3,2
80,22,31,1.45087819,3.04,2,2.55,0,0,0,5,0,3,2
80,39,40,1.406527363,2.55,0,3.44,1,0,0,0,0,2,2
80,32,35,1.404542065,2.55,0,3.44,1,0,0,0,0,2,2
80,35,47,1.401523093,3.44,1,2.55,0,0,0,0,0,2,1
80,40,43,1.401456229,3.44,1,2.55,0,0,0,0,0,2,1
81,19,21,1.59189953,2.55,0,2.55,0,0,0,5,5,4,4
81,15,21,1.522137403,2.55,0,2.55,0,1,0,5,5,3,4
81,18,19,1.505400844,2.55,0,2.55,0,0,0,6,5,2,4
81,19,22,1.458343181,2.55,0,3.04,2,0,0,5,5,4,3
81,19,20,1.456893683,2.55,0,3.44,1,0,0,5,6,4,2
81,2,17,1.453957745,2.55,0,2.55,0,1,0,6,6,3,2
81,1,2,1.409795747,2.55,0,2.55,0,1,1,6,6,3,3
81,12,13,1.40657776,2.55,0,2.55,0,1,1,6,6,2,2
81,15,16,1.406458251,2.55,0,2.55,0,1,1,5,5,3,3
81,9,10,1.404215852,2.55,0,2.55,0,1,1,6,6,2,2
81,2,3,1.403875162,2.55,0,2.55,0,1,1,6,6,3,2
81,5,6,1.40115163,2.55,0,2.55,0,1,1,6,6,3,2
81,0,1,1.40042695,2.55,0,2.55,0,1,1,6,6,2,3
81,16,22,1.399363661,2.55,0,3.04,2,1,0,5,5,3,3
81,9,16,1.397713673,2.55,0,2.55,0,1,1,6,5,2,3
81,10,12,1.396656178,2.55,0,2.55,0,1,1,6,6,2,2
81,0,6,1.395077313,2.55,0,2.55,0,1,1,6,6,2,2
81,3,5,1.392415581,2.55,0,2.55,0,1,1,6,6,2,3
81,13,15,1.388200033,2.55,0,2.55,0,1,1,6,5,2,3
81,1,20,1.353967498,2.55,0,3.44,1,1,0,6,6,3,2
81,17,18,1.345180001,2.55,0,2.55,0,0,0,6,6,2,2
81,21,23,1.54542469,2.55,0,2.55,0,0,0,5,0,4,1
81,21,27,1.533529016,2.55,0,2.55,0,0,0,5,0,4,1
81,31,32,1.52596142,2.55,0,2.55,0,0,0,0,0,2,2
81,39,48,1.50966072,2.55,0,2.55,0,0,0,0,0,3,1
81,42,43,1.508239599,2.55,0,2.55,0,0,0,0,0,3,1
81,22,31,1.450150422,3.04,2,2.55,0,0,0,5,0,3,2
81,32,35,1.432681415,2.55,0,3.44,1,0,0,0,0,2,2
81,5,41,1.391924781,2.55,0,3.44,1,1,0,6,0,3,2
81,41,42,1.366353604,3.44,1,2.55,0,0,0,0,0,2,3
81,35,39,1.351131653,3.44,1,2.55,0,0,0,0,0,2,3
81,39,52,1.205352812,2.55,0,3.44,1,0,0,0,0,3,1
81,42,47,1.200621045,2.55,0,3.44,1,0,0,0,0,3,1
82,18,20,1.59285693,2.55,0,2.55,0,0,0,5,5,4,4
82,14,20,1.522062704,2.55,0,2.55,0,1,0,5,5,3,4
82,17,18,1.505512052,2.55,0,2.55,0,0,0,6,5,2,4
82,18,19,1.460373428,2.55,0,3.44,1,0,0,5,6,4,2
82,18,21,1.454434015,2.55,0,3.04,2,0,0,5,5,4,3
82,2,16,1.454194642,2.55,0,2.55,0,1,0,6,6,3,2
82,1,2,1.409682086,2.55,0,2.55,0,1,1,6,6,3,3
82,5,6,1.406720509,2.55,0,2.55,0,1,1,6,6,2,3
82,11,12,1.406697229,2.55,0,2.55,0,1,1,6,6,2,2
82,14,15,1.406548901,2.55,0,2.55,0,1,1,5,5,3,3
82,2,3,1.405084625,2.55,0,2.55,0,1,1,6,6,3,2
82,8,9,1.404234108,2.55,0,2.55,0,1,1,6,6,2,2
82,0,1,1.400433174,2.55,0,2.55,0,1,1,6,6,2,3
82,0,6,1.399604394,2.55,0,2.55,0,1,1,6,6,2,3
82,15,21,1.399073553,2.55,0,3.04,2,1,0,5,5,3,3
82,8,15,1.397619179,2.55,0,2.55,0,1,1,6,5,2,3
82,9,11,1.396717519,2.55,0,2.55,0,1,1,6,6,2,2
82,3,5,1.392180872,2.55,0,2.55,0,1,1,6,6,2,2
82,12,14,1.388237316,2.55,0,2.55,0,1,1,6,5,2,3
82,1,19,1.353862907,2.55,0,3.44,1,1,0,6,6,3,2
82,16,17,1.344590953,2.55,0,2.55,0,0,0,6,6,2,2
82,20,22,1.545619376,2.55,0,2.55,0,0,0,5,0,4,1
82,20,26,1.53321476,2.55,0,2.55,0,0,0,5,0,4,1
82,30,31,1.526008605,2.55,0,2.55,0,0,0,0,0,2,2
82,41,42,1.510028464,2.55,0,2.55,0,0,0,0,0,3,1
82,38,47,1.509492366,2.55,0,2.55,0,0,0,0,0,3,1
82,6,52,1.505485038,2.55,0,2.55,0,1,0,6,0,3,2
82,21,30,1.450009853,3.04,2,2.55,0,0,0,5,0,3,2
82,40,52,1.442266352,3.44,1,2.55,0,0,0,0,0,2,2
82,31,34,1.432493024,2.55,0,3.44,1,0,0,0,0,2,2
82,34,38,1.351397373,3.44,1,2.55,0,0,0,0,0,2,3
82,40,41,1.349951008,3.44,1,2.55,0,0,0,0,0,2,3
82,41,46,1.206273473,2.55,0,3.44,1,0,0,0,0,3,1
82,38,51,1.205355611,2.55,0,3.44,1,0,0,0,0,3,1
83,0,1,1.519843457,2.55,0,2.55,0,0,0,6,6,2,4
83,4,5,1.460445516,2.55,0,2.55,0,0,0,6,6,3,2
83,1,2,1.444880452,2.55,0,3.44,1,0,0,6,6,4,2
83,4,6,1.438706714,2.55,0,2.55,0,0,1,6,6,3,3
83,6,7,1.434009853,2.55,0,2.55,0,1,1,6,6,3,3
83,3,9,1.431790551,2.55,0,2.55,0,0,0,6,6,3,3
83,7,8,1.426306312,2.55,0,2.55,0,1,0,6,6,3,2
83,7,13,1.421647149,2.55,0,2.55,0,1,1,6,6,3,2
83,6,10,1.421297828,2.55,0,2.55,0,1,1,6,6,3,2
83,11,12,1.414294421,2.55,0,2.55,0,1,1,6,6,2,2
83,35,44,1.404030045,2.55,0,2.55,0,1,1,6,6,3,2
83,46,54,1.403613788,2.55,0,2.55,0,1,1,6,6,3,2
83,51,52,1.40120852,2.55,0,2.55,0,1,1,6,6,3,2
83,35,36,1.401079495,2.55,0,2.55,0,1,1,6,6,3,2
83,46,47,1.399778803,2.55,0,2.55,0,1,1,6,6,3,2
83,36,38,1.399455227,2.55,0,2.55,0,1,1,6,6,2,2
83,40,42,1.398901476,2.55,0,2.55,0,1,1,6,6,2,2
83,47,49,1.396914619,2.55,0,2.55,0,1,1,6,6,2,2
83,38,40,1.396819009,2.55,0,2.55,0,1,1,6,6,2,2
83,42,44,1.396535435,2.55,0,2.55,0,1,1,6,6,2,2
83,49,51,1.396410582,2.55,0,2.55,0,1,1,6,6,2,3
83,52,54,1.39527256,2.55,0,2.55,0,1,1,6,6,2,2
83,3,4,1.390273923,2.55,0,2.55,0,0,0,6,6,3,3
83,10,11,1.382560925,2.55,0,2.55,0,1,1,6,6,2,2
83,12,13,1.38081565,2.55,0,2.55,0,1,1,6,6,2,2
83,8,9,1.380699317,2.55,0,2.55,0,0,0,6,6,2,3
83,2,3,1.354444628,3.44,1,2.55,0,0,0,6,6,2,3
83,0,5,1.344274834,2.55,0,2.55,0,0,0,6,6,2,2
83,1,46,1.543304865,2.55,0,2.55,0,0,1,6,6,4,3
83,1,35,1.538396278,2.55,0,2.55,0,0,1,6,6,4,3
83,20,21,1.518195744,2.55,0,2.55,0,0,0,0,0,2,2
83,27,28,1.509057571,2.55,0,2.55,0,0,0,0,0,3,1
83,57,58,1.508669986,2.55,0,2.55,0,0,0,0,0,3,1
83,21,24,1.429917084,2.55,0,3.44,1,0,0,0,0,2,2
83,19,20,1.412248282,3.44,1,2.55,0,0,0,0,0,2,2
83,51,56,1.388183187,2.55,0,3.44,1,1,0,6,0,3,2
83,56,57,1.364821073,3.44,1,2.55,0,0,0,0,0,2,3
83,9,19,1.3559714,2.55,0,3.44,1,0,0,6,0,3,2
83,24,27,1.353156947,3.44,1,2.55,0,0,0,0,0,2,3
83,27,32,1.204280356,2.55,0,3.44,1,0,0,0,0,3,1
83,57,62,1.201063579,2.55,0,3.44,1,0,0,0,0,3,1
84,0,1,1.523144733,2.55,0,2.55,0,0,0,6,6,2,4
84,4,5,1.460501354,2.55,0,2.55,0,0,0,6,6,3,2
84,1,2,1.447303237,2.55,0,3.44,1,0,0,6,6,4,2
84,4,6,1.438809239,2.55,0,2.55,0,0,1,6,6,3,3
84,6,7,1.434060073,2.55,0,2.55,0,1,1,6,6,3,3
84,3,9,1.431925343,2.55,0,2.55,0,0,0,6,6,3,3
84,7,8,1.425715322,2.55,0,2.55,0,1,0,6,6,3,2
84,7,13,1.421678835,2.55,0,2.55,0,1,1,6,6,3,2
84,6,10,1.421596639,2.55,0,2.55,0,1,1,6,6,3,2
84,11,12,1.414348234,2.55,0,2.55,0,1,1,6,6,2,2
84,35,36,1.405585381,2.55,0,2.55,0,1,1,6,6,3,3
84,46,47,1.402443552,2.55,0,2.55,0,1,1,6,6,3,2
84,46,54,1.402268419,2.55,0,2.55,0,1,1,6,6,3,2
84,35,44,1.402224392,2.55,0,2.55,0,1,1,6,6,3,2
84,42,44,1.398900629,2.55,0,2.55,0,1,1,6,6,2,2
84,51,52,1.398323235,2.55,0,2.55,0,1,1,6,6,3,2
84,49,51,1.398048667,2.55,0,2.55,0,1,1,6,6,2,3
84,52,54,1.397708023,2.55,0,2.55,0,1,1,6,6,2,2
84,38,40,1.397134583,2.55,0,2.55,0,1,1,6,6,2,2
84,40,42,1.396235564,2.55,0,2.55,0,1,1,6,6,2,2
84,47,49,1.394975193,2.55,0,2.55,0,1,1,6,6,2,2
84,36,38,1.392351931,2.55,0,2.55,0,1,1,6,6,3,2
84,3,4,1.390223157,2.55,0,2.55,0,0,0,6,6,3,3
84,10,11,1.382438186,2.55,0,2.55,0,1,1,6,6,2,2
84,12,13,1.380645416,2.55,0,2.55,0,1,1,6,6,2,2
84,8,9,1.380524689,2.55,0,2.55,0,0,0,6,6,2,3
84,2,3,1.35609774,3.44,1,2.55,0,0,0,6,6,2,3
84,0,5,1.342359839,2.55,0,2.55,0,0,0,6,6,2,2
84,1,46,1.541696057,2.55,0,2.55,0,0,1,6,6,4,3
84,1,35,1.536903465,2.55,0,2.55,0,0,1,6,6,4,3
84,20,21,1.518202082,2.55,0,2.55,0,0,0,0,0,2,2
84,27,28,1.509134902,2.55,0,2.55,0,0,0,0,0,3,1
84,57,58,1.50819451,2.55,0,2.55,0,0,0,0,0,3,1
84,21,24,1.430150805,2.55,0,3.44,1,0,0,0,0,2,2
84,19,20,1.411974038,3.44,1,2.55,0,0,0,0,0,2,2
84,51,56,1.38789172,2.55,0,3.44,1,1,0,6,0,3,2
84,56,57,1.366632382,3.44,1,2.55,0,0,0,0,0,2,3
84,9,19,1.357129665,2.55,0,3.44,1,0,0,6,0,3,2
84,24,27,1.352960533,3.44,1,2.55,0,0,0,0,0,2,3
84,27,32,1.204305315,2.55,0,3.44,1,0,0,0,0,3,1
84,57,62,1.200578488,2.55,0,3.44,1,0,0,0,0,3,1
85,0,1,1.518196817,2.55,0,2.55,0,0,0,6,6,2,4
85,4,5,1.45903951,2.55,0,2.55,0,0,0,6,6,3,2
85,1,2,1.453120512,2.55,0,3.44,1,0,0,6,6,4,2
85,4,6,1.436320182,2.55,0,2.55,0,0,1,6,6,3,3
85,6,7,1.435479533,2.55,0,2.55,0,1,1,6,6,3,3
85,3,9,1.423905356,2.55,0,2.55,0,0,0,6,6,3,3
85,7,8,1.423614373,2.55,0,2.55,0,1,0,6,6,3,2
85,6,10,1.423144924,2.55,0,2.55,0,1,1,6,6,3,2
85,7,13,1.422279038,2.55,0,2.55,0,1,1,6,6,3,2
85,11,12,1.41574262,2.55,0,2.55,0,1,1,6,6,2,2
85,39,47,1.405531789,2.55,0,2.55,0,1,1,6,6,3,2
85,28,37,1.404160357,2.55,0,2.55,0,1,1,6,6,3,2
85,44,45,1.40158366,2.55,0,2.55,0,1,1,6,6,3,2
85,28,29,1.40111865,2.55,0,2.55,0,1,1,6,6,3,2
85,39,40,1.399256097,2.55,0,2.55,0,1,1,6,6,3,2
85,29,31,1.399070154,2.55,0,2.55,0,1,1,6,6,2,2
85,33,35,1.398721223,2.55,0,2.55,0,1,1,6,6,2,2
85,40,42,1.397989767,2.55,0,2.55,0,1,1,6,6,2,2
85,31,33,1.396928741,2.55,0,2.55,0,1,1,6,6,2,2
85,35,37,1.396909074,2.55,0,2.55,0,1,1,6,6,2,2
85,42,44,1.395249275,2.55,0,2.55,0,1,1,6,6,2,3
85,45,47,1.393941645,2.55,0,2.55,0,1,1,6,6,2,2
85,3,4,1.393136441,2.55,0,2.55,0,0,0,6,6,3,3
85,10,11,1.381533205,2.55,0,2.55,0,1,1,6,6,2,2
85,12,13,1.379737806,2.55,0,2.55,0,1,1,6,6,2,2
85,8,9,1.37875265,2.55,0,2.55,0,0,0,6,6,2,3
85,2,3,1.361049982,3.44,1,2.55,0,0,0,6,6,2,3
85,0,5,1.344299922,2.55,0,2.55,0,0,0,6,6,2,2
85,1,39,1.541720834,2.55,0,2.55,0,0,1,6,6,4,3
85,1,28,1.537623651,2.55,0,2.55,0,0,1,6,6,4,3
85,20,21,1.50969778,2.55,0,2.55,0,0,0,0,0,3,1
85,50,51,1.507905559,2.55,0,2.55,0,0,0,0,0,3,1
85,9,56,1.506326237,2.55,0,2.55,0,0,0,6,0,3,2
85,19,56,1.428929937,3.44,1,2.55,0,0,0,0,0,2,2
85,44,49,1.387479877,2.55,0,3.44,1,1,0,6,0,3,2
85,49,50,1.367523089,3.44,1,2.55,0,0,0,0,0,2,3
85,19,20,1.351701626,3.44,1,2.55,0,0,0,0,0,2,3
85,20,25,1.205038027,2.55,0,3.44,1,0,0,0,0,3,1
85,50,55,1.200236895,2.55,0,3.44,1,0,0,0,0,3,1
86,63,64,1.534955228,2.55,0,2.55,0,0,0,5,5,2,2
86,64,67,1.534925176,2.55,0,2.55,0,0,0,5,5,2,2
86,67,70,1.534861957,2.55,0,2.55,0,0,0,5,5,2,2
86,0,1,1.520136606,2.55,0,2.55,0,0,0,6,6,2,4
86,4,5,1.460720228,2.55,0,2.55,0,0,0,6,6,3,2
86,62,63,1.458350099,3.04,2,2.55,0,0,0,5,5,3,2
86,62,70,1.457911883,3.04,2,2.55,0,0,0,5,5,3,2
86,1,2,1.448550518,2.55,0,3.44,1,0,0,6,6,4,2
86,4,6,1.438661571,2.55,0,2.55,0,0,1,6,6,3,3
86,6,7,1.434296425,2.55,0,2.55,0,1,1,6,6,3,3
86,3,9,1.432057302,2.55,0,2.55,0,0,0,6,6,3,3
86,7,8,1.426223599,2.55,0,2.55,0,1,0,6,6,3,2
86,7,13,1.421606229,2.55,0,2.55,0,1,1,6,6,3,2
86,6,10,1.421438927,2.55,0,2.55,0,1,1,6,6,3,2
86,40,41,1.417035741,2.55,0,2.55,0,1,1,6,6,3,2
86,38,40,1.415891512,2.55,0,2.55,0,1,1,6,6,2,3
86,11,12,1.414310904,2.55,0,2.55,0,1,1,6,6,2,2
86,45,53,1.403909613,2.55,0,2.55,0,1,1,6,6,3,2
86,35,43,1.402694825,2.55,0,2.55,0,1,1,6,6,3,2
86,50,51,1.401209237,2.55,0,2.55,0,1,1,6,6,3,2
86,35,36,1.401145184,2.55,0,2.55,0,1,1,6,6,3,2
86,45,46,1.399615872,2.55,0,2.55,0,1,1,6,6,3,2
86,46,48,1.397467508,2.55,0,2.55,0,1,1,6,6,2,2
86,48,50,1.395944894,2.55,0,2.55,0,1,1,6,6,2,3
86,51,53,1.395064524,2.55,0,2.55,0,1,1,6,6,2,2
86,36,38,1.394157111,2.55,0,2.55,0,1,1,6,6,2,2
86,41,43,1.39306124,2.55,0,2.55,0,1,1,6,6,2,2
86,3,4,1.390405318,2.55,0,2.55,0,0,0,6,6,3,3
86,10,11,1.382592706,2.55,0,2.55,0,1,1,6,6,2,2
86,12,13,1.380871398,2.55,0,2.55,0,1,1,6,6,2,2
86,8,9,1.380538526,2.55,0,2.55,0,0,0,6,6,2,3
86,2,3,1.353409063,3.44,1,2.55,0,0,0,6,6,2,3
86,0,5,1.344266577,2.55,0,2.55,0,0,0,6,6,2,2
86,1,45,1.54278269,2.55,0,2.55,0,0,1,6,6,4,3
86,1,35,1.535645299,2.55,0,2.55,0,0,1,6,6,4,3
86,20,21,1.518352987,2.55,0,2.55,0,0,0,0,0,2,2
86,27,28,1.509207442,2.55,0,2.55,0,0,0,0,0,3,1
86,56,57,1.509023389,2.55,0,2.55,0,0,0,0,0,3,1
86,21,24,1.43026811,2.55,0,3.44,1,0,0,0,0,2,2
86,19,20,1.411397418,3.44,1,2.55,0,0,0,0,0,2,2
86,50,55,1.389385776,2.55,0,3.44,1,1,0,6,0,3,2
86,40,62,1.37760623,2.55,0,3.04,2,1,0,6,5,3,3
86,55,56,1.364052028,3.44,1,2.55,0,0,0,0,0,2,3
86,9,19,1.356167595,2.55,0,3.44,1,0,0,6,0,3,2
86,24,27,1.352688383,3.44,1,2.55,0,0,0,0,0,2,3
86,27,32,1.204459218,2.55,0,3.44,1,0,0,0,0,3,1
86,56,61,1.201200632,2.55,0,3.44,1,0,0,0,0,3,1
87,63,64,1.535119099,2.55,0,2.55,0,0,0,5,5,2,2
87,67,70,1.534922029,2.55,0,2.55,0,0,0,5,5,2,2
87,64,67,1.534906609,2.55,0,2.55,0,0,0,5,5,2,2
87,0,1,1.520732157,2.55,0,2.55,0,0,0,6,6,2,4
87,4,5,1.460621468,2.55,0,2.55,0,0,0,6,6,3,2
87,62,63,1.458486708,3.04,2,2.55,0,0,0,5,5,3,2
87,62,70,1.457549088,3.04,2,2.55,0,0,0,5,5,3,2
87,1,2,1.445955426,2.55,0,3.44,1,0,0,6,6,4,2
87,4,6,1.438931532,2.55,0,2.55,0,0,1,6,6,3,3
87,6,7,1.434789405,2.55,0,2.55,0,1,1,6,6,3,3
87,3,9,1.432423905,2.55,0,2.55,0,0,0,6,6,3,3
87,7,8,1.426878388,2.55,0,2.55,0,1,0,6,6,3,2
87,7,13,1.42150247,2.55,0,2.55,0,1,1,6,6,3,2
87,6,10,1.421222196,2.55,0,2.55,0,1,1,6,6,3,2
87,40,41,1.416924367,2.55,0,2.55,0,1,1,6,6,3,2
87,38,40,1.416104381,2.55,0,2.55,0,1,1,6,6,2,3
87,11,12,1.41411787,2.55,0,2.55,0,1,1,6,6,2,2
87,45,53,1.403539618,2.55,0,2.55,0,1,1,6,6,3,3
87,35,43,1.401873126,2.55,0,2.55,0,1,1,6,6,3,2
87,45,46,1.40127809,2.55,0,2.55,0,1,1,6,6,3,2
87,50,51,1.399973605,2.55,0,2.55,0,1,1,6,6,3,2
87,35,36,1.399770796,2.55,0,2.55,0,1,1,6,6,3,2
87,48,50,1.399073894,2.55,0,2.55,0,1,1,6,6,2,3
87,46,48,1.394908591,2.55,0,2.55,0,1,1,6,6,2,2
87,36,38,1.393704974,2.55,0,2.55,0,1,1,6,6,2,2
87,41,43,1.393492128,2.55,0,2.55,0,1,1,6,6,2,2
87,51,53,1.393378542,2.55,0,2.55,0,1,1,6,6,2,3
87,3,4,1.389743218,2.55,0,2.55,0,0,0,6,6,3,3
87,10,11,1.382764396,2.55,0,2.55,0,1,1,6,6,2,2
87,12,13,1.381054279,2.55,0,2.55,0,1,1,6,6,2,2
87,8,9,1.380324678,2.55,0,2.55,0,0,0,6,6,2,3
87,2,3,1.351268453,3.44,1,2.55,0,0,0,6,6,2,3
87,0,5,1.344885107,2.55,0,2.55,0,0,0,6,6,2,2
87,1,45,1.542068129,2.55,0,2.55,0,0,1,6,6,4,3
87,1,35,1.535006213,2.55,0,2.55,0,0,1,6,6,4,3
87,20,21,1.518724157,2.55,0,2.55,0,0,0,0,0,2,2
87,27,28,1.509608674,2.55,0,2.55,0,0,0,0,0,3,1
87,56,57,1.508684527,2.55,0,2.55,0,0,0,0,0,3,1
87,21,24,1.430398751,2.55,0,3.44,1,0,0,0,0,2,2
87,19,20,1.41047815,3.44,1,2.55,0,0,0,0,0,2,2
87,50,55,1.384526299,2.55,0,3.44,1,1,0,6,0,3,2
87,40,62,1.377944392,2.55,0,3.04,2,1,0,6,5,3,3
87,55,56,1.363156015,3.44,1,2.55,0,0,0,0,0,2,3
87,9,19,1.353285234,2.55,0,3.44,1,0,0,6,0,3,2
87,24,27,1.352611908,3.44,1,2.55,0,0,0,0,0,2,3
87,27,32,1.204267324,2.55,0,3.44,1,0,0,0,0,3,1
87,56,61,1.201954116,2.55,0,3.44,1,0,0,0,0,3,1
88,57,58,1.535046548,2.55,0,2.55,0,0,0,5,5,2,2
88,58,61,1.534932716,2.55,0,2.55,0,0,0,5,5,2,2
88,61,64,1.534913691,2.55,0,2.55,0,0,0,5,5,2,2
88,0,1,1.518299819,2.55,0,2.55,0,0,0,6,6,2,4
88,4,5,1.459418898,2.55,0,2.55,0,0,0,6,6,3,2
88,56,57,1.45887822,3.04,2,2.55,0,0,0,5,5,3,2
88,56,64,1.458233562,3.04,2,2.55,0,0,0,5,5,3,2
88,1,2,1.456004745,2.55,0,3.44,1,0,0,6,6,4,2
88,4,6,1.436106181,2.55,0,2.55,0,0,1,6,6,3,3
88,6,7,1.435814384,2.55,0,2.55,0,1,1,6,6,3,3
88,3,9,1.424071009,2.55,0,2.55,0,0,0,6,6,3,3
88,7,8,1.423573569,2.55,0,2.55,0,1,0,6,6,3,2
88,6,10,1.423296335,2.55,0,2.55,0,1,1,6,6,3,2
88,7,13,1.422175336,2.55,0,2.55,0,1,1,6,6,3,2
88,34,35,1.417137775,2.55,0,2.55,0,1,1,6,6,3,2
88,32,34,1.415956342,2.55,0,2.55,0,1,1,6,6,2,3
88,11,12,1.415843451,2.55,0,2.55,0,1,1,6,6,2,2
88,39,47,1.405912928,2.55,0,2.55,0,1,1,6,6,3,2
88,29,37,1.402988069,2.55,0,2.55,0,1,1,6,6,3,2
88,29,30,1.401222929,2.55,0,2.55,0,1,1,6,6,3,2
88,44,45,1.400813969,2.55,0,2.55,0,1,1,6,6,3,2
88,39,40,1.398930137,2.55,0,2.55,0,1,1,6,6,3,2
88,40,42,1.398815357,2.55,0,2.55,0,1,1,6,6,2,2
88,42,44,1.394103182,2.55,0,2.55,0,1,1,6,6,2,3
88,30,32,1.393747204,2.55,0,2.55,0,1,1,6,6,2,2
88,45,47,1.3934836,2.55,0,2.55,0,1,1,6,6,2,2
88,35,37,1.39313332,2.55,0,2.55,0,1,1,6,6,2,2
88,3,4,1.393114822,2.55,0,2.55,0,0,0,6,6,3,3
88,10,11,1.381509898,2.55,0,2.55,0,1,1,6,6,2,2
88,12,13,1.379740835,2.55,0,2.55,0,1,1,6,6,2,2
88,8,9,1.378450419,2.55,0,2.55,0,0,0,6,6,2,3
88,2,3,1.35976613,3.44,1,2.55,0,0,0,6,6,2,3
88,0,5,1.344399867,2.55,0,2.55,0,0,0,6,6,2,2
88,1,39,1.542419535,2.55,0,2.55,0,0,1,6,6,4,3
88,1,29,1.534485928,2.55,0,2.55,0,0,1,6,6,4,3
88,21,22,1.509737287,2.55,0,2.55,0,0,0,0,0,3,1
88,50,51,1.508227246,2.55,0,2.55,0,0,0,0,0,3,1
88,9,19,1.506258825,2.55,0,2.55,0,0,0,6,0,3,2
88,19,20,1.429637019,2.55,0,3.44,1,0,0,0,0,2,2
88,44,49,1.38916783,2.55,0,3.44,1,1,0,6,0,3,2
88,34,56,1.377082114,2.55,0,3.04,2,1,0,6,5,3,3
88,49,50,1.367637959,3.44,1,2.55,0,0,0,0,0,2,3
88,20,21,1.351120849,3.44,1,2.55,0,0,0,0,0,2,3
88,21,26,1.205328873,2.55,0,3.44,1,0,0,0,0,3,1
88,50,55,1.200167547,2.55,0,3.44,1,0,0,0,0,3,1
90,12,13,1.55635336,2.55,0,2.55,0,0,0,0,0,4,2
90,1,5,1.55533471,2.55,0,2.55,0,0,0,0,0,2,4
90,5,10,1.540089975,2.55,0,2.55,0,0,0,0,0,4,1
90,12,15,1.534577255,2.55,0,2.55,0,0,0,0,0,4,1
90,0,1,1.528065873,2.55,0,2.55,0,0,0,0,0,1,2
90,13,16,1.527999976,2.55,0,2.55,0,0,0,0,0,2,1
90,11,12,1.502804303,3.04,2,2.55,0,0,0,0,0,2,4
90,5,8,1.491147476,2.55,0,3.04,2,0,0,0,0,4,2
90,5,21,1.48131855,2.55,0,2.55,0,0,0,0,0,4,2
90,12,27,1.480009932,2.55,0,2.55,0,0,0,0,0,4,2
90,8,11,1.227452811,3.04,2,3.04,2,0,0,0,0,2,2
90,25,27,1.158461717,3.04,2,2.55,0,0,0,0,0,1,2
90,21,26,1.158411233,2.55,0,3.04,2,0,0,0,0,2,1
91,24,28,1.541396878,2.55,0,2.55,0,0,0,5,5,2,2
91,4,8,1.539045635,2.55,0,2.55,0,0,0,5,5,2,2
91,20,24,1.534691602,2.55,0,2.55,0,0,0,5,5,2,2
91,0,4,1.532339234,2.55,0,2.55,0,0,0,5,5,2,2
91,0,1,1.531182477,2.55,0,2.55,0,0,0,5,5,2,3
91,20,21,1.526089589,2.55,0,2.55,0,0,0,5,5,2,3
91,5,8,1.464641855,3.04,2,2.55,0,0,0,5,5,3,2
91,25,28,1.463089921,3.04,2,2.55,0,0,0,5,5,3,2
91,1,5,1.387455802,2.55,0,3.04,2,0,0,5,5,3,3
91,21,25,1.385560102,2.55,0,3.04,2,0,0,5,5,3,3
91,2,13,1.520384815,2.55,0,2.55,0,0,0,0,0,3,1
91,22,33,1.519942395,2.55,0,2.55,0,0,0,0,0,3,1
91,2,15,1.449670382,2.55,0,3.44,1,0,0,0,0,3,2
91,15,35,1.443240075,3.44,1,3.44,1,0,0,0,0,2,2
91,22,35,1.440678661,2.55,0,3.44,1,0,0,0,0,3,2
91,2,5,1.439360433,2.55,0,3.04,2,0,0,0,5,3,3
91,22,25,1.435300931,2.55,0,3.04,2,0,0,0,5,3,3
91,21,32,1.21431508,2.55,0,3.44,1,0,0,5,0,3,1
91,1,12,1.21186902,2.55,0,3.44,1,0,0,5,0,3,1
4047,22,24,1.782115543,2.58,3,2.55,0,1,1,5,5,2,3
4047,2,6,1.776996481,2.55,0,2.58,3,1,1,5,5,3,2
4047,5,6,1.756129529,2.55,0,2.58,3,1,1,5,5,3,2
4047,22,26,1.756006812,2.58,3,2.55,0,1,1,5,5,2,3
4047,0,1,2.078525669,2.58,3,2.58,3,0,0,0,0,2,2
4047,0,24,1.786098953,2.58,3,2.55,0,0,1,0,5,2,3
4047,1,2,1.780534554,2.58,3,2.55,0,0,1,0,5,2,3
93,0,1,2.08464921,2.58,3,2.58,3,0,0,0,0,2,2
93,1,3,1.847136081,2.58,3,2.55,0,0,0,0,0,2,2
93,0,2,1.838085379,2.58,3,2.55,0,0,0,0,0,2,2
94,27,28,1.562245421,2.55,0,2.55,0,0,0,5,5,4,3
94,75,88,1.561419971,2.55,0,2.55,0,0,0,5,5,4,3
94,75,90,1.531356163,2.55,0,2.55,0,0,0,5,5,4,3
94,11,27,1.52955394,2.55,0,2.55,0,0,0,5,5,3,4
94,14,16,1.409746483,2.55,0,2.55,0,0,0,6,6,3,2
94,80,82,1.409317463,2.55,0,2.55,0,1,1,6,6,2,3
94,97,102,1.408933808,2.55,0,2.55,0,0,0,6,6,3,2
94,1,9,1.408697311,2.55,0,2.55,0,1,1,6,6,2,3
94,2,4,1.404382269,2.55,0,2.55,0,1,1,6,6,2,3
94,73,76,1.404183719,2.55,0,2.55,0,1,1,6,6,3,2
94,12,14,1.404175541,2.55,0,2.55,0,0,0,6,6,2,3
94,91,97,1.404041848,2.55,0,2.55,0,0,0,6,6,2,3
94,16,18,1.40366235,2.55,0,2.55,0,0,0,6,6,2,3
94,101,102,1.403422647,2.55,0,2.55,0,0,0,6,6,3,2
94,7,9,1.403398722,2.55,0,2.55,0,1,1,6,6,2,3
94,78,82,1.403143533,2.55,0,2.55,0,1,1,6,6,2,3
94,73,74,1.402984612,2.55,0,2.55,0,1,1,6,6,3,2
94,4,5,1.402745871,2.55,0,2.55,0,1,1,6,6,3,2
94,10,18,1.402282971,2.55,0,2.55,0,0,0,5,6,3,3
94,98,101,1.402229927,2.55,0,2.55,0,0,0,5,6,3,3
94,5,7,1.399395197,2.55,0,2.55,0,1,1,6,6,2,2
94,90,91,1.398803046,2.55,0,2.55,0,0,0,5,6,3,2
94,74,78,1.39871418,2.55,0,2.55,0,1,1,6,6,2,2
94,11,12,1.398350902,2.55,0,2.55,0,0,0,5,6,3,2
94,90,98,1.395394792,2.55,0,2.55,0,0,0,5,5,3,3
94,10,11,1.394370147,2.55,0,2.55,0,0,0,5,5,3,3
94,76,80,1.3908103,2.55,0,2.55,0,1,1,6,6,2,2
94,1,2,1.390619726,2.55,0,2.55,0,1,1,6,6,2,2
94,10,29,1.378508034,2.55,0,3.44,1,0,0,5,5,3,2
94,98,100,1.378087971,2.55,0,3.44,1,0,0,5,5,3,2
94,28,29,1.376553167,2.55,0,3.44,1,0,0,5,5,3,2
94,88,100,1.375160293,2.55,0,3.44,1,0,0,5,5,3,2
94,27,75,1.635343212,2.55,0,2.55,0,0,0,5,5,4,4
94,43,52,1.548235454,2.55,0,2.55,0,0,0,0,0,4,1
94,15,39,1.548191851,2.55,0,2.55,0,0,0,0,0,4,1
94,89,105,1.548184632,2.55,0,2.55,0,0,0,0,0,4,1
94,71,89,1.547748263,2.55,0,2.55,0,0,0,0,0,1,4
94,75,82,1.547744533,2.55,0,2.55,0,0,1,5,6,4,3
94,43,48,1.547484646,2.55,0,2.55,0,0,0,0,0,4,1
94,86,106,1.547455579,2.55,0,2.55,0,0,0,0,0,4,1
94,69,86,1.546529479,2.55,0,2.55,0,0,0,0,0,1,4
94,15,35,1.546200188,2.55,0,2.55,0,0,0,0,0,4,1
94,14,15,1.545055068,2.55,0,2.55,0,0,0,6,0,3,4
94,86,97,1.544643546,2.55,0,2.55,0,0,0,0,6,4,3
94,9,27,1.542396644,2.55,0,2.55,0,1,0,6,5,3,4
94,89,101,1.541235303,2.55,0,2.55,0,0,0,0,6,4,3
94,18,43,1.540924881,2.55,0,2.55,0,0,0,6,0,3,4
94,43,44,1.540252275,2.55,0,2.55,0,0,0,0,0,4,1
94,70,89,1.540165164,2.55,0,2.55,0,0,0,0,0,1,4
94,15,31,1.539646069,2.55,0,2.55,0,0,0,0,0,4,1
94,63,86,1.539516594,2.55,0,2.55,0,0,0,0,0,1,4
94,20,21,1.517138636,2.55,0,2.55,0,0,0,0,0,2,1
94,66,68,1.517105131,2.55,0,2.55,0,0,0,0,0,1,2
94,68,72,1.419291325,2.55,0,3.44,1,0,0,0,0,2,2
94,19,20,1.41919424,3.44,1,2.55,0,0,0,0,0,2,2
94,4,19,1.355377745,2.55,0,3.44,1,1,0,6,0,3,2
94,72,73,1.354944955,3.44,1,2.55,0,0,1,0,6,2,3
94,88,92,1.191392586,2.55,0,3.44,1,0,0,5,0,3,1
94,28,30,1.191101765,2.55,0,3.44,1,0,0,5,0,3,1
95,51,53,1.407229202,2.55,0,2.55,0,1,1,6,6,2,3
95,39,43,1.407183455,2.55,0,2.55,0,1,1,6,6,2,3
95,13,15,1.405359629,2.55,0,2.55,0,1,1,6,6,2,3
95,34,36,1.405343923,2.55,0,2.55,0,1,1,6,6,3,2
95,7,8,1.405329472,2.55,0,2.55,0,1,1,6,6,3,2
95,46,47,1.404937697,2.55,0,2.55,0,1,1,6,6,2,3
95,10,18,1.40423517,2.55,0,2.55,0,1,1,6,6,3,2
95,10,11,1.403907821,2.55,0,2.55,0,1,1,6,6,3,2
95,34,37,1.403845409,2.55,0,2.55,0,1,1,6,6,3,2
95,2,3,1.403837424,2.55,0,2.55,0,1,1,6,6,3,2
95,1,2,1.403492058,2.55,0,2.55,0,1,1,6,6,2,3
95,47,52,1.40334629,2.55,0,2.55,0,1,1,6,6,3,2
95,5,7,1.403030309,2.55,0,2.55,0,1,1,6,6,2,3
95,15,16,1.402852294,2.55,0,2.55,0,1,1,6,6,3,2
95,53,55,1.400931071,2.55,0,2.55,0,1,1,6,6,3,2
95,41,43,1.400833266,2.55,0,2.55,0,1,1,6,6,2,3
95,52,55,1.398232668,2.55,0,2.55,0,1,1,6,6,2,2
95,37,41,1.398059129,2.55,0,2.55,0,1,1,6,6,2,2
95,3,5,1.396701914,2.55,0,2.55,0,1,1,6,6,2,2
95,16,18,1.396616185,2.55,0,2.55,0,1,1,6,6,2,2
95,1,8,1.393194728,2.55,0,2.55,0,1,1,6,6,2,2
95,11,13,1.393177938,2.55,0,2.55,0,1,1,6,6,2,2
95,46,51,1.390738945,2.55,0,2.55,0,1,1,6,6,2,2
95,36,39,1.390603809,2.55,0,2.55,0,1,1,6,6,2,2
95,59,60,1.631838951,2.55,0,2.55,0,0,0,0,0,4,4
95,15,60,1.554779661,2.55,0,2.55,0,1,0,6,0,3,4
95,7,59,1.554566678,2.55,0,2.55,0,1,0,6,0,3,4
95,53,60,1.553909621,2.55,0,2.55,0,1,0,6,0,3,4
95,43,59,1.553844016,2.55,0,2.55,0,1,0,6,0,3,4
95,26,27,1.517034886,2.55,0,2.55,0,0,0,0,0,2,1
95,33,65,1.517005557,2.55,0,2.55,0,0,0,0,0,2,1
95,60,62,1.479598222,2.55,0,2.55,0,0,0,0,0,4,2
95,59,61,1.479578919,2.55,0,2.55,0,0,0,0,0,4,2
95,33,35,1.420333658,2.55,0,3.44,1,0,0,0,0,2,2
95,25,26,1.420266909,3.44,1,2.55,0,0,0,0,0,2,2
95,48,49,1.410546102,2.55,0,3.44,1,0,0,0,0,1,2
95,20,21,1.410454562,3.44,1,2.55,0,0,0,0,0,2,1
95,2,20,1.355727102,2.55,0,3.44,1,1,0,6,0,3,2
95,47,49,1.35572458,2.55,0,3.44,1,1,0,6,0,3,2
95,34,35,1.35465736,2.55,0,3.44,1,1,0,6,0,3,2
95,10,25,1.354568789,2.55,0,3.44,1,1,0,6,0,3,2
95,61,63,1.15914514,2.55,0,3.04,2,0,0,0,0,2,1
95,62,64,1.159095878,2.55,0,3.04,2,0,0,0,0,2,1
96,49,51,1.540822639,2.55,0,2.55,0,0,0,5,5,4,3
96,9,26,1.540810297,2.55,0,2.55,0,0,0,5,5,3,4
96,8,26,1.537674617,2.55,0,2.55,0,0,0,5,5,3,4
96,44,49,1.537414541,2.55,0,2.55,0,0,0,5,5,3,4
96,42,45,1.467591598,2.55,0,2.55,0,0,0,5,5,3,3
96,7,10,1.467516338,2.55,0,2.55,0,0,0,5,5,3,3
96,45,51,1.410692393,2.55,0,2.55,0,0,0,5,5,3,3
96,9,10,1.410597087,2.55,0,2.55,0,0,0,5,5,3,3
96,7,8,1.409289288,2.55,0,2.55,0,0,0,5,5,3,3
96,42,44,1.409228507,2.55,0,2.55,0,0,0,5,5,3,3
96,15,17,1.402366582,2.55,0,2.55,0,0,0,6,6,2,2
96,53,54,1.402283512,2.55,0,2.55,0,0,0,6,6,2,2
96,52,54,1.400163331,2.55,0,2.55,0,0,0,6,6,2,2
96,13,15,1.400075368,2.55,0,2.55,0,0,0,6,6,2,2
96,1,2,1.399173612,2.55,0,2.55,0,0,0,6,6,2,3
96,36,41,1.399107853,2.55,0,2.55,0,0,0,6,6,3,2
96,46,52,1.398688101,2.55,0,2.55,0,0,0,6,6,2,2
96,11,13,1.39867816,2.55,0,2.55,0,0,0,6,6,2,2
96,38,42,1.398111702,2.55,0,2.55,0,0,0,6,5,2,3
96,5,7,1.397986639,2.55,0,2.55,0,0,0,6,5,2,3
96,45,46,1.397880812,2.55,0,2.55,0,0,0,5,6,3,2
96,10,11,1.397869586,2.55,0,2.55,0,0,0,5,6,3,2
96,33,38,1.397651471,2.55,0,2.55,0,0,0,6,6,2,2
96,3,5,1.397534903,2.55,0,2.55,0,0,0,6,6,2,2
96,2,3,1.397466899,2.55,0,2.55,0,0,0,6,6,3,2
96,33,36,1.39737954,2.55,0,2.55,0,0,0,6,6,2,3
96,9,17,1.394412175,2.55,0,2.55,0,0,0,5,6,3,2
96,51,53,1.394384026,2.55,0,2.55,0,0,0,5,6,3,2
96,1,8,1.390611477,2.55,0,2.55,0,0,0,6,5,2,3
96,41,44,1.390388152,2.55,0,2.55,0,0,0,6,5,2,3
96,26,49,1.619068128,2.55,0,2.55,0,0,0,5,5,4,4
96,20,21,1.505165327,2.55,0,2.55,0,0,0,0,0,3,1
96,32,37,1.505066167,2.55,0,2.55,0,0,0,0,0,1,3
96,31,49,1.472985776,2.55,0,2.55,0,0,0,0,5,2,4
96,26,27,1.472845576,2.55,0,2.55,0,0,0,5,0,4,2
96,34,36,1.389647347,3.44,1,2.55,0,0,0,0,6,2,3
96,2,19,1.389628069,2.55,0,3.44,1,0,0,6,0,3,2
96,19,20,1.371670288,3.44,1,2.55,0,0,0,0,0,2,3
96,34,37,1.371661812,3.44,1,2.55,0,0,0,0,0,2,3
96,37,43,1.200811546,2.55,0,3.44,1,0,0,0,0,3,1
96,20,25,1.200719813,2.55,0,3.44,1,0,0,0,0,3,1
96,29,31,1.159287937,3.04,2,2.55,0,0,0,0,0,1,2
96,27,28,1.159281961,2.55,0,3.04,2,0,0,0,0,2,1
97,48,56,1.884358431,2.58,3,2.55,0,0,0,5,5,2,4
97,20,22,1.883896211,2.58,3,2.55,0,0,0,5,5,2,4
97,7,20,1.758289405,2.55,0,2.58,3,1,0,5,5,3,2
97,48,52,1.757501927,2.58,3,2.55,0,0,1,5,5,2,3
98,14,16,1.589973221,2.55,0,2.55,0,0,0,4,4,3,3
98,4,6,1.584626849,2.55,0,2.55,0,0,0,4,4,3,3
98,1,3,1.580956146,2.55,0,2.55,0,0,0,4,4,3,3
98,10,12,1.567486103,2.55,0,2.55,0,0,0,4,4,3,3
98,10,14,1.560338078,2.55,0,2.55,0,0,0,4,4,3,3
98,12,16,1.559039366,2.55,0,2.55,0,0,0,4,4,3,3
98,1,4,1.555304903,2.55,0,2.55,0,0,0,4,4,3,3
98,3,6,1.55512334,2.55,0,2.55,0,0,0,4,4,3,3
98,6,12,1.542985231,2.55,0,2.55,0,0,0,4,4,3,3
98,4,10,1.541514763,2.55,0,2.55,0,0,0,4,4,3,3
98,2,3,1.512171379,2.55,0,2.55,0,0,0,4,4,2,3
98,0,1,1.512089513,2.55,0,2.55,0,0,0,4,4,2,3
98,0,2,1.346973834,2.55,0,2.55,0,0,0,4,4,2,2
98,20,21,1.500454497,2.55,0,2.55,0,0,0,0,0,2,1
98,27,28,1.500443334,2.55,0,2.55,0,0,0,0,0,2,1
98,16,25,1.49722001,2.55,0,2.55,0,0,0,4,0,3,2
98,14,18,1.496981814,2.55,0,2.55,0,0,0,4,0,3,2
98,18,20,1.340133611,2.55,0,2.55,0,0,0,0,0,2,2
98,25,27,1.340014814,2.55,0,2.55,0,0,0,0,0,2,2
99,8,10,1.586410455,2.55,0,2.55,0,0,0,4,4,3,3
99,4,5,1.580800525,2.55,0,2.55,0,0,0,4,4,3,3
99,13,16,1.572935287,2.55,0,2.55,0,0,0,4,4,3,3
99,17,18,1.559646071,2.55,0,2.55,0,0,0,4,4,3,3
99,4,8,1.555197219,2.55,0,2.55,0,0,0,4,4,3,3
99,5,10,1.554965311,2.55,0,2.55,0,0,0,4,4,3,3
99,13,17,1.54981254,2.55,0,2.55,0,0,0,4,4,3,3
99,10,16,1.543358913,2.55,0,2.55,0,0,0,4,4,3,3
99,16,18,1.54213674,2.55,0,2.55,0,0,0,4,4,3,3
99,8,13,1.540437524,2.55,0,2.55,0,0,0,4,4,3,3
99,1,5,1.512240987,2.55,0,2.55,0,0,0,4,4,2,3
99,0,4,1.51208569,2.55,0,2.55,0,0,0,4,4,2,3
99,0,1,1.346686878,2.55,0,2.55,0,0,0,4,4,2,2
99,6,25,1.508695264,2.55,0,2.55,0,0,0,0,0,3,1
99,23,26,1.508421497,2.55,0,2.55,0,0,0,0,0,3,1
99,17,20,1.422024363,2.55,0,3.44,1,0,0,4,0,3,2
99,7,18,1.420929573,3.44,1,2.55,0,0,0,0,4,2,3
99,6,20,1.355549958,2.55,0,3.44,1,0,0,0,0,3,2
99,7,23,1.354644709,3.44,1,2.55,0,0,0,0,0,2,3
99,23,24,1.204812199,2.55,0,3.44,1,0,0,0,0,3,1
99,6,27,1.204560853,2.55,0,3.44,1,0,0,0,0,3,1
100,8,10,1.594095623,2.55,0,2.55,0,0,0,4,4,3,3
100,4,5,1.578450612,2.55,0,2.55,0,0,0,4,4,3,3
100,13,16,1.574598697,2.55,0,2.55,0,0,0,4,4,3,3
100,17,18,1.559512597,2.55,0,2.55,0,0,0,4,4,3,3
100,0,1,1.556125579,2.55,0,2.55,0,0,0,4,4,2,2
100,13,17,1.550205552,2.55,0,2.55,0,0,0,4,4,3,3
100,1,5,1.549845652,2.55,0,2.55,0,0,0,4,4,2,3
100,0,4,1.549752956,2.55,0,2.55,0,0,0,4,4,2,3
100,10,16,1.542432729,2.55,0,2.55,0,0,0,4,4,3,3
100,16,18,1.541746702,2.55,0,2.55,0,0,0,4,4,3,3
100,4,8,1.54106845,2.55,0,2.55,0,0,0,4,4,3,3
100,5,10,1.540427295,2.55,0,2.55,0,0,0,4,4,3,3
100,8,13,1.538231843,2.55,0,2.55,0,0,0,4,4,3,3
100,6,25,1.508673526,2.55,0,2.55,0,0,0,0,0,3,1
100,23,26,1.508536673,2.55,0,2.55,0,0,0,0,0,3,1
100,17,20,1.421553791,2.55,0,3.44,1,0,0,4,0,3,2
100,7,18,1.421414934,3.44,1,2.55,0,0,0,0,4,2,3
100,6,20,1.355510145,2.55,0,3.44,1,0,0,0,0,3,2
100,7,23,1.354406754,3.44,1,2.55,0,0,0,0,0,2,3
100,23,24,1.204824179,2.55,0,3.44,1,0,0,0,0,3,1
100,6,27,1.204565273,2.55,0,3.44,1,0,0,0,0,3,1
101,7,14,1.589125637,2.55,0,2.55,0,0,0,4,4,3,3
101,2,12,1.582580938,2.55,0,2.55,0,0,0,4,4,3,3
101,7,12,1.573430924,2.55,0,2.55,0,0,0,4,4,3,3
101,2,14,1.57290519,2.55,0,2.55,0,0,0,4,4,3,3
101,0,2,1.518839941,2.55,0,2.55,0,1,0,4,4,3,3
101,4,12,1.518577183,2.55,0,2.55,0,1,0,4,4,3,3
101,1,5,1.406907774,2.55,0,2.55,0,1,1,6,6,2,2
101,6,8,1.406879662,2.55,0,2.55,0,1,1,6,6,2,2
101,5,8,1.405121691,2.55,0,2.55,0,1,1,6,6,2,2
101,0,4,1.400446287,2.55,0,2.55,0,1,1,4,4,3,3
101,0,1,1.391592605,2.55,0,2.55,0,1,1,4,6,3,2
101,4,6,1.39142116,2.55,0,2.55,0,1,1,4,6,3,2
101,21,29,1.500490562,2.55,0,2.55,0,0,0,0,0,2,1
101,23,26,1.50030564,2.55,0,2.55,0,0,0,0,0,2,1
101,7,18,1.495446694,2.55,0,2.55,0,0,0,4,0,3,2
101,14,17,1.495411376,2.55,0,2.55,0,0,0,4,0,3,2
101,17,23,1.340542524,2.55,0,2.55,0,0,0,0,0,2,2
101,18,21,1.340499544,2.55,0,2.55,0,0,0,0,0,2,2
102,1,4,1.549411716,2.55,0,2.55,0,0,0,3,3,3,3
102,0,4,1.485051571,2.55,0,2.55,0,0,0,3,3,4,3
102,0,1,1.484603135,2.55,0,2.55,0,0,0,3,3,4,3
102,5,10,1.544940421,2.55,0,2.55,0,0,0,0,0,2,2
102,7,12,1.544273937,2.55,0,2.55,0,0,0,0,0,2,2
102,34,37,1.537067861,2.55,0,2.55,0,0,0,0,0,2,1
102,21,22,1.53660941,2.55,0,2.55,0,0,0,0,0,2,1
102,4,7,1.516632567,2.55,0,2.55,0,0,0,3,0,3,2
102,1,5,1.516465178,2.55,0,2.55,0,0,0,3,0,3,2
102,10,15,1.506679479,2.55,0,2.55,0,0,0,0,0,2,2
102,12,28,1.506260044,2.55,0,2.55,0,0,0,0,0,2,2
102,18,21,1.505626696,2.55,0,2.55,0,0,0,0,0,2,2
102,31,34,1.505608364,2.55,0,2.55,0,0,0,0,0,2,2
102,28,31,1.34234264,2.55,0,2.55,0,0,0,0,0,2,2
102,15,18,1.342204159,2.55,0,2.55,0,0,0,0,0,2,2
103,1,4,1.5569348,2.55,0,2.55,0,0,0,3,3,3,3
103,0,4,1.484607847,2.55,0,2.55,0,0,0,3,3,4,3
103,0,1,1.484277484,2.55,0,2.55,0,0,0,3,3,4,3
103,5,10,1.546597553,2.55,0,2.55,0,0,0,0,0,2,2
103,7,12,1.545147423,2.55,0,2.55,0,0,0,0,0,2,2
103,34,37,1.536622571,2.55,0,2.55,0,0,0,0,0,2,1
103,21,22,1.536335963,2.55,0,2.55,0,0,0,0,0,2,1
103,4,7,1.517543788,2.55,0,2.55,0,0,0,3,0,3,2
103,1,5,1.51740497,2.55,0,2.55,0,0,0,3,0,3,2
103,10,15,1.507182705,2.55,0,2.55,0,0,0,0,0,2,2
103,12,28,1.506196734,2.55,0,2.55,0,0,0,0,0,2,2
103,18,21,1.505737998,2.55,0,2.55,0,0,0,0,0,2,2
103,31,34,1.505654171,2.55,0,2.55,0,0,0,0,0,2,2
103,15,18,1.343032048,2.55,0,2.55,0,0,0,0,0,2,2
103,28,31,1.34236814,2.55,0,2.55,0,0,0,0,0,2,2
105,34,35,1.577551403,2.55,0,2.55,0,0,0,4,4,4,4
105,38,40,1.576088999,2.55,0,2.55,0,0,0,4,4,4,4
105,35,40,1.573486182,2.55,0,2.55,0,0,0,4,4,4,4
105,34,38,1.562744742,2.55,0,2.55,0,0,0,4,4,4,4
105,0,1,1.40781714,2.55,0,2.55,0,1,1,6,6,2,3
105,12,16,1.404933172,2.55,0,2.55,0,1,1,6,6,2,3
105,16,18,1.404310994,2.55,0,2.55,0,1,1,6,6,3,2
105,5,8,1.402662188,2.55,0,2.55,0,1,1,6,6,2,2
105,1,5,1.401323538,2.55,0,2.55,0,1,1,6,6,3,2
105,13,17,1.400655182,2.55,0,2.55,0,1,1,6,6,2,3
105,4,6,1.400464318,2.55,0,2.55,0,1,1,6,6,2,3
105,18,20,1.397950748,2.55,0,2.55,0,1,1,6,6,2,2
105,6,8,1.393274172,2.55,0,2.55,0,1,1,6,6,3,2
105,17,20,1.393213763,2.55,0,2.55,0,1,1,6,6,3,2
105,12,13,1.393184281,2.55,0,2.55,0,1,1,6,6,2,2
105,0,4,1.388814693,2.55,0,2.55,0,1,1,6,6,2,2
105,19,27,1.40943968,3.44,1,2.55,0,0,0,0,0,2,1
105,10,24,1.409407173,3.44,1,2.55,0,0,0,0,0,2,1
105,17,23,1.394021877,2.55,0,3.44,1,1,0,6,0,3,2
105,2,6,1.392942154,3.44,1,2.55,0,0,1,0,6,2,3
105,16,19,1.358061289,2.55,0,3.44,1,1,0,6,0,3,2
105,1,10,1.358046798,2.55,0,3.44,1,1,0,6,0,3,2
105,2,35,1.350822628,3.44,1,2.55,0,0,0,0,4,2,4
105,23,40,1.350760528,3.44,1,2.55,0,0,0,0,4,2,4
106,34,35,1.577698191,2.55,0,2.55,0,0,0,4,4,4,4
106,35,40,1.574912101,2.55,0,2.55,0,0,0,4,4,4,4
106,38,40,1.573505051,2.55,0,2.55,0,0,0,4,4,4,4
106,34,38,1.562488107,2.55,0,2.55,0,0,0,4,4,4,4
106,0,1,1.405437393,2.55,0,2.55,0,1,1,6,6,2,3
106,12,16,1.405145141,2.55,0,2.55,0,0,0,6,6,2,3
106,16,18,1.404359884,2.55,0,2.55,0,0,0,6,6,3,2
106,1,5,1.404103494,2.55,0,2.55,0,1,1,6,6,3,2
106,13,17,1.400541857,2.55,0,2.55,0,0,0,6,6,2,3
106,4,6,1.400498992,2.55,0,2.55,0,1,1,6,6,2,3
106,5,8,1.398170813,2.55,0,2.55,0,1,1,6,6,2,2
106,18,20,1.397985715,2.55,0,2.55,0,0,0,6,6,2,2
106,17,20,1.393211782,2.55,0,2.55,0,0,0,6,6,3,2
106,12,13,1.39318143,2.55,0,2.55,0,0,0,6,6,2,2
106,6,8,1.392722101,2.55,0,2.55,0,1,1,6,6,3,2
106,0,4,1.392687398,2.55,0,2.55,0,1,1,6,6,2,2
106,10,24,1.409347729,3.44,1,2.55,0,0,0,0,0,2,1
106,19,27,1.409228226,3.44,1,2.55,0,0,0,0,0,2,1
106,2,6,1.39583196,3.44,1,2.55,0,0,1,0,6,2,3
106,17,23,1.39339794,2.55,0,3.44,1,0,0,6,0,3,2
106,16,19,1.358018102,2.55,0,3.44,1,0,0,6,0,3,2
106,1,10,1.357868267,2.55,0,3.44,1,1,0,6,0,3,2
106,2,35,1.356158584,3.44,1,2.55,0,0,0,0,4,2,4
106,23,40,1.34942327,3.44,1,2.55,0,0,0,0,4,2,4
107,2,7,1.611186688,2.55,0,2.55,0,0,0,5,5,3,3
107,69,72,1.608940295,2.55,0,2.55,0,0,0,5,5,3,3
107,37,40,1.599912789,2.55,0,2.55,0,0,0,5,5,3,3
107,69,76,1.575180793,2.55,0,2.55,0,0,0,5,5,3,3
107,71,78,1.573445001,2.55,0,2.55,0,0,0,5,5,2,3
107,3,6,1.571309389,2.55,0,2.55,0,0,0,5,5,3,3
107,0,3,1.570143391,2.55,0,2.55,0,0,0,5,5,2,3
107,39,46,1.569372694,2.55,0,2.55,0,0,0,5,5,2,3
107,72,83,1.56870106,2.55,0,2.55,0,0,0,5,5,3,3
107,6,7,1.567420374,2.55,0,2.55,0,0,0,5,5,3,3
107,78,83,1.562679977,2.55,0,2.55,0,0,0,5,5,3,3
107,37,44,1.557465557,2.55,0,2.55,0,0,0,5,5,3,3
107,1,2,1.555226713,2.55,0,2.55,0,0,0,5,5,3,3
107,46,51,1.554277334,2.55,0,2.55,0,0,0,5,5,3,3
107,40,51,1.551962997,2.55,0,2.55,0,0,0,5,5,3,3
107,39,44,1.551938035,2.55,0,2.55,0,0,0,5,5,2,3
107,71,76,1.544553002,2.55,0,2.55,0,0,0,5,5,2,3
107,6,8,1.544150881,2.55,0,2.55,0,0,0,5,5,3,2
107,83,85,1.543747058,2.55,0,2.55,0,0,0,5,5,3,2
107,51,53,1.543399314,2.55,0,2.55,0,0,0,5,5,3,2
107,44,53,1.539599712,2.55,0,2.55,0,0,0,5,5,3,2
107,0,1,1.536793285,2.55,0,2.55,0,0,0,5,5,2,3
107,1,8,1.536516811,2.55,0,2.55,0,0,0,5,5,3,2
107,76,85,1.533195376,2.55,0,2.55,0,0,0,5,5,3,2
107,37,72,1.565847843,2.55,0,2.55,0,0,0,5,5,3,3
107,7,69,1.554164879,2.55,0,2.55,0,0,0,5,5,3,3
107,2,13,1.536937701,2.55,0,2.55,0,0,0,5,0,3,1
107,40,59,1.533970354,2.55,0,2.55,0,0,0,5,0,3,1
108,68,78,1.516911904,2.55,0,2.55,0,0,0,5,5,3,3
108,66,76,1.466720509,2.55,0,3.04,2,0,0,5,5,4,2
108,59,66,1.462046374,3.04,2,2.55,0,0,0,5,5,2,4
108,23,32,1.410587075,2.55,0,2.55,0,1,1,6,6,3,2
108,23,24,1.409180762,2.55,0,2.55,0,1,1,6,6,3,2
108,0,1,1.408586858,2.55,0,2.55,0,0,0,6,6,3,2
108,48,58,1.408267855,2.55,0,2.55,0,1,1,6,6,2,3
108,57,65,1.407652254,2.55,0,2.55,0,1,1,6,6,2,3
108,83,85,1.407409824,2.55,0,2.55,0,1,1,6,6,3,2
108,65,69,1.406819557,2.55,0,2.55,0,1,1,6,6,3,2
108,74,83,1.406730199,2.55,0,2.55,0,1,1,6,6,2,3
108,34,43,1.406538027,2.55,0,2.55,0,1,1,6,6,3,2
108,49,62,1.40643281,2.55,0,2.55,0,1,1,6,6,2,3
108,34,35,1.406145094,2.55,0,2.55,0,1,1,6,6,3,2
108,3,5,1.405551764,2.55,0,2.55,0,0,0,6,6,2,3
108,21,22,1.404834418,3.04,2,2.55,0,1,1,5,5,3,3
108,5,6,1.404309624,2.55,0,2.55,0,0,0,6,6,3,2
108,58,70,1.402823044,2.55,0,2.55,0,1,1,6,6,3,2
108,0,8,1.401733183,2.55,0,2.55,0,0,0,6,6,3,2
108,70,72,1.400131739,2.55,0,2.55,0,1,1,6,6,2,2
108,51,53,1.399772072,2.55,0,2.55,0,1,1,6,6,2,2
108,84,87,1.399688191,2.55,0,2.55,0,1,1,6,6,2,2
108,28,30,1.39909935,2.55,0,2.55,0,1,1,6,6,2,2
108,37,39,1.398748855,2.55,0,2.55,0,1,1,6,6,2,2
108,39,41,1.39845831,2.55,0,2.55,0,1,1,6,6,2,2
108,53,63,1.398216654,2.55,0,2.55,0,1,1,6,6,2,2
108,81,84,1.39820406,2.55,0,2.55,0,1,1,6,6,2,2
108,26,28,1.397867993,2.55,0,2.55,0,1,1,6,6,2,2
108,35,37,1.397449072,2.55,0,2.55,0,1,1,6,6,2,2
108,24,26,1.39737735,2.55,0,2.55,0,1,1,6,6,2,2
108,6,8,1.39731437,2.55,0,2.55,0,0,0,6,6,2,2
108,74,81,1.397139838,2.55,0,2.55,0,1,1,6,6,2,2
108,41,43,1.3969181,2.55,0,2.55,0,1,1,6,6,2,2
108,63,69,1.396799458,2.55,0,2.55,0,1,1,6,6,2,2
108,18,21,1.396057812,2.55,0,3.04,2,1,1,5,5,3,3
108,62,72,1.395876211,2.55,0,2.55,0,1,1,6,6,3,2
108,85,87,1.395256761,2.55,0,2.55,0,1,1,6,6,2,2
108,30,32,1.394965436,2.55,0,2.55,0,1,1,6,6,2,2
108,51,57,1.39493451,2.55,0,2.55,0,1,1,6,6,2,2
108,1,3,1.390770124,2.55,0,2.55,0,0,0,6,6,2,2
108,20,22,1.388794195,2.55,0,2.55,0,1,1,5,5,3,3
108,48,49,1.388144902,2.55,0,2.55,0,1,1,6,6,2,2
108,19,20,1.374409648,3.04,2,2.55,0,1,1,5,5,2,3
108,18,19,1.311263024,2.55,0,3.04,2,1,1,5,5,3,2
108,59,68,1.285166713,3.04,2,2.55,0,0,0,5,5,2,3
108,76,78,1.284953984,3.04,2,2.55,0,0,0,5,5,2,3
108,62,66,1.536447842,2.55,0,2.55,0,1,0,6,5,3,4
108,11,12,1.517533619,2.55,0,2.55,0,0,0,0,0,2,1
108,56,61,1.517095895,2.55,0,2.55,0,0,0,0,0,1,2
108,22,34,1.48772029,2.55,0,2.55,0,1,1,5,6,3,3
108,0,18,1.484529574,2.55,0,2.55,0,0,1,6,5,3,3
108,21,66,1.480586858,3.04,2,2.55,0,1,0,5,5,3,4
108,78,83,1.480078739,2.55,0,2.55,0,0,1,5,6,3,3
108,20,23,1.479502914,2.55,0,2.55,0,1,1,5,6,3,3
108,65,68,1.478205299,2.55,0,2.55,0,1,0,6,5,3,3
108,54,61,1.419971612,3.44,1,2.55,0,0,0,0,0,2,2
108,10,11,1.417939643,3.44,1,2.55,0,0,0,0,0,2,2
108,5,10,1.357786319,2.55,0,3.44,1,0,0,6,0,3,2
108,54,58,1.355292271,3.44,1,2.55,0,0,1,0,6,2,3
109,3,5,1.41533273,2.55,0,2.55,0,1,1,6,6,3,3
109,26,27,1.414027814,2.55,0,2.55,0,1,1,6,6,3,2
109,3,11,1.409790021,2.55,0,2.55,0,1,1,6,6,3,2
109,19,22,1.404303206,2.55,0,2.55,0,1,1,5,5,3,3
109,21,22,1.402480909,2.55,0,2.55,0,1,1,6,5,2,3
109,1,5,1.399628398,2.55,0,2.55,0,1,1,6,6,2,3
109,0,4,1.399264697,2.55,0,2.55,0,1,1,6,6,2,2
109,21,26,1.397958428,2.55,0,2.55,0,1,1,6,6,2,3
109,0,1,1.395272546,2.55,0,2.55,0,1,1,6,6,2,2
109,23,27,1.394802422,2.55,0,2.55,0,1,1,6,6,2,2
109,4,11,1.392791062,2.55,0,2.55,0,1,1,6,6,2,2
109,19,23,1.390301503,2.55,0,2.55,0,1,1,5,6,3,2
109,18,22,1.387144963,3.04,2,2.55,0,1,1,5,5,2,3
109,10,20,1.375966083,2.55,0,3.44,1,1,1,5,5,3,2
109,19,20,1.364939951,2.55,0,3.44,1,1,1,5,5,3,2
109,10,18,1.299191829,2.55,0,3.04,2,1,1,5,5,3,2
109,13,14,1.509042782,2.55,0,2.55,0,0,0,0,0,3,1
109,30,33,1.508564359,2.55,0,2.55,0,0,0,0,0,3,1
109,3,10,1.463303733,2.55,0,2.55,0,1,1,6,5,3,3
109,24,26,1.387868258,3.44,1,2.55,0,0,1,0,6,2,3
109,2,13,1.385445855,3.44,1,2.55,0,0,0,0,0,2,3
109,2,5,1.370724487,3.44,1,2.55,0,0,1,0,6,2,3
109,24,30,1.36401725,3.44,1,2.55,0,0,0,0,0,2,3
109,30,35,1.201437024,2.55,0,3.44,1,0,0,0,0,3,1
109,13,16,1.193928036,2.55,0,3.44,1,0,0,0,0,3,1
110,8,23,1.844308817,2.58,3,2.55,0,0,0,0,0,2,2
110,9,24,1.843298653,2.58,3,2.55,0,0,0,0,0,2,2
110,5,8,1.746202202,2.55,0,2.58,3,0,0,5,0,3,2
110,9,11,1.743872584,2.58,3,2.55,0,0,0,0,5,2,3
111,5,8,1.840638335,2.55,0,2.58,3,0,0,0,0,3,2
111,14,17,1.839623189,2.58,3,2.55,0,0,0,0,0,2,3
111,11,14,1.772012395,2.55,0,2.58,3,0,0,0,0,3,2
111,8,11,1.771185536,2.58,3,2.55,0,0,0,0,0,2,3
111,11,16,1.651664007,2.55,0,2.58,3,0,0,0,0,3,1
112,7,30,1.788616672,2.55,0,2.58,3,1,0,6,0,3,4
112,0,31,1.787372203,2.55,0,2.58,3,1,0,6,0,3,4
112,31,37,1.705627792,2.58,3,3.44,1,0,0,0,0,4,2
112,30,36,1.702310625,2.58,3,3.44,1,0,0,0,0,4,2
112,31,34,1.454629057,2.58,3,3.44,1,0,0,0,0,4,1
112,30,32,1.45452978,2.58,3,3.44,1,0,0,0,0,4,1
112,30,33,1.452744579,2.58,3,3.44,1,0,0,0,0,4,1
112,31,35,1.452648476,2.58,3,3.44,1,0,0,0,0,4,1
113,11,17,1.831411869,2.58,3,2.55,0,0,0,0,0,2,2
113,8,11,1.831298528,2.55,0,2.58,3,0,0,0,0,2,2
114,1,5,1.408306887,2.55,0,2.55,0,1,1,6,6,3,2
114,6,9,1.408104226,2.55,0,2.55,0,1,1,6,6,2,3
114,4,9,1.405945163,2.55,0,2.55,0,1,1,6,6,2,3
114,26,28,1.405046084,2.55,0,2.55,0,1,1,6,6,3,2
114,19,24,1.404927648,2.55,0,2.55,0,1,1,6,6,3,2
114,26,29,1.401854422,2.55,0,2.55,0,1,1,6,6,3,2
114,0,1,1.400936169,2.55,0,2.55,0,1,1,6,6,2,3
114,19,22,1.400853091,2.55,0,2.55,0,1,1,6,6,3,2
114,22,29,1.39573375,2.55,0,2.55,0,1,1,6,6,2,2
114,0,4,1.395466827,2.55,0,2.55,0,1,1,6,6,2,2
114,24,28,1.39292502,2.55,0,2.55,0,1,1,6,6,2,2
114,5,6,1.388532862,2.55,0,2.55,0,1,1,6,6,2,2
114,18,19,1.511538922,2.55,0,2.55,0,0,1,0,6,2,3
114,26,27,1.492822581,2.55,0,2.55,0,1,0,6,0,3,3
114,1,8,1.488358917,2.55,0,2.55,0,1,0,6,0,3,3
114,32,33,1.426309992,3.44,1,2.55,0,0,0,0,0,2,1
114,13,14,1.425483394,3.44,1,2.55,0,0,0,0,0,2,1
114,10,18,1.41233508,3.44,1,2.55,0,0,0,0,0,2,2
114,9,10,1.354957908,2.55,0,3.44,1,1,0,6,0,3,2
114,8,13,1.350213576,2.55,0,3.44,1,0,0,0,0,3,2
114,27,32,1.348764683,2.55,0,3.44,1,0,0,0,0,3,2
114,8,12,1.210995579,2.55,0,3.44,1,0,0,0,0,3,1
114,27,34,1.209843374,2.55,0,3.44,1,0,0,0,0,3,1
115,22,23,1.533486037,2.55,0,2.55,0,0,0,5,5,2,3
115,21,26,1.468113805,2.55,0,3.04,2,0,0,5,5,3,3
115,23,26,1.465925305,2.55,0,3.04,2,0,0,5,5,3,3
115,20,21,1.459332366,3.04,2,2.55,0,0,0,5,5,3,3
115,20,22,1.455895655,3.04,2,2.55,0,0,0,5,5,3,2
115,0,1,1.42219059,2.55,0,2.55,0,0,0,6,6,3,3
115,0,7,1.421781452,2.55,0,2.55,0,0,0,6,6,3,3
115,39,40,1.420634593,2.55,0,2.55,0,1,1,6,6,3,3
115,39,46,1.41747048,2.55,0,2.55,0,1,1,6,6,3,3
115,62,64,1.406175695,2.55,0,2.55,0,0,0,6,6,3,3
115,44,46,1.402894252,2.55,0,2.55,0,1,1,6,6,2,3
115,64,65,1.40217388,2.55,0,2.55,0,0,0,6,6,3,3
115,1,2,1.401738531,2.55,0,2.55,0,0,0,6,6,3,2
115,5,7,1.401452965,2.55,0,2.55,0,0,0,6,6,2,3
115,40,41,1.401183034,2.55,0,2.55,0,1,1,6,6,3,2
115,41,43,1.399527737,2.55,0,2.55,0,1,1,6,6,2,3
115,59,60,1.399266806,2.55,0,2.55,0,0,0,6,6,3,3
115,59,67,1.398942156,2.55,0,2.55,0,0,0,6,6,3,3
115,2,4,1.398545023,2.55,0,2.55,0,0,0,6,6,2,3
115,4,5,1.397652767,2.55,0,2.55,0,0,0,6,6,3,2
115,43,44,1.3975888,2.55,0,2.55,0,1,1,6,6,3,2
115,65,67,1.397069615,2.55,0,2.55,0,0,0,6,6,3,3
115,60,62,1.393539855,2.55,0,2.55,0,0,0,6,6,3,3
115,21,59,1.540009672,2.55,0,2.55,0,0,0,5,6,3,3
115,23,27,1.525249222,2.55,0,2.55,0,0,0,5,0,3,2
115,32,33,1.518138595,2.55,0,2.55,0,0,0,0,0,2,1
115,71,72,1.514358636,2.55,0,2.55,0,0,0,0,0,2,1
115,40,47,1.511887784,2.55,0,2.55,0,1,0,6,0,3,1
115,1,12,1.511354894,2.55,0,2.55,0,0,0,6,0,3,1
115,46,51,1.51028574,2.55,0,2.55,0,1,0,6,0,3,1
115,43,55,1.509916873,2.55,0,2.55,0,1,0,6,0,3,1
115,4,8,1.509861569,2.55,0,2.55,0,0,0,6,0,3,1
115,7,16,1.508427938,2.55,0,2.55,0,0,0,6,0,3,1
115,70,71,1.437735534,3.44,1,2.55,0,0,0,0,0,2,2
115,26,39,1.437630001,3.04,2,2.55,0,0,1,5,6,3,3
115,0,20,1.421854894,2.55,0,3.04,2,0,0,6,5,3,3
115,29,32,1.409603118,3.44,1,2.55,0,0,0,0,0,2,2
115,27,29,1.407617209,2.55,0,3.44,1,0,0,0,0,2,2
115,64,70,1.350439826,2.55,0,3.44,1,0,0,6,0,3,2
116,22,23,1.532894345,2.55,0,2.55,0,0,0,5,5,2,3
116,21,26,1.471539083,2.55,0,3.04,2,0,0,5,5,3,3
116,23,26,1.464899598,2.55,0,3.04,2,0,0,5,5,3,3
116,20,21,1.46405919,3.04,2,2.55,0,0,0,5,5,3,3
116,20,22,1.454984155,3.04,2,2.55,0,0,0,5,5,3,2
116,0,1,1.422847602,2.55,0,2.55,0,0,0,6,6,3,3
116,0,7,1.42191994,2.55,0,2.55,0,0,0,6,6,3,3
116,39,40,1.420261195,2.55,0,2.55,0,1,1,6,6,3,3
116,39,46,1.417800156,2.55,0,2.55,0,1,1,6,6,3,3
116,62,64,1.406916973,2.55,0,2.55,0,1,1,6,6,2,3
116,59,60,1.404364607,2.55,0,2.55,0,1,1,6,6,3,3
116,44,46,1.402581594,2.55,0,2.55,0,1,1,6,6,2,3
116,5,7,1.401812902,2.55,0,2.55,0,0,0,6,6,2,3
116,40,41,1.401545583,2.55,0,2.55,0,1,1,6,6,3,2
116,1,2,1.401341925,2.55,0,2.55,0,0,0,6,6,3,2
116,64,65,1.401292806,2.55,0,2.55,0,1,1,6,6,3,2
116,41,43,1.399131658,2.55,0,2.55,0,1,1,6,6,2,3
116,2,4,1.398783841,2.55,0,2.55,0,0,0,6,6,2,3
116,43,44,1.397997442,2.55,0,2.55,0,1,1,6,6,3,2
116,59,67,1.397647236,2.55,0,2.55,0,1,1,6,6,3,3
116,4,5,1.397333017,2.55,0,2.55,0,0,0,6,6,3,2
116,65,67,1.395882074,2.55,0,2.55,0,1,1,6,6,2,3
116,60,62,1.385183601,2.55,0,2.55,0,1,1,6,6,3,2
116,21,59,1.53385118,2.55,0,2.55,0,0,1,5,6,3,3
116,23,27,1.52524325,2.55,0,2.55,0,0,0,5,0,3,2
116,32,33,1.518260665,2.55,0,2.55,0,0,0,0,0,2,1
116,71,72,1.516482409,2.55,0,2.55,0,0,0,0,0,2,1
116,40,47,1.511897419,2.55,0,2.55,0,1,0,6,0,3,1
116,1,12,1.511345701,2.55,0,2.55,0,0,0,6,0,3,1
116,4,8,1.510053991,2.55,0,2.55,0,0,0,6,0,3,1
116,43,55,1.510013388,2.55,0,2.55,0,1,0,6,0,3,1
116,46,51,1.509894373,2.55,0,2.55,0,1,0,6,0,3,1
116,7,16,1.508164221,2.55,0,2.55,0,0,0,6,0,3,1
116,26,39,1.437064298,3.04,2,2.55,0,0,1,5,6,3,3
116,70,71,1.422379139,3.44,1,2.55,0,0,0,0,0,2,2
116,0,20,1.420192674,2.55,0,3.04,2,0,0,6,5,3,3
116,29,32,1.409024952,3.44,1,2.55,0,0,0,0,0,2,2
116,27,29,1.408196027,2.55,0,3.44,1,0,0,0,0,2,2
116,64,70,1.350859502,2.55,0,3.44,1,1,0,6,0,3,2
117,22,23,1.533095979,2.55,0,2.55,0,0,0,5,5,2,3
117,21,26,1.470619846,2.55,0,3.04,2,0,0,5,5,3,3
117,23,26,1.464921667,2.55,0,3.04,2,0,0,5,5,3,3
117,20,21,1.46346542,3.04,2,2.55,0,0,0,5,5,3,3
117,20,22,1.454771919,3.04,2,2.55,0,0,0,5,5,3,2
117,0,1,1.421997561,2.55,0,2.55,0,0,0,6,6,3,3
117,0,7,1.42173175,2.55,0,2.55,0,0,0,6,6,3,3
117,39,40,1.419784535,2.55,0,2.55,0,1,1,6,6,3,3
117,39,46,1.418200708,2.55,0,2.55,0,1,1,6,6,3,3
117,62,64,1.407096648,2.55,0,2.55,0,1,1,6,6,2,3
117,59,60,1.403304553,2.55,0,2.55,0,1,1,6,6,3,3
117,64,65,1.402717048,2.55,0,2.55,0,1,1,6,6,3,2
117,44,46,1.402268401,2.55,0,2.55,0,1,1,6,6,2,3
117,40,41,1.402052998,2.55,0,2.55,0,1,1,6,6,3,2
117,5,7,1.4016426,2.55,0,2.55,0,0,0,6,6,2,3
117,1,2,1.401563063,2.55,0,2.55,0,0,0,6,6,3,2
117,65,67,1.400115074,2.55,0,2.55,0,1,1,6,6,2,2
117,41,43,1.398857858,2.55,0,2.55,0,1,1,6,6,2,3
117,2,4,1.398809422,2.55,0,2.55,0,0,0,6,6,2,3
117,43,44,1.39836662,2.55,0,2.55,0,1,1,6,6,3,2
117,59,67,1.398271983,2.55,0,2.55,0,1,1,6,6,3,2
117,4,5,1.397697478,2.55,0,2.55,0,0,0,6,6,3,2
117,60,62,1.385008854,2.55,0,2.55,0,1,1,6,6,3,2
117,21,59,1.53163702,2.55,0,2.55,0,0,1,5,6,3,3
117,23,27,1.525151714,2.55,0,2.55,0,0,0,5,0,3,2
117,32,33,1.518271073,2.55,0,2.55,0,0,0,0,0,2,1
117,71,72,1.516895289,2.55,0,2.55,0,0,0,0,0,2,1
117,40,47,1.512044053,2.55,0,2.55,0,1,0,6,0,3,1
117,1,12,1.511025608,2.55,0,2.55,0,0,0,6,0,3,1
117,43,55,1.510023627,2.55,0,2.55,0,1,0,6,0,3,1
117,4,8,1.509937498,2.55,0,2.55,0,0,0,6,0,3,1
117,46,51,1.509624065,2.55,0,2.55,0,1,0,6,0,3,1
117,7,16,1.508153149,2.55,0,2.55,0,0,0,6,0,3,1
117,26,39,1.43667009,3.04,2,2.55,0,0,1,5,6,3,3
117,70,71,1.420464703,3.44,1,2.55,0,0,0,0,0,2,2
117,0,20,1.420047954,2.55,0,3.04,2,0,0,6,5,3,3
117,29,32,1.408995202,3.44,1,2.55,0,0,0,0,0,2,2
117,27,29,1.408277602,2.55,0,3.44,1,0,0,0,0,2,2
117,64,70,1.354127346,2.55,0,3.44,1,1,0,6,0,3,2
118,31,32,1.515815722,2.55,0,2.55,0,1,0,5,5,3,3
118,51,52,1.511905241,2.55,0,2.55,0,0,0,5,5,3,3
118,36,37,1.510633825,2.55,0,2.55,0,0,1,5,5,3,3
118,46,47,1.510077393,2.55,0,2.55,0,0,0,5,5,3,3
118,6,10,1.509543664,2.55,0,2.55,0,0,0,5,5,3,3
118,7,11,1.508935839,2.55,0,2.55,0,0,0,5,5,3,3
118,49,51,1.433908596,3.44,1,2.55,0,0,0,5,5,2,3
118,10,12,1.433266732,2.55,0,3.44,1,0,0,5,5,3,2
118,34,36,1.423766271,3.44,1,2.55,0,0,0,5,5,2,3
118,11,12,1.41949729,2.55,0,3.44,1,0,0,5,5,3,2
118,32,34,1.415759772,2.55,0,3.44,1,0,0,5,5,3,2
118,47,49,1.410302045,2.55,0,3.44,1,0,0,5,5,3,2
118,1,2,1.403326669,2.55,0,2.55,0,0,0,6,6,2,2
118,42,44,1.403217864,2.55,0,2.55,0,0,0,6,6,2,2
118,27,29,1.403214077,2.55,0,2.55,0,1,1,6,6,2,2
118,27,28,1.40010209,2.55,0,2.55,0,1,1,6,6,2,2
118,29,35,1.399978466,2.55,0,2.55,0,1,1,6,6,2,2
118,44,50,1.399764898,2.55,0,2.55,0,0,0,6,6,2,2
118,42,43,1.399602784,2.55,0,2.55,0,0,0,6,6,2,2
118,1,8,1.399478012,2.55,0,2.55,0,0,0,6,6,2,2
118,2,4,1.399451009,2.55,0,2.55,0,0,0,6,6,2,2
118,28,31,1.395436996,2.55,0,2.55,0,1,1,6,5,2,3
118,7,8,1.394491638,2.55,0,2.55,0,0,0,5,6,3,2
118,43,46,1.394353547,2.55,0,2.55,0,0,0,6,5,2,3
118,4,6,1.394277301,2.55,0,2.55,0,0,0,6,5,2,3
118,50,52,1.394058259,2.55,0,2.55,0,0,0,6,5,2,3
118,35,37,1.393852277,2.55,0,2.55,0,1,1,6,5,2,3
118,31,37,1.391693273,2.55,0,2.55,0,1,1,5,5,3,3
118,46,52,1.391677273,2.55,0,2.55,0,0,0,5,5,3,3
118,6,7,1.391523898,2.55,0,2.55,0,0,0,5,5,3,3
118,57,62,1.53084619,2.55,0,2.55,0,0,0,0,0,3,1
118,57,58,1.528328675,2.55,0,2.55,0,0,0,0,0,3,1
118,17,18,1.525843643,2.55,0,2.55,0,0,0,0,0,3,1
118,17,22,1.525677638,2.55,0,2.55,0,0,0,0,0,3,1
118,54,57,1.439943675,3.44,1,2.55,0,0,0,0,0,2,3
118,15,17,1.43853595,3.44,1,2.55,0,0,0,0,0,2,3
118,13,32,1.412924881,3.44,1,2.55,0,0,0,0,5,2,3
118,39,47,1.41120463,3.44,1,2.55,0,0,0,0,5,2,3
118,11,13,1.407426103,2.55,0,3.44,1,0,0,5,0,3,2
118,36,39,1.396149104,2.55,0,3.44,1,0,0,5,0,3,2
118,51,54,1.38851758,2.55,0,3.44,1,0,0,5,0,3,2
118,10,15,1.385804745,2.55,0,3.44,1,0,0,5,0,3,2
119,0,21,1.798536569,2.58,3,2.55,0,0,0,0,6,3,3
119,0,11,1.797878344,2.58,3,2.55,0,0,0,0,6,3,3
119,0,1,1.79724526,2.58,3,2.55,0,0,0,0,6,3,3
120,18,29,1.532722161,2.55,0,2.55,0,1,0,5,5,3,4
120,13,29,1.530086293,2.55,0,2.55,0,1,0,6,5,3,4
120,8,29,1.524471227,2.55,0,2.55,0,1,0,6,5,3,4
120,19,31,1.491107779,2.55,0,2.55,0,1,0,5,5,3,3
120,29,30,1.488187306,2.55,0,3.04,2,0,0,5,5,4,3
120,3,4,1.423767275,2.55,0,2.55,0,1,1,6,6,3,2
120,1,3,1.410157446,2.55,0,2.55,0,1,1,6,6,2,3
120,6,8,1.405984613,2.55,0,2.55,0,1,1,6,6,2,3
120,13,14,1.405738993,2.55,0,2.55,0,1,1,6,6,3,2
120,22,24,1.405071885,2.55,0,2.55,0,1,1,6,6,2,2
120,10,12,1.404688536,2.55,0,2.55,0,1,1,6,6,2,3
120,9,16,1.404436546,2.55,0,2.55,0,1,1,6,6,3,2
120,12,13,1.401515577,2.55,0,2.55,0,1,1,6,6,3,3
120,24,26,1.40056904,2.55,0,2.55,0,1,1,6,6,2,2
120,0,8,1.399593769,2.55,0,2.55,0,1,1,6,6,3,3
120,0,1,1.398684721,2.55,0,2.55,0,1,1,6,6,3,2
120,20,22,1.397901206,2.55,0,2.55,0,1,1,6,6,2,2
120,19,20,1.395448959,2.55,0,2.55,0,1,1,5,6,3,2
120,18,19,1.394711777,2.55,0,2.55,0,1,1,5,5,3,3
120,18,26,1.394068694,2.55,0,2.55,0,1,1,5,6,3,2
120,9,10,1.391187329,2.55,0,2.55,0,1,1,6,6,3,2
120,14,16,1.388534846,2.55,0,2.55,0,1,1,6,6,2,2
120,4,6,1.386560189,2.55,0,2.55,0,1,1,6,6,2,2
120,30,31,1.38056327,3.04,2,2.55,0,0,0,5,5,3,3
120,0,28,1.368814833,2.55,0,3.44,1,1,0,6,6,3,2
120,12,28,1.36270567,2.55,0,3.44,1,1,0,6,6,3,2
120,33,34,1.527873081,2.55,0,2.55,0,0,0,0,0,2,2
120,50,52,1.450891006,2.55,0,3.04,2,0,0,0,0,1,2
120,57,62,1.44977706,3.04,2,2.55,0,0,0,0,0,3,1
120,30,33,1.449589066,3.04,2,2.55,0,0,0,5,0,3,2
120,57,58,1.448464548,3.04,2,2.55,0,0,0,0,0,3,1
120,42,43,1.444313674,3.04,2,2.55,0,0,0,0,0,2,1
120,34,37,1.430144106,2.55,0,3.44,1,0,0,0,0,2,2
120,9,48,1.380591093,2.55,0,3.44,1,1,0,6,0,3,2
120,3,57,1.379871244,2.55,0,3.04,2,1,0,6,0,3,3
120,48,49,1.373229053,3.44,1,2.55,0,0,0,0,0,2,3
120,40,42,1.363555742,2.55,0,3.04,2,0,0,0,0,3,2
120,49,52,1.360910711,2.55,0,3.04,2,0,0,0,0,3,2
120,37,40,1.357646129,3.44,1,2.55,0,0,0,0,0,2,3
120,31,32,1.218328089,2.55,0,3.44,1,0,0,5,0,3,1
120,40,41,1.212568191,2.55,0,3.44,1,0,0,0,0,3,1
120,49,51,1.208213488,2.55,0,3.44,1,0,0,0,0,3,1
602,6,7,1.535454967,2.55,0,2.55,0,0,0,6,6,3,3
602,1,3,1.535348939,2.55,0,2.55,0,0,0,6,6,3,3
602,1,2,1.533279403,2.55,0,2.55,0,0,0,6,6,3,3
602,2,6,1.530963214,2.55,0,2.55,0,0,0,6,6,3,3
602,3,5,1.424597348,2.55,0,3.44,1,0,0,6,6,3,2
602,5,7,1.416370354,3.44,1,2.55,0,0,0,6,6,2,3
602,3,17,1.547675335,2.55,0,2.55,0,0,0,6,0,3,2
602,22,29,1.514465202,2.55,0,2.55,0,0,0,0,0,3,1
602,15,25,1.51252093,2.55,0,2.55,0,0,0,0,0,3,1
602,6,14,1.431134282,2.55,0,3.44,1,0,0,6,0,3,2
602,17,20,1.416172128,2.55,0,3.44,1,0,0,0,0,2,2
602,0,1,1.411935098,3.44,1,2.55,0,0,0,0,6,1,3
602,2,11,1.406117897,2.55,0,3.44,1,0,0,6,0,3,1
602,7,9,1.381252974,2.55,0,3.44,1,0,0,6,0,3,1
602,14,15,1.368512856,3.44,1,2.55,0,0,0,0,0,2,3
602,20,22,1.365492284,3.44,1,2.55,0,0,0,0,0,2,3
602,15,24,1.199952115,2.55,0,3.44,1,0,0,0,0,3,1
602,22,23,1.199279691,2.55,0,3.44,1,0,0,0,0,3,1
603,0,1,1.542722252,2.55,0,2.55,0,0,0,6,6,3,3
603,1,4,1.541175037,2.55,0,2.55,0,0,0,6,6,3,3
603,4,5,1.537925957,2.55,0,2.55,0,0,0,6,6,3,3
603,0,2,1.536244869,2.55,0,2.55,0,0,0,6,6,3,3
603,2,3,1.4345749,2.55,0,3.44,1,0,0,6,6,3,2
603,3,5,1.427371339,3.44,1,2.55,0,0,0,6,6,2,3
603,2,16,1.538745841,2.55,0,2.55,0,0,0,6,0,3,2
603,22,23,1.497525971,2.55,0,2.55,0,0,0,0,0,3,1
603,27,28,1.497248701,2.55,0,2.55,0,0,0,0,0,3,1
603,4,11,1.441657763,2.55,0,3.44,1,0,0,6,0,3,2
603,1,13,1.438592584,2.55,0,3.44,1,0,0,6,0,3,1
603,16,19,1.43557305,2.55,0,3.44,1,0,0,0,0,2,2
603,0,8,1.431179477,2.55,0,3.44,1,0,0,6,0,3,1
603,5,6,1.419643705,2.55,0,3.44,1,0,0,6,0,3,1
603,19,27,1.366432616,3.44,1,2.55,0,0,0,0,0,2,3
603,11,22,1.356783683,3.44,1,2.55,0,0,0,0,0,2,3
603,22,32,1.224664618,2.55,0,3.44,1,0,0,0,0,3,1
603,27,33,1.223192412,2.55,0,3.44,1,0,0,0,0,3,1
604,1,2,1.543653517,2.55,0,2.55,0,0,0,0,0,3,1
604,0,13,1.543155377,2.55,0,2.55,0,0,0,0,0,2,2
604,0,1,1.537020488,2.55,0,2.55,0,0,0,0,0,2,3
604,1,5,1.522213813,2.55,0,2.55,0,0,0,0,0,3,3
604,13,14,1.514397881,2.55,0,2.55,0,0,0,0,0,2,3
604,14,16,1.35545551,2.55,0,3.44,1,0,0,0,0,3,1
604,5,7,1.348690522,2.55,0,3.44,1,0,0,0,0,3,1
604,5,6,1.207013407,2.55,0,3.44,1,0,0,0,0,3,1
604,14,15,1.203758642,2.55,0,3.44,1,0,0,0,0,3,1
606,1,6,1.532500201,2.55,0,2.55,0,0,0,0,0,2,2
606,16,18,1.532500132,2.55,0,2.55,0,0,0,0,0,2,2
606,12,16,1.532103806,2.55,0,2.55,0,0,0,0,0,2,2
606,6,10,1.532103752,2.55,0,2.55,0,0,0,0,0,2,2
606,10,12,1.53210119,2.55,0,2.55,0,0,0,0,0,2,2
606,18,22,1.530063869,2.55,0,2.55,0,0,0,0,0,2,1
606,0,1,1.530063802,2.55,0,2.55,0,0,0,0,0,1,2
607,4,5,1.519791251,2.55,0,2.55,0,0,0,0,0,2,2
607,1,2,1.519335669,2.55,0,2.55,0,0,0,0,0,2,2
607,7,8,1.519334393,2.55,0,2.55,0,0,0,0,0,2,2
607,8,9,1.411447969,2.55,0,3.44,1,0,0,0,0,2,1
607,0,1,1.4114471,3.44,1,2.55,0,0,0,0,0,1,2
607,6,7,1.405525321,3.44,1,2.55,0,0,0,0,0,2,2
607,2,3,1.405524481,2.55,0,3.44,1,0,0,0,0,2,2
607,3,4,1.404882733,3.44,1,2.55,0,0,0,0,0,2,2
607,5,6,1.404881072,2.55,0,3.44,1,0,0,0,0,2,2
608,2,3,1.404828331,2.55,0,2.55,0,1,1,6,6,2,3
608,0,5,1.404667171,2.55,0,2.55,0,1,1,6,6,3,2
608,3,4,1.403827222,2.55,0,2.55,0,1,1,6,6,3,2
608,0,1,1.403684987,2.55,0,2.55,0,1,1,6,6,3,2
608,4,5,1.393152113,2.55,0,2.55,0,1,1,6,6,2,2
608,1,2,1.392912946,2.55,0,2.55,0,1,1,6,6,2,2
608,12,13,1.524061575,2.55,0,2.55,0,0,0,0,0,2,2
608,3,9,1.496748115,2.55,0,2.55,0,1,0,6,0,3,3
608,0,6,1.494205507,2.55,0,2.55,0,1,0,6,0,3,3
608,10,12,1.431684601,3.44,1,2.55,0,0,0,0,0,2,2
608,13,14,1.408727057,2.55,0,3.44,1,0,0,0,0,2,1
608,6,7,1.349159025,2.55,0,3.44,1,0,0,0,0,3,1
608,9,10,1.347324704,2.55,0,3.44,1,0,0,0,0,3,2
608,9,11,1.208808348,2.55,0,3.44,1,0,0,0,0,3,1
608,6,8,1.20874264,2.55,0,3.44,1,0,0,0,0,3,1
609,1,5,1.550642079,2.55,0,2.55,0,0,0,0,0,3,2
609,13,21,1.544717384,2.55,0,2.55,0,0,0,0,0,2,2
609,9,13,1.544543552,2.55,0,2.55,0,0,0,0,0,3,2
609,5,9,1.544311703,2.55,0,2.55,0,0,0,0,0,2,3
609,1,7,1.536480708,2.55,0,2.55,0,0,0,0,0,3,1
609,0,1,1.536230546,2.55,0,2.55,0,0,0,0,0,1,3
609,9,12,1.534104417,2.55,0,2.55,0,0,0,0,0,3,1
609,21,24,1.532486825,2.55,0,2.55,0,0,0,0,0,2,1
610,16,23,1.795006758,2.55,0,2.58,3,0,0,6,0,3,4
610,7,22,1.794046083,2.55,0,2.58,3,0,0,6,0,3,4
610,22,30,1.64093639,2.58,3,3.44,1,0,0,0,0,4,1
610,23,28,1.64073577,2.58,3,3.44,1,0,0,0,0,4,1
610,23,25,1.461713756,2.58,3,3.44,1,0,0,0,0,4,1
610,22,27,1.461603547,2.58,3,3.44,1,0,0,0,0,4,1
610,23,24,1.450922066,2.58,3,3.44,1,0,0,0,0,4,1
610,22,26,1.450841638,2.58,3,3.44,1,0,0,0,0,4,1
611,6,11,1.807849023,2.58,3,2.55,0,0,0,0,6,4,3
611,5,6,1.807330255,2.55,0,2.58,3,0,0,6,0,3,4
611,6,22,1.471304072,2.58,3,3.44,1,0,0,0,0,4,1
611,6,23,1.471238536,2.58,3,3.44,1,0,0,0,0,4,1
612,9,10,1.40650497,2.55,0,2.55,0,1,1,6,6,3,2
612,21,30,1.405017705,2.55,0,2.55,0,1,1,6,6,3,2
612,21,22,1.404763353,2.55,0,2.55,0,1,1,6,6,3,2
612,9,18,1.403814303,2.55,0,2.55,0,1,1,6,6,3,2
612,16,18,1.399148616,2.55,0,2.55,0,1,1,6,6,2,2
612,12,14,1.399141789,2.55,0,2.55,0,1,1,6,6,2,2
612,26,28,1.398518138,2.55,0,2.55,0,1,1,6,6,2,2
612,24,26,1.39831616,2.55,0,2.55,0,1,1,6,6,2,2
612,22,24,1.398087405,2.55,0,2.55,0,1,1,6,6,2,2
612,28,30,1.398012433,2.55,0,2.55,0,1,1,6,6,2,2
612,10,12,1.397309386,2.55,0,2.55,0,1,1,6,6,2,2
612,14,16,1.397082138,2.55,0,2.55,0,1,1,6,6,2,2
612,1,5,1.544311921,2.55,0,2.55,0,0,0,0,0,3,2
612,0,1,1.539496622,2.55,0,2.55,0,0,0,0,0,1,3
612,5,8,1.539216265,2.55,0,2.55,0,0,0,0,0,2,2
612,1,9,1.524529414,2.55,0,2.55,0,0,1,0,6,3,3
612,8,21,1.513566416,2.55,0,2.55,0,0,1,0,6,2,3
614,12,16,1.537561371,2.55,0,2.55,0,0,0,0,0,3,2
614,6,10,1.532760484,2.55,0,2.55,0,0,0,0,0,3,2
614,10,12,1.531975359,2.55,0,2.55,0,0,0,0,0,2,3
614,0,1,1.530275726,2.55,0,2.55,0,0,0,0,0,2,2
614,16,18,1.528564534,2.55,0,2.55,0,0,0,0,0,2,3
614,1,6,1.527548457,2.55,0,2.55,0,0,0,0,0,2,3
614,18,22,1.522615321,2.55,0,2.55,0,0,0,0,0,3,1
616,34,36,1.550458288,2.55,0,2.55,0,0,0,5,5,3,3
616,20,36,1.547860949,2.55,0,2.55,0,0,0,5,5,2,3
616,21,34,1.540689784,2.55,0,2.55,0,0,0,5,5,3,3
616,29,40,1.528915896,2.55,0,2.55,0,0,0,5,5,3,2
616,21,29,1.52407667,2.55,0,2.55,0,0,0,5,5,3,3
616,34,43,1.424972773,2.55,0,3.44,1,0,0,5,5,3,2
616,40,43,1.42481771,2.55,0,3.44,1,0,0,5,5,2,2
616,19,21,1.422549149,3.44,1,2.55,0,0,0,5,5,2,3
616,19,20,1.414408086,3.44,1,2.55,0,0,0,5,5,2,2
616,13,25,1.526629458,2.55,0,2.55,0,0,0,0,0,2,2
616,6,7,1.525771918,2.55,0,2.55,0,0,0,0,0,2,2
616,7,8,1.51346794,2.55,0,2.55,0,0,0,0,0,2,3
616,0,3,1.497495095,2.55,0,2.55,0,0,0,0,0,1,2
616,6,14,1.45218296,2.55,0,3.04,2,0,0,0,0,2,2
616,25,37,1.448190017,2.55,0,3.04,2,0,0,0,0,2,2
616,26,32,1.445640799,3.04,2,2.55,0,0,0,0,0,2,1
616,36,39,1.43269377,2.55,0,3.44,1,0,0,5,0,3,2
616,11,13,1.431492773,3.44,1,2.55,0,0,0,0,0,2,2
616,23,29,1.431333281,3.44,1,2.55,0,0,0,0,5,2,3
616,31,37,1.363260126,2.55,0,3.04,2,0,0,0,0,3,2
616,23,30,1.362506025,3.44,1,2.55,0,0,0,0,0,2,3
616,26,30,1.360169596,3.04,2,2.55,0,0,0,0,0,2,3
616,31,39,1.354498843,2.55,0,3.44,1,0,0,0,0,3,2
616,5,14,1.354377229,3.04,2,3.04,2,0,0,0,0,2,2
616,8,11,1.350035849,2.55,0,3.44,1,0,0,0,0,3,2
616,3,5,1.278312033,2.55,0,3.04,2,0,0,0,0,2,2
616,18,31,1.214959311,3.44,1,2.55,0,0,0,0,0,1,3
616,30,38,1.212915963,2.55,0,3.44,1,0,0,0,0,3,1
616,8,12,1.205895648,2.55,0,3.44,1,0,0,0,0,3,1
617,34,36,1.550926542,2.55,0,2.55,0,0,0,5,5,3,3
617,20,36,1.547885733,2.55,0,2.55,0,0,0,5,5,2,3
617,21,34,1.540725369,2.55,0,2.55,0,0,0,5,5,3,3
617,29,40,1.528914149,2.55,0,2.55,0,0,0,5,5,3,2
617,21,29,1.523778176,2.55,0,2.55,0,0,0,5,5,3,3
617,40,43,1.424905356,2.55,0,3.44,1,0,0,5,5,2,2
617,34,43,1.424653262,2.55,0,3.44,1,0,0,5,5,3,2
617,19,21,1.422631681,3.44,1,2.55,0,0,0,5,5,2,3
617,19,20,1.414621887,3.44,1,2.55,0,0,0,5,5,2,2
617,13,25,1.526581557,2.55,0,2.55,0,0,0,0,0,2,2
617,6,7,1.519758009,2.55,0,2.55,0,0,0,0,0,2,2
617,7,8,1.512040981,2.55,0,2.55,0,0,0,0,0,2,3
617,0,3,1.494998129,2.55,0,2.55,0,0,0,0,0,1,2
617,25,37,1.4483337,2.55,0,3.04,2,0,0,0,0,2,2
617,26,32,1.445767256,3.04,2,2.55,0,0,0,0,0,2,1
617,36,39,1.432666072,2.55,0,3.44,1,0,0,5,0,3,2
617,11,13,1.43175912,3.44,1,2.55,0,0,0,0,0,2,2
617,23,29,1.431283776,3.44,1,2.55,0,0,0,0,5,2,3
617,6,14,1.419988736,2.55,0,3.44,1,0,0,0,0,2,2
617,5,14,1.385510635,3.04,2,3.44,1,0,0,0,0,2,2
617,31,37,1.363250847,2.55,0,3.04,2,0,0,0,0,3,2
617,23,30,1.362582775,3.44,1,2.55,0,0,0,0,0,2,3
617,26,30,1.359961669,3.04,2,2.55,0,0,0,0,0,2,3
617,31,39,1.35470443,2.55,0,3.44,1,0,0,0,0,3,2
617,8,11,1.348678432,2.55,0,3.44,1,0,0,0,0,3,2
617,3,5,1.275133039,2.55,0,3.04,2,0,0,0,0,2,2
617,18,31,1.215007796,3.44,1,2.55,0,0,0,0,0,1,3
617,30,38,1.2129188,2.55,0,3.44,1,0,0,0,0,3,1
617,8,12,1.206412228,2.55,0,3.44,1,0,0,0,0,3,1
618,3,6,1.833992568,2.55,0,2.58,3,0,0,0,0,2,2
618,6,8,1.830957178,2.58,3,2.55,0,0,0,0,0,2,2
619,6,8,2.098079232,2.58,3,2.58,3,0,0,0,0,2,2
619,8,9,1.881062572,2.58,3,2.55,0,0,0,0,0,2,2
619,3,6,1.85813816,2.55,0,2.58,3,0,0,0,0,2,2
620,28,30,1.550205198,2.55,0,2.55,0,0,0,5,5,3,3
620,30,42,1.548307587,2.55,0,2.55,0,0,0,5,5,3,2
620,28,39,1.540060191,2.55,0,2.55,0,0,0,5,5,3,3
620,19,35,1.528760768,2.55,0,2.55,0,0,0,5,5,2,3
620,35,39,1.523849617,2.55,0,2.55,0,0,0,5,5,3,3
620,18,28,1.425481816,3.44,1,2.55,0,0,0,5,5,2,3
620,18,19,1.42500318,3.44,1,2.55,0,0,0,5,5,2,2
620,39,43,1.422755396,2.55,0,3.44,1,0,0,5,5,3,2
620,42,43,1.414738283,2.55,0,3.44,1,0,0,5,5,2,2
620,13,36,1.533004782,2.55,0,2.55,0,0,0,0,0,2,2
620,6,7,1.529393547,2.55,0,2.55,0,0,0,0,0,2,2
620,7,8,1.512341008,2.55,0,2.55,0,0,0,0,0,2,3
620,0,3,1.49907112,2.55,0,2.55,0,0,0,0,0,1,2
620,5,6,1.447632781,3.04,2,2.55,0,0,0,0,0,2,2
620,27,36,1.446762252,3.04,2,2.55,0,0,0,0,0,2,2
620,21,31,1.445594487,2.55,0,3.04,2,0,0,0,0,1,2
620,26,30,1.432677052,3.44,1,2.55,0,0,0,0,5,2,3
620,11,13,1.431713534,3.44,1,2.55,0,0,0,0,0,2,2
620,35,37,1.431288169,2.55,0,3.44,1,0,0,5,0,3,2
620,27,34,1.364159077,3.04,2,2.55,0,0,0,0,0,2,3
620,29,37,1.362149731,2.55,0,3.44,1,0,0,0,0,3,2
620,29,31,1.360223022,2.55,0,3.04,2,0,0,0,0,3,2
620,26,34,1.356108188,3.44,1,2.55,0,0,0,0,0,2,3
620,8,11,1.353743743,2.55,0,3.44,1,0,0,0,0,3,2
620,3,5,1.267984821,2.55,0,3.04,2,0,0,0,0,2,2
620,34,41,1.213630717,2.55,0,3.44,1,0,0,0,0,3,1
620,25,29,1.213077097,3.44,1,2.55,0,0,0,0,0,1,3
620,8,12,1.205945711,2.55,0,3.44,1,0,0,0,0,3,1
622,19,22,2.090537584,2.58,3,2.58,3,0,0,0,0,2,2
622,22,23,1.851779392,2.58,3,2.55,0,0,0,0,0,2,2
622,17,19,1.839046474,2.55,0,2.58,3,0,0,0,0,2,2
623,26,27,1.576623085,2.55,0,2.55,0,0,0,5,5,3,4
623,25,26,1.575139394,2.55,0,2.55,0,0,0,5,5,3,3
623,24,25,1.570036424,2.55,0,2.55,0,0,0,5,5,4,3
623,24,52,1.545725257,2.55,0,2.55,0,0,0,5,5,4,3
623,27,52,1.544675805,2.55,0,2.55,0,0,0,5,5,4,3
623,22,24,1.538493843,2.55,0,2.55,0,0,0,5,5,3,4
623,23,27,1.536312756,2.55,0,2.55,0,0,0,5,5,3,4
623,11,12,1.409838041,2.55,0,2.55,0,1,1,6,6,3,2
623,4,5,1.409578546,2.55,0,2.55,0,1,1,6,6,2,3
623,11,16,1.408370852,2.55,0,2.55,0,1,1,6,6,3,2
623,0,5,1.407657485,2.55,0,2.55,0,1,1,6,6,2,3
623,2,3,1.39910293,2.55,0,2.55,0,1,1,6,6,2,2
623,13,14,1.398187977,2.55,0,2.55,0,1,1,6,6,2,2
623,13,15,1.398153096,2.55,0,2.55,0,1,1,6,6,2,2
623,1,2,1.3979508,2.55,0,2.55,0,1,1,6,6,2,2
623,0,1,1.397944391,2.55,0,2.55,0,1,1,6,6,2,2
623,15,16,1.397363301,2.55,0,2.55,0,1,1,6,6,2,2
623,12,14,1.396165424,2.55,0,2.55,0,1,1,6,6,2,2
623,3,4,1.396115586,2.55,0,2.55,0,1,1,6,6,2,2
623,22,23,1.366582756,2.55,0,2.55,0,0,0,5,5,3,3
623,25,36,1.522971816,2.55,0,2.55,0,0,0,5,0,3,3
623,26,43,1.519217374,2.55,0,2.55,0,0,0,5,0,3,3
623,24,32,1.518739061,2.55,0,2.55,0,0,0,5,0,4,1
623,27,28,1.517568379,2.55,0,2.55,0,0,0,5,0,4,1
623,11,23,1.48468213,2.55,0,2.55,0,1,0,6,5,3,3
623,5,22,1.48268768,2.55,0,2.55,0,1,0,6,5,3,3
623,38,39,1.431119006,3.44,1,2.55,0,0,0,0,0,2,1
623,45,46,1.429231516,3.44,1,2.55,0,0,0,0,0,2,1
623,43,45,1.339798348,2.55,0,3.44,1,0,0,0,0,3,2
623,36,38,1.338204292,2.55,0,3.44,1,0,0,0,0,3,2
623,43,51,1.209633568,2.55,0,3.44,1,0,0,0,0,3,1
623,36,50,1.208178866,2.55,0,3.44,1,0,0,0,0,3,1
623,52,53,1.198103524,2.55,0,3.44,1,0,0,5,0,3,1
624,22,23,1.588060251,2.55,0,2.55,0,0,0,5,5,4,3
624,24,25,1.569255347,2.55,0,2.55,0,0,0,5,5,3,4
624,23,24,1.564381778,2.55,0,2.55,0,0,0,5,5,3,3
624,25,50,1.545067088,2.55,0,2.55,0,0,0,5,5,4,3
624,22,50,1.542321749,2.55,0,2.55,0,0,0,5,5,4,3
624,21,25,1.540206214,2.55,0,2.55,0,0,0,5,5,3,4
624,20,22,1.538419922,2.55,0,2.55,0,0,0,5,5,3,4
624,10,11,1.413555524,2.55,0,2.55,0,1,1,6,6,3,2
624,4,5,1.41347377,2.55,0,2.55,0,1,1,6,6,2,3
624,2,3,1.406616583,2.55,0,2.55,0,1,1,6,6,3,2
624,12,13,1.406534019,2.55,0,2.55,0,1,1,6,6,3,2
624,10,15,1.40521236,2.55,0,2.55,0,1,1,6,6,3,2
624,0,5,1.404586281,2.55,0,2.55,0,1,1,6,6,2,3
624,12,14,1.402805318,2.55,0,2.55,0,1,1,6,6,3,2
624,1,2,1.402790182,2.55,0,2.55,0,1,1,6,6,2,3
624,0,1,1.399827906,2.55,0,2.55,0,1,1,6,6,2,2
624,14,15,1.39911611,2.55,0,2.55,0,1,1,6,6,2,2
624,3,4,1.389692945,2.55,0,2.55,0,1,1,6,6,2,2
624,11,13,1.388671773,2.55,0,2.55,0,1,1,6,6,2,2
624,20,21,1.368731219,2.55,0,2.55,0,0,0,5,5,3,3
624,24,41,1.520079742,2.55,0,2.55,0,0,0,5,0,3,3
624,25,26,1.517851667,2.55,0,2.55,0,0,0,5,0,4,1
624,23,34,1.517102411,2.55,0,2.55,0,0,0,5,0,3,3
624,22,30,1.516537031,2.55,0,2.55,0,0,0,5,0,4,1
624,5,20,1.483384104,2.55,0,2.55,0,1,0,6,5,3,3
624,10,21,1.480486926,2.55,0,2.55,0,1,0,6,5,3,3
624,36,37,1.430816532,3.44,1,2.55,0,0,0,0,0,2,1
624,43,44,1.428088786,3.44,1,2.55,0,0,0,0,0,2,1
624,53,54,1.409345209,3.44,1,2.55,0,0,0,0,0,2,1
624,52,58,1.409275512,3.44,1,2.55,0,0,0,0,0,2,1
624,12,52,1.357956359,2.55,0,3.44,1,1,0,6,0,3,2
624,2,53,1.357612642,2.55,0,3.44,1,1,0,6,0,3,2
624,41,43,1.345657128,2.55,0,3.44,1,0,0,0,0,3,2
624,34,36,1.343679365,2.55,0,3.44,1,0,0,0,0,3,2
624,34,48,1.208707912,2.55,0,3.44,1,0,0,0,0,3,1
624,41,49,1.206525586,2.55,0,3.44,1,0,0,0,0,3,1
624,50,51,1.198731985,2.55,0,3.44,1,0,0,5,0,3,1
625,22,23,1.588096446,2.55,0,2.55,0,0,0,5,5,4,3
625,24,25,1.568672584,2.55,0,2.55,0,0,0,5,5,3,4
625,23,24,1.564895823,2.55,0,2.55,0,0,0,5,5,3,3
625,25,50,1.544423154,2.55,0,2.55,0,0,0,5,5,4,3
625,21,25,1.541363667,2.55,0,2.55,0,0,0,5,5,3,4
625,22,50,1.541115295,2.55,0,2.55,0,0,0,5,5,4,3
625,20,22,1.538554894,2.55,0,2.55,0,0,0,5,5,3,4
625,12,13,1.417873076,2.55,0,2.55,0,1,1,6,6,3,2
625,2,3,1.41785826,2.55,0,2.55,0,1,1,6,6,3,2
625,12,14,1.416999705,2.55,0,2.55,0,1,1,6,6,3,2
625,1,2,1.416888986,2.55,0,2.55,0,1,1,6,6,2,3
625,10,11,1.409535789,2.55,0,2.55,0,1,1,6,6,3,2
625,4,5,1.409025556,2.55,0,2.55,0,1,1,6,6,2,3
625,10,15,1.408499229,2.55,0,2.55,0,1,1,6,6,3,2
625,0,5,1.407344997,2.55,0,2.55,0,1,1,6,6,2,3
625,0,1,1.393737233,2.55,0,2.55,0,1,1,6,6,2,2
625,14,15,1.392756643,2.55,0,2.55,0,1,1,6,6,2,2
625,3,4,1.392320905,2.55,0,2.55,0,1,1,6,6,2,2
625,11,13,1.391004913,2.55,0,2.55,0,1,1,6,6,2,2
625,20,21,1.37003203,2.55,0,2.55,0,0,0,5,5,3,3
625,24,41,1.519384519,2.55,0,2.55,0,0,0,5,0,3,3
625,25,26,1.517957957,2.55,0,2.55,0,0,0,5,0,4,1
625,22,30,1.516610536,2.55,0,2.55,0,0,0,5,0,4,1
625,23,34,1.516242186,2.55,0,2.55,0,0,0,5,0,3,3
625,5,20,1.482287611,2.55,0,2.55,0,1,0,6,5,3,3
625,10,21,1.478304948,2.55,0,2.55,0,1,0,6,5,3,3
625,53,66,1.447610914,3.04,2,2.55,0,0,0,0,0,3,1
625,52,58,1.447446038,3.04,2,2.55,0,0,0,0,0,3,1
625,53,54,1.447383616,3.04,2,2.55,0,0,0,0,0,3,1
625,52,62,1.447158809,3.04,2,2.55,0,0,0,0,0,3,1
625,36,37,1.429892225,3.44,1,2.55,0,0,0,0,0,2,1
625,43,44,1.427478438,3.44,1,2.55,0,0,0,0,0,2,1
625,2,53,1.38515286,2.55,0,3.04,2,1,0,6,0,3,3
625,12,52,1.384615667,2.55,0,3.04,2,1,0,6,0,3,3
625,41,43,1.347132336,2.55,0,3.44,1,0,0,0,0,3,2
625,34,36,1.344904041,2.55,0,3.44,1,0,0,0,0,3,2
625,34,48,1.208649376,2.55,0,3.44,1,0,0,0,0,3,1
625,41,49,1.206156356,2.55,0,3.44,1,0,0,0,0,3,1
625,50,51,1.199538257,2.55,0,3.44,1,0,0,5,0,3,1
626,5,8,1.565173678,2.55,0,2.55,0,0,0,5,5,4,3
626,2,8,1.564800459,2.55,0,2.55,0,0,0,5,5,4,3
626,4,5,1.550657597,2.55,0,2.55,0,0,0,5,5,3,4
626,2,3,1.54987621,2.55,0,2.55,0,0,0,5,5,4,3
626,1,5,1.538514406,2.55,0,2.55,0,1,0,5,5,3,4
626,0,2,1.537825674,2.55,0,2.55,0,1,0,5,5,3,4
626,53,54,1.461125317,2.55,0,2.55,0,0,0,6,6,3,3
626,3,55,1.440119372,2.55,0,2.55,0,0,0,5,6,3,3
626,4,52,1.439823125,2.55,0,2.55,0,0,0,5,6,3,3
626,54,55,1.434091757,2.55,0,2.55,0,0,0,6,6,3,3
626,52,53,1.433788881,2.55,0,2.55,0,0,0,6,6,3,3
626,55,57,1.420272752,2.55,0,2.55,0,0,0,6,6,3,2
626,52,67,1.420103285,2.55,0,2.55,0,0,0,6,6,3,2
626,53,64,1.417936648,2.55,0,2.55,0,0,0,6,6,3,2
626,54,56,1.417748779,2.55,0,2.55,0,0,0,6,6,3,2
626,0,1,1.417333408,2.55,0,2.55,0,1,1,5,5,3,3
626,6,27,1.410899117,2.55,0,2.55,0,0,0,6,6,3,2
626,7,18,1.410616268,2.55,0,2.55,0,0,0,6,6,3,2
626,65,66,1.407499512,2.55,0,2.55,0,0,0,6,6,2,2
626,58,59,1.407449472,2.55,0,2.55,0,0,0,6,6,2,2
626,21,22,1.407286037,2.55,0,2.55,0,0,0,6,6,3,2
626,28,29,1.407257245,2.55,0,2.55,0,0,0,6,6,2,3
626,11,12,1.403127672,2.55,0,2.55,0,1,1,6,6,2,2
626,10,13,1.403016872,2.55,0,2.55,0,1,1,6,6,2,2
626,30,31,1.402084976,2.55,0,2.55,0,0,0,6,6,2,2
626,19,20,1.401865149,2.55,0,2.55,0,0,0,6,6,2,2
626,20,21,1.401180998,2.55,0,2.55,0,0,0,6,6,2,3
626,29,30,1.4011128,2.55,0,2.55,0,0,0,6,6,3,2
626,7,19,1.39962293,2.55,0,2.55,0,0,0,6,6,3,2
626,6,31,1.399329711,2.55,0,2.55,0,0,0,6,6,3,2
626,12,13,1.39689063,2.55,0,2.55,0,1,1,6,6,2,2
626,1,11,1.394302591,2.55,0,2.55,0,1,1,5,6,3,2
626,0,10,1.393896611,2.55,0,2.55,0,1,1,5,6,3,2
626,18,22,1.388149078,2.55,0,2.55,0,0,0,6,6,2,2
626,27,28,1.387882892,2.55,0,2.55,0,0,0,6,6,2,2
626,56,59,1.384529755,2.55,0,2.55,0,0,0,6,6,2,2
626,64,65,1.384494166,2.55,0,2.55,0,0,0,6,6,2,2
626,57,58,1.38349371,2.55,0,2.55,0,0,0,6,6,2,2
626,66,67,1.383359633,2.55,0,2.55,0,0,0,6,6,2,2
626,3,4,1.383253716,2.55,0,2.55,0,0,0,5,5,3,3
626,37,38,1.51726823,2.55,0,2.55,0,0,0,0,0,2,1
626,45,46,1.517147876,2.55,0,2.55,0,0,0,0,0,2,1
626,5,6,1.510836799,2.55,0,2.55,0,0,0,5,6,4,3
626,2,7,1.510699862,2.55,0,2.55,0,0,0,5,6,4,3
626,36,37,1.418896638,3.44,1,2.55,0,0,0,0,0,2,2
626,44,45,1.418794007,3.44,1,2.55,0,0,0,0,0,2,2
626,21,44,1.356576239,2.55,0,3.44,1,0,0,6,0,3,2
626,29,36,1.356466687,2.55,0,3.44,1,0,0,6,0,3,2
626,8,9,1.189181009,2.55,0,3.44,1,0,0,5,0,3,1
627,3,4,1.833611426,2.55,0,2.58,3,0,0,5,5,3,4
627,2,4,1.827592062,2.55,0,2.58,3,0,0,5,5,3,4
627,4,5,1.481610359,2.58,3,3.44,1,0,0,5,0,4,1
627,4,32,1.472147144,2.58,3,3.44,1,0,0,5,0,4,1
628,25,26,1.591772421,2.55,0,2.55,0,0,0,5,5,3,3
628,24,25,1.585232245,2.55,0,2.55,0,0,0,5,5,4,3
628,26,27,1.584820614,2.55,0,2.55,0,0,0,5,5,3,4
628,24,50,1.543030006,2.55,0,2.55,0,0,0,5,5,4,3
628,27,50,1.538196695,2.55,0,2.55,0,0,0,5,5,4,3
628,23,27,1.535558107,2.55,0,2.55,0,0,0,5,5,3,4
628,22,24,1.533744881,2.55,0,2.55,0,0,0,5,5,3,4
628,4,5,1.40975979,2.55,0,2.55,0,1,1,6,6,2,3
628,0,5,1.409041787,2.55,0,2.55,0,1,1,6,6,2,3
628,11,16,1.408865663,2.55,0,2.55,0,1,1,6,6,3,2
628,11,12,1.407976637,2.55,0,2.55,0,1,1,6,6,3,2
628,13,15,1.398911752,2.55,0,2.55,0,1,1,6,6,2,2
628,2,3,1.398667802,2.55,0,2.55,0,1,1,6,6,2,2
628,1,2,1.398168118,2.55,0,2.55,0,1,1,6,6,2,2
628,12,14,1.397904822,2.55,0,2.55,0,1,1,6,6,2,2
628,13,14,1.39772629,2.55,0,2.55,0,1,1,6,6,2,2
628,0,1,1.397286753,2.55,0,2.55,0,1,1,6,6,2,2
628,15,16,1.396401446,2.55,0,2.55,0,1,1,6,6,2,2
628,3,4,1.395971221,2.55,0,2.55,0,1,1,6,6,2,2
628,22,23,1.366804471,2.55,0,2.55,0,0,0,5,5,3,3
628,24,32,1.516989809,2.55,0,2.55,0,0,0,5,0,4,1
628,27,28,1.5162135,2.55,0,2.55,0,0,0,5,0,4,1
628,11,23,1.484088482,2.55,0,2.55,0,1,0,6,5,3,3
628,5,22,1.481360549,2.55,0,2.55,0,1,0,6,5,3,3
628,38,39,1.460044395,2.55,0,2.55,0,0,0,0,0,2,1
628,45,46,1.459599945,2.55,0,2.55,0,0,0,0,0,2,1
628,26,43,1.458327053,2.55,0,2.55,0,0,0,5,0,3,2
628,25,36,1.457970232,2.55,0,2.55,0,0,0,5,0,3,2
628,36,38,1.213756407,2.55,0,2.55,0,0,0,0,0,2,2
628,43,45,1.213271679,2.55,0,2.55,0,0,0,0,0,2,2
628,50,51,1.199120756,2.55,0,3.44,1,0,0,5,0,3,1
630,27,40,1.624416177,2.55,0,3.04,2,0,0,5,5,4,3
630,24,40,1.597730863,2.55,0,3.04,2,0,0,5,5,4,3
630,25,26,1.582511442,2.55,0,2.55,0,0,0,5,5,3,3
630,24,25,1.561892199,2.55,0,2.55,0,0,0,5,5,4,3
630,26,27,1.559656917,2.55,0,2.55,0,0,0,5,5,3,4
630,22,24,1.513501259,2.55,0,2.55,0,0,0,5,5,3,4
630,23,27,1.506206671,2.55,0,2.55,0,0,0,5,5,3,4
630,4,5,1.410144136,2.55,0,2.55,0,1,1,6,6,2,3
630,11,12,1.409904255,2.55,0,2.55,0,1,1,6,6,3,2
630,0,5,1.409400509,2.55,0,2.55,0,1,1,6,6,2,3
630,11,16,1.408770105,2.55,0,2.55,0,1,1,6,6,3,2
630,13,14,1.399005586,2.55,0,2.55,0,1,1,6,6,2,2
630,2,3,1.398478557,2.55,0,2.55,0,1,1,6,6,2,2
630,1,2,1.397847226,2.55,0,2.55,0,1,1,6,6,2,2
630,0,1,1.397663039,2.55,0,2.55,0,1,1,6,6,2,2
630,13,15,1.397486914,2.55,0,2.55,0,1,1,6,6,2,2
630,15,16,1.39733098,2.55,0,2.55,0,1,1,6,6,2,2
630,3,4,1.396032617,2.55,0,2.55,0,1,1,6,6,2,2
630,12,14,1.395716123,2.55,0,2.55,0,1,1,6,6,2,2
630,22,23,1.373011426,2.55,0,2.55,0,0,0,5,5,3,3
630,48,49,1.535901875,2.55,0,2.55,0,0,0,0,0,3,3
630,60,61,1.535784232,2.55,0,2.55,0,0,0,0,0,3,3
630,25,36,1.53069732,2.55,0,2.55,0,0,0,5,0,3,2
630,61,66,1.525542942,2.55,0,2.55,0,0,0,0,0,3,1
630,49,54,1.524446898,2.55,0,2.55,0,0,0,0,0,3,1
630,26,38,1.524083676,2.55,0,2.55,0,0,0,5,0,3,2
630,49,50,1.522525113,2.55,0,2.55,0,0,0,0,0,3,1
630,61,62,1.522245303,2.55,0,2.55,0,0,0,0,0,3,1
630,24,32,1.509586361,2.55,0,2.55,0,0,0,5,0,4,1
630,27,28,1.508946052,2.55,0,2.55,0,0,0,5,0,4,1
630,5,22,1.4850077,2.55,0,2.55,0,1,0,6,5,3,3
630,11,23,1.48388541,2.55,0,2.55,0,1,0,6,5,3,3
630,36,42,1.440720592,2.55,0,3.44,1,0,0,0,0,2,2
630,38,45,1.439871621,2.55,0,3.44,1,0,0,0,0,2,2
630,42,48,1.345436075,3.44,1,2.55,0,0,0,0,0,2,3
630,45,60,1.344174331,3.44,1,2.55,0,0,0,0,0,2,3
630,48,59,1.205768675,2.55,0,3.44,1,0,0,0,0,3,1
630,60,71,1.205246882,2.55,0,3.44,1,0,0,0,0,3,1
630,40,41,1.172474216,3.04,2,3.04,2,0,0,5,0,3,1
631,27,40,1.901330757,2.55,0,2.58,3,0,0,5,5,4,4
631,24,40,1.887318073,2.55,0,2.58,3,0,0,5,5,4,4
631,40,72,1.474553457,2.58,3,3.44,1,0,0,5,0,4,1
631,40,41,1.471651397,2.58,3,3.44,1,0,0,5,0,4,1
632,24,25,1.588332022,2.55,0,2.55,0,0,0,5,5,4,3
632,25,26,1.58485396,2.55,0,2.55,0,0,0,5,5,3,3
632,26,27,1.577855747,2.55,0,2.55,0,0,0,5,5,3,4
632,24,42,1.539390743,2.55,0,2.55,0,0,0,5,5,4,3
632,22,24,1.538634044,2.55,0,2.55,0,0,0,5,5,3,4
632,27,42,1.53799212,2.55,0,2.55,0,0,0,5,5,4,3
632,23,27,1.535724502,2.55,0,2.55,0,0,0,5,5,3,4
632,4,5,1.409725165,2.55,0,2.55,0,1,1,6,6,2,3
632,11,12,1.409583072,2.55,0,2.55,0,1,1,6,6,3,2
632,0,5,1.40949107,2.55,0,2.55,0,1,1,6,6,2,3
632,11,16,1.408894952,2.55,0,2.55,0,1,1,6,6,3,2
632,13,14,1.3987233,2.55,0,2.55,0,1,1,6,6,2,2
632,2,3,1.398515625,2.55,0,2.55,0,1,1,6,6,2,2
632,13,15,1.397897196,2.55,0,2.55,0,1,1,6,6,2,2
632,1,2,1.397839371,2.55,0,2.55,0,1,1,6,6,2,2
632,0,1,1.397567152,2.55,0,2.55,0,1,1,6,6,2,2
632,15,16,1.39745627,2.55,0,2.55,0,1,1,6,6,2,2
632,3,4,1.396177564,2.55,0,2.55,0,1,1,6,6,2,2
632,12,14,1.396013393,2.55,0,2.55,0,1,1,6,6,2,2
632,22,23,1.368015289,2.55,0,2.55,0,0,0,5,5,3,3
632,25,36,1.537659349,2.55,0,2.55,0,0,0,5,0,3,2
632,26,39,1.537185222,2.55,0,2.55,0,0,0,5,0,3,2
632,39,41,1.533442971,2.55,0,2.55,0,0,0,0,0,2,1
632,36,38,1.532092818,2.55,0,2.55,0,0,0,0,0,2,1
632,24,32,1.520960887,2.55,0,2.55,0,0,0,5,0,4,1
632,27,28,1.518265859,2.55,0,2.55,0,0,0,5,0,4,1
632,5,22,1.484117737,2.55,0,2.55,0,1,0,6,5,3,3
632,11,23,1.482618198,2.55,0,2.55,0,1,0,6,5,3,3
632,42,43,1.199454125,2.55,0,3.44,1,0,0,5,0,3,1
701,19,21,1.590465657,2.55,0,2.55,0,0,0,5,5,4,4
701,15,21,1.522614362,2.55,0,2.55,0,0,0,5,5,3,4
701,18,19,1.509998502,2.55,0,2.55,0,0,0,6,5,2,4
701,19,22,1.465898665,2.55,0,3.04,2,0,0,5,5,4,3
701,2,17,1.456380589,2.55,0,2.55,0,1,0,6,6,3,2
701,19,20,1.441549776,2.55,0,3.44,1,0,0,5,6,4,2
701,1,2,1.412784366,2.55,0,2.55,0,1,1,6,6,3,3
701,0,1,1.41045292,2.55,0,2.55,0,1,1,6,6,3,3
701,15,16,1.408558042,2.55,0,2.55,0,0,0,5,5,3,3
701,12,13,1.407011576,2.55,0,2.55,0,0,0,6,6,3,2
701,9,10,1.404769362,2.55,0,2.55,0,0,0,6,6,2,2
701,2,3,1.399383228,2.55,0,2.55,0,1,1,6,6,3,2
701,5,6,1.397894251,2.55,0,2.55,0,1,1,6,6,3,2
701,10,12,1.396925634,2.55,0,2.55,0,0,0,6,6,2,3
701,9,16,1.396436765,2.55,0,2.55,0,0,0,6,5,2,3
701,16,22,1.393650471,2.55,0,3.04,2,0,0,5,5,3,3
701,3,5,1.392830083,2.55,0,2.55,0,1,1,6,6,2,3
701,0,6,1.388535513,2.55,0,2.55,0,1,1,6,6,3,2
701,13,15,1.385219856,2.55,0,2.55,0,0,0,6,5,2,3
701,1,20,1.343844067,2.55,0,3.44,1,1,0,6,6,3,2
701,17,18,1.342150902,2.55,0,2.55,0,0,0,6,6,2,2
701,21,23,1.545909638,2.55,0,2.55,0,0,0,5,0,4,1
701,21,27,1.533871542,2.55,0,2.55,0,0,0,5,0,4,1
701,35,36,1.509420514,2.55,0,2.55,0,0,0,0,0,3,1
701,42,43,1.503855798,2.55,0,2.55,0,0,0,0,0,3,1
701,5,31,1.471170887,2.55,0,3.04,2,1,0,6,0,3,3
701,22,48,1.445194174,3.04,2,2.55,0,0,0,5,0,3,1
701,12,34,1.392946878,2.55,0,3.44,1,0,0,6,0,3,2
701,0,41,1.381228368,2.55,0,3.44,1,1,0,6,0,3,2
701,41,42,1.373939322,3.44,1,2.55,0,0,0,0,0,2,3
701,34,35,1.361393582,3.44,1,2.55,0,0,0,0,0,2,3
701,31,32,1.222015444,3.04,2,3.44,1,0,0,0,0,3,1
701,31,33,1.221769211,3.04,2,3.44,1,0,0,0,0,3,1
701,35,40,1.20236482,2.55,0,3.44,1,0,0,0,0,3,1
701,42,47,1.199311105,2.55,0,3.44,1,0,0,0,0,3,1
702,19,21,1.589922331,2.55,0,2.55,0,0,0,5,5,4,4
702,15,21,1.522193594,2.55,0,2.55,0,1,0,5,5,3,4
702,18,19,1.502977395,2.55,0,2.55,0,0,0,6,5,2,4
702,19,20,1.470982751,2.55,0,3.44,1,0,0,5,6,4,2
702,2,17,1.455855341,2.55,0,2.55,0,0,0,6,6,3,2
702,19,22,1.449494126,2.55,0,3.04,2,0,0,5,5,4,3
702,0,1,1.416340893,2.55,0,2.55,0,0,0,6,6,3,3
702,1,2,1.412577788,2.55,0,2.55,0,0,0,6,6,3,3
702,15,16,1.406855327,2.55,0,2.55,0,1,1,5,5,3,3
702,12,13,1.406819402,2.55,0,2.55,0,1,1,6,6,2,2
702,9,10,1.404655057,2.55,0,2.55,0,1,1,6,6,2,2
702,16,22,1.400914016,2.55,0,3.04,2,1,0,5,5,3,3
702,5,6,1.400319801,2.55,0,2.55,0,0,0,6,6,3,2
702,2,3,1.39877397,2.55,0,2.55,0,0,0,6,6,3,2
702,9,16,1.39713717,2.55,0,2.55,0,1,1,6,5,2,3
702,10,12,1.396511624,2.55,0,2.55,0,1,1,6,6,2,2
702,0,6,1.394949466,2.55,0,2.55,0,0,0,6,6,3,2
702,3,5,1.391586879,2.55,0,2.55,0,0,0,6,6,2,3
702,13,15,1.388018268,2.55,0,2.55,0,1,1,6,5,2,3
702,1,20,1.346249792,2.55,0,3.44,1,0,0,6,6,3,2
702,17,18,1.343356071,2.55,0,2.55,0,0,0,6,6,2,2
702,21,27,1.546261313,2.55,0,2.55,0,0,0,5,0,4,1
702,34,37,1.533216027,2.55,0,2.55,0,0,0,0,0,2,2
702,21,23,1.532710041,2.55,0,2.55,0,0,0,5,0,4,1
702,49,50,1.527153047,2.55,0,2.55,0,0,0,0,0,2,1
702,0,49,1.514205517,2.55,0,2.55,0,0,0,6,0,3,2
702,43,44,1.508372914,2.55,0,2.55,0,0,0,0,0,3,1
702,5,31,1.469549775,2.55,0,3.04,2,0,0,6,0,3,3
702,22,34,1.449788523,3.04,2,2.55,0,0,0,5,0,3,2
702,37,40,1.432914586,2.55,0,3.44,1,0,0,0,0,2,2
702,40,43,1.354040337,3.44,1,2.55,0,0,0,0,0,2,3
702,31,33,1.223097541,3.04,2,3.44,1,0,0,0,0,3,1
702,31,32,1.222910387,3.04,2,3.44,1,0,0,0,0,3,1
702,43,48,1.205987079,2.55,0,3.44,1,0,0,0,0,3,1
703,19,21,1.590539355,2.55,0,2.55,0,0,0,5,5,4,4
703,15,21,1.52276481,2.55,0,2.55,0,1,0,5,5,3,4
703,18,19,1.509793114,2.55,0,2.55,0,0,0,6,5,2,4
703,19,22,1.466665037,2.55,0,3.04,2,0,0,5,5,4,3
703,2,17,1.456224727,2.55,0,2.55,0,1,0,6,6,3,2
703,19,20,1.441926398,2.55,0,3.44,1,0,0,5,6,4,2
703,1,2,1.413561307,2.55,0,2.55,0,1,1,6,6,3,3
703,0,1,1.410741727,2.55,0,2.55,0,1,1,6,6,3,3
703,15,16,1.408561686,2.55,0,2.55,0,1,1,5,5,3,3
703,79,80,1.406240919,2.55,0,2.55,0,1,1,6,6,3,2
703,91,100,1.405671835,2.55,0,2.55,0,1,1,6,6,3,2
703,91,92,1.404389867,2.55,0,2.55,0,1,1,6,6,3,2
703,79,88,1.403662669,2.55,0,2.55,0,1,1,6,6,3,2
703,12,13,1.403628633,2.55,0,2.55,0,1,1,6,6,3,2
703,9,10,1.403093511,2.55,0,2.55,0,1,1,6,6,2,2
703,2,3,1.399113182,2.55,0,2.55,0,1,1,6,6,3,2
703,82,84,1.399074861,2.55,0,2.55,0,1,1,6,6,2,2
703,86,88,1.399068719,2.55,0,2.55,0,1,1,6,6,2,2
703,92,94,1.39885055,2.55,0,2.55,0,1,1,6,6,2,2
703,96,98,1.39870136,2.55,0,2.55,0,1,1,6,6,2,2
703,9,16,1.398321694,2.55,0,2.55,0,1,1,6,5,2,3
703,98,100,1.397693103,2.55,0,2.55,0,1,1,6,6,2,2
703,94,96,1.397440682,2.55,0,2.55,0,1,1,6,6,2,2
703,80,82,1.397344022,2.55,0,2.55,0,1,1,6,6,2,2
703,5,6,1.397312585,2.55,0,2.55,0,1,1,6,6,3,2
703,84,86,1.397199277,2.55,0,2.55,0,1,1,6,6,2,2
703,10,12,1.393734588,2.55,0,2.55,0,1,1,6,6,2,3
703,16,22,1.392823641,2.55,0,3.04,2,1,0,5,5,3,3
703,3,5,1.392587603,2.55,0,2.55,0,1,1,6,6,2,3
703,0,6,1.38916174,2.55,0,2.55,0,1,1,6,6,3,2
703,13,15,1.387006313,2.55,0,2.55,0,1,1,6,5,2,3
703,1,20,1.344106081,2.55,0,3.44,1,1,0,6,6,3,2
703,17,18,1.341698508,2.55,0,2.55,0,0,0,6,6,2,2
703,36,48,1.554835968,2.55,0,2.55,0,0,0,0,0,2,3
703,40,72,1.552233594,2.55,0,2.55,0,0,0,0,0,4,2
703,36,53,1.551894233,2.55,0,2.55,0,0,0,0,0,2,4
703,40,68,1.548255847,2.55,0,2.55,0,0,0,0,0,4,1
703,72,73,1.547084865,2.55,0,2.55,0,0,0,0,0,2,3
703,53,60,1.546016448,2.55,0,2.55,0,0,0,0,0,4,1
703,21,23,1.54532729,2.55,0,2.55,0,0,0,5,0,4,1
703,53,56,1.544447061,2.55,0,2.55,0,0,0,0,0,4,1
703,40,64,1.543938857,2.55,0,2.55,0,0,0,0,0,4,1
703,73,76,1.543704247,2.55,0,2.55,0,0,0,0,0,3,1
703,48,49,1.542932678,2.55,0,2.55,0,0,0,0,0,3,1
703,35,53,1.539216211,2.55,0,2.55,0,0,0,0,0,3,4
703,39,40,1.535505648,2.55,0,2.55,0,0,0,0,0,3,4
703,21,27,1.533741775,2.55,0,2.55,0,0,0,5,0,4,1
703,73,91,1.526606917,2.55,0,2.55,0,0,1,0,6,3,3
703,48,79,1.525296082,2.55,0,2.55,0,0,1,0,6,3,3
703,5,31,1.471010454,2.55,0,3.04,2,1,0,6,0,3,3
703,22,42,1.444611217,3.04,2,2.55,0,0,0,5,0,3,1
703,12,34,1.39528782,2.55,0,3.44,1,1,0,6,0,3,2
703,0,38,1.380928196,2.55,0,3.44,1,1,0,6,0,3,2
703,38,39,1.374327526,3.44,1,2.55,0,0,0,0,0,2,3
703,34,35,1.366846524,3.44,1,2.55,0,0,0,0,0,2,3
703,31,32,1.222085003,3.04,2,3.44,1,0,0,0,0,3,1
703,31,33,1.2217306,3.04,2,3.44,1,0,0,0,0,3,1
703,35,37,1.201647043,2.55,0,3.44,1,0,0,0,0,3,1
703,39,41,1.201025495,2.55,0,3.44,1,0,0,0,0,3,1
704,19,21,1.592605497,2.55,0,2.55,0,0,0,5,5,4,4
704,15,21,1.522905647,2.55,0,2.55,0,0,0,5,5,3,4
704,18,19,1.509725971,2.55,0,2.55,0,0,0,6,5,2,4
704,19,22,1.464970591,2.55,0,3.04,2,0,0,5,5,4,3
704,2,17,1.456258781,2.55,0,2.55,0,1,0,6,6,3,2
704,19,20,1.443136577,2.55,0,3.44,1,0,0,5,6,4,2
704,1,2,1.413497531,2.55,0,2.55,0,1,1,6,6,3,3
704,0,1,1.410687499,2.55,0,2.55,0,1,1,6,6,3,3
704,15,16,1.408109692,2.55,0,2.55,0,0,0,5,5,3,3
704,12,13,1.404073455,2.55,0,2.55,0,0,0,6,6,3,2
704,9,10,1.402984206,2.55,0,2.55,0,0,0,6,6,2,2
704,2,3,1.399200091,2.55,0,2.55,0,1,1,6,6,3,2
704,9,16,1.398268596,2.55,0,2.55,0,0,0,6,5,2,3
704,5,6,1.397527607,2.55,0,2.55,0,1,1,6,6,3,2
704,10,12,1.394503133,2.55,0,2.55,0,0,0,6,6,2,3
704,3,5,1.392609965,2.55,0,2.55,0,1,1,6,6,2,3
704,16,22,1.391447594,2.55,0,3.04,2,0,0,5,5,3,3
704,0,6,1.389004561,2.55,0,2.55,0,1,1,6,6,3,2
704,13,15,1.386926654,2.55,0,2.55,0,0,0,6,5,2,3
704,1,20,1.343767971,2.55,0,3.44,1,1,0,6,6,3,2
704,17,18,1.341930902,2.55,0,2.55,0,0,0,6,6,2,2
704,40,72,1.551218657,2.55,0,2.55,0,0,0,0,0,4,2
704,36,53,1.5506027,2.55,0,2.55,0,0,0,0,0,2,4
704,40,68,1.549538537,2.55,0,2.55,0,0,0,0,0,4,1
704,53,60,1.547049306,2.55,0,2.55,0,0,0,0,0,4,1
704,53,56,1.545727042,2.55,0,2.55,0,0,0,0,0,4,1
704,21,23,1.544964548,2.55,0,2.55,0,0,0,5,0,4,1
704,40,64,1.544178173,2.55,0,2.55,0,0,0,0,0,4,1
704,35,53,1.539992251,2.55,0,2.55,0,0,0,0,0,3,4
704,36,48,1.539678589,2.55,0,2.55,0,0,0,0,0,2,3
704,72,73,1.53646814,2.55,0,2.55,0,0,0,0,0,2,3
704,39,40,1.53439577,2.55,0,2.55,0,0,0,0,0,3,4
704,21,27,1.534341743,2.55,0,2.55,0,0,0,5,0,4,1
704,73,76,1.53060942,2.55,0,2.55,0,0,0,0,0,3,1
704,48,49,1.525036185,2.55,0,2.55,0,0,0,0,0,3,1
704,5,31,1.471033579,2.55,0,3.04,2,1,0,6,0,3,3
704,22,42,1.444542811,3.04,2,2.55,0,0,0,5,0,3,1
704,73,81,1.424502979,2.55,0,3.44,1,0,0,0,0,3,1
704,48,79,1.424204861,2.55,0,3.44,1,0,0,0,0,3,1
704,12,34,1.395388198,2.55,0,3.44,1,0,0,6,0,3,2
704,0,38,1.380770681,2.55,0,3.44,1,1,0,6,0,3,2
704,38,39,1.374462075,3.44,1,2.55,0,0,0,0,0,2,3
704,34,35,1.365663339,3.44,1,2.55,0,0,0,0,0,2,3
704,31,32,1.222049632,3.04,2,3.44,1,0,0,0,0,3,1
704,31,33,1.221719563,3.04,2,3.44,1,0,0,0,0,3,1
704,35,37,1.20144896,2.55,0,3.44,1,0,0,0,0,3,1
704,39,41,1.201179887,2.55,0,3.44,1,0,0,0,0,3,1
705,19,21,1.590526916,2.55,0,2.55,0,0,0,5,5,4,4
705,15,21,1.522890895,2.55,0,2.55,0,1,0,5,5,3,4
705,18,19,1.509863757,2.55,0,2.55,0,0,0,6,5,2,4
705,19,22,1.466372758,2.55,0,3.04,2,0,0,5,5,4,3
705,2,17,1.456182427,2.55,0,2.55,0,0,0,6,6,3,2
705,19,20,1.441598695,2.55,0,3.44,1,0,0,5,6,4,2
705,1,2,1.413407289,2.55,0,2.55,0,0,0,6,6,3,3
705,0,1,1.410419031,2.55,0,2.55,0,0,0,6,6,3,3
705,15,16,1.408718048,2.55,0,2.55,0,1,1,5,5,3,3
705,12,13,1.404072142,2.55,0,2.55,0,1,1,6,6,3,2
705,9,10,1.403189443,2.55,0,2.55,0,1,1,6,6,2,2
705,2,3,1.398980217,2.55,0,2.55,0,0,0,6,6,3,2
705,9,16,1.398030055,2.55,0,2.55,0,1,1,6,5,2,3
705,5,6,1.397246879,2.55,0,2.55,0,0,0,6,6,3,2
705,10,12,1.394361784,2.55,0,2.55,0,1,1,6,6,2,3
705,3,5,1.392645457,2.55,0,2.55,0,0,0,6,6,2,3
705,16,22,1.392570052,2.55,0,3.04,2,1,0,5,5,3,3
705,0,6,1.389161749,2.55,0,2.55,0,0,0,6,6,3,2
705,13,15,1.386727006,2.55,0,2.55,0,1,1,6,5,2,3
705,1,20,1.344381193,2.55,0,3.44,1,0,0,6,6,3,2
705,17,18,1.341569966,2.55,0,2.55,0,0,0,6,6,2,2
705,40,72,1.560407863,2.55,0,2.55,0,0,0,0,0,4,2
705,36,53,1.55033382,2.55,0,2.55,0,0,0,0,0,2,4
705,53,60,1.546571799,2.55,0,2.55,0,0,0,0,0,4,1
705,40,68,1.545792189,2.55,0,2.55,0,0,0,0,0,4,1
705,53,56,1.545382535,2.55,0,2.55,0,0,0,0,0,4,1
705,21,23,1.545123566,2.55,0,2.55,0,0,0,5,0,4,1
705,73,76,1.543737461,2.55,0,2.55,0,0,0,0,0,3,1
705,48,49,1.543089719,2.55,0,2.55,0,0,0,0,0,3,1
705,36,48,1.542545451,2.55,0,2.55,0,0,0,0,0,2,3
705,35,53,1.539602021,2.55,0,2.55,0,0,0,0,0,3,4
705,72,73,1.539442058,2.55,0,2.55,0,0,0,0,0,2,3
705,40,64,1.537390276,2.55,0,2.55,0,0,0,0,0,4,1
705,21,27,1.533678407,2.55,0,2.55,0,0,0,5,0,4,1
705,39,40,1.533261085,2.55,0,2.55,0,0,0,0,0,3,4
705,73,83,1.52208821,2.55,0,2.55,0,0,0,0,0,3,3
705,48,79,1.520827303,2.55,0,2.55,0,0,0,0,0,3,3
705,5,31,1.471101685,2.55,0,3.04,2,0,0,6,0,3,3
705,22,42,1.444980715,3.04,2,2.55,0,0,0,5,0,3,1
705,12,34,1.394718463,2.55,0,3.44,1,1,0,6,0,3,2
705,0,38,1.38096667,2.55,0,3.44,1,0,0,6,0,3,2
705,38,39,1.372198818,3.44,1,2.55,0,0,0,0,0,2,3
705,34,35,1.364440484,3.44,1,2.55,0,0,0,0,0,2,3
705,79,80,1.351819067,2.55,0,3.44,1,0,0,0,0,3,1
705,83,84,1.35026186,2.55,0,3.44,1,0,0,0,0,3,1
705,31,32,1.22202735,3.04,2,3.44,1,0,0,0,0,3,1
705,31,33,1.221699508,3.04,2,3.44,1,0,0,0,0,3,1
705,79,81,1.207404647,2.55,0,3.44,1,0,0,0,0,3,1
705,83,85,1.206575571,2.55,0,3.44,1,0,0,0,0,3,1
705,35,37,1.202265879,2.55,0,3.44,1,0,0,0,0,3,1
705,39,41,1.201025938,2.55,0,3.44,1,0,0,0,0,3,1
706,19,21,1.592908161,2.55,0,2.55,0,0,0,5,5,4,4
706,15,21,1.520907856,2.55,0,2.55,0,1,0,5,5,3,4
706,18,19,1.510388366,2.55,0,2.55,0,0,0,6,5,2,4
706,19,22,1.468600996,2.55,0,3.04,2,0,0,5,5,4,3
706,2,17,1.456952124,2.55,0,2.55,0,0,0,6,6,3,2
706,19,20,1.441473369,2.55,0,3.44,1,0,0,5,6,4,2
706,1,2,1.417227885,2.55,0,2.55,0,0,0,6,6,3,3
706,0,1,1.414192699,2.55,0,2.55,0,0,0,6,6,3,3
706,15,16,1.408773962,2.55,0,2.55,0,1,1,5,5,3,3
706,12,13,1.406580131,2.55,0,2.55,0,1,1,6,6,2,2
706,9,10,1.404158451,2.55,0,2.55,0,1,1,6,6,2,2
706,0,6,1.400398066,2.55,0,2.55,0,0,0,6,6,3,2
706,9,16,1.399911772,2.55,0,2.55,0,1,1,6,5,2,3
706,16,22,1.39699817,2.55,0,3.04,2,1,0,5,5,3,3
706,2,3,1.396556346,2.55,0,2.55,0,0,0,6,6,3,2
706,10,12,1.396513931,2.55,0,2.55,0,1,1,6,6,2,2
706,5,6,1.395115831,2.55,0,2.55,0,0,0,6,6,3,2
706,3,5,1.393299371,2.55,0,2.55,0,0,0,6,6,2,3
706,13,15,1.388143258,2.55,0,2.55,0,1,1,6,5,2,3
706,1,20,1.354332744,2.55,0,3.44,1,0,0,6,6,3,2
706,17,18,1.341148354,2.55,0,2.55,0,0,0,6,6,2,2
706,51,52,1.564772975,2.55,0,2.55,0,0,0,0,0,2,4
706,31,35,1.550088946,2.55,0,2.55,0,0,0,0,0,2,4
706,35,36,1.545654189,2.55,0,2.55,0,0,0,0,0,4,1
706,21,23,1.54544111,2.55,0,2.55,0,0,0,5,0,4,1
706,35,40,1.544542952,2.55,0,2.55,0,0,0,0,0,4,1
706,52,53,1.542684235,2.55,0,2.55,0,0,0,0,0,4,1
706,31,71,1.54161852,2.55,0,2.55,0,0,0,0,0,2,2
706,32,71,1.539955246,2.55,0,2.55,0,0,0,0,0,2,2
706,35,44,1.539302308,2.55,0,2.55,0,0,0,0,0,4,3
706,52,61,1.537915152,2.55,0,2.55,0,0,0,0,0,4,3
706,21,27,1.533847242,2.55,0,2.55,0,0,0,5,0,4,1
706,52,57,1.533479625,2.55,0,2.55,0,0,0,0,0,4,1
706,0,51,1.514986501,2.55,0,2.55,0,0,0,6,0,3,2
706,5,28,1.469484197,2.55,0,3.04,2,0,0,6,0,3,3
706,22,32,1.456902266,3.04,2,2.55,0,0,0,5,0,3,2
706,62,63,1.433443713,3.44,1,2.55,0,0,0,0,0,2,1
706,45,46,1.42778159,3.44,1,2.55,0,0,0,0,0,2,1
706,44,45,1.348895007,2.55,0,3.44,1,0,0,0,0,3,2
706,61,62,1.341899503,2.55,0,3.44,1,0,0,0,0,3,2
706,28,30,1.224253867,3.04,2,3.44,1,0,0,0,0,3,1
706,28,29,1.222086428,3.04,2,3.44,1,0,0,0,0,3,1
706,61,67,1.20947751,2.55,0,3.44,1,0,0,0,0,3,1
706,44,50,1.207429798,2.55,0,3.44,1,0,0,0,0,3,1
707,19,21,1.590630092,2.55,0,2.55,0,0,0,5,5,4,4
707,15,21,1.521815457,2.55,0,2.55,0,1,0,5,5,3,4
707,18,19,1.5040957,2.55,0,2.55,0,0,0,6,5,2,4
707,19,20,1.476067441,2.55,0,3.44,1,0,0,5,6,4,2
707,2,17,1.456846306,2.55,0,2.55,0,0,0,6,6,3,2
707,19,22,1.44304946,2.55,0,3.04,2,0,0,5,5,4,3
707,1,2,1.416551923,2.55,0,2.55,0,0,0,6,6,3,3
707,0,1,1.414615159,2.55,0,2.55,0,0,0,6,6,3,3
707,15,16,1.407451984,2.55,0,2.55,0,1,1,5,5,3,3
707,12,13,1.406985966,2.55,0,2.55,0,1,1,6,6,2,2
707,70,71,1.406165624,2.55,0,2.55,0,1,1,6,6,3,2
707,59,68,1.40616154,2.55,0,2.55,0,1,1,6,6,3,2
707,9,10,1.404862975,2.55,0,2.55,0,1,1,6,6,2,2
707,59,60,1.403898535,2.55,0,2.55,0,1,1,6,6,3,2
707,70,79,1.403808406,2.55,0,2.55,0,1,1,6,6,3,2
707,16,22,1.399031686,2.55,0,3.04,2,1,0,5,5,3,3
707,73,75,1.398993239,2.55,0,2.55,0,1,1,6,6,2,2
707,77,79,1.398976489,2.55,0,2.55,0,1,1,6,6,2,2
707,60,62,1.398928976,2.55,0,2.55,0,1,1,6,6,2,2
707,64,66,1.39885925,2.55,0,2.55,0,1,1,6,6,2,2
707,0,6,1.397814532,2.55,0,2.55,0,0,0,6,6,3,2
707,9,16,1.397744067,2.55,0,2.55,0,1,1,6,5,2,3
707,5,6,1.397546359,2.55,0,2.55,0,0,0,6,6,3,2
707,71,73,1.397442824,2.55,0,2.55,0,1,1,6,6,2,2
707,66,68,1.397378467,2.55,0,2.55,0,1,1,6,6,2,2
707,62,64,1.397258074,2.55,0,2.55,0,1,1,6,6,2,2
707,75,77,1.397239509,2.55,0,2.55,0,1,1,6,6,2,2
707,2,3,1.397068909,2.55,0,2.55,0,0,0,6,6,3,2
707,10,12,1.396605526,2.55,0,2.55,0,1,1,6,6,2,2
707,3,5,1.393391193,2.55,0,2.55,0,0,0,6,6,2,3
707,13,15,1.387814643,2.55,0,2.55,0,1,1,6,5,2,3
707,1,20,1.346270578,2.55,0,3.44,1,0,0,6,6,3,2
707,17,18,1.343399399,2.55,0,2.55,0,0,0,6,6,2,2
707,40,41,1.555946204,2.55,0,2.55,0,0,0,0,0,2,3
707,31,35,1.547019429,2.55,0,2.55,0,0,0,0,0,2,3
707,21,27,1.546255504,2.55,0,2.55,0,0,0,5,0,4,1
707,35,36,1.539482538,2.55,0,2.55,0,0,0,0,0,3,1
707,41,42,1.536990114,2.55,0,2.55,0,0,0,0,0,3,1
707,32,49,1.5353032,2.55,0,2.55,0,0,0,0,0,2,2
707,21,23,1.532775247,2.55,0,2.55,0,0,0,5,0,4,1
707,31,49,1.532175615,2.55,0,2.55,0,0,0,0,0,2,2
707,35,59,1.524424496,2.55,0,2.55,0,0,1,0,6,3,3
707,41,70,1.523624315,2.55,0,2.55,0,0,1,0,6,3,3
707,0,40,1.512875845,2.55,0,2.55,0,0,0,6,0,3,2
707,5,28,1.469567109,2.55,0,3.04,2,0,0,6,0,3,3
707,22,32,1.454581026,3.04,2,2.55,0,0,0,5,0,3,2
707,28,29,1.223011728,3.04,2,3.44,1,0,0,0,0,3,1
707,28,30,1.222580305,3.04,2,3.44,1,0,0,0,0,3,1
708,19,21,1.585482544,2.55,0,2.55,0,0,0,5,5,4,4
708,15,21,1.523309809,2.55,0,2.55,0,1,0,5,5,3,4
708,18,19,1.502004161,2.55,0,2.55,0,0,0,6,5,2,4
708,19,20,1.476258019,2.55,0,3.44,1,0,0,5,6,4,2
708,2,17,1.455027357,2.55,0,2.55,0,0,0,6,6,3,2
708,19,22,1.449370117,2.55,0,3.04,2,0,0,5,5,4,3
708,0,1,1.419997011,2.55,0,2.55,0,0,0,6,6,3,3
708,1,2,1.418786495,2.55,0,2.55,0,0,0,6,6,3,3
708,15,16,1.407186994,2.55,0,2.55,0,1,1,5,5,3,3
708,12,13,1.407039913,2.55,0,2.55,0,1,1,6,6,2,2
708,9,10,1.404792688,2.55,0,2.55,0,1,1,6,6,2,2
708,16,22,1.401513597,2.55,0,3.04,2,1,0,5,5,3,3
708,5,6,1.398835086,2.55,0,2.55,0,0,0,6,6,3,2
708,9,16,1.397938069,2.55,0,2.55,0,1,1,6,5,2,3
708,2,3,1.397267615,2.55,0,2.55,0,0,0,6,6,3,2
708,0,6,1.396958467,2.55,0,2.55,0,0,0,6,6,3,2
708,10,12,1.396841001,2.55,0,2.55,0,1,1,6,6,2,2
708,3,5,1.391669137,2.55,0,2.55,0,0,0,6,6,2,3
708,13,15,1.38778258,2.55,0,2.55,0,1,1,6,5,2,3
708,17,18,1.344122444,2.55,0,2.55,0,0,0,6,6,2,2
708,1,20,1.340760055,2.55,0,3.44,1,0,0,6,6,3,2
708,43,44,1.548339536,2.55,0,2.55,0,0,0,0,0,2,3
708,21,27,1.547609609,2.55,0,2.55,0,0,0,5,0,4,1
708,35,36,1.541865588,2.55,0,2.55,0,0,0,0,0,3,1
708,44,45,1.540421198,2.55,0,2.55,0,0,0,0,0,3,1
708,32,55,1.534119311,2.55,0,2.55,0,0,0,0,0,2,2
708,31,35,1.533970505,2.55,0,2.55,0,0,0,0,0,2,3
708,31,55,1.531557442,2.55,0,2.55,0,0,0,0,0,2,2
708,21,23,1.530854347,2.55,0,2.55,0,0,0,5,0,4,1
708,35,40,1.523267462,2.55,0,2.55,0,0,0,0,0,3,3
708,44,49,1.521248753,2.55,0,2.55,0,0,0,0,0,3,3
708,0,43,1.517376464,2.55,0,2.55,0,0,0,6,0,3,2
708,5,28,1.467801756,2.55,0,3.04,2,0,0,6,0,3,3
708,22,32,1.454308901,3.04,2,2.55,0,0,0,5,0,3,2
708,49,50,1.349628488,2.55,0,3.44,1,0,0,0,0,3,1
708,40,41,1.349377577,2.55,0,3.44,1,0,0,0,0,3,1
708,28,30,1.223677726,3.04,2,3.44,1,0,0,0,0,3,1
708,28,29,1.223306324,3.04,2,3.44,1,0,0,0,0,3,1
708,40,42,1.207860839,2.55,0,3.44,1,0,0,0,0,3,1
708,49,51,1.206790685,2.55,0,3.44,1,0,0,0,0,3,1
710,19,20,1.576346197,2.55,0,2.55,0,0,0,6,5,4,3
710,18,21,1.571042792,2.55,0,2.55,0,0,0,6,5,3,3
710,20,21,1.5456932,2.55,0,2.55,0,0,0,5,5,3,3
710,0,19,1.538596683,2.55,0,2.55,0,0,0,6,6,3,4
710,13,19,1.537055816,2.55,0,2.55,0,0,0,6,6,3,4
710,20,24,1.533131819,2.55,0,2.55,0,0,0,5,5,3,3
710,21,26,1.525672881,2.55,0,2.55,0,0,0,5,5,3,3
710,8,18,1.514644045,2.55,0,2.55,0,0,0,6,6,3,3
710,14,18,1.51302676,2.55,0,2.55,0,0,0,6,6,3,3
710,0,8,1.409777731,2.55,0,2.55,0,0,0,6,6,3,3
710,13,14,1.407560533,2.55,0,2.55,0,0,0,6,6,3,3
710,10,11,1.402277444,2.55,0,2.55,0,0,0,6,6,2,2
710,1,3,1.401496126,2.55,0,2.55,0,0,0,6,6,2,2
710,15,17,1.401148487,2.55,0,2.55,0,0,0,6,6,2,2
710,4,6,1.399950085,2.55,0,2.55,0,0,0,6,6,2,2
710,24,28,1.398624998,2.55,0,3.04,2,0,0,5,5,3,3
710,0,1,1.397500176,2.55,0,2.55,0,0,0,6,6,3,2
710,3,4,1.396987775,2.55,0,2.55,0,0,0,6,6,2,2
710,10,17,1.39694399,2.55,0,2.55,0,0,0,6,6,2,2
710,11,13,1.395967948,2.55,0,2.55,0,0,0,6,6,2,3
710,6,8,1.395549417,2.55,0,2.55,0,0,0,6,6,2,3
710,14,15,1.39444299,2.55,0,2.55,0,0,0,6,6,3,2
710,26,28,1.390786021,2.55,0,3.04,2,0,0,5,5,3,3
710,47,48,1.53538566,2.55,0,2.55,0,0,0,0,0,3,3
710,32,33,1.532250737,2.55,0,2.55,0,0,0,0,0,2,2
710,33,36,1.532021534,2.55,0,2.55,0,0,0,0,0,2,2
710,36,39,1.529689065,2.55,0,2.55,0,0,0,0,0,2,1
710,50,51,1.52637461,2.55,0,2.55,0,0,0,0,0,2,2
710,48,60,1.52594288,2.55,0,2.55,0,0,0,0,0,3,1
710,48,56,1.522006984,2.55,0,2.55,0,0,0,0,0,3,1
710,28,32,1.457892268,3.04,2,2.55,0,0,0,5,0,3,2
710,49,51,1.435117007,3.44,1,2.55,0,0,0,0,0,2,2
710,31,50,1.418688142,3.44,1,2.55,0,0,0,0,0,2,2
710,19,31,1.403044958,2.55,0,3.44,1,0,0,6,0,4,2
710,47,49,1.342278929,2.55,0,3.44,1,0,0,0,0,3,2
710,26,30,1.209510505,2.55,0,3.44,1,0,0,5,0,3,1
710,24,29,1.206933075,2.55,0,3.44,1,0,0,5,0,3,1
710,46,47,1.206196537,3.44,1,2.55,0,0,0,0,0,1,3
711,19,20,1.583132694,2.55,0,2.55,0,0,0,6,5,4,3
711,18,21,1.567298496,2.55,0,2.55,0,0,0,6,5,3,3
711,0,19,1.544923705,2.55,0,2.55,0,0,0,6,6,3,4
711,20,21,1.542575675,2.55,0,2.55,0,0,0,5,5,3,3
711,13,19,1.542093257,2.55,0,2.55,0,0,0,6,6,3,4
711,20,24,1.527076078,2.55,0,2.55,0,0,0,5,5,3,3
711,21,26,1.525237217,2.55,0,2.55,0,0,0,5,5,3,3
711,14,18,1.514629603,2.55,0,2.55,0,0,0,6,6,3,3
711,8,18,1.514209768,2.55,0,2.55,0,0,0,6,6,3,3
711,13,14,1.410008322,2.55,0,2.55,0,0,0,6,6,3,3
711,0,8,1.40922657,2.55,0,2.55,0,0,0,6,6,3,3
711,10,11,1.402540766,2.55,0,2.55,0,0,0,6,6,2,2
711,1,3,1.401937804,2.55,0,2.55,0,0,0,6,6,2,2
711,15,17,1.400672419,2.55,0,2.55,0,0,0,6,6,2,2
711,4,6,1.40062968,2.55,0,2.55,0,0,0,6,6,2,2
711,26,28,1.39807712,2.55,0,3.04,2,0,0,5,5,3,3
711,11,13,1.397265815,2.55,0,2.55,0,0,0,6,6,2,3
711,3,4,1.397113804,2.55,0,2.55,0,0,0,6,6,2,2
711,0,1,1.396603445,2.55,0,2.55,0,0,0,6,6,3,2
711,10,17,1.396204982,2.55,0,2.55,0,0,0,6,6,2,2
711,6,8,1.395341912,2.55,0,2.55,0,0,0,6,6,2,3
711,14,15,1.394546078,2.55,0,2.55,0,0,0,6,6,3,2
711,24,28,1.388153566,2.55,0,3.04,2,0,0,5,5,3,3
711,47,48,1.535550086,2.55,0,2.55,0,0,0,0,0,3,3
711,32,33,1.532329981,2.55,0,2.55,0,0,0,0,0,2,2
711,33,36,1.53185558,2.55,0,2.55,0,0,0,0,0,2,2
711,50,51,1.53083064,2.55,0,2.55,0,0,0,0,0,2,2
711,36,39,1.529665136,2.55,0,2.55,0,0,0,0,0,2,1
711,48,60,1.525500424,2.55,0,2.55,0,0,0,0,0,3,1
711,48,56,1.522009051,2.55,0,2.55,0,0,0,0,0,3,1
711,28,32,1.458587052,3.04,2,2.55,0,0,0,5,0,3,2
711,31,50,1.453561759,3.04,2,2.55,0,0,0,0,0,2,2
711,19,31,1.449043616,2.55,0,3.04,2,0,0,6,0,4,2
711,49,51,1.438137466,3.44,1,2.55,0,0,0,0,0,2,2
711,47,49,1.340017345,2.55,0,3.44,1,0,0,0,0,3,2
711,24,29,1.214634153,2.55,0,3.44,1,0,0,5,0,3,1
711,26,30,1.207827485,2.55,0,3.44,1,0,0,5,0,3,1
711,46,47,1.207779429,3.44,1,2.55,0,0,0,0,0,1,3
713,19,20,1.578063362,2.55,0,2.55,0,0,1,6,5,4,3
713,18,21,1.570648739,2.55,0,2.55,0,0,1,6,5,3,3
713,20,21,1.546345929,2.55,0,2.55,0,1,1,5,5,3,3
713,13,19,1.538123598,2.55,0,2.55,0,0,0,6,6,3,4
713,0,19,1.537480274,2.55,0,2.55,0,0,0,6,6,3,4
713,20,24,1.53277628,2.55,0,2.55,0,1,1,5,5,3,3
713,21,26,1.526063142,2.55,0,2.55,0,1,1,5,5,3,3
713,8,18,1.514313143,2.55,0,2.55,0,0,0,6,6,3,3
713,14,18,1.513163968,2.55,0,2.55,0,0,0,6,6,3,3
713,0,8,1.408973364,2.55,0,2.55,0,0,0,6,6,3,3
713,13,14,1.407937464,2.55,0,2.55,0,0,0,6,6,3,3
713,10,11,1.402258714,2.55,0,2.55,0,0,0,6,6,2,2
713,1,3,1.401477669,2.55,0,2.55,0,0,0,6,6,2,2
713,15,17,1.401123103,2.55,0,2.55,0,0,0,6,6,2,2
713,4,6,1.400175227,2.55,0,2.55,0,0,0,6,6,2,2
713,24,28,1.400108926,2.55,0,3.04,2,1,1,5,5,3,3
713,3,4,1.397298719,2.55,0,2.55,0,0,0,6,6,2,2
713,0,1,1.396930494,2.55,0,2.55,0,0,0,6,6,3,2
713,10,17,1.396858121,2.55,0,2.55,0,0,0,6,6,2,2
713,11,13,1.396119233,2.55,0,2.55,0,0,0,6,6,2,3
713,6,8,1.395572543,2.55,0,2.55,0,0,0,6,6,2,3
713,14,15,1.394540598,2.55,0,2.55,0,0,0,6,6,3,2
713,26,28,1.38993429,2.55,0,3.04,2,1,1,5,5,3,3
713,32,33,1.532349375,2.55,0,2.55,0,0,0,0,0,2,2
713,33,36,1.531807732,2.55,0,2.55,0,0,0,0,0,2,2
713,36,39,1.529801613,2.55,0,2.55,0,0,0,0,0,2,1
713,47,48,1.528000152,2.55,0,2.55,0,0,0,0,0,2,2
713,28,32,1.457569822,3.04,2,2.55,0,1,0,5,0,3,2
713,31,47,1.420772573,3.44,1,2.55,0,0,0,0,0,2,2
713,46,48,1.410999614,3.44,1,2.55,0,0,0,0,0,1,2
713,19,31,1.401236538,2.55,0,3.44,1,0,0,6,0,4,2
713,26,30,1.209798238,2.55,0,3.44,1,1,0,5,0,3,1
713,24,29,1.206258737,2.55,0,3.44,1,1,0,5,0,3,1
714,19,20,1.582475656,2.55,0,2.55,0,0,0,6,5,4,3
714,18,21,1.570772175,2.55,0,2.55,0,0,0,6,5,3,3
714,0,19,1.547601765,2.55,0,2.55,0,0,0,6,6,3,4
714,20,21,1.54403852,2.55,0,2.55,0,0,0,5,5,3,3
714,13,19,1.53759053,2.55,0,2.55,0,0,0,6,6,3,4
714,20,24,1.52589864,2.55,0,2.55,0,0,0,5,5,3,3
714,21,26,1.525637553,2.55,0,2.55,0,0,0,5,5,3,3
714,14,18,1.513979707,2.55,0,2.55,0,0,0,6,6,3,3
714,8,18,1.513681268,2.55,0,2.55,0,0,0,6,6,3,3
714,13,14,1.408685238,2.55,0,2.55,0,0,0,6,6,3,3
714,0,8,1.408412553,2.55,0,2.55,0,0,0,6,6,3,3
714,10,11,1.402056022,2.55,0,2.55,0,0,0,6,6,2,2
714,1,3,1.401548097,2.55,0,2.55,0,0,0,6,6,2,2
714,15,17,1.400931748,2.55,0,2.55,0,0,0,6,6,2,2
714,4,6,1.400270576,2.55,0,2.55,0,0,0,6,6,2,2
714,3,4,1.397447556,2.55,0,2.55,0,0,0,6,6,2,2
714,26,28,1.39744391,2.55,0,3.04,2,0,0,5,5,3,3
714,0,1,1.39720768,2.55,0,2.55,0,0,0,6,6,3,2
714,10,17,1.396954643,2.55,0,2.55,0,0,0,6,6,2,2
714,11,13,1.396253953,2.55,0,2.55,0,0,0,6,6,2,3
714,6,8,1.395836858,2.55,0,2.55,0,0,0,6,6,2,3
714,14,15,1.394778014,2.55,0,2.55,0,0,0,6,6,3,2
714,24,28,1.389288071,2.55,0,3.04,2,0,0,5,5,3,3
714,32,33,1.532147538,2.55,0,2.55,0,0,0,0,0,2,2
714,33,36,1.531852744,2.55,0,2.55,0,0,0,0,0,2,2
714,47,48,1.529796513,2.55,0,2.55,0,0,0,0,0,2,2
714,36,39,1.529698856,2.55,0,2.55,0,0,0,0,0,2,1
714,31,47,1.459682157,3.04,2,2.55,0,0,0,0,0,2,2
714,28,32,1.458457363,3.04,2,2.55,0,0,0,5,0,3,2
714,19,31,1.447303644,2.55,0,3.04,2,0,0,6,0,4,2
714,46,48,1.408959584,3.44,1,2.55,0,0,0,0,0,1,2
714,24,29,1.214005324,2.55,0,3.44,1,0,0,5,0,3,1
714,26,30,1.208058956,2.55,0,3.44,1,0,0,5,0,3,1
715,12,13,1.561673395,2.55,0,2.55,0,0,0,5,5,3,3
715,7,8,1.561438438,2.55,0,2.55,0,0,0,5,5,3,2
715,9,12,1.55255284,2.55,0,2.55,0,0,0,5,5,3,3
715,7,14,1.54903133,2.55,0,2.55,0,0,0,5,5,3,3
715,13,14,1.547650432,2.55,0,2.55,0,0,0,5,5,3,3
715,8,9,1.545960392,2.55,0,2.55,0,0,0,5,5,2,3
715,13,19,1.478137244,2.55,0,3.04,2,0,0,5,5,3,2
715,12,22,1.455368024,2.55,0,3.04,2,0,0,5,5,3,3
715,14,16,1.428076482,2.55,0,3.44,1,0,0,5,5,3,2
715,9,16,1.425128911,2.55,0,3.44,1,0,0,5,5,3,2
715,25,28,1.405624184,2.55,0,2.55,0,1,1,6,6,3,2
715,31,32,1.405171837,2.55,0,2.55,0,1,1,6,6,3,2
715,30,31,1.402458739,2.55,0,2.55,0,1,1,6,6,2,3
715,25,29,1.401933679,2.55,0,2.55,0,1,1,6,6,3,2
715,29,30,1.396708992,2.55,0,2.55,0,1,1,6,6,2,2
715,28,32,1.392577013,2.55,0,2.55,0,1,1,6,6,2,2
715,21,22,1.352981796,3.04,2,3.04,2,0,0,5,5,2,3
715,19,21,1.248258496,3.04,2,3.04,2,0,0,5,5,2,2
715,5,7,1.52339059,2.55,0,2.55,0,0,0,0,5,3,3
715,24,25,1.522393298,2.55,0,2.55,0,0,1,0,6,2,3
715,31,37,1.493525476,2.55,0,2.55,0,1,0,6,0,3,3
715,22,24,1.442949595,3.04,2,2.55,0,0,0,5,0,3,2
715,0,1,1.429673587,2.55,0,3.44,1,0,0,0,0,1,2
715,39,40,1.426786369,3.44,1,2.55,0,0,0,0,0,2,1
715,37,39,1.348250941,2.55,0,3.44,1,0,0,0,0,3,2
715,1,5,1.34522619,3.44,1,2.55,0,0,0,0,0,2,3
715,37,38,1.209795147,2.55,0,3.44,1,0,0,0,0,3,1
715,5,6,1.205986534,2.55,0,3.44,1,0,0,0,0,3,1
716,12,13,1.561849921,2.55,0,2.55,0,0,0,5,5,3,3
716,7,8,1.559215357,2.55,0,2.55,0,0,0,5,5,3,2
716,7,14,1.552737063,2.55,0,2.55,0,0,0,5,5,3,3
716,13,14,1.552044103,2.55,0,2.55,0,0,0,5,5,3,3
716,9,12,1.549501081,2.55,0,2.55,0,0,0,5,5,3,3
716,8,9,1.542889184,2.55,0,2.55,0,0,0,5,5,2,3
716,12,21,1.476858335,2.55,0,3.04,2,0,0,5,5,3,2
716,13,25,1.455789827,2.55,0,3.04,2,0,0,5,5,3,3
716,9,16,1.43092406,2.55,0,3.44,1,0,0,5,5,3,2
716,14,16,1.425489541,2.55,0,3.44,1,0,0,5,5,3,2
716,27,31,1.404146809,2.55,0,2.55,0,1,1,6,6,2,3
716,24,26,1.40377709,2.55,0,2.55,0,1,1,6,6,2,3
716,31,33,1.403133309,2.55,0,2.55,0,1,1,6,6,3,2
716,26,30,1.40303282,2.55,0,2.55,0,1,1,6,6,3,2
716,30,33,1.394597938,2.55,0,2.55,0,1,1,6,6,2,2
716,24,27,1.394474699,2.55,0,2.55,0,1,1,6,6,2,2
716,20,25,1.353481277,3.04,2,3.04,2,0,0,5,5,2,3
716,20,21,1.247978088,3.04,2,3.04,2,0,0,5,5,2,2
716,22,26,1.523348809,2.55,0,2.55,0,0,1,0,6,2,3
716,5,7,1.522489413,2.55,0,2.55,0,0,0,0,5,3,3
716,31,38,1.492715717,2.55,0,2.55,0,1,0,6,0,3,3
716,22,25,1.441884866,2.55,0,3.04,2,0,0,0,5,2,3
716,0,1,1.430133823,2.55,0,3.44,1,0,0,0,0,1,2
716,32,37,1.425758925,3.44,1,2.55,0,0,0,0,0,2,1
716,32,38,1.349503804,3.44,1,2.55,0,0,0,0,0,2,3
716,1,5,1.343532996,3.44,1,2.55,0,0,0,0,0,2,3
716,38,40,1.209831259,2.55,0,3.44,1,0,0,0,0,3,1
716,5,6,1.20669828,2.55,0,3.44,1,0,0,0,0,3,1
717,0,1,1.383676279,2.55,0,2.55,0,1,1,5,5,3,2
717,0,3,1.366237803,2.55,0,3.04,2,1,1,5,5,3,2
717,1,4,1.361462293,2.55,0,3.04,2,1,1,5,5,2,3
717,2,4,1.343571892,3.04,2,3.04,2,1,1,5,5,2,3
717,2,3,1.296255502,3.04,2,3.04,2,1,1,5,5,2,2
717,37,42,1.549706298,2.55,0,2.55,0,0,0,0,0,4,2
717,15,16,1.549362625,2.55,0,2.55,0,0,0,0,0,4,2
717,36,37,1.545446659,2.55,0,2.55,0,0,0,0,0,1,4
717,15,23,1.545365693,2.55,0,2.55,0,0,0,0,0,4,1
717,37,39,1.545362399,2.55,0,2.55,0,0,0,0,0,4,1
717,15,27,1.545213878,2.55,0,2.55,0,0,0,0,0,4,1
717,13,15,1.539189446,2.55,0,2.55,0,0,0,0,0,3,4
717,37,40,1.536893291,2.55,0,2.55,0,0,0,0,0,4,3
717,16,17,1.530736423,2.55,0,2.55,0,0,0,0,0,2,1
717,41,42,1.530513044,2.55,0,2.55,0,0,0,0,0,1,2
717,38,43,1.526365056,2.55,0,2.55,0,0,0,0,0,2,2
717,6,7,1.525478408,2.55,0,2.55,0,0,0,0,0,2,2
717,0,6,1.498885307,2.55,0,2.55,0,1,0,5,0,3,2
717,4,43,1.45261234,3.04,2,2.55,0,1,0,5,0,3,2
717,7,10,1.434415387,2.55,0,3.44,1,0,0,0,0,2,2
717,38,44,1.427895996,2.55,0,3.44,1,0,0,0,0,2,2
717,40,44,1.356804288,2.55,0,3.44,1,0,0,0,0,3,2
717,10,13,1.350612785,3.44,1,2.55,0,0,0,0,0,2,3
717,13,14,1.206911254,2.55,0,3.44,1,0,0,0,0,3,1
717,40,45,1.20535849,2.55,0,3.44,1,0,0,0,0,3,1
718,0,1,1.385129352,2.55,0,2.55,0,1,1,5,5,2,3
718,1,4,1.36684769,2.55,0,3.04,2,1,1,5,5,3,3
718,0,3,1.358723264,2.55,0,3.04,2,1,1,5,5,2,2
718,2,4,1.348305703,3.04,2,3.04,2,1,1,5,5,2,3
718,2,3,1.295455378,3.04,2,3.04,2,1,1,5,5,2,2
718,40,41,1.555746313,2.55,0,2.55,0,0,0,0,0,4,2
718,11,16,1.549514234,2.55,0,2.55,0,0,0,0,0,4,2
718,40,46,1.547897876,2.55,0,2.55,0,0,0,0,0,4,1
718,10,11,1.5455027,2.55,0,2.55,0,0,0,0,0,1,4
718,11,13,1.544813839,2.55,0,2.55,0,0,0,0,0,4,1
718,11,14,1.537688108,2.55,0,2.55,0,0,0,0,0,4,3
718,40,43,1.537602903,2.55,0,2.55,0,0,0,0,0,4,3
718,31,40,1.53755422,2.55,0,2.55,0,0,0,0,0,1,4
718,15,16,1.530719522,2.55,0,2.55,0,0,0,0,0,1,2
718,41,42,1.529907752,2.55,0,2.55,0,0,0,0,0,2,1
718,34,38,1.529208198,2.55,0,2.55,0,0,0,0,0,2,2
718,12,17,1.523676075,2.55,0,2.55,0,0,0,0,0,2,2
718,1,34,1.49696246,2.55,0,2.55,0,1,0,5,0,3,2
718,4,17,1.456560667,3.04,2,2.55,0,1,0,5,0,3,2
718,12,18,1.432020902,2.55,0,3.44,1,0,0,0,0,2,2
718,37,38,1.431833618,3.44,1,2.55,0,0,0,0,0,2,2
718,14,18,1.355850374,2.55,0,3.44,1,0,0,0,0,3,2
718,37,43,1.351818878,3.44,1,2.55,0,0,0,0,0,2,3
718,43,47,1.207237751,2.55,0,3.44,1,0,0,0,0,3,1
718,14,19,1.205063685,2.55,0,3.44,1,0,0,0,0,3,1
719,1,3,1.572665317,2.55,0,2.55,0,0,0,4,4,3,3
719,4,5,1.571971917,2.55,0,2.55,0,0,0,4,4,3,3
719,3,5,1.570012168,2.55,0,2.55,0,0,0,4,4,3,3
719,1,4,1.569967654,2.55,0,2.55,0,0,0,4,4,3,3
719,0,1,1.515069583,2.55,0,2.55,0,0,0,4,4,2,3
719,2,3,1.514819059,2.55,0,2.55,0,0,0,4,4,2,3
719,0,2,1.347245633,2.55,0,2.55,0,0,0,4,4,2,2
719,5,6,1.523409704,2.55,0,2.55,0,0,0,4,0,3,1
719,4,8,1.523354308,2.55,0,2.55,0,0,0,4,0,3,1
720,3,5,1.591085031,2.55,0,2.55,0,0,0,4,4,4,3
720,1,3,1.586303109,2.55,0,2.55,0,0,0,4,4,4,4
720,1,4,1.571635912,2.55,0,2.55,0,0,0,4,4,4,3
720,4,5,1.556588403,2.55,0,2.55,0,0,0,4,4,3,3
720,0,1,1.527058859,2.55,0,2.55,0,0,0,4,4,3,4
720,2,3,1.522250355,2.55,0,2.55,0,0,0,4,4,3,4
720,0,2,1.35340994,2.55,0,2.55,0,0,0,4,4,3,3
720,6,38,1.539431704,2.55,0,2.55,0,0,0,0,0,2,1
720,7,44,1.538912377,2.55,0,2.55,0,0,0,0,0,2,1
720,8,26,1.533864572,2.55,0,2.55,0,0,0,0,0,2,1
720,9,32,1.533284033,2.55,0,2.55,0,0,0,0,0,2,1
720,1,9,1.52499312,2.55,0,2.55,0,0,0,4,0,4,2
720,3,8,1.522917715,2.55,0,2.55,0,0,0,4,0,4,2
720,4,12,1.513286405,2.55,0,2.55,0,0,0,4,0,3,3
720,5,10,1.508654587,2.55,0,2.55,0,0,0,4,0,3,3
720,0,6,1.500973428,2.55,0,2.55,0,0,0,4,0,3,2
720,2,7,1.500965122,2.55,0,2.55,0,0,0,4,0,3,2
720,20,21,1.429574785,3.44,1,2.55,0,0,0,0,0,2,1
720,14,16,1.427567916,3.44,1,2.55,0,0,0,0,0,2,1
720,10,14,1.350097898,2.55,0,3.44,1,0,0,0,0,3,2
720,12,20,1.347136268,2.55,0,3.44,1,0,0,0,0,3,2
720,10,15,1.208093805,2.55,0,3.44,1,0,0,0,0,3,1
720,12,25,1.206709551,2.55,0,3.44,1,0,0,0,0,3,1
721,1,3,1.584029348,2.55,0,2.55,0,0,0,4,4,4,3
721,1,4,1.57882506,2.55,0,2.55,0,0,0,4,4,4,3
721,4,5,1.57600471,2.55,0,2.55,0,0,0,4,4,3,4
721,3,5,1.572026066,2.55,0,2.55,0,0,0,4,4,3,4
721,0,1,1.525372318,2.55,0,2.55,0,0,0,4,4,3,4
721,2,3,1.515445306,2.55,0,2.55,0,0,0,4,4,3,3
721,0,2,1.353153171,2.55,0,2.55,0,0,0,4,4,3,3
721,7,32,1.537268259,2.55,0,2.55,0,0,0,0,0,2,1
721,6,38,1.535115455,2.55,0,2.55,0,0,0,0,0,2,1
721,5,21,1.533016135,2.55,0,2.55,0,0,0,4,0,4,1
721,5,17,1.52798251,2.55,0,2.55,0,0,0,4,0,4,1
721,4,9,1.508047684,2.55,0,2.55,0,0,0,4,0,3,3
721,1,8,1.506472973,2.55,0,2.55,0,0,0,4,0,4,3
721,0,6,1.498408567,2.55,0,2.55,0,0,0,4,0,3,2
721,2,7,1.496903396,2.55,0,2.55,0,0,0,4,0,3,2
721,25,26,1.427742014,3.44,1,2.55,0,0,0,0,0,2,1
721,11,12,1.427223617,3.44,1,2.55,0,0,0,0,0,2,1
721,9,11,1.351674245,2.55,0,3.44,1,0,0,0,0,3,2
721,8,25,1.34844984,2.55,0,3.44,1,0,0,0,0,3,2
721,8,30,1.209930233,2.55,0,3.44,1,0,0,0,0,3,1
721,9,16,1.20953938,2.55,0,3.44,1,0,0,0,0,3,1
722,2,3,1.589441274,2.55,0,2.55,0,0,0,4,4,4,4
722,2,20,1.567219626,2.55,0,2.55,0,0,0,4,4,4,2
722,3,21,1.559353453,2.55,0,2.55,0,0,0,4,4,4,2
722,20,21,1.549821708,2.55,0,2.55,0,0,0,4,4,2,2
722,1,3,1.530182389,2.55,0,2.55,0,0,0,4,4,3,4
722,0,2,1.519954968,2.55,0,2.55,0,0,0,4,4,3,4
722,0,1,1.3514968,2.55,0,2.55,0,0,0,4,4,3,3
722,4,32,1.536865575,2.55,0,2.55,0,0,0,0,0,2,1
722,5,26,1.536308954,2.55,0,2.55,0,0,0,0,0,2,1
722,2,7,1.507828455,2.55,0,2.55,0,0,0,4,0,4,3
722,3,6,1.506542008,2.55,0,2.55,0,0,0,4,0,4,3
722,1,4,1.496307271,2.55,0,2.55,0,0,0,4,0,3,2
722,0,5,1.496180043,2.55,0,2.55,0,0,0,4,0,3,2
722,8,10,1.429185412,3.44,1,2.55,0,0,0,0,0,2,1
722,14,15,1.427007295,3.44,1,2.55,0,0,0,0,0,2,1
722,6,8,1.349545631,2.55,0,3.44,1,0,0,0,0,3,2
722,7,14,1.34461868,2.55,0,3.44,1,0,0,0,0,3,2
722,7,19,1.208808231,2.55,0,3.44,1,0,0,0,0,3,1
722,6,9,1.208088385,2.55,0,3.44,1,0,0,0,0,3,1
723,16,17,1.430164782,2.55,0,2.55,0,0,0,6,6,3,3
723,17,18,1.41513238,2.55,0,2.55,0,0,0,6,6,3,2
723,4,5,1.412415477,2.55,0,2.55,0,0,0,6,6,3,3
723,16,19,1.411259214,2.55,0,2.55,0,0,0,6,6,3,2
723,0,4,1.406990678,2.55,0,2.55,0,0,0,6,6,2,3
723,10,11,1.405519014,2.55,0,2.55,0,0,0,5,5,3,3
723,3,5,1.403038776,2.55,0,2.55,0,0,0,6,6,2,3
723,1,2,1.398419643,2.55,0,2.55,0,0,0,6,6,2,2
723,2,3,1.396237823,2.55,0,2.55,0,0,0,6,6,2,2
723,20,21,1.394965554,2.55,0,2.55,0,0,0,6,6,2,2
723,0,1,1.393884834,2.55,0,2.55,0,0,0,6,6,2,2
723,18,20,1.391903323,2.55,0,2.55,0,0,0,6,6,2,2
723,19,21,1.390997533,2.55,0,2.55,0,0,0,6,6,2,2
723,11,34,1.386197104,2.55,0,3.04,2,0,0,5,5,3,3
723,10,32,1.367537806,2.55,0,3.04,2,0,0,5,5,3,2
723,33,34,1.339656494,3.04,2,3.04,2,0,0,5,5,2,3
723,32,33,1.288946576,3.04,2,3.04,2,0,0,5,5,2,2
723,26,27,1.521685208,2.55,0,2.55,0,0,0,0,0,3,1
723,5,12,1.513174475,2.55,0,2.55,0,0,0,6,7,3,2
723,11,17,1.481374622,2.55,0,2.55,0,0,0,5,6,3,3
723,12,13,1.478201425,2.55,0,3.04,2,0,0,7,7,2,3
723,4,10,1.473826625,2.55,0,2.55,0,0,0,6,5,3,3
723,34,35,1.456498249,3.04,2,2.55,0,0,0,5,0,3,1
723,13,16,1.410123463,3.04,2,2.55,0,0,0,7,6,3,3
723,13,26,1.402625411,3.04,2,2.55,0,0,0,7,0,3,3
723,26,31,1.21753601,2.55,0,3.44,1,0,0,0,0,3,1
724,16,17,1.419593223,2.55,0,2.55,0,0,0,6,6,3,3
724,17,18,1.415917013,2.55,0,2.55,0,0,0,6,6,3,2
724,4,5,1.414213708,2.55,0,2.55,0,0,0,6,6,3,3
724,10,11,1.410753681,2.55,0,2.55,0,1,1,5,5,3,3
724,0,4,1.410194159,2.55,0,2.55,0,0,0,6,6,2,3
724,16,19,1.408640783,2.55,0,2.55,0,0,0,6,6,3,2
724,3,5,1.400578446,2.55,0,2.55,0,0,0,6,6,2,3
724,20,21,1.397074508,2.55,0,2.55,0,0,0,6,6,2,2
724,1,2,1.396690244,2.55,0,2.55,0,0,0,6,6,2,2
724,2,3,1.396192547,2.55,0,2.55,0,0,0,6,6,2,2
724,0,1,1.394785076,2.55,0,2.55,0,0,0,6,6,2,2
724,19,21,1.390706381,2.55,0,2.55,0,0,0,6,6,2,2
724,18,20,1.39042425,2.55,0,2.55,0,0,0,6,6,2,2
724,10,35,1.379429545,2.55,0,3.04,2,1,1,5,5,3,3
724,11,36,1.373493243,2.55,0,3.04,2,1,1,5,5,3,2
724,35,37,1.338912046,3.04,2,3.04,2,1,1,5,5,3,2
724,36,37,1.284215558,3.04,2,3.04,2,1,1,5,5,2,2
724,26,27,1.520811773,2.55,0,2.55,0,0,0,0,0,3,1
724,5,12,1.510426989,2.55,0,2.55,0,0,0,6,7,3,2
724,11,17,1.487516695,2.55,0,2.55,0,1,0,5,6,3,3
724,4,10,1.478143638,2.55,0,2.55,0,0,1,6,5,3,3
724,12,13,1.476380087,2.55,0,3.04,2,0,0,7,7,2,3
724,34,35,1.454733991,2.55,0,3.04,2,0,1,0,5,1,3
724,13,16,1.4202333,3.04,2,2.55,0,0,0,7,6,3,3
724,13,26,1.391637244,3.04,2,2.55,0,0,0,7,0,3,3
724,26,31,1.220365992,2.55,0,3.44,1,0,0,0,0,3,1
725,40,41,1.567820675,2.55,0,2.55,0,0,0,4,4,3,3
725,0,1,1.566864329,2.55,0,2.55,0,0,0,4,4,3,3
725,1,40,1.563945422,2.55,0,2.55,0,0,0,4,4,3,3
725,0,41,1.548976774,2.55,0,2.55,0,0,0,4,4,3,3
725,34,36,1.405514586,2.55,0,2.55,0,1,1,6,6,3,2
725,47,52,1.40549511,2.55,0,2.55,0,0,0,6,6,3,2
725,46,47,1.404069137,2.55,0,2.55,0,0,0,6,6,2,3
725,16,17,1.403272339,2.55,0,2.55,0,1,1,6,6,3,2
725,4,12,1.402898688,2.55,0,2.55,0,1,1,6,6,3,2
725,32,34,1.40208631,2.55,0,2.55,0,1,1,6,6,2,3
725,7,9,1.401646367,2.55,0,2.55,0,1,1,6,6,2,3
725,21,22,1.401363556,2.55,0,2.55,0,1,1,6,6,3,2
725,16,24,1.400563485,2.55,0,2.55,0,1,1,6,6,3,3
725,4,5,1.400552845,2.55,0,2.55,0,1,1,6,6,3,3
725,29,32,1.400261926,2.55,0,2.55,0,1,1,6,6,2,2
725,19,21,1.399964932,2.55,0,2.55,0,1,1,6,6,3,3
725,9,10,1.399474378,2.55,0,2.55,0,1,1,6,6,3,3
725,46,49,1.398574525,2.55,0,2.55,0,0,0,6,6,2,2
725,52,53,1.398568486,2.55,0,2.55,0,0,0,6,6,2,2
725,33,36,1.396145409,2.55,0,2.55,0,1,1,6,6,2,2
725,22,24,1.391697307,2.55,0,2.55,0,1,1,6,6,2,3
725,5,7,1.391535734,2.55,0,2.55,0,1,1,6,6,3,2
725,10,12,1.391480821,2.55,0,2.55,0,1,1,6,6,3,2
725,17,19,1.390638666,2.55,0,2.55,0,1,1,6,6,2,3
725,31,33,1.336989441,3.04,2,2.55,0,1,1,6,6,2,2
725,51,53,1.335865494,3.04,2,2.55,0,0,0,6,6,2,2
725,49,51,1.335092999,2.55,0,3.04,2,0,0,6,6,2,2
725,29,31,1.333686741,2.55,0,3.04,2,1,1,6,6,2,2
725,40,44,1.548647084,2.55,0,2.55,0,0,0,4,0,3,2
725,1,3,1.540035427,2.55,0,2.55,0,0,0,4,0,3,2
725,38,41,1.525344879,2.55,0,2.55,0,0,0,0,4,2,3
725,0,2,1.525321262,2.55,0,2.55,0,0,0,4,0,3,2
725,2,4,1.51643366,2.55,0,2.55,0,0,1,0,6,2,3
725,34,38,1.516381311,2.55,0,2.55,0,1,0,6,0,3,2
725,44,47,1.516379462,2.55,0,2.55,0,0,0,0,6,2,3
725,3,16,1.514039465,2.55,0,2.55,0,0,1,0,6,2,3
725,9,62,1.505862452,2.55,0,2.55,0,1,0,6,0,3,1
725,21,58,1.505567314,2.55,0,2.55,0,1,0,6,0,3,1
726,11,15,1.574668315,2.55,0,2.55,0,0,0,5,5,3,3
726,10,18,1.573867638,2.55,0,2.55,0,0,0,5,5,3,3
726,10,11,1.572480832,2.55,0,2.55,0,0,0,5,5,3,3
726,15,28,1.550804364,2.55,0,2.55,0,0,0,5,5,3,2
726,18,28,1.550211335,2.55,0,2.55,0,0,0,5,5,3,2
726,1,11,1.54859553,2.55,0,2.55,0,0,0,5,5,2,3
726,15,17,1.534198006,2.55,0,2.55,0,0,0,5,5,3,3
726,18,20,1.520197439,2.55,0,2.55,0,0,0,5,5,3,2
726,0,1,1.518876879,2.55,0,2.55,0,0,0,5,5,3,2
726,9,10,1.502448187,2.55,0,2.55,0,0,0,5,5,2,3
726,17,20,1.346884776,2.55,0,2.55,0,0,0,5,5,3,2
726,0,9,1.343353481,2.55,0,2.55,0,0,0,5,5,3,2
726,2,3,1.537547272,2.55,0,2.55,0,0,0,0,0,2,1
726,21,22,1.535171933,2.55,0,2.55,0,0,0,0,0,2,1
726,17,21,1.5048291,2.55,0,2.55,0,0,0,5,0,3,2
726,0,2,1.504577018,2.55,0,2.55,0,0,0,5,0,3,2
727,11,15,1.580201312,2.55,0,2.55,0,0,0,5,5,3,4
727,10,18,1.579430099,2.55,0,2.55,0,0,0,5,5,3,3
727,10,11,1.569932745,2.55,0,2.55,0,0,0,5,5,3,3
727,15,21,1.555864384,2.55,0,2.55,0,0,0,5,5,4,2
727,1,11,1.549495143,2.55,0,2.55,0,0,0,5,5,2,3
727,18,21,1.5456503,2.55,0,2.55,0,0,0,5,5,3,2
727,15,17,1.529298025,2.55,0,2.55,0,0,0,5,5,4,2
727,0,1,1.519217224,2.55,0,2.55,0,0,0,5,5,3,2
727,18,20,1.518675765,2.55,0,2.55,0,0,0,5,5,3,2
727,9,10,1.503137529,2.55,0,2.55,0,0,0,5,5,2,3
727,0,9,1.343689456,2.55,0,2.55,0,0,0,5,5,3,2
727,17,20,1.341632818,2.55,0,2.55,0,0,0,5,5,2,2
727,2,3,1.536981094,2.55,0,2.55,0,0,0,0,0,2,1
727,27,28,1.531502198,2.55,0,2.55,0,0,0,0,0,1,2
727,15,28,1.531273869,2.55,0,2.55,0,0,0,5,0,4,2
727,0,2,1.50473063,2.55,0,2.55,0,0,0,5,0,3,2
728,4,5,1.560820668,2.55,0,2.55,0,0,0,4,4,3,3
728,0,4,1.558801423,2.55,0,2.55,0,0,0,5,4,3,3
728,3,5,1.552863843,2.55,0,2.55,0,0,0,5,4,3,3
728,0,6,1.548706188,2.55,0,2.55,0,0,0,5,5,3,2
728,3,6,1.544298363,2.55,0,2.55,0,0,0,5,5,3,2
728,2,3,1.534297078,2.55,0,2.55,0,0,0,5,5,3,3
728,0,1,1.526884087,2.55,0,2.55,0,0,0,5,5,3,2
728,4,12,1.484578376,2.55,0,3.04,2,0,0,4,4,3,3
728,5,14,1.484495046,2.55,0,3.04,2,0,0,4,4,3,3
728,12,14,1.4376898,3.04,2,3.04,2,0,0,4,4,3,3
728,1,2,1.348863331,2.55,0,2.55,0,0,0,5,5,2,3
728,27,28,1.528209429,2.55,0,2.55,0,0,0,0,0,2,1
728,24,34,1.51465373,2.55,0,2.55,0,0,0,0,0,2,1
728,2,27,1.499165423,2.55,0,2.55,0,0,0,5,0,3,2
728,23,24,1.436790462,3.44,1,2.55,0,0,0,0,0,2,2
728,17,18,1.425637882,3.44,1,2.55,0,0,0,0,0,2,1
728,14,22,1.387825307,3.04,2,2.55,0,0,0,4,0,3,3
728,12,16,1.381933403,3.04,2,2.55,0,0,0,4,0,3,3
728,16,17,1.342279924,2.55,0,3.44,1,0,0,0,0,3,2
728,22,23,1.337845666,2.55,0,3.44,1,0,0,0,0,3,2
728,16,25,1.212072534,2.55,0,3.44,1,0,0,0,0,3,1
728,22,26,1.211657466,2.55,0,3.44,1,0,0,0,0,3,1
729,3,5,1.557711483,2.55,0,2.55,0,0,0,6,5,3,3
729,0,4,1.55118672,2.55,0,2.55,0,0,0,6,5,3,3
729,4,5,1.546501306,2.55,0,2.55,0,0,0,5,5,3,3
729,5,14,1.532649909,2.55,0,2.55,0,0,0,5,5,3,3
729,2,3,1.532390212,2.55,0,2.55,0,0,0,6,6,3,3
729,4,16,1.526630706,2.55,0,2.55,0,0,0,5,5,3,3
729,0,1,1.510146387,2.55,0,2.55,0,0,0,6,6,3,2
729,14,18,1.393587333,2.55,0,3.04,2,0,0,5,5,3,3
729,16,18,1.391747508,2.55,0,3.04,2,0,0,5,5,3,3
729,1,2,1.343740379,2.55,0,2.55,0,0,0,6,6,2,3
729,3,31,1.534936865,2.55,0,2.55,0,0,0,6,0,3,1
729,0,36,1.533141078,2.55,0,2.55,0,0,0,6,0,3,2
729,19,20,1.532750702,2.55,0,2.55,0,0,0,0,0,2,2
729,20,23,1.529211273,2.55,0,2.55,0,0,0,0,0,2,1
729,7,8,1.527596148,2.55,0,2.55,0,0,0,0,0,2,1
729,2,7,1.513151291,2.55,0,2.55,0,0,0,6,0,3,2
729,41,43,1.50978472,2.55,0,2.55,0,0,0,0,0,3,1
729,18,19,1.458398283,3.04,2,2.55,0,0,0,5,0,3,2
729,36,38,1.43764819,2.55,0,3.44,1,0,0,0,0,2,2
729,38,41,1.351721638,3.44,1,2.55,0,0,0,0,0,2,3
729,16,29,1.21076495,2.55,0,3.44,1,0,0,5,0,3,1
729,14,30,1.210467646,2.55,0,3.44,1,0,0,5,0,3,1
729,41,42,1.205942451,2.55,0,3.44,1,0,0,0,0,3,1
730,3,5,1.581721946,2.55,0,2.55,0,0,0,5,5,3,3
730,0,4,1.58160718,2.55,0,2.55,0,0,0,5,5,3,3
730,4,5,1.558948056,2.55,0,2.55,0,0,0,5,5,3,3
730,0,6,1.544981959,2.55,0,2.55,0,0,0,5,5,3,2
730,3,6,1.543316688,2.55,0,2.55,0,0,0,5,5,3,2
730,2,3,1.527046695,2.55,0,2.55,0,0,0,5,5,3,3
730,4,19,1.523764243,2.55,0,2.55,0,0,0,5,6,3,3
730,5,21,1.523566569,2.55,0,2.55,0,0,0,5,6,3,3
730,0,1,1.51965108,2.55,0,2.55,0,0,0,5,5,3,2
730,21,24,1.495690944,2.55,0,2.55,0,0,1,6,6,3,3
730,19,23,1.493359217,2.55,0,2.55,0,0,1,6,6,3,3
730,26,27,1.412933497,2.55,0,2.55,0,1,1,6,6,2,3
730,23,24,1.408225076,2.55,0,2.55,0,1,1,6,6,3,3
730,23,25,1.406513131,2.55,0,2.55,0,1,1,6,6,3,2
730,24,28,1.405955453,2.55,0,2.55,0,1,1,6,6,3,2
730,27,28,1.396735472,2.55,0,2.55,0,1,1,6,6,3,2
730,25,26,1.388352568,2.55,0,2.55,0,1,1,6,6,2,2
730,1,2,1.347400123,2.55,0,2.55,0,0,0,5,5,2,3
730,12,13,1.528477711,2.55,0,2.55,0,0,0,0,0,2,1
730,32,33,1.527554196,2.55,0,2.55,0,0,0,0,0,2,1
730,27,32,1.517207194,2.55,0,2.55,0,1,0,6,0,3,2
730,2,12,1.499054294,2.55,0,2.55,0,0,0,5,0,3,2
730,19,39,1.218165926,2.55,0,3.44,1,0,0,6,0,3,1
730,21,40,1.218081449,2.55,0,3.44,1,0,0,6,0,3,1
731,0,4,1.572615732,2.55,0,2.55,0,0,0,5,5,3,3
731,3,5,1.572593884,2.55,0,2.55,0,0,0,5,5,3,3
731,4,5,1.557311527,2.55,0,2.55,0,0,0,5,5,3,3
731,0,6,1.545197727,2.55,0,2.55,0,0,0,5,5,3,2
731,3,6,1.543850876,2.55,0,2.55,0,0,0,5,5,3,2
731,2,3,1.528734306,2.55,0,2.55,0,0,0,5,5,3,3
731,5,21,1.527735988,2.55,0,2.55,0,0,0,5,6,3,3
731,0,1,1.521664114,2.55,0,2.55,0,0,0,5,5,3,2
731,4,19,1.519081836,2.55,0,2.55,0,0,0,5,6,3,3
731,19,23,1.500611142,2.55,0,2.55,0,0,0,6,6,3,3
731,21,24,1.498702652,2.55,0,2.55,0,0,0,6,6,3,3
731,24,28,1.42650202,2.55,0,2.55,0,0,0,6,6,3,3
731,23,24,1.416671951,2.55,0,2.55,0,0,0,6,6,3,3
731,27,28,1.402807474,2.55,0,2.55,0,0,0,6,6,2,3
731,23,25,1.401899614,2.55,0,2.55,0,0,0,6,6,3,2
731,26,27,1.399280897,2.55,0,2.55,0,0,0,6,6,2,2
731,25,26,1.389044372,2.55,0,2.55,0,0,0,6,6,2,2
731,1,2,1.347297087,2.55,0,2.55,0,0,0,5,5,2,3
731,34,35,1.528879668,2.55,0,2.55,0,0,0,0,0,2,1
731,12,13,1.528315812,2.55,0,2.55,0,0,0,0,0,2,1
731,28,34,1.520066225,2.55,0,2.55,0,0,0,6,0,3,2
731,2,12,1.499283783,2.55,0,2.55,0,0,0,5,0,3,2
731,21,32,1.218527186,2.55,0,3.44,1,0,0,6,0,3,1
731,19,31,1.216724755,2.55,0,3.44,1,0,0,6,0,3,1
732,3,5,1.591802733,2.55,0,2.55,0,0,0,5,5,3,3
732,0,4,1.565999985,2.55,0,2.55,0,0,0,5,5,3,2
732,4,5,1.556903078,2.55,0,2.55,0,0,0,5,5,2,3
732,0,6,1.544456658,2.55,0,2.55,0,0,0,5,5,3,2
732,3,6,1.542745978,2.55,0,2.55,0,0,0,5,5,3,2
732,2,3,1.528411775,2.55,0,2.55,0,0,0,5,5,3,3
732,0,1,1.522126334,2.55,0,2.55,0,0,0,5,5,3,2
732,1,2,1.347111609,2.55,0,2.55,0,0,0,5,5,2,3
732,12,13,1.528522498,2.55,0,2.55,0,0,0,0,0,2,1
732,5,21,1.526346979,2.55,0,2.55,0,0,0,5,0,3,3
732,23,24,1.524353899,2.55,0,2.55,0,0,0,0,0,2,1
732,21,23,1.523621781,2.55,0,2.55,0,0,0,0,0,3,2
732,2,12,1.499733904,2.55,0,2.55,0,0,0,5,0,3,2
732,21,30,1.21431346,2.55,0,3.44,1,0,0,0,0,3,1
733,3,5,1.591414094,2.55,0,2.55,0,0,0,5,5,3,3
733,0,4,1.565952799,2.55,0,2.55,0,0,0,5,5,3,2
733,4,5,1.557332258,2.55,0,2.55,0,0,0,5,5,2,3
733,0,6,1.54453763,2.55,0,2.55,0,0,0,5,5,3,2
733,3,6,1.542814728,2.55,0,2.55,0,0,0,5,5,3,2
733,2,3,1.528462671,2.55,0,2.55,0,0,0,5,5,3,3
733,0,1,1.521917755,2.55,0,2.55,0,0,0,5,5,3,2
733,1,2,1.347127467,2.55,0,2.55,0,0,0,5,5,2,3
733,12,13,1.528450963,2.55,0,2.55,0,0,0,0,0,2,1
733,5,21,1.526297276,2.55,0,2.55,0,0,0,5,0,3,3
733,23,24,1.524307278,2.55,0,2.55,0,0,0,0,0,2,1
733,21,23,1.523619133,2.55,0,2.55,0,0,0,0,0,3,2
733,2,12,1.499701932,2.55,0,2.55,0,0,0,5,0,3,2
733,21,30,1.214347446,2.55,0,3.44,1,0,0,0,0,3,1
734,19,20,1.574452535,2.55,0,2.55,0,0,1,6,5,4,3
734,18,21,1.568096966,2.55,0,2.55,0,0,1,6,5,3,3
734,20,21,1.543957835,2.55,0,2.55,0,1,1,5,5,3,3
734,20,24,1.532922371,2.55,0,2.55,0,1,1,5,5,3,3
734,13,19,1.531986648,2.55,0,2.55,0,0,0,6,6,3,4
734,0,19,1.530458909,2.55,0,2.55,0,0,0,6,6,3,4
734,21,26,1.525433826,2.55,0,2.55,0,1,1,5,5,3,3
734,8,18,1.516047831,2.55,0,2.55,0,0,0,6,6,3,3
734,14,18,1.515517364,2.55,0,2.55,0,0,0,6,6,3,3
734,0,8,1.408378633,2.55,0,2.55,0,0,0,6,6,3,3
734,13,14,1.407452653,2.55,0,2.55,0,0,0,6,6,3,3
734,53,54,1.407177509,2.55,0,2.55,0,1,1,6,6,2,3
734,44,50,1.407009748,2.55,0,2.55,0,1,1,6,6,3,2
734,52,54,1.404913069,2.55,0,2.55,0,1,1,6,6,2,3
734,10,11,1.40102587,2.55,0,2.55,0,0,0,6,6,2,2
734,1,3,1.400594046,2.55,0,2.55,0,0,0,6,6,2,2
734,15,17,1.400467512,2.55,0,2.55,0,0,0,6,6,2,2
734,44,53,1.400420748,2.55,0,2.55,0,1,1,6,6,3,2
734,4,6,1.400004277,2.55,0,2.55,0,0,0,6,6,2,2
734,10,17,1.397529052,2.55,0,2.55,0,0,0,6,6,2,2
734,3,4,1.397510134,2.55,0,2.55,0,0,0,6,6,2,2
734,51,52,1.397386492,2.55,0,2.55,0,1,1,6,6,2,2
734,24,28,1.395967007,2.55,0,3.04,2,1,1,5,5,3,3
734,6,8,1.395525779,2.55,0,2.55,0,0,0,6,6,2,3
734,0,1,1.395522097,2.55,0,2.55,0,0,0,6,6,3,2
734,14,15,1.394948664,2.55,0,2.55,0,0,0,6,6,3,2
734,11,13,1.394449184,2.55,0,2.55,0,0,0,6,6,2,3
734,26,28,1.394160593,2.55,0,3.04,2,1,1,5,5,3,3
734,50,51,1.392613885,2.55,0,2.55,0,1,1,6,6,2,2
734,32,33,1.532528885,2.55,0,2.55,0,0,0,0,0,2,2
734,63,64,1.518689219,2.55,0,2.55,0,0,0,0,0,2,2
734,71,73,1.515906685,2.55,0,2.55,0,0,0,0,0,3,1
734,28,32,1.455834443,3.04,2,2.55,0,1,0,5,0,3,2
734,36,39,1.45139362,3.04,2,2.55,0,0,0,0,0,2,1
734,33,36,1.449462079,2.55,0,3.04,2,0,0,0,0,2,2
734,61,63,1.429844467,3.44,1,2.55,0,0,0,0,0,2,2
734,64,67,1.420495564,2.55,0,3.44,1,0,0,0,0,2,2
734,19,31,1.419112125,2.55,0,3.44,1,0,0,6,0,4,2
734,54,59,1.408562438,2.55,0,3.04,2,1,0,6,0,3,2
734,44,46,1.406390215,2.55,0,3.04,2,1,0,6,0,3,2
734,59,60,1.374861421,3.04,2,2.55,0,0,0,0,0,2,3
734,45,46,1.371154521,2.55,0,3.04,2,0,0,0,0,3,2
734,31,45,1.364193648,3.44,1,2.55,0,0,0,0,0,2,3
734,67,71,1.362116154,3.44,1,2.55,0,0,0,0,0,2,3
734,60,61,1.352391195,2.55,0,3.44,1,0,0,0,0,3,2
734,60,70,1.209813306,2.55,0,3.44,1,0,0,0,0,3,1
734,26,30,1.208475982,2.55,0,3.44,1,1,0,5,0,3,1
734,24,29,1.208174037,2.55,0,3.44,1,1,0,5,0,3,1
734,45,48,1.207779394,2.55,0,3.44,1,0,0,0,0,3,1
734,71,72,1.199331767,2.55,0,3.44,1,0,0,0,0,3,1
735,18,20,1.593086687,2.55,0,2.55,0,0,0,5,5,4,4
735,85,86,1.54347831,2.55,0,2.55,0,0,0,6,6,4,2
735,51,52,1.541397218,2.55,0,2.55,0,0,0,6,6,4,2
735,48,51,1.538894785,2.55,0,2.55,0,0,0,6,6,3,4
735,78,85,1.534419979,2.55,0,2.55,0,0,0,6,6,3,4
735,14,20,1.522669783,2.55,0,2.55,0,1,0,5,5,3,4
735,52,53,1.521341604,2.55,0,2.55,0,0,0,6,6,2,2
735,86,87,1.520087084,2.55,0,2.55,0,0,0,6,6,2,2
735,17,18,1.504798377,2.55,0,2.55,0,0,0,6,5,2,4
735,18,19,1.471123225,2.55,0,3.44,1,0,0,5,6,4,2
735,53,56,1.45607124,2.55,0,3.04,2,0,0,6,6,2,3
735,87,90,1.455221637,2.55,0,3.04,2,0,0,6,6,2,3
735,2,16,1.452041182,2.55,0,2.55,0,1,0,6,6,3,2
735,18,21,1.447801898,2.55,0,3.04,2,0,0,5,5,4,3
735,47,48,1.433891991,2.55,0,2.55,0,0,0,6,6,3,3
735,78,79,1.430604527,2.55,0,2.55,0,0,0,6,6,3,3
735,5,6,1.426074067,2.55,0,2.55,0,1,1,6,6,3,3
735,11,12,1.421618766,2.55,0,2.55,0,1,1,6,6,3,2
735,45,47,1.420968334,2.55,0,2.55,0,0,0,6,6,2,3
735,79,80,1.417630289,2.55,0,2.55,0,0,0,6,6,3,2
735,1,2,1.417122784,2.55,0,2.55,0,1,1,6,6,3,3
735,0,6,1.414468311,2.55,0,2.55,0,1,1,6,6,2,3
735,76,77,1.412498552,2.55,0,2.55,0,0,0,6,6,3,2
735,42,49,1.411392116,2.55,0,2.55,0,0,0,6,6,3,2
735,9,11,1.411295843,2.55,0,2.55,0,1,1,6,6,2,3
735,42,43,1.410178099,2.55,0,2.55,0,0,0,6,6,3,2
735,76,81,1.408133268,2.55,0,2.55,0,0,0,6,6,3,2
735,14,15,1.407257128,2.55,0,2.55,0,1,1,5,5,3,3
735,8,9,1.399417233,2.55,0,2.55,0,1,1,6,6,2,2
735,8,15,1.397804801,2.55,0,2.55,0,1,1,6,5,2,3
735,3,5,1.395958907,2.55,0,2.55,0,1,1,6,6,2,3
735,15,21,1.395091994,2.55,0,3.04,2,1,0,5,5,3,3
735,0,1,1.395091119,2.55,0,2.55,0,1,1,6,6,2,3
735,48,49,1.393877814,2.55,0,2.55,0,0,0,6,6,3,2
735,2,3,1.393873453,2.55,0,2.55,0,1,1,6,6,3,2
735,77,78,1.393614277,2.55,0,2.55,0,0,0,6,6,2,3
735,47,56,1.389392554,2.55,0,3.04,2,0,0,6,6,3,3
735,80,81,1.388764261,2.55,0,2.55,0,0,0,6,6,2,2
735,79,90,1.386875252,2.55,0,3.04,2,0,0,6,6,3,3
735,43,45,1.38574271,2.55,0,2.55,0,0,0,6,6,2,2
735,12,14,1.382876933,2.55,0,2.55,0,1,1,6,5,2,3
735,1,19,1.345093504,2.55,0,3.44,1,1,0,6,6,3,2
735,16,17,1.344478424,2.55,0,2.55,0,0,0,6,6,2,2
735,85,100,1.547519842,2.55,0,2.55,0,0,0,6,0,4,1
735,51,66,1.547241278,2.55,0,2.55,0,0,0,6,0,4,1
735,20,26,1.546100416,2.55,0,2.55,0,0,0,5,0,4,1
735,51,70,1.543160021,2.55,0,2.55,0,0,0,6,0,4,1
735,85,104,1.53977254,2.55,0,2.55,0,0,0,6,0,4,1
735,93,94,1.533293741,2.55,0,2.55,0,0,0,0,0,2,1
735,20,22,1.532936623,2.55,0,2.55,0,0,0,5,0,4,1
735,59,60,1.526864955,2.55,0,2.55,0,0,0,0,0,2,1
735,5,30,1.46808032,2.55,0,3.04,2,1,0,6,0,3,3
735,56,59,1.462020353,3.04,2,2.55,0,0,0,6,0,3,2
735,90,93,1.454790988,3.04,2,2.55,0,0,0,6,0,3,2
735,21,33,1.446782851,3.04,2,2.55,0,0,0,5,0,3,1
735,11,74,1.42698017,2.55,0,2.55,0,1,0,6,0,3,2
735,75,76,1.425918692,2.55,0,2.55,0,0,0,0,6,2,3
735,41,42,1.420268705,2.55,0,2.55,0,0,0,0,6,2,3
735,6,40,1.418052842,2.55,0,2.55,0,1,0,6,0,3,2
735,30,31,1.226514754,3.04,2,3.44,1,0,0,0,0,3,1
735,40,41,1.222735328,2.55,0,2.55,0,0,0,0,0,2,2
735,74,75,1.222053859,2.55,0,2.55,0,0,0,0,0,2,2
735,30,32,1.221291042,3.04,2,3.44,1,0,0,0,0,3,1
736,0,2,1.555236258,2.55,0,2.55,0,0,0,4,4,3,3
736,1,2,1.541150556,2.55,0,2.55,0,0,0,4,4,2,3
736,1,3,1.438618557,2.55,0,3.44,1,0,0,4,4,2,2
736,0,3,1.431137485,2.55,0,3.44,1,0,0,4,4,3,2
736,0,4,1.527248603,2.55,0,2.55,0,0,0,4,0,3,3
736,16,17,1.514259058,2.55,0,2.55,0,0,0,0,0,2,1
736,6,7,1.514227211,2.55,0,2.55,0,0,0,0,0,2,1
736,2,14,1.511743303,2.55,0,2.55,0,0,0,4,0,3,3
736,15,16,1.441828574,3.44,1,2.55,0,0,0,0,0,2,2
736,5,6,1.440529857,3.44,1,2.55,0,0,0,0,0,2,2
736,14,15,1.340196652,2.55,0,3.44,1,0,0,0,0,3,2
736,4,5,1.336872791,2.55,0,3.44,1,0,0,0,0,3,2
736,14,23,1.207515024,2.55,0,3.44,1,0,0,0,0,3,1
736,4,13,1.206306784,2.55,0,3.44,1,0,0,0,0,3,1
737,1,2,1.546636254,2.55,0,2.55,0,0,0,4,4,2,3
737,0,2,1.532175089,2.55,0,2.55,0,0,0,4,4,3,3
737,0,3,1.446093557,2.55,0,3.44,1,0,0,4,4,3,2
737,1,3,1.438918557,2.55,0,3.44,1,0,0,4,4,2,2
737,0,4,1.525480096,2.55,0,2.55,0,0,0,4,0,3,3
737,16,17,1.514564983,2.55,0,2.55,0,0,0,0,0,2,1
737,6,7,1.514239956,2.55,0,2.55,0,0,0,0,0,2,1
737,2,14,1.509397263,2.55,0,2.55,0,0,0,4,0,3,3
737,5,6,1.440672587,3.44,1,2.55,0,0,0,0,0,2,2
737,15,16,1.440658085,3.44,1,2.55,0,0,0,0,0,2,2
737,14,15,1.343578113,2.55,0,3.44,1,0,0,0,0,3,2
737,4,5,1.335778268,2.55,0,3.44,1,0,0,0,0,3,2
737,4,13,1.208299722,2.55,0,3.44,1,0,0,0,0,3,1
737,14,23,1.207077125,2.55,0,3.44,1,0,0,0,0,3,1
738,0,2,1.557210301,2.55,0,2.55,0,0,0,4,4,3,3
738,1,2,1.545069787,2.55,0,2.55,0,0,0,4,4,2,3
738,0,3,1.445569201,2.55,0,3.44,1,0,0,4,4,3,2
738,1,3,1.434641095,2.55,0,3.44,1,0,0,4,4,2,2
738,6,7,1.531359384,2.55,0,2.55,0,0,0,0,0,2,1
738,4,5,1.530754134,2.55,0,2.55,0,0,0,0,0,2,1
738,2,6,1.526526185,2.55,0,2.55,0,0,0,4,0,3,2
738,0,4,1.521072075,2.55,0,2.55,0,0,0,4,0,3,2
739,0,2,1.548171513,2.55,0,2.55,0,0,0,4,4,3,3
739,1,2,1.544861067,2.55,0,2.55,0,0,0,4,4,2,3
739,0,3,1.446080254,2.55,0,3.44,1,0,0,4,4,3,2
739,1,3,1.435034568,2.55,0,3.44,1,0,0,4,4,2,2
739,6,7,1.530864175,2.55,0,2.55,0,0,0,0,0,2,1
739,4,5,1.530052234,2.55,0,2.55,0,0,0,0,0,2,1
739,2,6,1.524151678,2.55,0,2.55,0,0,0,4,0,3,2
739,0,4,1.518940948,2.55,0,2.55,0,0,0,4,0,3,2
740,3,5,1.615018985,2.55,0,2.55,0,0,0,5,5,3,4
740,4,5,1.570303008,2.55,0,2.55,0,0,0,5,5,2,4
740,0,4,1.562811713,2.55,0,2.55,0,0,0,5,5,3,2
740,0,6,1.544077821,2.55,0,2.55,0,0,0,5,5,3,2
740,3,6,1.541369574,2.55,0,2.55,0,0,0,5,5,3,2
740,2,3,1.529864863,2.55,0,2.55,0,0,0,5,5,3,3
740,0,1,1.520985263,2.55,0,2.55,0,0,0,5,5,3,2
740,1,2,1.347154098,2.55,0,2.55,0,0,0,5,5,2,3
740,5,21,1.558937277,2.55,0,2.55,0,0,0,5,0,4,3
740,12,13,1.528124275,2.55,0,2.55,0,0,0,0,0,2,1
740,22,23,1.524975367,2.55,0,2.55,0,0,0,0,0,2,1
740,21,22,1.518396796,2.55,0,2.55,0,0,0,0,0,3,2
740,2,12,1.499774289,2.55,0,2.55,0,0,0,5,0,3,2
740,5,30,1.464750196,2.55,0,2.55,0,0,0,5,0,4,2
740,21,29,1.209706331,2.55,0,3.44,1,0,0,0,0,3,1
740,30,31,1.160360433,2.55,0,3.04,2,0,0,0,0,2,1
741,3,5,1.614782685,2.55,0,2.55,0,0,0,5,5,3,4
741,4,5,1.570360041,2.55,0,2.55,0,0,0,5,5,2,4
741,0,4,1.56254319,2.55,0,2.55,0,0,0,5,5,3,2
741,0,6,1.544257794,2.55,0,2.55,0,0,0,5,5,3,2
741,3,6,1.541552097,2.55,0,2.55,0,0,0,5,5,3,2
741,2,3,1.529755524,2.55,0,2.55,0,0,0,5,5,3,3
741,0,1,1.521119307,2.55,0,2.55,0,0,0,5,5,3,2
741,1,2,1.347209478,2.55,0,2.55,0,0,0,5,5,2,3
741,5,21,1.558969936,2.55,0,2.55,0,0,0,5,0,4,3
741,12,13,1.527955742,2.55,0,2.55,0,0,0,0,0,2,1
741,22,23,1.525047851,2.55,0,2.55,0,0,0,0,0,2,1
741,21,22,1.518415111,2.55,0,2.55,0,0,0,0,0,3,2
741,2,12,1.499627413,2.55,0,2.55,0,0,0,5,0,3,2
741,5,30,1.464803562,2.55,0,2.55,0,0,0,5,0,4,2
741,21,29,1.209702518,2.55,0,3.44,1,0,0,0,0,3,1
741,30,31,1.160355343,2.55,0,3.04,2,0,0,0,0,2,1
742,16,18,1.588566932,2.55,0,2.55,0,0,0,5,5,4,4
742,75,77,1.543747179,2.55,0,2.55,0,1,1,5,5,3,4
742,13,18,1.540813408,2.55,0,2.55,0,0,0,5,5,3,4
742,60,63,1.527000834,2.55,0,2.55,0,0,0,6,6,2,2
742,59,60,1.526175746,2.55,0,2.55,0,0,0,6,6,2,2
742,77,80,1.525221148,2.55,0,2.55,0,1,1,5,5,4,3
742,58,63,1.519271058,2.55,0,2.55,0,0,0,6,6,3,2
742,54,59,1.517083277,2.55,0,2.55,0,0,0,6,6,3,2
742,2,15,1.51422426,2.55,0,2.55,0,0,0,6,6,3,2
742,16,19,1.460531072,2.55,0,3.04,2,0,0,5,5,4,3
742,57,58,1.457973413,2.55,0,2.55,0,0,0,6,6,3,3
742,15,19,1.442258061,2.55,0,3.04,2,0,0,6,5,2,3
742,16,17,1.418549399,2.55,0,3.44,1,0,0,5,6,4,2
742,13,14,1.41813848,2.55,0,2.55,0,0,0,5,5,3,3
742,11,12,1.416705426,2.55,0,2.55,0,0,0,6,6,2,3
742,0,1,1.416675666,2.55,0,2.55,0,0,0,6,6,3,3
742,94,95,1.40564562,2.55,0,2.55,0,1,1,6,6,2,2
742,79,80,1.405286229,2.55,0,2.55,0,1,1,5,5,3,3
742,2,3,1.403428717,2.55,0,2.55,0,0,0,6,6,3,2
742,93,96,1.40246569,2.55,0,2.55,0,1,1,6,6,2,2
742,12,13,1.402141672,2.55,0,2.55,0,0,0,6,5,3,3
742,8,9,1.401092721,2.55,0,2.55,0,0,0,6,6,2,2
742,0,6,1.400663581,2.55,0,2.55,0,0,0,6,6,3,2
742,5,6,1.399951748,2.55,0,2.55,0,0,0,6,6,2,2
742,78,79,1.398724778,3.04,2,2.55,0,1,1,5,5,3,3
742,79,93,1.398036675,2.55,0,2.55,0,1,1,5,6,3,2
742,1,2,1.397963661,2.55,0,2.55,0,0,0,6,6,3,3
742,8,14,1.397829882,2.55,0,2.55,0,0,0,6,5,2,3
742,95,96,1.397828244,2.55,0,2.55,0,1,1,6,6,2,2
742,3,5,1.393031073,2.55,0,2.55,0,0,0,6,6,2,2
742,9,11,1.391172076,2.55,0,2.55,0,0,0,6,6,2,2
742,75,78,1.390218004,2.55,0,3.04,2,1,1,5,5,3,3
742,80,94,1.388958077,2.55,0,2.55,0,1,1,5,6,3,2
742,14,19,1.382823005,2.55,0,3.04,2,0,0,5,5,3,3
742,1,17,1.376195227,2.55,0,3.44,1,0,0,6,6,3,2
742,54,57,1.375403522,2.55,0,2.55,0,0,0,6,6,3,3
742,33,35,1.552994422,2.55,0,2.55,0,0,0,0,0,3,4
742,35,44,1.551151425,2.55,0,2.55,0,0,0,0,0,4,2
742,35,40,1.546713825,2.55,0,2.55,0,0,0,0,0,4,1
742,18,24,1.546532259,2.55,0,2.55,0,0,0,5,0,4,1
742,77,81,1.546476888,2.55,0,2.55,0,1,0,5,0,4,1
742,77,85,1.546057798,2.55,0,2.55,0,1,0,5,0,4,1
742,108,109,1.544688265,2.55,0,2.55,0,0,0,0,0,2,4
742,35,36,1.539991757,2.55,0,2.55,0,0,0,0,0,4,1
742,18,20,1.535317513,2.55,0,2.55,0,0,0,5,0,4,1
742,104,109,1.533109746,2.55,0,2.55,0,0,0,0,0,1,4
742,109,116,1.530862953,2.55,0,2.55,0,0,0,0,0,4,1
742,44,45,1.53052133,2.55,0,2.55,0,0,0,0,0,2,1
742,108,111,1.53004606,2.55,0,2.55,0,0,0,0,0,2,1
742,16,52,1.519660132,2.55,0,2.55,0,0,0,5,0,4,2
742,12,112,1.50129875,2.55,0,2.55,0,0,0,6,0,3,3
742,109,117,1.471192975,2.55,0,3.44,1,0,0,0,0,4,2
742,53,54,1.4558914,2.55,0,2.55,0,0,0,0,6,2,3
742,78,89,1.442944809,3.04,2,2.55,0,1,0,5,0,3,1
742,70,73,1.434513268,2.55,0,2.55,0,0,0,0,0,2,2
742,68,69,1.43385154,2.55,0,2.55,0,0,0,0,0,2,2
742,0,32,1.404519487,2.55,0,3.04,2,0,0,6,0,3,2
742,32,33,1.373579359,3.04,2,2.55,0,0,0,0,0,2,3
742,58,68,1.372257181,2.55,0,2.55,0,0,0,6,0,3,2
742,73,75,1.371088947,2.55,0,2.55,0,0,1,0,5,2,3
742,69,70,1.369914151,2.55,0,2.55,0,0,0,0,0,2,2
742,52,53,1.349776997,2.55,0,2.55,0,0,0,0,0,2,2
742,112,117,1.342332718,2.55,0,3.44,1,0,0,0,0,3,2
742,33,51,1.220706196,2.55,0,3.44,1,0,0,0,0,3,1
742,107,112,1.213805546,3.44,1,2.55,0,0,0,0,0,1,3
743,16,18,1.588975529,2.55,0,2.55,0,0,0,5,5,4,4
743,13,18,1.530505196,2.55,0,2.55,0,0,0,5,5,3,4
743,2,15,1.51504908,2.55,0,2.55,0,1,0,6,6,3,2
743,16,19,1.461066367,2.55,0,3.04,2,0,0,5,5,4,3
743,15,19,1.439886731,2.55,0,3.04,2,0,0,6,5,2,3
743,0,1,1.425321706,2.55,0,2.55,0,1,1,6,6,3,3
743,16,17,1.423981741,2.55,0,3.44,1,0,0,5,6,4,2
743,42,43,1.421127817,2.55,0,2.55,0,1,1,6,6,2,3
743,43,44,1.417717575,2.55,0,2.55,0,1,1,6,6,3,2
743,13,14,1.412971011,2.55,0,2.55,0,0,0,5,5,3,3
743,39,41,1.410015365,2.55,0,2.55,0,1,1,6,6,3,2
743,39,45,1.407899685,2.55,0,2.55,0,1,1,6,6,3,2
743,11,12,1.407379651,2.55,0,2.55,0,0,0,6,6,2,3
743,1,2,1.404247375,2.55,0,2.55,0,1,1,6,6,3,3
743,8,9,1.402978026,2.55,0,2.55,0,0,0,6,6,2,2
743,5,6,1.401851286,2.55,0,2.55,0,1,1,6,6,3,2
743,2,3,1.400160791,2.55,0,2.55,0,1,1,6,6,3,2
743,8,14,1.397349498,2.55,0,2.55,0,0,0,6,5,2,3
743,9,11,1.394434126,2.55,0,2.55,0,0,0,6,6,2,2
743,0,6,1.392169573,2.55,0,2.55,0,1,1,6,6,3,2
743,44,45,1.391461363,2.55,0,2.55,0,1,1,6,6,2,2
743,12,13,1.389653061,2.55,0,2.55,0,0,0,6,5,3,3
743,3,5,1.388769488,2.55,0,2.55,0,1,1,6,6,2,3
743,41,42,1.38852885,2.55,0,2.55,0,1,1,6,6,2,2
743,14,19,1.386377188,2.55,0,3.04,2,0,0,5,5,3,3
743,1,17,1.353130331,2.55,0,3.44,1,1,0,6,6,3,2
743,18,24,1.545341295,2.55,0,2.55,0,0,0,5,0,4,1
743,18,20,1.534110809,2.55,0,2.55,0,0,0,5,0,4,1
743,16,34,1.517294556,2.55,0,2.55,0,0,0,5,0,4,2
743,32,33,1.516351189,2.55,0,2.55,0,0,0,0,0,2,1
743,63,64,1.508791562,2.55,0,2.55,0,0,0,0,0,3,1
743,5,69,1.469944637,2.55,0,3.04,2,1,0,6,0,3,3
743,37,39,1.466710752,2.55,0,2.55,0,0,1,0,6,2,3
743,50,51,1.448964246,3.04,2,2.55,0,0,0,0,0,3,1
743,50,55,1.448632124,3.04,2,2.55,0,0,0,0,0,3,1
743,31,32,1.422763312,3.44,1,2.55,0,0,0,0,0,2,2
743,12,62,1.392820925,2.55,0,3.44,1,0,0,6,0,3,2
743,43,50,1.381190282,2.55,0,3.04,2,1,0,6,0,3,3
743,62,63,1.368007846,3.44,1,2.55,0,0,0,0,0,2,3
743,0,31,1.350374497,2.55,0,3.44,1,1,0,6,0,3,2
743,34,37,1.345317528,2.55,0,2.55,0,0,0,0,0,2,2
743,69,71,1.223702172,3.04,2,3.44,1,0,0,0,0,3,1
743,69,70,1.222673883,3.04,2,3.44,1,0,0,0,0,3,1
743,63,68,1.199650393,2.55,0,3.44,1,0,0,0,0,3,1
744,18,20,1.592013257,2.55,0,2.55,0,0,0,5,5,4,4
744,14,20,1.522130397,2.55,0,2.55,0,0,0,5,5,3,4
744,17,18,1.511415039,2.55,0,2.55,0,0,0,6,5,2,4
744,18,21,1.471729844,2.55,0,3.04,2,0,0,5,5,4,3
744,2,16,1.456038675,2.55,0,2.55,0,1,0,6,6,3,2
744,18,19,1.430569996,2.55,0,3.44,1,0,0,5,6,4,2
744,14,15,1.410963598,2.55,0,2.55,0,0,0,5,5,3,3
744,64,65,1.409628861,2.55,0,2.55,0,1,1,6,6,2,3
744,41,42,1.409360073,2.55,0,2.55,0,1,1,6,6,2,3
744,60,62,1.409204056,2.55,0,2.55,0,1,1,6,6,3,2
744,39,40,1.408733117,2.55,0,2.55,0,1,1,6,6,3,2
744,1,2,1.408705317,2.55,0,2.55,0,1,1,6,6,3,3
744,65,66,1.407356719,2.55,0,2.55,0,1,1,6,6,3,2
744,0,1,1.407089992,2.55,0,2.55,0,1,1,6,6,3,3
744,42,43,1.406925309,2.55,0,2.55,0,1,1,6,6,3,2
744,11,12,1.406674255,2.55,0,2.55,0,0,0,6,6,3,2
744,8,9,1.404202137,2.55,0,2.55,0,0,0,6,6,2,2
744,2,3,1.4040778,2.55,0,2.55,0,1,1,6,6,3,2
744,60,63,1.402613374,2.55,0,2.55,0,1,1,6,6,3,2
744,39,44,1.402127734,2.55,0,2.55,0,1,1,6,6,3,2
744,5,6,1.399141254,2.55,0,2.55,0,1,1,6,6,2,2
744,8,15,1.398077652,2.55,0,2.55,0,0,0,6,5,2,3
744,0,6,1.397753238,2.55,0,2.55,0,1,1,6,6,3,2
744,43,44,1.394492108,2.55,0,2.55,0,1,1,6,6,2,2
744,63,66,1.394283406,2.55,0,2.55,0,1,1,6,6,2,2
744,3,5,1.393921293,2.55,0,2.55,0,1,1,6,6,2,2
744,9,11,1.39340008,2.55,0,2.55,0,0,0,6,6,2,3
744,15,21,1.389199269,2.55,0,3.04,2,0,0,5,5,3,3
744,40,41,1.388023074,2.55,0,2.55,0,1,1,6,6,2,2
744,62,64,1.387749754,2.55,0,2.55,0,1,1,6,6,2,2
744,12,14,1.385334197,2.55,0,2.55,0,0,0,6,5,2,3
744,1,19,1.356224085,2.55,0,3.44,1,1,0,6,6,3,2
744,16,17,1.342443686,2.55,0,2.55,0,0,0,6,6,2,2
744,20,22,1.545443027,2.55,0,2.55,0,0,0,5,0,4,1
744,20,26,1.533430045,2.55,0,2.55,0,0,0,5,0,4,1
744,50,51,1.516717539,2.55,0,2.55,0,0,0,0,0,2,1
744,72,73,1.516604543,2.55,0,2.55,0,0,0,0,0,2,1
744,37,39,1.486426523,2.55,0,2.55,0,0,1,0,6,3,3
744,59,60,1.483927726,2.55,0,2.55,0,0,1,0,6,3,3
744,21,30,1.443189953,3.04,2,2.55,0,0,0,5,0,3,1
744,71,72,1.422427769,3.44,1,2.55,0,0,0,0,0,2,2
744,49,50,1.422190505,3.44,1,2.55,0,0,0,0,0,2,2
744,11,36,1.393680155,2.55,0,3.44,1,0,0,6,0,3,2
744,0,58,1.38157837,2.55,0,3.44,1,1,0,6,0,3,2
744,58,59,1.369058069,3.44,1,2.55,0,0,0,0,0,2,3
744,36,37,1.364490457,3.44,1,2.55,0,0,0,0,0,2,3
744,42,49,1.350927358,2.55,0,3.44,1,1,0,6,0,3,2
744,65,71,1.350304453,2.55,0,3.44,1,1,0,6,0,3,2
744,37,38,1.207399203,2.55,0,3.44,1,0,0,0,0,3,1
744,59,61,1.20648255,2.55,0,3.44,1,0,0,0,0,3,1
745,0,1,1.519929674,2.55,0,2.55,0,0,0,6,6,2,4
745,1,2,1.461252788,2.55,0,3.44,1,0,0,6,6,4,2
745,4,5,1.458248262,2.55,0,2.55,0,0,0,6,6,3,2
745,28,36,1.442944333,2.55,0,2.55,0,1,1,6,6,3,3
745,35,36,1.440976467,2.55,0,2.55,0,1,1,6,6,3,3
745,4,6,1.435973789,2.55,0,2.55,0,0,1,6,6,3,3
745,6,7,1.435458619,2.55,0,2.55,0,1,1,6,6,3,3
745,36,58,1.428073472,2.55,0,2.55,0,1,1,6,6,3,2
745,3,9,1.42456689,2.55,0,2.55,0,0,0,6,6,3,3
745,35,61,1.423963578,2.55,0,2.55,0,1,1,6,6,3,2
745,7,8,1.423619287,2.55,0,2.55,0,1,0,6,6,3,2
745,6,10,1.423250274,2.55,0,2.55,0,1,1,6,6,3,2
745,33,35,1.422533631,2.55,0,2.55,0,1,1,6,6,2,3
745,7,13,1.422207708,2.55,0,2.55,0,1,1,6,6,3,2
745,29,31,1.416094584,2.55,0,2.55,0,1,1,6,6,2,2
745,11,12,1.415813895,2.55,0,2.55,0,1,1,6,6,2,2
745,59,60,1.415053647,2.55,0,2.55,0,1,1,6,6,2,2
745,42,43,1.405732736,2.55,0,2.55,0,1,1,6,6,3,2
745,40,42,1.405022301,2.55,0,2.55,0,1,1,6,6,2,3
745,37,38,1.404635846,2.55,0,2.55,0,1,1,6,6,3,2
745,37,45,1.401405756,2.55,0,2.55,0,1,1,6,6,3,2
745,43,45,1.397013113,2.55,0,2.55,0,1,1,6,6,2,2
745,3,4,1.393184244,2.55,0,2.55,0,0,0,6,6,3,3
745,38,40,1.392613736,2.55,0,2.55,0,1,1,6,6,2,2
745,28,29,1.383918281,2.55,0,2.55,0,1,1,6,6,3,2
745,10,11,1.381556845,2.55,0,2.55,0,1,1,6,6,2,2
745,58,59,1.380672294,2.55,0,2.55,0,1,1,6,6,2,2
745,12,13,1.379797692,2.55,0,2.55,0,1,1,6,6,2,2
745,8,9,1.378734581,2.55,0,2.55,0,0,0,6,6,2,3
745,60,61,1.377800935,2.55,0,2.55,0,1,1,6,6,2,2
745,31,33,1.374438008,2.55,0,2.55,0,1,1,6,6,2,2
745,2,3,1.358272514,3.44,1,2.55,0,0,0,6,6,2,3
745,0,5,1.344680195,2.55,0,2.55,0,0,0,6,6,2,2
745,1,28,1.544620173,2.55,0,2.55,0,0,1,6,6,4,3
745,1,37,1.540353344,2.55,0,2.55,0,0,1,6,6,4,3
745,48,49,1.517076909,2.55,0,2.55,0,0,0,0,0,2,1
745,20,21,1.509910599,2.55,0,2.55,0,0,0,0,0,3,1
745,9,53,1.506270478,2.55,0,2.55,0,0,0,6,0,3,2
745,19,53,1.429683592,3.44,1,2.55,0,0,0,0,0,2,2
745,47,48,1.420051442,3.44,1,2.55,0,0,0,0,0,2,2
745,42,47,1.355269647,2.55,0,3.44,1,1,0,6,0,3,2
745,19,20,1.350741654,3.44,1,2.55,0,0,0,0,0,2,3
745,20,25,1.205332947,2.55,0,3.44,1,0,0,0,0,3,1
746,37,43,1.749067087,2.55,0,2.58,3,1,1,5,5,3,2
746,42,43,1.745527744,2.55,0,2.58,3,1,1,5,5,3,2
747,0,1,1.51963685,2.55,0,2.55,0,0,0,6,6,2,4
747,1,2,1.464824384,2.55,0,3.44,1,0,0,6,6,4,2
747,4,5,1.458378338,2.55,0,2.55,0,0,0,6,6,3,2
747,28,36,1.44326886,2.55,0,2.55,0,1,1,6,6,3,3
747,35,36,1.441068993,2.55,0,2.55,0,1,1,6,6,3,3
747,4,6,1.435866684,2.55,0,2.55,0,0,1,6,6,3,3
747,6,7,1.435660012,2.55,0,2.55,0,1,1,6,6,3,3
747,36,58,1.428085082,2.55,0,2.55,0,1,1,6,6,3,2
747,3,9,1.424845233,2.55,0,2.55,0,0,0,6,6,3,3
747,35,61,1.424004225,2.55,0,2.55,0,1,1,6,6,3,2
747,7,8,1.423543467,2.55,0,2.55,0,1,0,6,6,3,2
747,6,10,1.423432306,2.55,0,2.55,0,1,1,6,6,3,2
747,33,35,1.422486589,2.55,0,2.55,0,1,1,6,6,2,3
747,7,13,1.422201786,2.55,0,2.55,0,1,1,6,6,3,2
747,42,43,1.420486177,2.55,0,2.55,0,0,0,6,6,3,2
747,40,42,1.416672211,2.55,0,2.55,0,0,0,6,6,2,3
747,29,31,1.416009497,2.55,0,2.55,0,1,1,6,6,2,2
747,11,12,1.415889123,2.55,0,2.55,0,1,1,6,6,2,2
747,59,60,1.415063671,2.55,0,2.55,0,1,1,6,6,2,2
747,37,45,1.405011715,2.55,0,2.55,0,0,0,6,6,3,2
747,37,38,1.399917596,2.55,0,2.55,0,0,0,6,6,3,2
747,38,40,1.395516478,2.55,0,2.55,0,0,0,6,6,2,2
747,3,4,1.393415621,2.55,0,2.55,0,0,0,6,6,3,3
747,43,45,1.38987695,2.55,0,2.55,0,0,0,6,6,2,2
747,28,29,1.38398949,2.55,0,2.55,0,1,1,6,6,3,2
747,10,11,1.381553365,2.55,0,2.55,0,1,1,6,6,2,2
747,58,59,1.380661765,2.55,0,2.55,0,1,1,6,6,2,2
747,12,13,1.379796405,2.55,0,2.55,0,1,1,6,6,2,2
747,8,9,1.378688084,2.55,0,2.55,0,0,0,6,6,2,3
747,60,61,1.37774097,2.55,0,2.55,0,1,1,6,6,2,2
747,31,33,1.374421434,2.55,0,2.55,0,1,1,6,6,2,2
747,2,3,1.356679376,3.44,1,2.55,0,0,0,6,6,2,3
747,0,5,1.344661506,2.55,0,2.55,0,0,0,6,6,2,2
747,1,28,1.545529973,2.55,0,2.55,0,0,1,6,6,4,3
747,1,37,1.535489707,2.55,0,2.55,0,0,0,6,6,4,3
747,48,49,1.53325823,2.55,0,2.55,0,0,0,0,0,2,1
747,20,21,1.509947148,2.55,0,2.55,0,0,0,0,0,3,1
747,9,53,1.506298134,2.55,0,2.55,0,0,0,6,0,3,2
747,47,48,1.456866834,3.04,2,2.55,0,0,0,0,0,3,2
747,47,66,1.449130003,3.04,2,2.55,0,0,0,0,0,3,1
747,19,53,1.430262901,3.44,1,2.55,0,0,0,0,0,2,2
747,42,47,1.38532588,2.55,0,3.04,2,0,0,6,0,3,3
747,19,20,1.350199389,3.44,1,2.55,0,0,0,0,0,2,3
747,20,25,1.205349896,2.55,0,3.44,1,0,0,0,0,3,1
749,38,39,1.753626835,2.55,0,2.58,3,1,1,5,5,3,2
749,36,59,1.746937911,2.55,0,2.58,3,1,1,5,5,3,2
749,39,41,1.74664905,2.58,3,2.55,0,1,1,5,5,2,3
749,58,59,1.741038504,2.55,0,2.58,3,1,1,5,5,3,2
750,18,20,1.591338678,2.55,0,2.55,0,0,0,5,5,4,4
750,66,74,1.587465177,2.55,0,2.55,0,0,0,5,5,4,4
750,66,67,1.536397075,2.55,0,2.55,0,0,0,5,6,4,2
750,67,68,1.536119252,2.55,0,2.55,0,0,0,6,6,2,2
750,14,20,1.523844233,2.55,0,2.55,0,1,0,5,5,3,4
750,74,76,1.521781375,2.55,0,2.55,0,0,1,5,5,4,3
750,6,68,1.508480363,2.55,0,2.55,0,1,0,6,6,3,2
750,17,18,1.506580081,2.55,0,2.55,0,0,0,6,5,2,4
750,66,73,1.464066034,2.55,0,3.04,2,0,0,5,5,4,3
750,18,21,1.460872421,2.55,0,3.04,2,0,0,5,5,4,3
750,2,16,1.454008948,2.55,0,2.55,0,1,0,6,6,3,2
750,18,19,1.453717276,2.55,0,3.44,1,0,0,5,6,4,2
750,65,66,1.446157964,3.44,1,2.55,0,0,0,6,5,2,4
750,11,12,1.41791175,2.55,0,2.55,0,1,1,6,6,3,2
750,40,52,1.415930205,2.55,0,2.55,0,1,1,6,6,3,3
750,79,80,1.412797102,2.55,0,2.55,0,1,1,6,6,3,2
750,36,53,1.411844704,2.55,0,2.55,0,1,1,6,6,3,2
750,1,2,1.411487297,2.55,0,2.55,0,1,1,6,6,3,3
750,36,37,1.407110105,2.55,0,2.55,0,1,1,6,6,3,3
750,5,6,1.407089624,2.55,0,2.55,0,1,1,6,6,3,3
750,14,15,1.406981742,2.55,0,2.55,0,1,1,5,5,3,3
750,9,11,1.405983957,2.55,0,2.55,0,1,1,6,6,2,3
750,75,76,1.404764556,2.55,0,2.55,0,1,1,5,5,3,3
750,77,78,1.404394736,2.55,0,2.55,0,1,1,6,6,2,2
750,0,6,1.403248234,2.55,0,2.55,0,1,1,6,6,2,3
750,8,9,1.402566477,2.55,0,2.55,0,1,1,6,6,2,2
750,37,38,1.402265069,2.55,0,2.55,0,1,1,6,6,3,2
750,73,75,1.402177366,3.04,2,2.55,0,0,1,5,5,3,3
750,78,79,1.401439062,2.55,0,2.55,0,1,1,6,6,2,3
750,2,3,1.40065347,2.55,0,2.55,0,1,1,6,6,3,2
750,3,5,1.399589721,2.55,0,2.55,0,1,1,6,6,2,3
750,52,53,1.397081776,2.55,0,2.55,0,1,1,6,6,3,2
750,8,15,1.396694237,2.55,0,2.55,0,1,1,6,5,2,3
750,75,77,1.396592862,2.55,0,2.55,0,1,1,5,6,3,2
750,38,40,1.395141907,2.55,0,2.55,0,1,1,6,6,2,3
750,0,1,1.395135483,2.55,0,2.55,0,1,1,6,6,2,3
750,15,21,1.393458602,2.55,0,3.04,2,1,0,5,5,3,3
750,76,80,1.386509784,2.55,0,2.55,0,1,1,5,6,3,2
750,12,14,1.384474987,2.55,0,2.55,0,1,1,6,5,2,3
750,5,65,1.366759066,2.55,0,3.44,1,1,0,6,6,3,2
750,1,19,1.359743832,2.55,0,3.44,1,1,0,6,6,3,2
750,16,17,1.345850208,2.55,0,2.55,0,0,0,6,6,2,2
750,74,98,1.547328515,2.55,0,2.55,0,0,0,5,0,4,1
750,20,26,1.545924387,2.55,0,2.55,0,0,0,5,0,4,1
750,84,85,1.540444694,2.55,0,2.55,0,0,0,0,0,2,2
750,20,22,1.533075914,2.55,0,2.55,0,0,0,5,0,4,1
750,74,94,1.532766493,2.55,0,2.55,0,0,0,5,0,4,1
750,42,45,1.530246749,2.55,0,2.55,0,0,0,0,0,2,1
750,41,42,1.529899483,2.55,0,2.55,0,0,0,0,0,2,2
750,85,88,1.529533873,2.55,0,2.55,0,0,0,0,0,2,1
750,79,84,1.514056348,2.55,0,2.55,0,1,0,6,0,3,2
750,40,41,1.514022884,2.55,0,2.55,0,1,0,6,0,3,2
750,11,36,1.488762301,2.55,0,2.55,0,1,1,6,6,3,3
750,73,102,1.44826467,3.04,2,2.55,0,0,0,5,0,3,1
750,21,30,1.445626072,3.04,2,2.55,0,0,0,5,0,3,1
750,55,61,1.416810987,3.44,1,2.55,0,0,0,0,0,2,1
750,56,57,1.407671189,3.44,1,2.55,0,0,0,0,0,2,1
750,37,55,1.379862343,2.55,0,3.44,1,1,0,6,0,3,2
750,52,56,1.365002265,2.55,0,3.44,1,1,0,6,0,3,2
751,18,20,1.592681223,2.55,0,2.55,0,0,0,5,5,4,4
751,41,56,1.531294021,2.55,0,2.55,0,1,1,5,5,3,4
751,49,56,1.531161391,2.55,0,2.55,0,1,1,5,5,3,4
751,14,20,1.522583631,2.55,0,2.55,0,1,0,5,5,3,4
751,17,18,1.505609623,2.55,0,2.55,0,0,0,6,5,2,4
751,42,51,1.468110636,2.55,0,2.55,0,1,1,5,5,3,3
751,18,19,1.462170264,2.55,0,3.44,1,0,0,5,6,4,2
751,2,16,1.455280841,2.55,0,2.55,0,1,0,6,6,3,2
751,18,21,1.452691014,2.55,0,3.04,2,0,0,5,5,4,3
751,11,12,1.413201285,2.55,0,2.55,0,1,1,6,6,3,2
751,38,39,1.412883617,2.55,0,2.55,0,1,1,6,6,3,2
751,41,42,1.411708234,2.55,0,2.55,0,1,1,5,5,3,3
751,5,6,1.411404027,2.55,0,2.55,0,1,1,6,6,3,2
751,38,40,1.411042435,2.55,0,2.55,0,1,1,6,6,3,2
751,1,2,1.41017685,2.55,0,2.55,0,1,1,6,6,3,3
751,50,52,1.409975098,2.55,0,2.55,0,1,1,6,6,3,2
751,49,51,1.408536504,2.55,0,2.55,0,1,1,5,5,3,3
751,48,50,1.406390426,2.55,0,2.55,0,1,1,6,6,2,3
751,14,15,1.406006792,2.55,0,2.55,0,1,1,5,5,3,3
751,3,5,1.404690273,2.55,0,2.55,0,1,1,6,6,2,3
751,8,9,1.404419118,2.55,0,2.55,0,1,1,6,6,2,2
751,2,3,1.40248095,2.55,0,2.55,0,1,1,6,6,3,2
751,9,11,1.401485022,2.55,0,2.55,0,1,1,6,6,2,3
751,51,53,1.400497778,2.55,0,2.55,0,1,1,5,6,3,2
751,0,1,1.400107513,2.55,0,2.55,0,1,1,6,6,2,3
751,42,43,1.398782931,2.55,0,2.55,0,1,1,5,6,3,2
751,15,21,1.39871255,2.55,0,3.04,2,1,0,5,5,3,3
751,40,43,1.396805692,2.55,0,2.55,0,1,1,6,6,2,2
751,8,15,1.395592967,2.55,0,2.55,0,1,1,6,5,2,3
751,52,53,1.395216785,2.55,0,2.55,0,1,1,6,6,2,2
751,48,49,1.394671891,2.55,0,2.55,0,1,1,6,5,2,3
751,0,6,1.393816496,2.55,0,2.55,0,1,1,6,6,2,2
751,39,41,1.390248186,2.55,0,2.55,0,1,1,6,5,2,3
751,12,14,1.386613941,2.55,0,2.55,0,1,1,6,5,2,3
751,1,19,1.352150004,2.55,0,3.44,1,1,0,6,6,3,2
751,16,17,1.344506592,2.55,0,2.55,0,0,0,6,6,2,2
751,20,26,1.545285767,2.55,0,2.55,0,0,0,5,0,4,1
751,56,61,1.544851746,2.55,0,2.55,0,1,0,5,0,4,1
751,56,57,1.544312359,2.55,0,2.55,0,1,0,5,0,4,1
751,36,37,1.540329535,2.55,0,2.55,0,0,0,0,0,2,2
751,20,22,1.532855145,2.55,0,2.55,0,0,0,5,0,4,1
751,65,66,1.53067565,2.55,0,2.55,0,0,0,0,0,2,2
751,66,69,1.530071145,2.55,0,2.55,0,0,0,0,0,2,1
751,37,77,1.529546473,2.55,0,2.55,0,0,0,0,0,2,1
751,50,65,1.519884304,2.55,0,2.55,0,1,0,6,0,3,2
751,11,36,1.514184238,2.55,0,2.55,0,1,0,6,0,3,2
751,5,38,1.486398548,2.55,0,2.55,0,1,1,6,6,3,3
751,21,30,1.446657794,3.04,2,2.55,0,0,0,5,0,3,1
752,18,20,1.591947168,2.55,0,2.55,0,0,0,5,5,4,4
752,42,57,1.531227325,2.55,0,2.55,0,1,1,5,5,3,4
752,50,57,1.53096202,2.55,0,2.55,0,1,1,5,5,3,4
752,14,20,1.522281308,2.55,0,2.55,0,0,0,5,5,3,4
752,17,18,1.508826054,2.55,0,2.55,0,0,0,6,5,2,4
752,18,21,1.475382946,2.55,0,3.04,2,0,0,5,5,4,3
752,43,52,1.46859381,2.55,0,2.55,0,1,1,5,5,3,3
752,2,16,1.456129441,2.55,0,2.55,0,1,0,6,6,3,2
752,18,19,1.429510136,2.55,0,3.44,1,0,0,5,6,4,2
752,0,1,1.414076129,2.55,0,2.55,0,1,1,6,6,3,3
752,11,12,1.413596243,2.55,0,2.55,0,0,0,6,6,3,2
752,50,52,1.41193376,2.55,0,2.55,0,1,1,5,5,3,3
752,39,40,1.411883069,2.55,0,2.55,0,1,1,6,6,3,2
752,42,43,1.411881693,2.55,0,2.55,0,1,1,5,5,3,3
752,1,2,1.41084728,2.55,0,2.55,0,1,1,6,6,3,3
752,39,41,1.410385057,2.55,0,2.55,0,1,1,6,6,3,2
752,14,15,1.408835904,2.55,0,2.55,0,0,0,5,5,3,3
752,49,51,1.408808179,2.55,0,2.55,0,1,1,6,6,2,3
752,0,6,1.407799664,2.55,0,2.55,0,1,1,6,6,3,2
752,51,53,1.406629687,2.55,0,2.55,0,1,1,6,6,3,2
752,8,9,1.404646692,2.55,0,2.55,0,0,0,6,6,2,2
752,2,3,1.403564276,2.55,0,2.55,0,1,1,6,6,3,2
752,9,11,1.40121411,2.55,0,2.55,0,0,0,6,6,2,3
752,52,54,1.398600028,2.55,0,2.55,0,1,1,5,6,3,2
752,53,54,1.398509962,2.55,0,2.55,0,1,1,6,6,2,2
752,43,44,1.398284014,2.55,0,2.55,0,1,1,5,6,3,2
752,41,44,1.397556909,2.55,0,2.55,0,1,1,6,6,2,2
752,5,6,1.397554144,2.55,0,2.55,0,1,1,6,6,2,2
752,8,15,1.397326068,2.55,0,2.55,0,0,0,6,5,2,3
752,3,5,1.393361003,2.55,0,2.55,0,1,1,6,6,2,2
752,15,21,1.392774252,2.55,0,3.04,2,0,0,5,5,3,3
752,49,50,1.391542253,2.55,0,2.55,0,1,1,6,5,2,3
752,40,42,1.38974851,2.55,0,2.55,0,1,1,6,5,2,3
752,12,14,1.38633069,2.55,0,2.55,0,0,0,6,5,2,3
752,1,19,1.360419371,2.55,0,3.44,1,1,0,6,6,3,2
752,16,17,1.34259295,2.55,0,2.55,0,0,0,6,6,2,2
752,20,22,1.545284935,2.55,0,2.55,0,0,0,5,0,4,1
752,57,62,1.544958183,2.55,0,2.55,0,1,0,5,0,4,1
752,57,58,1.544000511,2.55,0,2.55,0,1,0,5,0,4,1
752,66,67,1.540763799,2.55,0,2.55,0,0,0,0,0,2,2
752,36,37,1.540707911,2.55,0,2.55,0,0,0,0,0,2,2
752,20,26,1.534613737,2.55,0,2.55,0,0,0,5,0,4,1
752,67,70,1.529289686,2.55,0,2.55,0,0,0,0,0,2,1
752,37,78,1.529278097,2.55,0,2.55,0,0,0,0,0,2,1
752,11,36,1.51385266,2.55,0,2.55,0,0,0,6,0,3,2
752,51,66,1.513427914,2.55,0,2.55,0,1,0,6,0,3,2
752,0,39,1.489914141,2.55,0,2.55,0,1,1,6,6,3,3
752,21,30,1.445065461,3.04,2,2.55,0,0,0,5,0,3,1
753,18,20,1.594581584,2.55,0,2.55,0,0,0,5,5,4,4
753,14,20,1.515908454,2.55,0,2.55,0,0,0,5,5,3,4
753,17,18,1.515267674,2.55,0,2.55,0,0,0,6,5,2,4
753,18,21,1.490003287,2.55,0,3.04,2,0,0,5,5,4,3
753,2,16,1.454074908,2.55,0,2.55,0,0,0,6,6,3,2
753,18,19,1.450271791,2.55,0,3.44,1,0,0,5,6,4,2
753,15,21,1.413163545,2.55,0,3.04,2,0,0,5,5,3,3
753,58,59,1.412137464,2.55,0,2.55,0,0,0,6,6,2,3
753,9,11,1.411950572,2.55,0,2.55,0,0,0,6,6,2,3
753,57,58,1.410354941,2.55,0,2.55,0,0,0,6,6,3,2
753,3,5,1.408980397,2.55,0,2.55,0,0,0,6,6,2,3
753,66,67,1.407284744,2.55,0,2.55,0,1,1,6,6,3,2
753,11,12,1.406165298,2.55,0,2.55,0,0,0,6,6,3,2
753,5,6,1.405449387,2.55,0,2.55,0,0,0,6,6,3,2
753,47,52,1.405119032,2.55,0,2.55,0,1,1,6,6,2,3
753,57,62,1.404976578,2.55,0,2.55,0,0,0,6,6,3,2
753,66,70,1.403975475,2.55,0,2.55,0,1,1,6,6,3,3
753,38,39,1.403926419,2.55,0,2.55,0,1,1,6,6,3,2
753,2,3,1.403569344,2.55,0,2.55,0,0,0,6,6,3,2
753,50,51,1.403470328,2.55,0,2.55,0,1,1,6,6,2,2
753,38,40,1.403420119,2.55,0,2.55,0,1,1,6,6,3,2
753,59,60,1.403297451,2.55,0,2.55,0,0,0,6,6,3,3
753,36,50,1.40317198,2.55,0,2.55,0,1,1,6,6,3,2
753,51,52,1.402935581,2.55,0,2.55,0,1,1,6,6,2,3
753,40,43,1.402719221,2.55,0,2.55,0,1,1,6,6,2,2
753,37,47,1.402238366,2.55,0,2.55,0,1,1,6,6,2,2
753,8,9,1.401972321,2.55,0,2.55,0,0,0,6,6,2,2
753,41,42,1.401186793,2.55,0,2.55,0,1,1,6,6,2,3
753,36,37,1.400945505,2.55,0,2.55,0,1,1,6,6,3,2
753,14,15,1.400396938,2.55,0,2.55,0,0,0,5,5,3,3
753,69,71,1.399767658,2.55,0,2.55,0,1,1,6,6,3,2
753,39,41,1.399418434,2.55,0,2.55,0,1,1,6,6,2,2
753,67,68,1.398629567,2.55,0,2.55,0,1,1,6,6,2,2
753,68,69,1.398104789,2.55,0,2.55,0,1,1,6,6,2,3
753,42,43,1.398005849,2.55,0,2.55,0,1,1,6,6,3,2
753,70,71,1.396487065,2.55,0,2.55,0,1,1,6,6,3,2
753,0,6,1.396138208,2.55,0,2.55,0,0,0,6,6,2,2
753,61,62,1.395497839,2.55,0,2.55,0,0,0,6,6,2,2
753,12,14,1.392929791,2.55,0,2.55,0,0,0,6,5,2,3
753,0,1,1.392150601,2.55,0,2.55,0,0,0,6,6,2,3
753,1,2,1.391910691,2.55,0,2.55,0,0,0,6,6,3,3
753,60,61,1.39012022,2.55,0,2.55,0,0,0,6,6,3,2
753,8,15,1.384257894,2.55,0,2.55,0,0,0,6,5,2,3
753,1,19,1.361909139,2.55,0,3.44,1,0,0,6,6,3,2
753,16,17,1.336408361,2.55,0,2.55,0,0,0,6,6,2,2
753,20,26,1.542826569,2.55,0,2.55,0,0,0,5,0,4,1
753,20,22,1.53427522,2.55,0,2.55,0,0,0,5,0,4,1
753,90,91,1.531666961,2.55,0,2.55,0,0,0,0,0,2,2
753,75,76,1.529712833,2.55,0,2.55,0,0,0,0,0,2,2
753,91,94,1.521896253,2.55,0,2.55,0,0,0,0,0,2,1
753,76,79,1.520650752,2.55,0,2.55,0,0,0,0,0,2,1
753,42,90,1.513065493,2.55,0,2.55,0,1,0,6,0,3,2
753,69,75,1.508597836,2.55,0,2.55,0,1,0,6,0,3,2
753,52,57,1.480266129,2.55,0,2.55,0,1,0,6,6,3,3
753,5,38,1.4783831,2.55,0,2.55,0,0,1,6,6,3,3
753,11,36,1.476133104,2.55,0,2.55,0,0,1,6,6,3,3
753,59,66,1.47395571,2.55,0,2.55,0,0,1,6,6,3,3
753,21,30,1.45531606,3.04,2,2.55,0,0,0,5,0,3,1
753,70,85,1.369439572,2.55,0,3.44,1,1,0,6,0,3,1
753,60,87,1.369033362,2.55,0,3.44,1,0,0,6,0,3,1
754,18,20,1.591671598,2.55,0,2.55,0,0,0,5,5,4,4
754,14,20,1.523043287,2.55,0,2.55,0,1,0,5,5,3,4
754,17,18,1.50549133,2.55,0,2.55,0,0,0,6,5,2,4
754,18,19,1.458422141,2.55,0,3.44,1,0,0,5,6,4,2
754,18,21,1.457145226,2.55,0,3.04,2,0,0,5,5,4,3
754,2,16,1.454363274,2.55,0,2.55,0,1,0,6,6,3,2
754,11,12,1.417205397,2.55,0,2.55,0,1,1,6,6,3,2
754,36,37,1.411968063,2.55,0,2.55,0,1,1,6,6,3,2
754,5,6,1.411700215,2.55,0,2.55,0,1,1,6,6,3,2
754,38,39,1.411521276,2.55,0,2.55,0,1,1,6,6,3,2
754,1,2,1.409808749,2.55,0,2.55,0,1,1,6,6,3,3
754,41,42,1.406469208,2.55,0,2.55,0,1,1,6,6,2,3
754,9,11,1.406340723,2.55,0,2.55,0,1,1,6,6,2,3
754,14,15,1.406048649,2.55,0,2.55,0,1,1,5,5,3,3
754,47,52,1.406031039,2.55,0,2.55,0,1,1,6,6,2,3
754,36,50,1.404959449,2.55,0,2.55,0,1,1,6,6,3,2
754,38,40,1.404477202,2.55,0,2.55,0,1,1,6,6,3,2
754,3,5,1.40401319,2.55,0,2.55,0,1,1,6,6,2,3
754,42,43,1.403440558,2.55,0,2.55,0,1,1,6,6,3,2
754,51,52,1.403247929,2.55,0,2.55,0,1,1,6,6,2,3
754,2,3,1.403102245,2.55,0,2.55,0,1,1,6,6,3,2
754,8,9,1.401936904,2.55,0,2.55,0,1,1,6,6,2,2
754,0,1,1.399966083,2.55,0,2.55,0,1,1,6,6,2,3
754,50,51,1.399191907,2.55,0,2.55,0,1,1,6,6,2,2
754,40,43,1.398904191,2.55,0,2.55,0,1,1,6,6,2,2
754,8,15,1.396696171,2.55,0,2.55,0,1,1,6,5,2,3
754,15,21,1.395859046,2.55,0,3.04,2,1,0,5,5,3,3
754,0,6,1.393943165,2.55,0,2.55,0,1,1,6,6,2,2
754,37,47,1.390155615,2.55,0,2.55,0,1,1,6,6,2,2
754,39,41,1.39004696,2.55,0,2.55,0,1,1,6,6,2,2
754,12,14,1.385187614,2.55,0,2.55,0,1,1,6,5,2,3
754,1,19,1.353175537,2.55,0,3.44,1,1,0,6,6,3,2
754,16,17,1.345113806,2.55,0,2.55,0,0,0,6,6,2,2
754,20,26,1.545611524,2.55,0,2.55,0,0,0,5,0,4,1
754,20,22,1.533069072,2.55,0,2.55,0,0,0,5,0,4,1
754,67,68,1.51737778,2.55,0,2.55,0,0,0,0,0,2,1
754,59,60,1.517198948,2.55,0,2.55,0,0,0,0,0,2,1
754,5,38,1.486312701,2.55,0,2.55,0,1,1,6,6,3,3
754,11,36,1.486272407,2.55,0,2.55,0,1,1,6,6,3,3
754,21,30,1.446501443,3.04,2,2.55,0,0,0,5,0,3,1
754,58,59,1.418543704,3.44,1,2.55,0,0,0,0,0,2,2
754,66,67,1.417772125,3.44,1,2.55,0,0,0,0,0,2,2
754,52,66,1.358549784,2.55,0,3.44,1,1,0,6,0,3,2
754,42,58,1.357183514,2.55,0,3.44,1,1,0,6,0,3,2
755,18,20,1.591601951,2.55,0,2.55,0,0,0,5,5,4,4
755,14,20,1.522803454,2.55,0,2.55,0,1,0,5,5,3,4
755,17,18,1.502725564,2.55,0,2.55,0,0,0,6,5,2,4
755,18,19,1.469397755,2.55,0,3.44,1,0,0,5,6,4,2
755,2,16,1.454477098,2.55,0,2.55,0,0,0,6,6,3,2
755,18,21,1.453879158,2.55,0,3.04,2,0,0,5,5,4,3
755,1,2,1.416256601,2.55,0,2.55,0,0,0,6,6,3,3
755,11,12,1.414108001,2.55,0,2.55,0,1,1,6,6,3,2
755,0,1,1.413562297,2.55,0,2.55,0,0,0,6,6,3,3
755,14,15,1.409837892,2.55,0,2.55,0,1,1,5,5,3,3
755,9,11,1.403750096,2.55,0,2.55,0,1,1,6,6,2,3
755,8,15,1.400377253,2.55,0,2.55,0,1,1,6,5,2,3
755,8,9,1.399422959,2.55,0,2.55,0,1,1,6,6,2,2
755,0,6,1.398924366,2.55,0,2.55,0,0,0,6,6,3,2
755,2,3,1.397564836,2.55,0,2.55,0,0,0,6,6,3,2
755,5,6,1.396489355,2.55,0,2.55,0,0,0,6,6,3,2
755,3,5,1.392384299,2.55,0,2.55,0,0,0,6,6,2,3
755,15,21,1.387959576,2.55,0,3.04,2,1,0,5,5,3,3
755,12,14,1.381850399,2.55,0,2.55,0,1,1,6,5,2,3
755,1,19,1.34948962,2.55,0,3.44,1,0,0,6,6,3,2
755,16,17,1.343441065,2.55,0,2.55,0,0,0,6,6,2,2
755,20,26,1.546478062,2.55,0,2.55,0,0,0,5,0,4,1
755,37,38,1.53653484,2.55,0,2.55,0,0,0,0,0,2,3
755,20,22,1.53370032,2.55,0,2.55,0,0,0,5,0,4,1
755,42,50,1.525777227,2.55,0,2.55,0,0,0,0,0,2,1
755,0,37,1.5178712,2.55,0,2.55,0,0,0,6,0,3,2
755,41,42,1.513523263,2.55,0,2.55,0,0,0,0,0,3,2
755,38,41,1.502843319,2.55,0,2.55,0,0,0,0,0,3,3
755,11,56,1.486054829,2.55,0,2.55,0,1,0,6,0,3,3
755,5,33,1.472433487,2.55,0,3.04,2,0,0,6,0,3,3
755,21,30,1.447838841,3.04,2,2.55,0,0,0,5,0,3,1
755,57,58,1.425228566,3.44,1,2.55,0,0,0,0,0,2,1
755,56,57,1.351441143,2.55,0,3.44,1,0,0,0,0,3,2
755,41,43,1.345755964,2.55,0,2.55,0,0,0,0,0,3,1
755,33,35,1.22317441,3.04,2,3.44,1,0,0,0,0,3,1
755,33,34,1.220739065,3.04,2,3.44,1,0,0,0,0,3,1
755,38,47,1.217635268,2.55,0,3.44,1,0,0,0,0,3,1
755,56,62,1.211827758,2.55,0,3.44,1,0,0,0,0,3,1
756,18,19,1.94012479,2.55,0,2.58,3,0,0,5,6,4,2
756,1,19,1.756675232,2.55,0,2.58,3,0,0,6,6,3,2
757,17,19,1.5943635,2.55,0,2.55,0,0,0,5,5,4,4
757,13,19,1.521284681,2.55,0,2.55,0,1,0,5,5,3,4
757,16,17,1.50293403,2.55,0,2.55,0,0,0,6,5,2,4
757,17,18,1.485720526,2.55,0,3.44,1,0,0,5,6,4,2
757,2,15,1.455038013,2.55,0,2.55,0,0,0,6,6,3,2
757,0,5,1.442223347,2.55,0,2.55,0,0,0,6,6,3,3
757,17,20,1.438874294,2.55,0,3.04,2,0,0,5,5,4,3
757,0,1,1.437685367,2.55,0,2.55,0,0,0,6,6,3,3
757,5,50,1.433360456,2.55,0,2.55,0,0,0,6,6,3,3
757,0,47,1.431606597,2.55,0,2.55,0,0,0,6,6,3,3
757,4,5,1.424304544,2.55,0,2.55,0,0,0,6,6,2,3
757,2,3,1.416526517,2.55,0,2.55,0,0,0,6,6,3,2
757,10,11,1.414467597,2.55,0,2.55,0,1,1,6,6,3,2
757,48,49,1.408232068,2.55,0,2.55,0,0,0,6,6,2,2
757,13,14,1.405443592,2.55,0,2.55,0,1,1,5,5,3,3
757,7,8,1.40499706,2.55,0,2.55,0,1,1,6,6,2,2
757,14,20,1.401290723,2.55,0,3.04,2,1,0,5,5,3,3
757,8,10,1.400988407,2.55,0,2.55,0,1,1,6,6,2,3
757,1,2,1.399398075,2.55,0,2.55,0,0,0,6,6,3,3
757,7,14,1.392359514,2.55,0,2.55,0,1,1,6,5,2,3
757,11,13,1.385988282,2.55,0,2.55,0,1,1,6,5,2,3
757,49,50,1.382549119,2.55,0,2.55,0,0,0,6,6,2,3
757,47,48,1.382031945,2.55,0,2.55,0,0,0,6,6,3,2
757,3,4,1.375154574,2.55,0,2.55,0,0,0,6,6,2,2
757,1,18,1.344919997,2.55,0,3.44,1,0,0,6,6,3,2
757,15,16,1.343800072,2.55,0,2.55,0,0,0,6,6,2,2
757,19,25,1.547019619,2.55,0,2.55,0,0,0,5,0,4,1
757,19,21,1.532130211,2.55,0,2.55,0,0,0,5,0,4,1
757,35,36,1.530742671,2.55,0,2.55,0,0,0,0,0,2,2
757,36,37,1.530265744,2.55,0,2.55,0,0,0,0,0,2,1
757,10,35,1.520519298,2.55,0,2.55,0,1,0,6,0,3,2
757,54,56,1.510800697,2.55,0,2.55,0,0,0,0,0,3,1
757,20,29,1.45038747,3.04,2,2.55,0,0,0,5,0,3,1
757,47,53,1.382108164,2.55,0,3.44,1,0,0,6,0,3,2
757,53,54,1.370386158,3.44,1,2.55,0,0,0,0,0,2,3
757,50,60,1.35864393,2.55,0,3.44,1,0,0,6,0,3,1
757,54,55,1.198607283,2.55,0,3.44,1,0,0,0,0,3,1
758,17,19,1.593615679,2.55,0,2.55,0,0,0,5,5,4,4
758,42,43,1.536826493,2.55,0,2.55,0,0,0,6,6,2,3
758,39,43,1.536803777,2.55,0,2.55,0,0,0,6,6,2,3
758,13,19,1.521801401,2.55,0,2.55,0,0,0,5,5,3,4
758,36,39,1.514191816,2.55,0,2.55,0,1,0,6,6,3,2
758,4,42,1.513281129,2.55,0,2.55,0,1,0,6,6,3,2
758,16,17,1.505613767,2.55,0,2.55,0,0,0,6,5,2,4
758,17,18,1.468455014,2.55,0,3.44,1,0,0,5,6,4,2
758,2,15,1.45356501,2.55,0,2.55,0,1,0,6,6,3,2
758,17,20,1.44997683,2.55,0,3.04,2,0,0,5,5,4,3
758,0,5,1.436396964,2.55,0,2.55,0,1,1,6,6,3,3
758,4,5,1.435025404,2.55,0,2.55,0,1,1,6,6,3,3
758,5,36,1.431395487,2.55,0,2.55,0,1,1,6,6,3,3
758,0,1,1.429229848,2.55,0,2.55,0,1,1,6,6,3,3
758,0,33,1.421185191,2.55,0,2.55,0,1,1,6,6,3,2
758,2,3,1.420989478,2.55,0,2.55,0,1,1,6,6,3,2
758,34,35,1.414356089,2.55,0,2.55,0,1,1,6,6,2,2
758,13,14,1.408187966,2.55,0,2.55,0,0,0,5,5,3,3
758,10,11,1.407080047,2.55,0,2.55,0,0,0,6,6,2,2
758,7,8,1.404222849,2.55,0,2.55,0,0,0,6,6,2,2
758,7,14,1.399039083,2.55,0,2.55,0,0,0,6,5,2,3
758,8,10,1.396704441,2.55,0,2.55,0,0,0,6,6,2,2
758,14,20,1.394838703,2.55,0,3.04,2,0,0,5,5,3,3
758,1,2,1.391682601,2.55,0,2.55,0,1,1,6,6,3,3
758,11,13,1.387920122,2.55,0,2.55,0,0,0,6,5,2,3
758,35,36,1.385482929,2.55,0,2.55,0,1,1,6,6,2,3
758,33,34,1.379556585,2.55,0,2.55,0,1,1,6,6,2,2
758,3,4,1.379328832,2.55,0,2.55,0,1,1,6,6,2,3
758,1,18,1.352196346,2.55,0,3.44,1,1,0,6,6,3,2
758,15,16,1.345206718,2.55,0,2.55,0,0,0,6,6,2,2
758,19,25,1.545918878,2.55,0,2.55,0,0,0,5,0,4,1
758,43,48,1.537147837,2.55,0,2.55,0,0,0,6,0,3,2
758,29,62,1.534731479,2.55,0,2.55,0,0,0,0,0,2,1
758,50,53,1.533137533,2.55,0,2.55,0,0,0,0,0,2,2
758,19,21,1.532976666,2.55,0,2.55,0,0,0,5,0,4,1
758,48,50,1.532883208,2.55,0,2.55,0,0,0,0,0,2,2
758,53,56,1.529715543,2.55,0,2.55,0,0,0,0,0,2,1
758,20,29,1.454498671,3.04,2,2.55,0,0,0,5,0,3,2
759,18,19,1.926608204,2.55,0,2.58,3,0,0,5,6,4,2
759,1,19,1.756191064,2.55,0,2.58,3,0,0,6,6,3,2
760,40,42,1.534926903,2.55,0,2.55,0,0,0,5,5,2,2
760,41,45,1.534760987,2.55,0,2.55,0,0,0,5,5,2,2
760,42,45,1.534716526,2.55,0,2.55,0,0,0,5,5,2,2
760,17,18,1.517936677,2.55,0,2.55,0,0,0,6,6,2,4
760,39,41,1.459684504,3.04,2,2.55,0,0,0,5,5,3,2
760,39,40,1.459069185,3.04,2,2.55,0,0,0,5,5,3,2
760,6,16,1.457723726,2.55,0,2.55,0,0,0,6,6,3,2
760,0,18,1.456118687,3.44,1,2.55,0,0,0,6,6,2,4
760,3,4,1.439673137,2.55,0,2.55,0,1,1,6,6,3,3
760,2,3,1.437142906,2.55,0,2.55,0,0,1,6,6,3,3
760,1,6,1.430321223,2.55,0,2.55,0,0,0,6,6,3,3
760,3,7,1.425530657,2.55,0,2.55,0,1,1,6,6,3,2
760,4,10,1.423021482,2.55,0,2.55,0,1,1,6,6,3,2
760,33,34,1.419986868,2.55,0,2.55,0,1,1,6,6,2,3
760,4,5,1.418696493,2.55,0,2.55,0,1,0,6,6,3,2
760,8,9,1.415767832,2.55,0,2.55,0,1,1,6,6,2,2
760,32,34,1.41533174,2.55,0,2.55,0,1,1,6,6,2,3
760,19,30,1.40660846,2.55,0,2.55,0,1,1,6,6,3,2
760,20,25,1.402652919,2.55,0,2.55,0,1,1,6,6,3,2
760,20,21,1.401771913,2.55,0,2.55,0,1,1,6,6,3,2
760,19,31,1.400609565,2.55,0,2.55,0,1,1,6,6,3,2
760,23,24,1.399176688,2.55,0,2.55,0,1,1,6,6,3,2
760,24,25,1.397457538,2.55,0,2.55,0,1,1,6,6,2,2
760,22,23,1.397327688,2.55,0,2.55,0,1,1,6,6,2,3
760,21,22,1.395410634,2.55,0,2.55,0,1,1,6,6,2,2
760,31,32,1.395396489,2.55,0,2.55,0,1,1,6,6,2,2
760,30,33,1.389642628,2.55,0,2.55,0,1,1,6,6,2,2
760,1,2,1.388898966,2.55,0,2.55,0,0,0,6,6,3,3
760,5,6,1.381884913,2.55,0,2.55,0,0,0,6,6,2,3
760,7,8,1.381637087,2.55,0,2.55,0,1,1,6,6,2,2
760,9,10,1.37916701,2.55,0,2.55,0,1,1,6,6,2,2
760,0,1,1.362811156,3.44,1,2.55,0,0,0,6,6,2,3
760,16,17,1.34254575,2.55,0,2.55,0,0,0,6,6,2,2
760,59,60,1.539938515,2.55,0,2.55,0,0,0,0,0,2,2
760,18,20,1.539541406,2.55,0,2.55,0,0,1,6,6,4,3
760,18,19,1.534545311,2.55,0,2.55,0,0,1,6,6,4,3
760,60,63,1.518662073,2.55,0,2.55,0,0,0,0,0,2,2
760,2,59,1.512370641,2.55,0,2.55,0,0,0,6,0,3,2
760,69,70,1.510625042,2.55,0,2.55,0,0,0,0,0,3,1
760,53,54,1.508597103,2.55,0,2.55,0,0,0,0,0,3,1
760,63,66,1.436520505,2.55,0,3.44,1,0,0,0,0,2,2
760,23,52,1.389062144,2.55,0,3.44,1,1,0,6,0,3,2
760,34,39,1.375144921,2.55,0,3.04,2,1,0,6,5,3,3
760,52,53,1.364334046,3.44,1,2.55,0,0,0,0,0,2,3
760,66,69,1.347873611,3.44,1,2.55,0,0,0,0,0,2,3
760,69,74,1.206413443,2.55,0,3.44,1,0,0,0,0,3,1
760,53,58,1.201195093,2.55,0,3.44,1,0,0,0,0,3,1
761,0,1,1.515504617,2.55,0,2.55,0,0,0,6,6,2,4
761,4,5,1.46430143,2.55,0,2.55,0,0,0,6,6,3,2
761,1,2,1.449582664,2.55,0,3.44,1,0,0,6,6,4,2
761,4,6,1.444923292,2.55,0,2.55,0,0,0,6,6,3,3
761,6,7,1.442823268,2.55,0,2.55,0,0,0,6,6,3,3
761,6,10,1.434290484,2.55,0,2.55,0,0,0,6,6,3,3
761,7,8,1.423875759,2.55,0,2.55,0,0,0,6,6,3,2
761,7,13,1.420326252,2.55,0,2.55,0,0,0,6,6,3,2
761,3,9,1.414255023,2.55,0,2.55,0,0,0,6,6,3,2
761,11,12,1.410294233,2.55,0,2.55,0,0,0,6,6,2,2
761,34,35,1.40689358,2.55,0,2.55,0,1,1,6,6,3,2
761,29,37,1.405279648,2.55,0,2.55,0,1,1,6,6,3,2
761,20,28,1.403974284,2.55,0,2.55,0,1,1,6,6,3,2
761,20,21,1.401291353,2.55,0,2.55,0,1,1,6,6,3,2
761,32,34,1.400867565,2.55,0,2.55,0,1,1,6,6,2,3
761,3,4,1.40078669,2.55,0,2.55,0,0,0,6,6,3,3
761,30,32,1.400123718,2.55,0,2.55,0,1,1,6,6,2,2
761,21,23,1.399195929,2.55,0,2.55,0,1,1,6,6,2,2
761,25,27,1.398755233,2.55,0,2.55,0,1,1,6,6,2,2
761,29,30,1.3984073,2.55,0,2.55,0,1,1,6,6,3,2
761,23,25,1.397028691,2.55,0,2.55,0,1,1,6,6,2,2
761,27,28,1.396903519,2.55,0,2.55,0,1,1,6,6,2,2
761,35,37,1.393078656,2.55,0,2.55,0,1,1,6,6,2,2
761,10,11,1.38340693,2.55,0,2.55,0,0,0,6,6,3,2
761,12,13,1.376377275,2.55,0,2.55,0,0,0,6,6,2,2
761,8,9,1.371850765,2.55,0,2.55,0,0,0,6,6,2,2
761,2,3,1.356836981,3.44,1,2.55,0,0,0,6,6,2,3
761,0,5,1.344609941,2.55,0,2.55,0,0,0,6,6,2,2
761,1,29,1.541495008,2.55,0,2.55,0,0,1,6,6,4,3
761,39,40,1.537214929,2.55,0,2.55,0,0,0,0,0,2,1
761,1,20,1.537195728,2.55,0,2.55,0,0,1,6,6,4,3
761,34,39,1.513859591,2.55,0,2.55,0,1,0,6,0,3,2
761,48,50,1.508956389,2.55,0,2.55,0,0,0,0,0,3,1
761,10,47,1.391553785,2.55,0,3.44,1,0,0,6,0,3,2
761,47,48,1.369464449,3.44,1,2.55,0,0,0,0,0,2,3
761,48,49,1.199885691,2.55,0,3.44,1,0,0,0,0,3,1
762,0,1,1.520433922,2.55,0,2.55,0,0,0,6,6,2,4
762,4,5,1.460676056,2.55,0,2.55,0,0,0,6,6,3,2
762,1,2,1.445841445,2.55,0,3.44,1,0,0,6,6,4,2
762,4,6,1.438867753,2.55,0,2.55,0,0,1,6,6,3,3
762,6,7,1.434324093,2.55,0,2.55,0,1,1,6,6,3,3
762,3,9,1.432439076,2.55,0,2.55,0,0,0,6,6,3,3
762,7,8,1.426536602,2.55,0,2.55,0,1,0,6,6,3,2
762,7,13,1.421528263,2.55,0,2.55,0,1,1,6,6,3,2
762,6,10,1.421220822,2.55,0,2.55,0,1,1,6,6,3,2
762,11,12,1.414145356,2.55,0,2.55,0,1,1,6,6,2,2
762,34,35,1.405219355,2.55,0,2.55,0,1,1,6,6,3,2
762,32,34,1.404062648,2.55,0,2.55,0,1,1,6,6,2,3
762,20,28,1.403941657,2.55,0,2.55,0,1,1,6,6,3,2
762,29,30,1.403040125,2.55,0,2.55,0,1,1,6,6,3,2
762,20,21,1.401394552,2.55,0,2.55,0,1,1,6,6,3,2
762,29,37,1.400962808,2.55,0,2.55,0,1,1,6,6,3,2
762,21,23,1.399300399,2.55,0,2.55,0,1,1,6,6,2,2
762,25,27,1.398872788,2.55,0,2.55,0,1,1,6,6,2,2
762,35,37,1.397287139,2.55,0,2.55,0,1,1,6,6,2,2
762,23,25,1.396883179,2.55,0,2.55,0,1,1,6,6,2,2
762,27,28,1.396784229,2.55,0,2.55,0,1,1,6,6,2,2
762,30,32,1.393513912,2.55,0,2.55,0,1,1,6,6,2,2
762,3,4,1.38988227,2.55,0,2.55,0,0,0,6,6,3,3
762,10,11,1.382656188,2.55,0,2.55,0,1,1,6,6,2,2
762,8,9,1.381130846,2.55,0,2.55,0,0,0,6,6,2,3
762,12,13,1.381031862,2.55,0,2.55,0,1,1,6,6,2,2
762,2,3,1.353806044,3.44,1,2.55,0,0,0,6,6,2,3
762,0,5,1.344229906,2.55,0,2.55,0,0,0,6,6,2,2
762,1,29,1.541629232,2.55,0,2.55,0,0,1,6,6,4,3
762,1,20,1.538935741,2.55,0,2.55,0,0,1,6,6,4,3
762,45,46,1.409301875,3.44,1,2.55,0,0,0,0,0,2,1
762,39,40,1.409171081,3.44,1,2.55,0,0,0,0,0,2,1
762,34,39,1.358168105,2.55,0,3.44,1,1,0,6,0,3,2
762,9,45,1.354260583,2.55,0,3.44,1,0,0,6,0,3,2
763,15,17,1.589752367,2.55,0,2.55,0,0,0,5,5,4,4
763,11,17,1.523057817,2.55,0,2.55,0,1,0,5,5,3,4
763,14,15,1.508953662,2.55,0,2.55,0,0,0,6,5,2,4
763,61,62,1.489700391,2.55,0,2.55,0,0,1,6,6,3,3
763,63,64,1.487787006,2.55,0,2.55,0,0,1,6,6,3,3
763,15,18,1.470641804,2.55,0,3.04,2,0,0,5,5,4,3
763,1,13,1.455962532,2.55,0,2.55,0,1,0,6,6,3,2
763,15,16,1.437258746,2.55,0,3.44,1,0,0,5,6,4,2
763,65,68,1.43004243,2.55,0,2.55,0,1,1,6,6,3,3
763,68,69,1.42392156,2.55,0,2.55,0,1,1,6,6,3,2
763,64,65,1.42004382,2.55,0,2.55,0,1,1,6,6,3,3
763,62,65,1.417689044,2.55,0,2.55,0,1,1,6,6,3,3
763,68,75,1.416465207,2.55,0,2.55,0,1,1,6,6,3,2
763,73,74,1.416426946,2.55,0,2.55,0,1,1,6,6,2,3
763,0,32,1.414593099,2.55,0,2.55,0,1,1,6,6,3,3
763,66,67,1.41396098,2.55,0,2.55,0,1,1,6,6,2,2
763,0,1,1.411511924,2.55,0,2.55,0,1,1,6,6,3,3
763,11,12,1.410461918,2.55,0,2.55,0,1,1,5,5,3,3
763,58,63,1.408210824,3.04,2,2.55,0,0,0,6,6,3,3
763,8,9,1.407544632,2.55,0,2.55,0,1,1,6,6,2,2
763,58,61,1.405245005,3.04,2,2.55,0,0,0,6,6,3,3
763,5,6,1.404531569,2.55,0,2.55,0,1,1,6,6,2,2
763,3,33,1.399436462,2.55,0,2.55,0,1,1,6,6,3,2
763,5,12,1.399404908,2.55,0,2.55,0,1,1,6,5,2,3
763,1,2,1.398957892,2.55,0,2.55,0,1,1,6,6,3,2
763,6,8,1.39651544,2.55,0,2.55,0,1,1,6,6,2,2
763,32,33,1.395609596,2.55,0,2.55,0,1,1,6,6,3,2
763,2,3,1.391040429,2.55,0,2.55,0,1,1,6,6,2,3
763,12,18,1.390669781,2.55,0,3.04,2,1,0,5,5,3,3
763,62,73,1.387668099,2.55,0,2.55,0,1,1,6,6,3,2
763,9,11,1.387494178,2.55,0,2.55,0,1,1,6,5,2,3
763,74,75,1.386629286,2.55,0,2.55,0,1,1,6,6,3,2
763,64,66,1.386104971,2.55,0,2.55,0,1,1,6,6,3,2
763,67,69,1.381880488,2.55,0,2.55,0,1,1,6,6,2,2
763,0,16,1.354054398,2.55,0,3.44,1,1,0,6,6,3,2
763,13,14,1.342204109,2.55,0,2.55,0,0,0,6,6,2,2
763,17,19,1.545907956,2.55,0,2.55,0,0,0,5,0,4,1
763,52,55,1.538573565,2.55,0,2.55,0,0,0,0,0,2,2
763,27,45,1.533965958,2.55,0,2.55,0,0,0,0,0,2,2
763,17,23,1.533958295,2.55,0,2.55,0,0,0,5,0,4,1
763,45,48,1.52903654,2.55,0,2.55,0,0,0,0,0,2,3
763,35,36,1.527142122,2.55,0,2.55,0,0,0,0,0,2,1
763,32,35,1.514536431,2.55,0,2.55,0,1,0,6,0,3,2
763,79,80,1.507677136,2.55,0,2.55,0,0,0,0,0,3,1
763,3,42,1.470525909,2.55,0,3.04,2,1,0,6,0,3,3
763,55,58,1.46808184,2.55,0,3.04,2,0,0,0,6,2,3
763,18,27,1.45062151,3.04,2,2.55,0,0,0,5,0,3,2
763,51,52,1.450219305,3.04,2,2.55,0,0,0,0,0,2,2
763,74,78,1.382892982,2.55,0,3.44,1,1,0,6,0,3,2
763,48,51,1.369205819,2.55,0,3.04,2,0,0,0,0,3,2
763,78,79,1.368057812,3.44,1,2.55,0,0,0,0,0,2,3
763,42,44,1.222891798,3.04,2,3.44,1,0,0,0,0,3,1
763,42,43,1.222733604,3.04,2,3.44,1,0,0,0,0,3,1
763,48,53,1.219696887,2.55,0,3.44,1,0,0,0,0,3,1
763,61,85,1.217826768,2.55,0,3.44,1,0,0,6,0,3,1
763,63,86,1.216010701,2.55,0,3.44,1,0,0,6,0,3,1
763,79,84,1.200357426,2.55,0,3.44,1,0,0,0,0,3,1
764,0,1,1.518154473,2.55,0,2.55,0,0,0,6,6,2,4
764,4,5,1.459174267,2.55,0,2.55,0,0,0,6,6,3,2
764,1,2,1.455095963,2.55,0,3.44,1,0,0,6,6,4,2
764,4,6,1.436426996,2.55,0,2.55,0,0,1,6,6,3,3
764,6,7,1.435572999,2.55,0,2.55,0,1,1,6,6,3,3
764,3,9,1.424008131,2.55,0,2.55,0,0,0,6,6,3,3
764,6,10,1.42335214,2.55,0,2.55,0,1,1,6,6,3,2
764,7,8,1.423175787,2.55,0,2.55,0,1,0,6,6,3,2
764,7,13,1.422287819,2.55,0,2.55,0,1,1,6,6,3,2
764,11,12,1.415872446,2.55,0,2.55,0,1,1,6,6,2,2
764,32,33,1.405253802,2.55,0,2.55,0,1,1,6,6,3,2
764,18,26,1.404070822,2.55,0,2.55,0,1,1,6,6,3,2
764,30,32,1.40297541,2.55,0,2.55,0,1,1,6,6,2,3
764,27,35,1.402449665,2.55,0,2.55,0,1,1,6,6,3,2
764,27,28,1.402404761,2.55,0,2.55,0,1,1,6,6,3,2
764,18,19,1.401464014,2.55,0,2.55,0,1,1,6,6,3,2
764,19,21,1.398979588,2.55,0,2.55,0,1,1,6,6,2,2
764,23,25,1.398593963,2.55,0,2.55,0,1,1,6,6,2,2
764,21,23,1.397089688,2.55,0,2.55,0,1,1,6,6,2,2
764,25,26,1.397038481,2.55,0,2.55,0,1,1,6,6,2,2
764,33,35,1.396175168,2.55,0,2.55,0,1,1,6,6,2,2
764,28,30,1.39423075,2.55,0,2.55,0,1,1,6,6,2,2
764,3,4,1.393009426,2.55,0,2.55,0,0,0,6,6,3,3
764,10,11,1.381524138,2.55,0,2.55,0,1,1,6,6,2,2
764,12,13,1.379566555,2.55,0,2.55,0,1,1,6,6,2,2
764,8,9,1.37870407,2.55,0,2.55,0,0,0,6,6,2,3
764,2,3,1.360389287,3.44,1,2.55,0,0,0,6,6,2,3
764,0,5,1.344047403,2.55,0,2.55,0,0,0,6,6,2,2
764,1,27,1.539014896,2.55,0,2.55,0,0,1,6,6,4,3
764,1,18,1.538855902,2.55,0,2.55,0,0,1,6,6,4,3
764,38,52,1.518263805,2.55,0,2.55,0,0,0,0,0,2,2
764,46,47,1.509660963,2.55,0,2.55,0,0,0,0,0,3,1
764,60,61,1.509046053,2.55,0,2.55,0,0,0,0,0,3,1
764,9,40,1.506338133,2.55,0,2.55,0,0,0,6,0,3,2
764,40,41,1.429591674,2.55,0,3.44,1,0,0,0,0,2,2
764,52,57,1.429195691,2.55,0,3.44,1,0,0,0,0,2,2
764,37,38,1.412308857,3.44,1,2.55,0,0,0,0,0,2,2
764,32,37,1.359000536,2.55,0,3.44,1,1,0,6,0,3,2
764,57,60,1.353311085,3.44,1,2.55,0,0,0,0,0,2,3
764,41,46,1.350842575,3.44,1,2.55,0,0,0,0,0,2,3
764,46,51,1.205300504,2.55,0,3.44,1,0,0,0,0,3,1
764,60,65,1.204397912,2.55,0,3.44,1,0,0,0,0,3,1
765,96,97,1.535105621,2.55,0,2.55,0,0,0,5,5,2,2
765,88,91,1.534993539,2.55,0,2.55,0,0,0,5,5,2,2
765,100,103,1.534960209,2.55,0,2.55,0,0,0,5,5,2,2
765,84,85,1.53489195,2.55,0,2.55,0,0,0,5,5,2,2
765,97,100,1.534843876,2.55,0,2.55,0,0,0,5,5,2,2
765,85,88,1.534812985,2.55,0,2.55,0,0,0,5,5,2,2
765,0,1,1.520738594,2.55,0,2.55,0,0,0,6,6,2,4
765,21,23,1.520136548,2.55,0,2.55,0,0,0,6,6,4,2
765,4,5,1.458720342,2.55,0,2.55,0,0,0,6,6,3,2
765,8,22,1.458603077,2.55,0,2.55,0,0,0,6,6,3,2
765,83,96,1.457716111,3.04,2,2.55,0,0,0,5,5,3,2
765,83,103,1.457700598,3.04,2,2.55,0,0,0,5,5,3,2
765,82,91,1.457678916,3.04,2,2.55,0,0,0,5,5,3,2
765,82,84,1.45763146,3.04,2,2.55,0,0,0,5,5,3,2
765,20,21,1.454947429,3.44,1,2.55,0,0,0,6,6,2,4
765,1,2,1.452565682,2.55,0,3.44,1,0,0,6,6,4,2
765,7,8,1.438224944,2.55,0,2.55,0,1,0,6,6,3,3
765,4,6,1.438104446,2.55,0,2.55,0,0,1,6,6,3,3
765,6,7,1.437372625,2.55,0,2.55,0,1,1,6,6,3,3
765,7,13,1.422287593,2.55,0,2.55,0,1,1,6,6,3,2
765,6,10,1.422072374,2.55,0,2.55,0,1,1,6,6,3,2
765,3,9,1.421182149,2.55,0,2.55,0,0,0,6,6,3,3
765,74,75,1.416934449,2.55,0,2.55,0,1,1,6,6,2,3
765,66,67,1.416589733,2.55,0,2.55,0,1,1,6,6,3,2
765,65,66,1.41570758,2.55,0,2.55,0,1,1,6,6,2,3
765,75,76,1.41554388,2.55,0,2.55,0,1,1,6,6,3,2
765,11,12,1.41268852,2.55,0,2.55,0,1,1,6,6,2,2
765,30,31,1.405641657,2.55,0,2.55,0,1,1,6,6,2,3
765,39,40,1.405569221,2.55,0,2.55,0,1,1,6,6,3,2
765,38,39,1.403983445,2.55,0,2.55,0,1,1,6,6,2,3
765,31,32,1.403973622,2.55,0,2.55,0,1,1,6,6,3,2
765,63,73,1.403327588,2.55,0,2.55,0,1,1,6,6,3,2
765,26,37,1.402909494,2.55,0,2.55,0,1,1,6,6,3,2
765,27,29,1.402686422,2.55,0,2.55,0,1,1,6,6,3,2
765,62,68,1.402651857,2.55,0,2.55,0,1,1,6,6,3,2
765,62,64,1.401714568,2.55,0,2.55,0,1,1,6,6,3,2
765,27,28,1.401466813,2.55,0,2.55,0,1,1,6,6,3,2
765,63,77,1.401443667,2.55,0,2.55,0,1,1,6,6,3,2
765,26,41,1.401319291,2.55,0,2.55,0,1,1,6,6,3,2
765,40,41,1.39739383,2.55,0,2.55,0,1,1,6,6,2,2
765,28,30,1.397296204,2.55,0,2.55,0,1,1,6,6,2,2
765,76,77,1.394682574,2.55,0,2.55,0,1,1,6,6,2,2
765,64,65,1.394249243,2.55,0,2.55,0,1,1,6,6,2,2
765,37,38,1.393894931,2.55,0,2.55,0,1,1,6,6,2,2
765,29,32,1.393889791,2.55,0,2.55,0,1,1,6,6,2,2
765,67,68,1.393352422,2.55,0,2.55,0,1,1,6,6,2,2
765,8,9,1.39331421,2.55,0,2.55,0,0,0,6,6,3,3
765,73,74,1.392981955,2.55,0,2.55,0,1,1,6,6,2,2
765,3,4,1.392952074,2.55,0,2.55,0,0,0,6,6,3,3
765,12,13,1.381396894,2.55,0,2.55,0,1,1,6,6,2,2
765,10,11,1.381339931,2.55,0,2.55,0,1,1,6,6,2,2
765,2,3,1.35455555,3.44,1,2.55,0,0,0,6,6,2,3
765,9,20,1.353634202,2.55,0,3.44,1,0,0,6,6,3,2
765,22,23,1.345254682,2.55,0,2.55,0,0,0,6,6,2,2
765,0,5,1.345085507,2.55,0,2.55,0,0,0,6,6,2,2
765,1,26,1.539536297,2.55,0,2.55,0,0,1,6,6,4,3
765,21,27,1.538517811,2.55,0,2.55,0,0,1,6,6,4,3
765,21,63,1.535814803,2.55,0,2.55,0,0,1,6,6,4,3
765,1,62,1.53536593,2.55,0,2.55,0,0,1,6,6,4,3
765,55,56,1.517579709,2.55,0,2.55,0,0,0,0,0,2,1
765,48,49,1.517565799,2.55,0,2.55,0,0,0,0,0,2,1
765,46,48,1.41781133,3.44,1,2.55,0,0,0,0,0,2,2
765,47,55,1.417694838,3.44,1,2.55,0,0,0,0,0,2,2
765,66,82,1.378470253,2.55,0,3.04,2,1,0,6,5,3,3
765,75,83,1.378300352,2.55,0,3.04,2,1,0,6,5,3,3
765,39,46,1.35846299,2.55,0,3.44,1,1,0,6,0,3,2
765,31,47,1.358122132,2.55,0,3.44,1,1,0,6,0,3,2
766,17,19,1.59294756,2.55,0,2.55,0,0,0,5,5,4,4
766,19,22,1.560771397,2.55,0,2.55,0,0,0,5,6,4,2
766,19,21,1.546083674,2.55,0,2.55,0,0,0,5,6,4,2
766,21,54,1.537960575,2.55,0,2.55,0,0,0,6,6,2,2
766,22,51,1.533013716,2.55,0,2.55,0,0,0,6,6,2,2
766,51,57,1.532558521,2.55,0,2.55,0,0,0,6,6,2,2
766,54,57,1.532448432,2.55,0,2.55,0,0,0,6,6,2,2
766,13,19,1.52874604,2.55,0,2.55,0,0,0,5,5,3,4
766,16,17,1.504023054,2.55,0,2.55,0,0,0,6,5,2,4
766,17,18,1.490945447,2.55,0,3.44,1,0,0,5,6,4,2
766,2,15,1.456091148,2.55,0,2.55,0,0,0,6,6,3,2
766,17,20,1.438043988,2.55,0,3.04,2,0,0,5,5,4,3
766,1,2,1.413764428,2.55,0,2.55,0,0,0,6,6,3,3
766,0,1,1.412131589,2.55,0,2.55,0,0,0,6,6,3,3
766,13,14,1.410169241,2.55,0,2.55,0,0,0,5,5,3,3
766,10,11,1.406731638,2.55,0,2.55,0,0,0,6,6,2,2
766,7,8,1.403324056,2.55,0,2.55,0,0,0,6,6,2,2
766,14,20,1.400494382,2.55,0,3.04,2,0,0,5,5,3,3
766,2,3,1.398908388,2.55,0,2.55,0,0,0,6,6,3,2
766,4,5,1.398864411,2.55,0,2.55,0,0,0,6,6,3,2
766,7,14,1.396802785,2.55,0,2.55,0,0,0,6,5,2,3
766,8,10,1.395098177,2.55,0,2.55,0,0,0,6,6,2,2
766,3,4,1.392828531,2.55,0,2.55,0,0,0,6,6,2,3
766,11,13,1.391939932,2.55,0,2.55,0,0,0,6,5,2,3
766,0,5,1.388046462,2.55,0,2.55,0,0,0,6,6,3,2
766,15,16,1.343828779,2.55,0,2.55,0,0,0,6,6,2,2
766,1,18,1.336711992,2.55,0,3.44,1,0,0,6,6,3,2
766,23,30,1.532673204,2.55,0,2.55,0,0,0,0,0,2,2
766,45,46,1.5092889,2.55,0,2.55,0,0,0,0,0,3,1
766,28,33,1.503200254,2.55,0,2.55,0,0,0,0,0,3,1
766,4,34,1.469959548,2.55,0,3.04,2,0,0,6,0,3,3
766,20,23,1.449403769,3.04,2,2.55,0,0,0,5,0,3,2
766,30,42,1.433228563,2.55,0,3.44,1,0,0,0,0,2,2
766,0,27,1.380948949,2.55,0,3.44,1,0,0,6,0,3,2
766,27,28,1.373956101,3.44,1,2.55,0,0,0,0,0,2,3
766,42,45,1.35237435,3.44,1,2.55,0,0,0,0,0,2,3
766,34,35,1.22248196,3.04,2,3.44,1,0,0,0,0,3,1
766,34,36,1.221749035,3.04,2,3.44,1,0,0,0,0,3,1
766,45,50,1.204950301,2.55,0,3.44,1,0,0,0,0,3,1
766,28,41,1.199531907,2.55,0,3.44,1,0,0,0,0,3,1
767,17,19,1.594472639,2.55,0,2.55,0,0,0,5,5,4,4
767,13,19,1.528601282,2.55,0,2.55,0,0,0,5,5,3,4
767,16,17,1.511805076,2.55,0,2.55,0,0,0,6,5,2,4
767,17,20,1.469848167,2.55,0,3.04,2,0,0,5,5,4,3
767,2,15,1.456900534,2.55,0,2.55,0,1,0,6,6,3,2
767,17,18,1.432383498,2.55,0,3.44,1,0,0,5,6,4,2
767,13,14,1.412874368,2.55,0,2.55,0,0,0,5,5,3,3
767,10,11,1.407157371,2.55,0,2.55,0,0,0,6,6,2,2
767,4,5,1.40714656,2.55,0,2.55,0,1,1,6,6,3,2
767,1,2,1.405866088,2.55,0,2.55,0,1,1,6,6,3,3
767,2,3,1.403937912,2.55,0,2.55,0,1,1,6,6,3,2
767,7,8,1.403322191,2.55,0,2.55,0,0,0,6,6,2,2
767,3,4,1.402176974,2.55,0,2.55,0,1,1,6,6,2,3
767,0,1,1.401990586,2.55,0,2.55,0,1,1,6,6,3,3
767,7,14,1.399051503,2.55,0,2.55,0,0,0,6,5,2,3
767,8,10,1.395757898,2.55,0,2.55,0,0,0,6,6,2,2
767,0,5,1.391574095,2.55,0,2.55,0,1,1,6,6,3,2
767,14,20,1.390069654,2.55,0,3.04,2,0,0,5,5,3,3
767,11,13,1.389931216,2.55,0,2.55,0,0,0,6,5,2,3
767,1,18,1.357400021,2.55,0,3.44,1,1,0,6,6,3,2
767,15,16,1.343398209,2.55,0,2.55,0,0,0,6,6,2,2
767,19,22,1.549646957,2.55,0,2.55,0,0,0,5,0,4,2
767,19,21,1.54629349,2.55,0,2.55,0,0,0,5,0,4,1
767,22,50,1.532679772,2.55,0,2.55,0,0,0,0,0,2,1
767,35,59,1.530884898,2.55,0,2.55,0,0,0,0,0,3,2
767,23,30,1.527509468,2.55,0,2.55,0,0,0,0,0,2,2
767,59,62,1.525760755,2.55,0,2.55,0,0,0,0,0,2,1
767,44,45,1.510001794,2.55,0,2.55,0,0,0,0,0,3,1
767,28,33,1.505227269,2.55,0,2.55,0,0,0,0,0,3,1
767,20,23,1.445468583,3.04,2,2.55,0,0,0,5,0,3,2
767,30,41,1.433607352,2.55,0,3.44,1,0,0,0,0,2,2
767,4,34,1.410394137,2.55,0,3.04,2,1,0,6,0,3,2
767,0,27,1.385306137,2.55,0,3.44,1,1,0,6,0,3,2
767,34,35,1.377802672,3.04,2,2.55,0,0,0,0,0,2,3
767,27,28,1.371990015,3.44,1,2.55,0,0,0,0,0,2,3
767,41,44,1.349979452,3.44,1,2.55,0,0,0,0,0,2,3
767,35,61,1.218110398,2.55,0,3.44,1,0,0,0,0,3,1
767,44,49,1.205592001,2.55,0,3.44,1,0,0,0,0,3,1
767,28,40,1.199582737,2.55,0,3.44,1,0,0,0,0,3,1
769,57,59,1.592036836,2.55,0,2.55,0,0,0,5,5,4,4
769,13,15,1.587020073,2.55,0,2.55,0,0,0,5,5,4,4
769,9,15,1.518359429,2.55,0,2.55,0,0,0,5,5,3,4
769,53,59,1.518336991,2.55,0,2.55,0,0,0,5,5,3,4
769,12,13,1.508514745,2.55,0,2.55,0,0,0,6,5,2,4
769,56,57,1.508375841,2.55,0,2.55,0,0,0,6,5,2,4
769,13,16,1.466246124,2.55,0,3.04,2,0,0,5,5,4,3
769,57,58,1.463961031,2.55,0,3.44,1,0,0,5,6,4,2
769,57,60,1.46247341,2.55,0,3.04,2,0,0,5,5,4,3
769,13,14,1.459149671,2.55,0,3.44,1,0,0,5,6,4,2
769,2,11,1.45569705,2.55,0,2.55,0,1,0,6,6,3,2
769,44,55,1.455544721,2.55,0,2.55,0,0,0,6,6,3,2
769,48,49,1.455076925,2.55,0,2.55,0,0,0,6,6,3,3
769,48,54,1.436065861,2.55,0,2.55,0,0,0,6,5,3,3
769,10,48,1.436039399,2.55,0,2.55,0,0,0,5,6,3,3
769,49,50,1.423086925,2.55,0,2.55,0,0,0,6,6,3,2
769,6,49,1.422897742,2.55,0,2.55,0,0,0,6,6,2,3
769,43,44,1.414719128,2.55,0,2.55,0,0,0,6,6,3,3
769,1,2,1.414475292,2.55,0,2.55,0,1,1,6,6,3,3
769,10,16,1.411885162,2.55,0,3.04,2,0,0,5,5,3,3
769,54,60,1.41090055,2.55,0,3.04,2,0,0,5,5,3,3
769,4,5,1.41067645,2.55,0,2.55,0,1,1,6,6,3,3
769,46,47,1.410457703,2.55,0,2.55,0,0,0,6,6,3,3
769,42,43,1.405411167,2.55,0,2.55,0,0,0,6,6,3,3
769,51,53,1.405365272,2.55,0,2.55,0,0,0,6,5,2,3
769,7,9,1.405195604,2.55,0,2.55,0,0,0,6,5,2,3
769,0,1,1.405127478,2.55,0,2.55,0,1,1,6,6,3,3
769,42,47,1.402227356,2.55,0,2.55,0,0,0,6,6,3,3
769,0,5,1.401820215,2.55,0,2.55,0,1,1,6,6,3,3
769,45,46,1.398352877,2.55,0,2.55,0,0,0,6,6,2,3
769,3,4,1.398304379,2.55,0,2.55,0,1,1,6,6,2,3
769,2,3,1.393407426,2.55,0,2.55,0,1,1,6,6,3,2
769,44,45,1.393228152,2.55,0,2.55,0,0,0,6,6,3,2
769,9,10,1.391731011,2.55,0,2.55,0,0,0,5,5,3,3
769,53,54,1.390825458,2.55,0,2.55,0,0,0,5,5,3,3
769,6,7,1.381125192,2.55,0,2.55,0,0,0,6,6,2,2
769,50,51,1.380963683,2.55,0,2.55,0,0,0,6,6,2,2
769,11,12,1.342268976,2.55,0,2.55,0,0,0,6,6,2,2
769,55,56,1.342112125,2.55,0,2.55,0,0,0,6,6,2,2
769,1,14,1.330864587,2.55,0,3.44,1,1,0,6,6,3,2
769,43,58,1.330650565,2.55,0,3.44,1,0,0,6,6,3,2
769,15,18,1.548391286,2.55,0,2.55,0,0,0,5,0,4,1
769,59,62,1.547675767,2.55,0,2.55,0,0,0,5,0,4,1
769,59,61,1.537568564,2.55,0,2.55,0,0,0,5,0,4,1
769,15,17,1.53667403,2.55,0,2.55,0,0,0,5,0,4,1
769,78,80,1.49717188,2.55,0,2.55,0,0,0,0,0,3,1
769,33,35,1.497093297,2.55,0,2.55,0,0,0,0,0,3,1
769,42,67,1.475650047,2.55,0,3.04,2,0,0,6,0,3,3
769,0,23,1.475631249,2.55,0,3.04,2,1,0,6,0,3,3
769,4,39,1.472492874,2.55,0,3.04,2,1,0,6,0,3,3
769,46,84,1.472087369,2.55,0,3.04,2,0,0,6,0,3,3
769,16,19,1.463923518,3.04,2,2.55,0,0,0,5,0,3,1
769,60,63,1.463253586,3.04,2,2.55,0,0,0,5,0,3,1
769,32,33,1.397413271,3.44,1,2.55,0,0,0,0,0,2,3
769,77,78,1.397017585,3.44,1,2.55,0,0,0,0,0,2,3
769,5,32,1.356745006,2.55,0,3.44,1,1,0,6,0,3,2
769,47,77,1.356583637,2.55,0,3.44,1,0,0,6,0,3,2
769,39,41,1.221215587,3.04,2,3.44,1,0,0,0,0,3,1
769,84,86,1.221171536,3.04,2,3.44,1,0,0,0,0,3,1
769,39,40,1.220986179,3.04,2,3.44,1,0,0,0,0,3,1
769,84,85,1.220983212,3.04,2,3.44,1,0,0,0,0,3,1
769,23,30,1.217689934,3.04,2,3.44,1,0,0,0,0,3,1
769,67,75,1.217674093,3.04,2,3.44,1,0,0,0,0,3,1
769,67,76,1.217653387,3.04,2,3.44,1,0,0,0,0,3,1
769,23,31,1.217636695,3.04,2,3.44,1,0,0,0,0,3,1
769,33,34,1.192479679,2.55,0,3.44,1,0,0,0,0,3,1
769,78,79,1.192448137,2.55,0,3.44,1,0,0,0,0,3,1
770,18,20,1.591592533,2.55,0,2.55,0,0,0,5,5,4,4
770,14,20,1.522646479,2.55,0,2.55,0,1,0,5,5,3,4
770,17,18,1.50307747,2.55,0,2.55,0,0,0,6,5,2,4
770,18,19,1.474926751,2.55,0,3.44,1,0,0,5,6,4,2
770,2,16,1.456213854,2.55,0,2.55,0,0,0,6,6,3,2
770,18,21,1.446551277,2.55,0,3.04,2,0,0,5,5,4,3
770,1,2,1.414280471,2.55,0,2.55,0,0,0,6,6,3,3
770,0,1,1.41427785,2.55,0,2.55,0,0,0,6,6,3,3
770,14,15,1.406985668,2.55,0,2.55,0,1,1,5,5,3,3
770,11,12,1.406730753,2.55,0,2.55,0,1,1,6,6,2,2
770,0,6,1.406680622,2.55,0,2.55,0,0,0,6,6,3,2
770,8,9,1.404323549,2.55,0,2.55,0,1,1,6,6,2,2
770,2,3,1.401005075,2.55,0,2.55,0,0,0,6,6,3,2
770,15,21,1.399877269,2.55,0,3.04,2,1,0,5,5,3,3
770,3,5,1.398060968,2.55,0,2.55,0,0,0,6,6,2,3
770,8,15,1.39760954,2.55,0,2.55,0,1,1,6,5,2,3
770,9,11,1.396610042,2.55,0,2.55,0,1,1,6,6,2,2
770,5,6,1.396459442,2.55,0,2.55,0,0,0,6,6,3,2
770,12,14,1.38844645,2.55,0,2.55,0,1,1,6,5,2,3
770,1,19,1.354226589,2.55,0,3.44,1,0,0,6,6,3,2
770,16,17,1.343227113,2.55,0,2.55,0,0,0,6,6,2,2
770,20,26,1.546534918,2.55,0,2.55,0,0,0,5,0,4,1
770,20,22,1.532869412,2.55,0,2.55,0,0,0,5,0,4,1
770,30,36,1.529548219,2.55,0,2.55,0,0,0,0,0,2,2
770,0,48,1.515635425,2.55,0,2.55,0,0,0,6,0,3,3
770,48,50,1.512679147,2.55,0,2.55,0,0,0,0,0,3,1
770,5,33,1.510282209,2.55,0,2.55,0,0,0,6,0,3,2
770,57,58,1.509425974,2.55,0,2.55,0,0,0,0,0,3,1
770,42,43,1.508928943,2.55,0,2.55,0,0,0,0,0,3,1
770,21,30,1.449043499,3.04,2,2.55,0,0,0,5,0,3,2
770,36,39,1.43316113,2.55,0,3.44,1,0,0,0,0,2,2
770,33,54,1.430815544,2.55,0,3.44,1,0,0,0,0,2,2
770,54,57,1.352483514,3.44,1,2.55,0,0,0,0,0,2,3
770,39,42,1.351598362,3.44,1,2.55,0,0,0,0,0,2,3
770,48,49,1.217409285,2.55,0,3.44,1,0,0,0,0,3,1
770,42,47,1.2059607,2.55,0,3.44,1,0,0,0,0,3,1
770,57,62,1.204717211,2.55,0,3.44,1,0,0,0,0,3,1
771,18,20,1.59566827,2.55,0,2.55,0,0,0,5,5,4,4
771,14,20,1.521583862,2.55,0,2.55,0,1,0,5,5,3,4
771,17,18,1.50206646,2.55,0,2.55,0,0,0,6,5,2,4
771,18,19,1.470329145,2.55,0,3.44,1,0,0,5,6,4,2
771,2,16,1.451757661,2.55,0,2.55,0,1,0,6,6,3,2
771,18,21,1.451575904,2.55,0,3.04,2,0,0,5,5,4,3
771,0,6,1.443240527,2.55,0,2.55,0,1,1,6,6,3,3
771,0,1,1.436953243,2.55,0,2.55,0,1,1,6,6,3,3
771,0,46,1.432234595,2.55,0,2.55,0,1,0,6,6,3,3
771,5,6,1.423600072,2.55,0,2.55,0,1,1,6,6,2,3
771,6,50,1.420326899,2.55,0,2.55,0,1,0,6,6,3,2
771,2,3,1.418575475,2.55,0,2.55,0,1,1,6,6,3,2
771,47,48,1.413101599,2.55,0,2.55,0,0,0,6,6,2,3
771,14,15,1.407011502,2.55,0,2.55,0,1,1,5,5,3,3
771,11,12,1.406942615,2.55,0,2.55,0,1,1,6,6,2,2
771,8,9,1.403704427,2.55,0,2.55,0,1,1,6,6,2,2
771,8,15,1.398954318,2.55,0,2.55,0,1,1,6,5,2,3
771,1,2,1.398674481,2.55,0,2.55,0,1,1,6,6,3,3
771,9,11,1.397462661,2.55,0,2.55,0,1,1,6,6,2,2
771,15,21,1.395194379,2.55,0,3.04,2,1,0,5,5,3,3
771,12,14,1.389333459,2.55,0,2.55,0,1,1,6,5,2,3
771,46,47,1.378648936,2.55,0,2.55,0,0,0,6,6,3,2
771,48,50,1.376952566,2.55,0,2.55,0,0,0,6,6,3,2
771,3,5,1.371745173,2.55,0,2.55,0,1,1,6,6,2,2
771,1,19,1.349472261,2.55,0,3.44,1,1,0,6,6,3,2
771,16,17,1.343280776,2.55,0,2.55,0,0,0,6,6,2,2
771,20,26,1.545747303,2.55,0,2.55,0,0,0,5,0,4,1
771,20,22,1.534571861,2.55,0,2.55,0,0,0,5,0,4,1
771,30,34,1.526246603,2.55,0,2.55,0,0,0,0,0,2,2
771,40,41,1.509222361,2.55,0,2.55,0,0,0,0,0,3,1
771,48,59,1.508046368,2.55,0,2.55,0,0,0,6,0,3,4
771,53,54,1.502873454,2.55,0,2.55,0,0,0,0,0,3,1
771,21,30,1.452421126,3.04,2,2.55,0,0,0,5,0,3,2
771,34,37,1.432028926,2.55,0,3.44,1,0,0,0,0,2,2
771,46,52,1.385828757,2.55,0,3.44,1,0,0,6,0,3,2
771,52,53,1.372336089,3.44,1,2.55,0,0,0,0,0,2,3
771,37,40,1.35090268,3.44,1,2.55,0,0,0,0,0,2,3
771,40,45,1.205565299,2.55,0,3.44,1,0,0,0,0,3,1
771,53,58,1.200512028,2.55,0,3.44,1,0,0,0,0,3,1
773,18,20,1.593354972,2.55,0,2.55,0,0,0,5,5,4,4
773,14,20,1.52329993,2.55,0,2.55,0,1,0,5,5,3,4
773,17,18,1.511196827,2.55,0,2.55,0,0,0,6,5,2,4
773,18,21,1.466314437,2.55,0,3.04,2,0,0,5,5,4,3
773,2,16,1.456724886,2.55,0,2.55,0,0,0,6,6,3,2
773,18,19,1.439308502,2.55,0,3.44,1,0,0,5,6,4,2
773,1,2,1.41351074,2.55,0,2.55,0,0,0,6,6,3,3
773,14,15,1.409798964,2.55,0,2.55,0,1,1,5,5,3,3
773,11,12,1.407110805,2.55,0,2.55,0,1,1,6,6,2,2
773,0,1,1.406812044,2.55,0,2.55,0,0,0,6,6,3,3
773,5,6,1.404863572,2.55,0,2.55,0,0,0,6,6,3,2
773,8,9,1.403917226,2.55,0,2.55,0,1,1,6,6,2,2
773,3,5,1.402824781,2.55,0,2.55,0,0,0,6,6,2,3
773,8,15,1.399736776,2.55,0,2.55,0,1,1,6,5,2,3
773,2,3,1.39714285,2.55,0,2.55,0,0,0,6,6,3,2
773,9,11,1.396698657,2.55,0,2.55,0,1,1,6,6,2,2
773,15,21,1.390053214,2.55,0,3.04,2,1,0,5,5,3,3
773,0,6,1.389342032,2.55,0,2.55,0,0,0,6,6,3,2
773,12,14,1.387930693,2.55,0,2.55,0,1,1,6,5,2,3
773,1,19,1.345727217,2.55,0,3.44,1,0,0,6,6,3,2
773,16,17,1.342849362,2.55,0,2.55,0,0,0,6,6,2,2
773,20,26,1.546468244,2.55,0,2.55,0,0,0,5,0,4,1
773,20,22,1.534402972,2.55,0,2.55,0,0,0,5,0,4,1
773,30,36,1.53128822,2.55,0,2.55,0,0,0,0,0,2,2
773,42,43,1.509571599,2.55,0,2.55,0,0,0,0,0,3,1
773,49,52,1.504752024,2.55,0,2.55,0,0,0,0,0,3,1
773,5,33,1.480068949,2.55,0,2.55,0,0,0,6,0,3,2
773,21,30,1.447633559,3.04,2,2.55,0,0,0,5,0,3,2
773,36,39,1.432795928,2.55,0,3.44,1,0,0,0,0,2,2
773,0,48,1.384476899,2.55,0,3.44,1,0,0,6,0,3,2
773,48,49,1.371761424,3.44,1,2.55,0,0,0,0,0,2,3
773,39,42,1.350380906,3.44,1,2.55,0,0,0,0,0,2,3
773,33,50,1.21060922,2.55,0,3.44,1,0,0,0,0,2,1
773,42,47,1.205668192,2.55,0,3.44,1,0,0,0,0,3,1
773,49,56,1.200064942,2.55,0,3.44,1,0,0,0,0,3,1
774,18,20,1.869265624,2.55,0,2.58,3,0,0,5,5,4,2
774,14,20,1.770783121,2.55,0,2.58,3,1,0,5,5,3,2
775,17,19,1.585348197,2.55,0,2.55,0,0,0,5,5,4,4
775,13,19,1.523680325,2.55,0,2.55,0,1,0,5,5,3,4
775,16,17,1.517764773,2.55,0,2.55,0,0,0,6,5,2,4
775,17,18,1.459221447,2.55,0,3.44,1,0,0,5,6,4,2
775,17,20,1.447615762,2.55,0,3.04,2,0,0,5,5,4,3
775,2,3,1.43624599,2.55,0,2.55,0,0,1,6,6,3,3
775,3,4,1.435951522,2.55,0,2.55,0,1,1,6,6,3,3
775,4,5,1.424023342,2.55,0,2.55,0,1,0,6,6,3,2
775,0,1,1.421787238,2.55,0,2.55,0,0,0,6,6,3,3
775,47,54,1.421026957,2.55,0,2.55,0,1,1,6,6,2,3
775,4,30,1.420085587,2.55,0,2.55,0,1,1,6,6,3,2
775,3,56,1.414170961,2.55,0,2.55,0,1,1,6,6,3,2
775,10,11,1.4065153,2.55,0,2.55,0,1,1,6,6,2,2
775,13,14,1.406445725,2.55,0,2.55,0,1,1,5,5,3,3
775,7,8,1.403962744,2.55,0,2.55,0,1,1,6,6,2,2
775,14,20,1.401346991,2.55,0,3.04,2,1,0,5,5,3,3
775,8,10,1.397234478,2.55,0,2.55,0,1,1,6,6,2,2
775,7,14,1.397168425,2.55,0,2.55,0,1,1,6,5,2,3
775,2,15,1.39410637,2.55,0,3.04,2,0,0,6,6,3,2
775,1,2,1.390679801,2.55,0,2.55,0,0,0,6,6,3,3
775,11,13,1.38856427,2.55,0,2.55,0,1,1,6,5,2,3
775,54,56,1.385967226,2.55,0,2.55,0,1,1,6,6,3,2
775,30,47,1.378997595,2.55,0,2.55,0,1,1,6,6,2,2
775,0,5,1.373703498,2.55,0,2.55,0,0,0,6,6,3,2
775,1,18,1.346901638,2.55,0,3.44,1,0,0,6,6,3,2
775,15,16,1.279852199,3.04,2,2.55,0,0,0,6,6,2,2
775,19,21,1.546664849,2.55,0,2.55,0,0,0,5,0,4,1
775,19,25,1.533507359,2.55,0,2.55,0,0,0,5,0,4,1
775,29,33,1.525906097,2.55,0,2.55,0,0,0,0,0,2,2
775,39,40,1.509544609,2.55,0,2.55,0,0,0,0,0,3,1
775,46,49,1.504854203,2.55,0,2.55,0,0,0,0,0,3,1
775,20,29,1.454746327,3.04,2,2.55,0,0,0,5,0,3,2
775,33,36,1.431372691,2.55,0,3.44,1,0,0,0,0,2,2
775,0,45,1.385799027,2.55,0,3.44,1,0,0,6,0,3,2
775,45,46,1.371029954,3.44,1,2.55,0,0,0,0,0,2,3
775,54,58,1.358215522,2.55,0,3.44,1,1,0,6,0,3,1
775,36,39,1.350547706,3.44,1,2.55,0,0,0,0,0,2,3
775,39,44,1.205526461,2.55,0,3.44,1,0,0,0,0,3,1
775,46,53,1.200523142,2.55,0,3.44,1,0,0,0,0,3,1
776,17,19,1.59506403,2.55,0,2.55,0,0,0,5,5,4,4
776,13,19,1.522548879,2.55,0,2.55,0,0,0,5,5,3,4
776,16,17,1.517414162,2.55,0,2.55,0,0,0,6,5,2,4
776,4,5,1.462392063,2.55,0,2.55,0,0,0,6,6,3,3
776,17,18,1.462140423,2.55,0,3.44,1,0,0,5,6,4,2
776,0,1,1.447122892,2.55,0,2.55,0,0,0,6,6,3,3
776,2,3,1.443154796,2.55,0,2.55,0,0,0,6,6,3,3
776,17,20,1.442404719,2.55,0,3.04,2,0,0,5,5,4,3
776,0,5,1.438261045,2.55,0,2.55,0,0,0,6,6,3,3
776,0,59,1.424485643,2.55,0,2.55,0,0,0,6,6,3,3
776,3,4,1.423217583,2.55,0,2.55,0,0,0,6,6,3,3
776,4,30,1.417735403,2.55,0,2.55,0,0,0,6,6,3,2
776,3,48,1.416283003,2.55,0,2.55,0,0,0,6,6,3,2
776,5,62,1.414522229,2.55,0,2.55,0,0,0,6,6,3,2
776,44,46,1.4088889,2.55,0,2.55,0,0,0,6,6,2,2
776,10,11,1.406428794,2.55,0,2.55,0,0,0,6,6,2,2
776,13,14,1.405839357,2.55,0,2.55,0,0,0,5,5,3,3
776,7,8,1.404543866,2.55,0,2.55,0,0,0,6,6,2,2
776,60,61,1.401624743,2.55,0,2.55,0,0,0,6,6,2,2
776,7,14,1.398683551,2.55,0,2.55,0,0,0,6,5,2,3
776,14,20,1.397731659,2.55,0,3.04,2,0,0,5,5,3,3
776,8,10,1.396889031,2.55,0,2.55,0,0,0,6,6,2,2
776,2,15,1.396565111,2.55,0,3.04,2,0,0,6,6,3,2
776,11,13,1.388603795,2.55,0,2.55,0,0,0,6,5,2,3
776,30,44,1.38547994,2.55,0,2.55,0,0,0,6,6,2,2
776,59,60,1.384099508,2.55,0,2.55,0,0,0,6,6,3,2
776,46,48,1.38351481,2.55,0,2.55,0,0,0,6,6,2,2
776,61,62,1.383502627,2.55,0,2.55,0,0,0,6,6,2,2
776,1,2,1.3812515,2.55,0,2.55,0,0,0,6,6,3,3
776,1,18,1.358066117,2.55,0,3.44,1,0,0,6,6,3,2
776,15,16,1.274060084,3.04,2,2.55,0,0,0,6,6,2,2
776,19,25,1.547407226,2.55,0,2.55,0,0,0,5,0,4,1
776,19,21,1.535331317,2.55,0,2.55,0,0,0,5,0,4,1
776,29,32,1.529822527,2.55,0,2.55,0,0,0,0,0,2,2
776,38,39,1.50940183,2.55,0,2.55,0,0,0,0,0,3,1
776,53,56,1.505365075,2.55,0,2.55,0,0,0,0,0,1,3
776,20,29,1.450267754,3.04,2,2.55,0,0,0,5,0,3,2
776,32,35,1.43395213,2.55,0,3.44,1,0,0,0,0,2,2
776,52,59,1.388438885,3.44,1,2.55,0,0,0,0,6,2,3
776,52,56,1.369278053,3.44,1,2.55,0,0,0,0,0,2,3
776,35,38,1.34997986,3.44,1,2.55,0,0,0,0,0,2,3
776,38,43,1.206666576,2.55,0,3.44,1,0,0,0,0,3,1
776,56,57,1.201774256,2.55,0,3.44,1,0,0,0,0,3,1
777,17,19,1.878231489,2.55,0,2.58,3,0,0,5,5,4,2
777,13,19,1.76986661,2.55,0,2.58,3,1,0,5,5,3,2
778,17,19,1.593465201,2.55,0,2.55,0,0,0,5,5,4,4
778,13,19,1.522169648,2.55,0,2.55,0,0,0,5,5,3,4
778,16,17,1.51736452,2.55,0,2.55,0,0,0,6,5,2,4
778,4,5,1.465143437,2.55,0,2.55,0,0,0,6,6,3,3
778,17,18,1.461262239,2.55,0,3.44,1,0,0,5,6,4,2
778,0,1,1.447378873,2.55,0,2.55,0,0,0,6,6,3,3
778,17,20,1.443831335,2.55,0,3.04,2,0,0,5,5,4,3
778,2,3,1.441137949,2.55,0,2.55,0,0,0,6,6,3,3
778,0,5,1.437412681,2.55,0,2.55,0,0,0,6,6,3,3
778,0,58,1.426686775,2.55,0,2.55,0,0,0,6,6,3,3
778,3,4,1.420523302,2.55,0,2.55,0,0,0,6,6,3,3
778,3,47,1.414413672,2.55,0,2.55,0,0,0,6,6,3,2
778,44,45,1.413034645,2.55,0,2.55,0,0,0,6,6,2,2
778,10,11,1.406282786,2.55,0,2.55,0,0,0,6,6,2,2
778,13,14,1.405865138,2.55,0,2.55,0,0,0,5,5,3,3
778,59,60,1.404793096,2.55,0,2.55,0,0,0,6,6,2,2
778,7,8,1.404242187,2.55,0,2.55,0,0,0,6,6,2,2
778,14,20,1.399138552,2.55,0,3.04,2,0,0,5,5,3,3
778,7,14,1.39865565,2.55,0,2.55,0,0,0,6,5,2,3
778,8,10,1.396934779,2.55,0,2.55,0,0,0,6,6,2,2
778,2,15,1.39619072,2.55,0,3.04,2,0,0,6,6,3,2
778,11,13,1.388831228,2.55,0,2.55,0,0,0,6,5,2,3
778,58,59,1.386329707,2.55,0,2.55,0,0,0,6,6,3,2
778,1,2,1.382420167,2.55,0,2.55,0,0,0,6,6,3,3
778,45,47,1.381966903,2.55,0,2.55,0,0,0,6,6,2,2
778,1,18,1.355389925,2.55,0,3.44,1,0,0,6,6,3,2
778,4,30,1.348251005,2.55,0,3.04,2,0,0,6,6,3,2
778,5,61,1.344666024,2.55,0,3.04,2,0,0,6,6,3,2
778,30,44,1.31963023,3.04,2,2.55,0,0,0,6,6,2,2
778,60,61,1.318733541,2.55,0,3.04,2,0,0,6,6,2,2
778,15,16,1.27495878,3.04,2,2.55,0,0,0,6,6,2,2
778,19,25,1.54703085,2.55,0,2.55,0,0,0,5,0,4,1
778,19,21,1.534706101,2.55,0,2.55,0,0,0,5,0,4,1
778,29,32,1.529531029,2.55,0,2.55,0,0,0,0,0,2,2
778,38,39,1.508630579,2.55,0,2.55,0,0,0,0,0,3,1
778,52,55,1.502459434,2.55,0,2.55,0,0,0,0,0,1,3
778,20,29,1.45179298,3.04,2,2.55,0,0,0,5,0,3,2
778,32,35,1.433933807,2.55,0,3.44,1,0,0,0,0,2,2
778,51,55,1.381276012,3.44,1,2.55,0,0,0,0,0,2,3
778,51,58,1.373390244,3.44,1,2.55,0,0,0,0,6,2,3
778,35,38,1.349323387,3.44,1,2.55,0,0,0,0,0,2,3
778,38,43,1.207547295,2.55,0,3.44,1,0,0,0,0,3,1
778,55,56,1.198543113,2.55,0,3.44,1,0,0,0,0,3,1
779,14,55,1.584880383,2.55,0,2.55,0,0,0,6,6,3,2
779,8,14,1.583403157,2.55,0,2.55,0,0,0,6,6,2,3
779,54,55,1.576293378,2.55,0,2.55,0,0,0,6,6,3,2
779,7,8,1.572363997,2.55,0,2.55,0,0,0,6,6,3,2
779,6,7,1.565830743,2.55,0,2.55,0,0,0,6,6,2,3
779,54,59,1.562835496,2.55,0,2.55,0,0,0,6,6,3,2
779,54,63,1.558987763,2.55,0,2.55,0,0,0,6,6,3,2
779,7,63,1.558673584,2.55,0,2.55,0,0,0,6,6,3,2
779,6,9,1.55287964,2.55,0,2.55,0,0,0,6,6,2,3
779,9,59,1.549591241,2.55,0,2.55,0,0,0,6,6,3,2
779,11,12,1.523158624,2.55,0,2.55,0,0,0,6,6,2,4
779,12,13,1.479019446,2.55,0,3.44,1,0,0,6,6,4,2
779,4,5,1.465203156,2.55,0,2.55,0,0,0,6,6,3,3
779,0,1,1.446779739,2.55,0,2.55,0,0,0,6,6,3,3
779,2,3,1.441600792,2.55,0,2.55,0,0,0,6,6,3,3
779,0,5,1.438232599,2.55,0,2.55,0,0,0,6,6,3,3
779,0,44,1.42124959,2.55,0,2.55,0,0,0,6,6,3,3
779,3,4,1.420827235,2.55,0,2.55,0,0,0,6,6,3,3
779,3,33,1.414120045,2.55,0,2.55,0,0,0,6,6,3,2
779,30,31,1.412841168,2.55,0,2.55,0,0,0,6,6,2,2
779,45,46,1.404462453,2.55,0,2.55,0,0,0,6,6,2,2
779,2,10,1.395585474,2.55,0,3.04,2,0,0,6,6,3,2
779,1,2,1.384991009,2.55,0,2.55,0,0,0,6,6,3,3
779,44,45,1.384574138,2.55,0,2.55,0,0,0,6,6,3,2
779,31,33,1.382168223,2.55,0,2.55,0,0,0,6,6,2,2
779,1,13,1.353628079,2.55,0,3.44,1,0,0,6,6,3,2
779,4,17,1.348098537,2.55,0,3.04,2,0,0,6,6,3,2
779,5,47,1.344667758,2.55,0,3.04,2,0,0,6,6,3,2
779,17,30,1.319837538,3.04,2,2.55,0,0,0,6,6,2,2
779,46,47,1.319122849,2.55,0,3.04,2,0,0,6,6,2,2
779,10,11,1.276211324,3.04,2,2.55,0,0,0,6,6,2,2
779,12,14,1.61667027,2.55,0,2.55,0,0,0,6,6,4,3
779,16,18,1.527114787,2.55,0,2.55,0,0,0,0,0,2,2
779,24,25,1.509060373,2.55,0,2.55,0,0,0,0,0,3,1
779,38,41,1.503563799,2.55,0,2.55,0,0,0,0,0,1,3
779,15,16,1.446741525,3.04,2,2.55,0,0,0,7,0,3,2
779,9,15,1.445982312,2.55,0,3.04,2,0,0,6,7,3,3
779,12,15,1.441797456,2.55,0,3.04,2,0,0,6,7,4,3
779,18,21,1.43628839,2.55,0,3.44,1,0,0,0,0,2,2
779,37,44,1.380744166,3.44,1,2.55,0,0,0,0,6,2,3
779,37,41,1.37432497,3.44,1,2.55,0,0,0,0,0,2,3
779,21,24,1.34541424,3.44,1,2.55,0,0,0,0,0,2,3
779,24,29,1.208589025,2.55,0,3.44,1,0,0,0,0,3,1
779,41,42,1.200930536,2.55,0,3.44,1,0,0,0,0,3,1
780,19,21,1.5889595,2.55,0,2.55,0,0,0,5,5,4,4
780,15,21,1.522509907,2.55,0,2.55,0,1,0,5,5,3,4
780,18,19,1.504173697,2.55,0,2.55,0,0,0,6,5,2,4
780,19,20,1.471974098,2.55,0,3.44,1,0,0,5,6,4,2
780,2,17,1.45573336,2.55,0,2.55,0,0,0,6,6,3,2
780,19,22,1.447824029,2.55,0,3.04,2,0,0,5,5,4,3
780,1,2,1.409048663,2.55,0,2.55,0,0,0,6,6,3,3
780,0,1,1.407595277,2.55,0,2.55,0,0,0,6,6,3,3
780,12,13,1.406286943,2.55,0,2.55,0,1,1,6,6,2,2
780,15,16,1.405544561,2.55,0,2.55,0,1,1,5,5,3,3
780,16,22,1.405357378,2.55,0,3.04,2,1,0,5,5,3,3
780,9,10,1.404317516,2.55,0,2.55,0,1,1,6,6,2,2
780,5,6,1.403409939,2.55,0,2.55,0,0,0,6,6,3,2
780,2,3,1.40199275,2.55,0,2.55,0,0,0,6,6,3,2
780,9,16,1.398022249,2.55,0,2.55,0,1,1,6,5,2,3
780,10,12,1.397810788,2.55,0,2.55,0,1,1,6,6,2,2
780,3,5,1.396094923,2.55,0,2.55,0,0,0,6,6,2,3
780,0,6,1.389406753,2.55,0,2.55,0,0,0,6,6,3,2
780,13,15,1.389125008,2.55,0,2.55,0,1,1,6,5,2,3
780,17,18,1.345115748,2.55,0,2.55,0,0,0,6,6,2,2
780,1,20,1.339756989,2.55,0,3.44,1,0,0,6,6,3,2
780,21,23,1.546118233,2.55,0,2.55,0,0,0,5,0,4,1
780,21,27,1.53274217,2.55,0,2.55,0,0,0,5,0,4,1
780,31,39,1.53215871,2.55,0,2.55,0,0,0,0,0,2,2
780,45,46,1.50814232,2.55,0,2.55,0,0,0,0,0,3,1
780,5,52,1.505698945,2.55,0,2.55,0,0,0,6,0,3,4
780,33,34,1.503414718,2.55,0,2.55,0,0,0,0,0,3,1
780,22,31,1.454044302,3.04,2,2.55,0,0,0,5,0,3,2
780,39,42,1.434012824,2.55,0,3.44,1,0,0,0,0,2,2
780,0,32,1.38235453,2.55,0,3.44,1,0,0,6,0,3,2
780,32,33,1.375239276,3.44,1,2.55,0,0,0,0,0,2,3
780,42,45,1.351080131,3.44,1,2.55,0,0,0,0,0,2,3
780,45,50,1.207563168,2.55,0,3.44,1,0,0,0,0,3,1
780,33,38,1.199855973,2.55,0,3.44,1,0,0,0,0,3,1
781,18,20,1.587821868,2.55,0,2.55,0,0,0,5,5,4,4
781,14,20,1.523105582,2.55,0,2.55,0,1,0,5,5,3,4
781,17,18,1.517256425,2.55,0,2.55,0,0,0,6,5,2,4
781,18,19,1.458455187,2.55,0,3.44,1,0,0,5,6,4,2
781,18,21,1.446964166,2.55,0,3.04,2,0,0,5,5,4,3
781,2,3,1.436416853,2.55,0,2.55,0,0,1,6,6,3,3
781,3,4,1.435377791,2.55,0,2.55,0,1,1,6,6,3,3
781,4,5,1.424585705,2.55,0,2.55,0,1,0,6,6,3,2
781,0,1,1.423038893,2.55,0,2.55,0,0,0,6,6,3,3
781,54,55,1.420206634,2.55,0,2.55,0,1,1,6,6,2,3
781,4,53,1.418076307,2.55,0,2.55,0,1,1,6,6,3,2
781,3,52,1.411967051,2.55,0,2.55,0,1,1,6,6,3,2
781,11,12,1.406176539,2.55,0,2.55,0,1,1,6,6,2,2
781,14,15,1.405326135,2.55,0,2.55,0,1,1,5,5,3,3
781,15,21,1.404666442,2.55,0,3.04,2,1,0,5,5,3,3
781,8,9,1.404183232,2.55,0,2.55,0,1,1,6,6,2,2
781,8,15,1.398052579,2.55,0,2.55,0,1,1,6,5,2,3
781,9,11,1.397963441,2.55,0,2.55,0,1,1,6,6,2,2
781,2,16,1.394502511,2.55,0,3.04,2,0,0,6,6,3,2
781,1,2,1.389332084,2.55,0,2.55,0,0,0,6,6,3,3
781,12,14,1.389192716,2.55,0,2.55,0,1,1,6,5,2,3
781,52,55,1.386720739,2.55,0,2.55,0,1,1,6,6,2,3
781,53,54,1.381210773,2.55,0,2.55,0,1,1,6,6,2,2
781,0,5,1.373124749,2.55,0,2.55,0,0,0,6,6,3,2
781,1,19,1.346466846,2.55,0,3.44,1,0,0,6,6,3,2
781,16,17,1.278712563,3.04,2,2.55,0,0,0,6,6,2,2
781,20,22,1.546153873,2.55,0,2.55,0,0,0,5,0,4,1
781,20,26,1.533775134,2.55,0,2.55,0,0,0,5,0,4,1
781,30,38,1.532519124,2.55,0,2.55,0,0,0,0,0,2,2
781,60,61,1.528288089,2.55,0,2.55,0,0,0,0,0,2,3
781,65,66,1.519422687,2.55,0,2.55,0,0,0,0,0,2,1
781,44,45,1.508346521,2.55,0,2.55,0,0,0,0,0,3,1
781,32,33,1.504501082,2.55,0,2.55,0,0,0,0,0,3,1
781,21,30,1.454593884,3.04,2,2.55,0,0,0,5,0,3,2
781,64,65,1.443076052,3.44,1,2.55,0,0,0,0,0,2,2
781,38,41,1.433827672,2.55,0,3.44,1,0,0,0,0,2,2
781,59,60,1.396998663,3.44,1,2.55,0,0,0,0,0,2,2
781,0,31,1.385422919,2.55,0,3.44,1,0,0,6,0,3,2
781,31,32,1.371603488,3.44,1,2.55,0,0,0,0,0,2,3
781,55,59,1.365513565,2.55,0,3.44,1,1,0,6,0,3,2
781,41,44,1.350672099,3.44,1,2.55,0,0,0,0,0,2,3
781,61,64,1.344743644,2.55,0,3.44,1,0,0,0,0,3,2
781,44,49,1.207605076,2.55,0,3.44,1,0,0,0,0,3,1
781,61,72,1.202141537,2.55,0,3.44,1,0,0,0,0,3,1
781,32,37,1.200616449,2.55,0,3.44,1,0,0,0,0,3,1
782,5,52,1.780702499,2.55,0,2.58,3,0,0,6,0,3,4
782,52,55,1.646806501,2.58,3,3.44,1,0,0,0,0,4,1
782,52,53,1.46321405,2.58,3,3.44,1,0,0,0,0,4,1
782,52,54,1.453837917,2.58,3,3.44,1,0,0,0,0,4,1
783,59,63,1.591679323,2.55,0,2.55,0,0,0,5,5,4,4
783,17,19,1.585439587,2.55,0,2.55,0,0,0,5,5,4,4
783,13,19,1.524551463,2.55,0,2.55,0,1,0,5,5,3,4
783,63,72,1.521123509,2.55,0,2.55,0,0,1,5,5,4,3
783,58,59,1.509566894,2.55,0,2.55,0,0,0,6,5,2,4
783,16,17,1.49998435,2.55,0,2.55,0,0,0,6,5,2,4
783,44,45,1.47941626,2.55,0,2.55,0,0,0,6,6,3,3
783,3,43,1.473462944,2.55,0,2.55,0,0,0,6,6,3,3
783,59,62,1.472241396,2.55,0,3.04,2,0,0,5,5,4,3
783,2,15,1.459044423,2.55,0,2.55,0,0,0,6,6,3,2
783,17,18,1.458929689,2.55,0,3.44,1,0,0,5,6,4,2
783,17,20,1.455937235,2.55,0,3.04,2,0,0,5,5,4,3
783,0,57,1.453081286,2.55,0,2.55,0,0,0,6,6,3,2
783,56,59,1.435993815,3.44,1,2.55,0,0,0,6,5,2,4
783,2,3,1.435133894,2.55,0,2.55,0,0,0,6,6,3,3
783,43,44,1.419215377,2.55,0,2.55,0,0,0,6,6,3,3
783,43,47,1.413846898,2.55,0,2.55,0,0,0,6,6,3,2
783,0,1,1.410703014,2.55,0,2.55,0,0,0,6,6,3,3
783,4,5,1.409920069,2.55,0,2.55,0,0,0,6,6,3,3
783,72,73,1.408646972,2.55,0,2.55,0,1,1,5,5,3,3
783,1,2,1.40806619,2.55,0,2.55,0,0,0,6,6,3,3
783,3,4,1.407540576,2.55,0,2.55,0,0,0,6,6,3,3
783,13,14,1.407084284,2.55,0,2.55,0,1,1,5,5,3,3
783,10,11,1.407064487,2.55,0,2.55,0,1,1,6,6,2,2
783,87,88,1.406938513,2.55,0,2.55,0,1,1,6,6,2,2
783,44,50,1.40444116,2.55,0,2.55,0,0,0,6,6,3,2
783,89,90,1.404343568,2.55,0,2.55,0,1,1,6,6,2,2
783,7,8,1.404300325,2.55,0,2.55,0,1,1,6,6,2,2
783,48,49,1.401906433,2.55,0,2.55,0,0,0,6,6,2,2
783,73,90,1.399185464,2.55,0,2.55,0,1,1,5,6,3,2
783,14,20,1.398758697,2.55,0,3.04,2,1,0,5,5,3,3
783,0,5,1.398228393,2.55,0,2.55,0,0,0,6,6,3,3
783,7,14,1.397865045,2.55,0,2.55,0,1,1,6,5,2,3
783,8,10,1.397406554,2.55,0,2.55,0,1,1,6,6,2,2
783,88,89,1.396558224,2.55,0,2.55,0,1,1,6,6,2,2
783,62,73,1.394637736,3.04,2,2.55,0,0,1,5,5,3,3
783,47,48,1.392515999,2.55,0,2.55,0,0,0,6,6,2,2
783,49,50,1.389650313,2.55,0,2.55,0,0,0,6,6,2,2
783,11,13,1.3883725,2.55,0,2.55,0,1,1,6,5,2,3
783,72,87,1.388027441,2.55,0,2.55,0,1,1,5,6,3,2
783,45,46,1.368130858,2.55,0,3.44,1,0,0,6,6,3,2
783,4,46,1.366756592,2.55,0,3.44,1,0,0,6,6,3,2
783,1,18,1.353151427,2.55,0,3.44,1,0,0,6,6,3,2
783,15,16,1.349104437,2.55,0,2.55,0,0,0,6,6,2,2
783,5,56,1.347325954,2.55,0,3.44,1,0,0,6,6,3,2
783,57,58,1.344573785,2.55,0,2.55,0,0,0,6,6,2,2
783,63,64,1.546950893,2.55,0,2.55,0,0,0,5,0,4,1
783,19,21,1.546272815,2.55,0,2.55,0,0,0,5,0,4,1
783,63,68,1.534202649,2.55,0,2.55,0,0,0,5,0,4,1
783,74,75,1.534163536,2.55,0,2.55,0,0,0,0,0,2,2
783,19,25,1.532933852,2.55,0,2.55,0,0,0,5,0,4,1
783,29,30,1.53261749,2.55,0,2.55,0,0,0,0,0,2,2
783,81,82,1.50863678,2.55,0,2.55,0,0,0,0,0,3,1
783,36,37,1.506167442,2.55,0,2.55,0,0,0,0,0,3,1
783,20,29,1.450777782,3.04,2,2.55,0,0,0,5,0,3,2
783,62,74,1.447635554,3.04,2,2.55,0,0,0,5,0,3,2
783,75,78,1.436767867,2.55,0,3.44,1,0,0,0,0,2,2
783,30,33,1.432164392,2.55,0,3.44,1,0,0,0,0,2,2
783,33,36,1.3478203,3.44,1,2.55,0,0,0,0,0,2,3
783,78,81,1.347181756,3.44,1,2.55,0,0,0,0,0,2,3
783,81,86,1.211028689,2.55,0,3.44,1,0,0,0,0,3,1
783,36,41,1.209862737,2.55,0,3.44,1,0,0,0,0,3,1
783,45,55,1.203328873,2.55,0,3.44,1,0,0,6,0,3,1
784,58,62,1.593448058,2.55,0,2.55,0,0,0,5,5,4,4
784,17,19,1.585783767,2.55,0,2.55,0,0,0,5,5,4,4
784,13,19,1.524193364,2.55,0,2.55,0,1,0,5,5,3,4
784,62,71,1.520753266,2.55,0,2.55,0,0,1,5,5,4,3
784,57,58,1.509556663,2.55,0,2.55,0,0,0,6,5,2,4
784,16,17,1.49973915,2.55,0,2.55,0,0,0,6,5,2,4
784,43,44,1.479365857,2.55,0,2.55,0,0,0,6,6,3,3
784,3,42,1.473443252,2.55,0,2.55,0,0,0,6,6,3,3
784,58,61,1.472544263,2.55,0,3.04,2,0,0,5,5,4,3
784,2,15,1.45891034,2.55,0,2.55,0,0,0,6,6,3,2
784,17,18,1.457470761,2.55,0,3.44,1,0,0,5,6,4,2
784,17,20,1.457277069,2.55,0,3.04,2,0,0,5,5,4,3
784,0,56,1.453099021,2.55,0,2.55,0,0,0,6,6,3,2
784,55,58,1.435055733,3.44,1,2.55,0,0,0,6,5,2,4
784,2,3,1.435038617,2.55,0,2.55,0,0,0,6,6,3,3
784,42,43,1.419198073,2.55,0,2.55,0,0,0,6,6,3,3
784,42,46,1.413703025,2.55,0,2.55,0,0,0,6,6,3,2
784,0,1,1.410694891,2.55,0,2.55,0,0,0,6,6,3,3
784,4,5,1.409733447,2.55,0,2.55,0,0,0,6,6,3,3
784,71,72,1.408417005,2.55,0,2.55,0,1,1,5,5,3,3
784,1,2,1.407890591,2.55,0,2.55,0,0,0,6,6,3,3
784,3,4,1.407315706,2.55,0,2.55,0,0,0,6,6,3,3
784,13,14,1.40700352,2.55,0,2.55,0,1,1,5,5,3,3
784,10,11,1.406089266,2.55,0,2.55,0,1,1,6,6,3,2
784,86,87,1.406010375,2.55,0,2.55,0,1,1,6,6,2,3
784,43,49,1.40441303,2.55,0,2.55,0,0,0,6,6,3,2
784,7,8,1.403722525,2.55,0,2.55,0,1,1,6,6,2,2
784,88,89,1.403628961,2.55,0,2.55,0,1,1,6,6,2,2
784,47,48,1.401875608,2.55,0,2.55,0,0,0,6,6,2,2
784,72,89,1.398787146,2.55,0,2.55,0,1,1,5,6,3,2
784,0,5,1.398210094,2.55,0,2.55,0,0,0,6,6,3,3
784,7,14,1.39755184,2.55,0,2.55,0,1,1,6,5,2,3
784,14,20,1.397240092,2.55,0,3.04,2,1,0,5,5,3,3
784,8,10,1.396189061,2.55,0,2.55,0,1,1,6,6,2,3
784,87,88,1.395233772,2.55,0,2.55,0,1,1,6,6,3,2
784,61,72,1.392829641,3.04,2,2.55,0,0,1,5,5,3,3
784,46,47,1.392563069,2.55,0,2.55,0,0,0,6,6,2,2
784,48,49,1.389686196,2.55,0,2.55,0,0,0,6,6,2,2
784,11,13,1.387111658,2.55,0,2.55,0,1,1,6,5,2,3
784,71,86,1.386918849,2.55,0,2.55,0,1,1,5,6,3,2
784,44,45,1.36895397,2.55,0,3.44,1,0,0,6,6,3,2
784,4,45,1.366230935,2.55,0,3.44,1,0,0,6,6,3,2
784,1,18,1.35389436,2.55,0,3.44,1,0,0,6,6,3,2
784,15,16,1.348994862,2.55,0,2.55,0,0,0,6,6,2,2
784,5,55,1.347485318,2.55,0,3.44,1,0,0,6,6,3,2
784,56,57,1.34477249,2.55,0,2.55,0,0,0,6,6,2,2
784,62,63,1.546905783,2.55,0,2.55,0,0,0,5,0,4,1
784,19,21,1.546298177,2.55,0,2.55,0,0,0,5,0,4,1
784,73,74,1.534337917,2.55,0,2.55,0,0,0,0,0,2,2
784,62,67,1.534226756,2.55,0,2.55,0,0,0,5,0,4,1
784,19,25,1.532707077,2.55,0,2.55,0,0,0,5,0,4,1
784,29,30,1.532600213,2.55,0,2.55,0,0,0,0,0,2,2
784,80,81,1.508439226,2.55,0,2.55,0,0,0,0,0,3,1
784,36,37,1.505964288,2.55,0,2.55,0,0,0,0,0,3,1
784,20,29,1.45110091,3.04,2,2.55,0,0,0,5,0,3,2
784,61,73,1.447598494,3.04,2,2.55,0,0,0,5,0,3,2
784,74,77,1.436340441,2.55,0,3.44,1,0,0,0,0,2,2
784,30,33,1.431569879,2.55,0,3.44,1,0,0,0,0,2,2
784,33,36,1.348226819,3.44,1,2.55,0,0,0,0,0,2,3
784,77,80,1.34758665,3.44,1,2.55,0,0,0,0,0,2,3
784,80,85,1.210995183,2.55,0,3.44,1,0,0,0,0,3,1
784,36,41,1.209845869,2.55,0,3.44,1,0,0,0,0,3,1
784,44,54,1.202989078,2.55,0,3.44,1,0,0,6,0,3,1
785,19,21,1.587978408,2.55,0,2.55,0,0,0,5,5,4,4
785,15,21,1.522672949,2.55,0,2.55,0,1,0,5,5,3,4
785,18,19,1.504274548,2.55,0,2.55,0,0,0,6,5,2,4
785,19,20,1.474009312,2.55,0,3.44,1,0,0,5,6,4,2
785,2,17,1.455746363,2.55,0,2.55,0,0,0,6,6,3,2
785,19,22,1.448185121,2.55,0,3.04,2,0,0,5,5,4,3
785,1,2,1.410804317,2.55,0,2.55,0,0,0,6,6,3,3
785,0,1,1.409539137,2.55,0,2.55,0,0,0,6,6,3,3
785,5,6,1.407755926,2.55,0,2.55,0,0,0,6,6,3,2
785,12,13,1.406353311,2.55,0,2.55,0,1,1,6,6,2,2
785,16,22,1.405442231,2.55,0,3.04,2,1,0,5,5,3,3
785,15,16,1.405361706,2.55,0,2.55,0,1,1,5,5,3,3
785,9,10,1.404313744,2.55,0,2.55,0,1,1,6,6,2,2
785,2,3,1.401000865,2.55,0,2.55,0,0,0,6,6,3,2
785,3,5,1.400645264,2.55,0,2.55,0,0,0,6,6,2,3
785,9,16,1.398019005,2.55,0,2.55,0,1,1,6,5,2,3
785,10,12,1.397870702,2.55,0,2.55,0,1,1,6,6,2,2
785,13,15,1.389109586,2.55,0,2.55,0,1,1,6,5,2,3
785,0,6,1.386173031,2.55,0,2.55,0,0,0,6,6,3,2
785,17,18,1.345500189,2.55,0,2.55,0,0,0,6,6,2,2
785,1,20,1.338762378,2.55,0,3.44,1,0,0,6,6,3,2
785,21,23,1.546445792,2.55,0,2.55,0,0,0,5,0,4,1
785,21,27,1.532736622,2.55,0,2.55,0,0,0,5,0,4,1
785,31,39,1.532031343,2.55,0,2.55,0,0,0,0,0,2,2
785,45,46,1.508173624,2.55,0,2.55,0,0,0,0,0,3,1
785,33,34,1.503654958,2.55,0,2.55,0,0,0,0,0,3,1
785,5,52,1.485727862,2.55,0,2.55,0,0,0,6,0,3,3
785,22,31,1.454262752,3.04,2,2.55,0,0,0,5,0,3,2
785,39,42,1.434415074,2.55,0,3.44,1,0,0,0,0,2,2
785,0,32,1.383886617,2.55,0,3.44,1,0,0,6,0,3,2
785,32,33,1.372876831,3.44,1,2.55,0,0,0,0,0,2,3
785,52,54,1.353128988,2.55,0,3.44,1,0,0,0,0,3,1
785,42,45,1.350999027,3.44,1,2.55,0,0,0,0,0,2,3
785,52,53,1.210233622,2.55,0,3.44,1,0,0,0,0,3,1
785,45,50,1.207519036,2.55,0,3.44,1,0,0,0,0,3,1
785,33,38,1.200506089,2.55,0,3.44,1,0,0,0,0,3,1
786,0,42,1.781010458,2.55,0,2.58,3,0,0,5,5,3,2
786,42,43,1.748246521,2.58,3,2.55,0,0,0,5,5,2,3
787,14,16,1.590981142,2.55,0,2.55,0,0,0,5,5,4,4
787,41,43,1.562421554,2.55,0,2.55,0,0,0,5,5,3,3
787,10,16,1.522375411,2.55,0,2.55,0,0,0,5,5,3,4
787,13,14,1.503617193,2.55,0,2.55,0,0,0,6,5,2,4
787,40,41,1.4784104,3.04,2,2.55,0,0,0,5,5,2,3
787,14,15,1.468877044,2.55,0,3.44,1,0,0,5,6,4,2
787,42,43,1.446933456,3.44,1,2.55,0,0,0,5,5,2,3
787,14,17,1.446249013,2.55,0,3.04,2,0,0,5,5,4,3
787,2,12,1.438835315,2.55,0,2.55,0,0,0,6,6,2,3
787,61,63,1.408588893,2.55,0,2.55,0,0,0,6,6,3,3
787,7,8,1.406275463,2.55,0,2.55,0,0,0,6,6,2,2
787,11,17,1.405391911,2.55,0,3.04,2,0,0,5,5,3,3
787,44,51,1.404516986,2.55,0,2.55,0,1,1,6,6,3,2
787,4,5,1.404342696,2.55,0,2.55,0,0,0,6,6,2,2
787,10,11,1.403808,2.55,0,2.55,0,0,0,5,5,3,3
787,44,52,1.402007414,2.55,0,2.55,0,1,1,6,6,3,2
787,61,64,1.401870919,2.55,0,2.55,0,0,0,6,6,3,2
787,52,54,1.399457066,2.55,0,2.55,0,1,1,6,6,2,2
787,53,55,1.399404292,2.55,0,2.55,0,1,1,6,6,2,2
787,64,65,1.399122817,2.55,0,2.55,0,0,0,6,6,2,2
787,5,7,1.397929803,2.55,0,2.55,0,0,0,6,6,2,2
787,4,11,1.39756418,2.55,0,2.55,0,0,0,6,5,2,3
787,54,55,1.397071537,2.55,0,2.55,0,1,1,6,6,2,2
787,66,67,1.396852662,2.55,0,2.55,0,0,0,6,6,2,2
787,65,67,1.396057014,2.55,0,2.55,0,0,0,6,6,2,2
787,51,53,1.396043325,2.55,0,2.55,0,1,1,6,6,2,2
787,63,66,1.393311361,2.55,0,2.55,0,0,0,6,6,3,2
787,8,10,1.388866448,2.55,0,2.55,0,0,0,6,5,2,3
787,0,42,1.361504862,2.55,0,3.44,1,0,0,5,5,3,2
787,1,2,1.358673643,2.55,0,2.55,0,0,0,6,6,3,2
787,12,13,1.348575845,2.55,0,2.55,0,0,0,6,6,3,2
787,1,15,1.339675381,2.55,0,3.44,1,0,0,6,6,3,2
787,0,40,1.274981829,2.55,0,3.04,2,0,0,5,5,3,2
787,16,18,1.5453003,2.55,0,2.55,0,0,0,5,0,4,1
787,16,22,1.534670888,2.55,0,2.55,0,0,0,5,0,4,1
787,26,27,1.533548216,2.55,0,2.55,0,0,0,0,0,2,2
787,41,61,1.527863975,2.55,0,2.55,0,0,0,5,6,3,3
787,43,44,1.508924818,2.55,0,2.55,0,0,1,5,6,3,3
787,33,34,1.507880888,2.55,0,2.55,0,0,0,0,0,3,1
787,73,75,1.502458634,2.55,0,2.55,0,0,0,0,0,3,1
787,12,47,1.485134727,2.55,0,3.04,2,0,0,6,0,3,3
787,0,1,1.47207675,2.55,0,2.55,0,0,0,5,6,3,3
787,17,26,1.451131155,3.04,2,2.55,0,0,0,5,0,3,2
787,27,30,1.433738221,2.55,0,3.44,1,0,0,0,0,2,2
787,63,72,1.38836072,2.55,0,3.44,1,0,0,6,0,3,2
787,72,73,1.378628967,3.44,1,2.55,0,0,0,0,0,2,3
787,30,33,1.351414339,3.44,1,2.55,0,0,0,0,0,2,3
787,47,49,1.219890046,3.04,2,3.44,1,0,0,0,0,3,1
787,47,48,1.219533147,3.04,2,3.44,1,0,0,0,0,3,1
787,33,38,1.207586513,2.55,0,3.44,1,0,0,0,0,3,1
787,73,74,1.199073098,2.55,0,3.44,1,0,0,0,0,3,1
788,18,20,1.586666821,2.55,0,2.55,0,0,0,5,5,4,4
788,14,20,1.523112339,2.55,0,2.55,0,1,0,5,5,3,4
788,17,18,1.517321449,2.55,0,2.55,0,0,0,6,5,2,4
788,18,19,1.459828508,2.55,0,3.44,1,0,0,5,6,4,2
788,18,21,1.446591249,2.55,0,3.04,2,0,0,5,5,4,3
788,2,3,1.43462319,2.55,0,2.55,0,0,1,6,6,3,3
788,3,4,1.434219091,2.55,0,2.55,0,1,1,6,6,3,3
788,4,5,1.425370998,2.55,0,2.55,0,1,0,6,6,3,2
788,0,1,1.422493578,2.55,0,2.55,0,0,0,6,6,3,3
788,4,53,1.422211041,2.55,0,2.55,0,1,1,6,6,3,2
788,3,52,1.419826646,2.55,0,2.55,0,1,1,6,6,3,2
788,54,55,1.416911674,2.55,0,2.55,0,1,1,6,6,2,2
788,15,21,1.406456692,2.55,0,3.04,2,1,0,5,5,3,3
788,11,12,1.40606871,2.55,0,2.55,0,1,1,6,6,2,2
788,14,15,1.405198059,2.55,0,2.55,0,1,1,5,5,3,3
788,8,9,1.404277399,2.55,0,2.55,0,1,1,6,6,2,2
788,9,11,1.397923552,2.55,0,2.55,0,1,1,6,6,2,2
788,8,15,1.397892309,2.55,0,2.55,0,1,1,6,5,2,3
788,2,16,1.395657668,2.55,0,3.04,2,0,0,6,6,3,2
788,1,2,1.38946449,2.55,0,2.55,0,0,0,6,6,3,3
788,12,14,1.389215582,2.55,0,2.55,0,1,1,6,5,2,3
788,52,55,1.38142094,2.55,0,2.55,0,1,1,6,6,2,2
788,53,54,1.380432724,2.55,0,2.55,0,1,1,6,6,2,2
788,0,5,1.373647257,2.55,0,2.55,0,0,0,6,6,3,2
788,1,19,1.346530466,2.55,0,3.44,1,0,0,6,6,3,2
788,16,17,1.27900416,3.04,2,2.55,0,0,0,6,6,2,2
788,20,22,1.546508658,2.55,0,2.55,0,0,0,5,0,4,1
788,20,26,1.533118276,2.55,0,2.55,0,0,0,5,0,4,1
788,30,38,1.53229707,2.55,0,2.55,0,0,0,0,0,2,2
788,44,45,1.508058356,2.55,0,2.55,0,0,0,0,0,3,1
788,32,33,1.503906344,2.55,0,2.55,0,0,0,0,0,3,1
788,21,30,1.455426268,3.04,2,2.55,0,0,0,5,0,3,2
788,38,41,1.433947025,2.55,0,3.44,1,0,0,0,0,2,2
788,0,31,1.384446295,2.55,0,3.44,1,0,0,6,0,3,2
788,31,32,1.372496803,3.44,1,2.55,0,0,0,0,0,2,3
788,41,44,1.350821551,3.44,1,2.55,0,0,0,0,0,2,3
788,44,49,1.207685861,2.55,0,3.44,1,0,0,0,0,3,1
788,32,37,1.200577135,2.55,0,3.44,1,0,0,0,0,3,1
789,18,20,1.583136275,2.55,0,2.55,0,0,0,5,5,4,4
789,14,20,1.523227702,2.55,0,2.55,0,1,0,5,5,3,4
789,17,18,1.514629955,2.55,0,2.55,0,0,0,6,5,2,4
789,18,19,1.506179452,2.55,0,3.44,1,0,0,5,6,4,2
789,3,4,1.434165575,2.55,0,2.55,0,0,0,6,6,3,3
789,0,1,1.429391235,2.55,0,2.55,0,0,0,6,6,3,3
789,2,3,1.429036389,2.55,0,2.55,0,0,0,6,6,3,3
789,18,21,1.421662274,2.55,0,3.04,2,0,0,5,5,4,3
789,4,5,1.414844985,2.55,0,2.55,0,0,0,6,6,3,2
789,15,21,1.41249556,2.55,0,3.04,2,1,0,5,5,3,3
789,3,43,1.412202117,2.55,0,2.55,0,0,0,6,6,3,2
789,52,53,1.409268265,2.55,0,2.55,0,1,1,6,6,2,3
789,74,75,1.407165098,2.55,0,2.55,0,1,1,6,6,3,2
789,38,51,1.405981322,2.55,0,2.55,0,1,1,6,6,3,2
789,68,72,1.405855814,2.55,0,2.55,0,1,1,6,6,3,2
789,11,12,1.405246482,2.55,0,2.55,0,1,1,6,6,2,2
789,73,74,1.404714591,2.55,0,2.55,0,1,1,6,6,2,3
789,53,54,1.404555475,2.55,0,2.55,0,1,1,6,6,3,2
789,14,15,1.404035312,2.55,0,2.55,0,1,1,5,5,3,3
789,8,9,1.403861582,2.55,0,2.55,0,1,1,6,6,2,2
789,68,71,1.403659098,2.55,0,2.55,0,1,1,6,6,3,2
789,50,54,1.40015608,2.55,0,2.55,0,1,1,6,6,2,2
789,38,50,1.398967414,2.55,0,2.55,0,1,1,6,6,3,2
789,9,11,1.397822928,2.55,0,2.55,0,1,1,6,6,2,2
789,45,46,1.396934315,2.55,0,2.55,0,0,0,6,6,2,2
789,71,73,1.39668201,2.55,0,2.55,0,1,1,6,6,2,2
789,8,15,1.395405799,2.55,0,2.55,0,1,1,6,5,2,3
789,72,75,1.394114893,2.55,0,2.55,0,1,1,6,6,2,2
789,1,2,1.392126747,2.55,0,2.55,0,0,0,6,6,3,3
789,2,16,1.3918623,2.55,0,3.04,2,0,0,6,6,3,2
789,51,52,1.389640939,2.55,0,2.55,0,1,1,6,6,2,2
789,12,14,1.389617947,2.55,0,2.55,0,1,1,6,5,2,3
789,4,44,1.388936383,2.55,0,3.04,2,0,0,6,6,3,3
789,43,46,1.383600349,2.55,0,2.55,0,0,0,6,6,2,2
789,0,5,1.382222441,2.55,0,2.55,0,0,0,6,6,3,2
789,44,45,1.340556417,3.04,2,2.55,0,0,0,6,6,3,2
789,1,19,1.32282321,2.55,0,3.44,1,0,0,6,6,3,2
789,16,17,1.280732691,3.04,2,2.55,0,0,0,6,6,2,2
789,20,22,1.547521115,2.55,0,2.55,0,0,0,5,0,4,1
789,20,26,1.533118486,2.55,0,2.55,0,0,0,5,0,4,1
789,60,61,1.523198484,2.55,0,2.55,0,0,0,0,0,2,1
789,30,38,1.517764637,2.55,0,2.55,0,0,1,0,6,2,3
789,44,67,1.510619049,3.04,2,2.55,0,0,0,6,0,3,2
789,74,80,1.50727847,2.55,0,2.55,0,1,0,6,0,3,1
789,67,68,1.503490681,2.55,0,2.55,0,0,1,0,6,2,3
789,32,33,1.496763071,2.55,0,2.55,0,0,0,0,0,3,1
789,21,30,1.463322451,3.04,2,2.55,0,0,0,5,0,3,2
789,59,60,1.425807075,3.44,1,2.55,0,0,0,0,0,2,2
789,31,32,1.399111545,3.44,1,2.55,0,0,0,0,0,2,3
789,0,31,1.361952892,2.55,0,3.44,1,0,0,6,0,3,2
789,53,59,1.352360755,2.55,0,3.44,1,1,0,6,0,3,2
789,32,37,1.195130366,2.55,0,3.44,1,0,0,0,0,3,1
790,17,19,1.584711695,2.55,0,2.55,0,0,0,5,5,4,4
790,13,19,1.522531986,2.55,0,2.55,0,0,0,5,5,3,4
790,16,17,1.503488754,2.55,0,2.55,0,0,0,6,5,2,4
790,17,18,1.477420342,2.55,0,3.44,1,0,0,5,6,4,2
790,2,15,1.45653672,2.55,0,2.55,0,1,0,6,6,3,2
790,17,20,1.446621644,2.55,0,3.04,2,0,0,5,5,4,3
790,1,2,1.412977214,2.55,0,2.55,0,1,1,6,6,3,3
790,0,1,1.411574601,2.55,0,2.55,0,1,1,6,6,3,3
790,13,14,1.406784515,2.55,0,2.55,0,0,0,5,5,3,3
790,7,8,1.403363368,2.55,0,2.55,0,0,0,6,6,2,2
790,10,11,1.402901369,2.55,0,2.55,0,0,0,6,6,3,2
790,4,5,1.400292068,2.55,0,2.55,0,1,1,6,6,3,2
790,2,3,1.399868998,2.55,0,2.55,0,1,1,6,6,3,2
790,14,20,1.3995747,2.55,0,3.04,2,0,0,5,5,3,3
790,7,14,1.396052404,2.55,0,2.55,0,0,0,6,5,2,3
790,3,4,1.393057443,2.55,0,2.55,0,1,1,6,6,2,3
790,8,10,1.392458429,2.55,0,2.55,0,0,0,6,6,2,3
790,0,5,1.387487096,2.55,0,2.55,0,1,1,6,6,3,2
790,11,13,1.386048024,2.55,0,2.55,0,0,0,6,5,2,3
790,15,16,1.345423789,2.55,0,2.55,0,0,0,6,6,2,2
790,1,18,1.3346587,2.55,0,3.44,1,1,0,6,6,3,2
790,19,25,1.545913923,2.55,0,2.55,0,0,0,5,0,4,1
790,19,21,1.532724118,2.55,0,2.55,0,0,0,5,0,4,1
790,50,53,1.532037396,2.55,0,2.55,0,0,0,0,0,2,2
790,53,56,1.529768237,2.55,0,2.55,0,0,0,0,0,2,1
790,35,50,1.529672501,2.55,0,2.55,0,0,0,0,0,2,2
790,40,41,1.507580845,2.55,0,2.55,0,0,0,0,0,3,1
790,34,35,1.507414819,2.55,0,2.55,0,0,0,0,0,3,2
790,4,45,1.470327903,2.55,0,3.04,2,1,0,6,0,3,3
790,20,29,1.452711552,3.04,2,2.55,0,0,0,5,0,3,1
790,10,39,1.39801047,2.55,0,3.44,1,0,0,6,0,3,2
790,0,33,1.379417081,2.55,0,3.44,1,1,0,6,0,3,2
790,33,34,1.377648351,3.44,1,2.55,0,0,0,0,0,2,3
790,39,40,1.363611877,3.44,1,2.55,0,0,0,0,0,2,3
790,45,46,1.22256179,3.04,2,3.44,1,0,0,0,0,3,1
790,45,47,1.221971407,3.04,2,3.44,1,0,0,0,0,3,1
790,40,48,1.202916108,2.55,0,3.44,1,0,0,0,0,3,1
790,34,49,1.200974969,2.55,0,3.44,1,0,0,0,0,3,1
791,17,19,1.592072338,2.55,0,2.55,0,0,0,5,5,4,4
791,13,19,1.523064421,2.55,0,2.55,0,1,0,5,5,3,4
791,16,17,1.520279804,2.55,0,2.55,0,0,0,6,5,2,4
791,4,5,1.460626591,2.55,0,2.55,0,1,1,6,6,3,3
791,17,18,1.46040224,2.55,0,3.44,1,0,0,5,6,4,2
791,2,3,1.447285368,2.55,0,2.55,0,0,1,6,6,3,3
791,17,20,1.442491033,2.55,0,3.04,2,0,0,5,5,4,3
791,0,1,1.439479393,2.55,0,2.55,0,1,0,6,6,3,3
791,0,5,1.428143351,2.55,0,2.55,0,1,1,6,6,3,3
791,3,4,1.427532823,2.55,0,2.55,0,1,1,6,6,3,3
791,4,30,1.416486902,2.55,0,2.55,0,1,1,6,6,3,2
791,3,48,1.415359386,2.55,0,2.55,0,1,1,6,6,3,2
791,5,55,1.415170668,2.55,0,2.55,0,1,1,6,6,3,2
791,0,52,1.412774021,2.55,0,2.55,0,1,1,6,6,3,2
791,53,54,1.410350201,2.55,0,2.55,0,1,1,6,6,3,2
791,44,46,1.408703144,2.55,0,2.55,0,1,1,6,6,2,2
791,10,11,1.406410236,2.55,0,2.55,0,1,1,6,6,2,2
791,13,14,1.40614998,2.55,0,2.55,0,1,1,5,5,3,3
791,7,8,1.403993934,2.55,0,2.55,0,1,1,6,6,2,2
791,14,20,1.398854446,2.55,0,3.04,2,1,0,5,5,3,3
791,2,15,1.398017269,2.55,0,3.04,2,0,0,6,6,3,2
791,7,14,1.397753107,2.55,0,2.55,0,1,1,6,5,2,3
791,8,10,1.396922711,2.55,0,2.55,0,1,1,6,6,2,2
791,11,13,1.388535565,2.55,0,2.55,0,1,1,6,5,2,3
791,54,55,1.386075059,2.55,0,2.55,0,1,1,6,6,2,2
791,30,44,1.386011796,2.55,0,2.55,0,1,1,6,6,2,2
791,46,48,1.384515056,2.55,0,2.55,0,1,1,6,6,2,2
791,52,53,1.384121305,2.55,0,2.55,0,1,1,6,6,2,3
791,1,2,1.376557962,2.55,0,2.55,0,0,0,6,6,3,3
791,1,18,1.355923658,2.55,0,3.44,1,0,0,6,6,3,2
791,15,16,1.275593294,3.04,2,2.55,0,0,0,6,6,2,2
791,19,25,1.546533935,2.55,0,2.55,0,0,0,5,0,4,1
791,19,21,1.534262215,2.55,0,2.55,0,0,0,5,0,4,1
791,29,32,1.531416301,2.55,0,2.55,0,0,0,0,0,2,2
791,38,39,1.509591282,2.55,0,2.55,0,0,0,0,0,3,1
791,58,60,1.507742717,2.55,0,2.55,0,0,0,0,0,3,1
791,20,29,1.448756446,3.04,2,2.55,0,0,0,5,0,3,2
791,32,35,1.433654844,2.55,0,3.44,1,0,0,0,0,2,2
791,53,57,1.385970519,2.55,0,3.44,1,1,0,6,0,3,2
791,57,58,1.365350617,3.44,1,2.55,0,0,0,0,0,2,3
791,35,38,1.351759758,3.44,1,2.55,0,0,0,0,0,2,3
791,38,43,1.204991221,2.55,0,3.44,1,0,0,0,0,3,1
791,58,59,1.201367473,2.55,0,3.44,1,0,0,0,0,3,1
792,17,19,1.592009973,2.55,0,2.55,0,0,0,5,5,4,4
792,13,19,1.523084773,2.55,0,2.55,0,1,0,5,5,3,4
792,16,17,1.519828307,2.55,0,2.55,0,0,0,6,5,2,4
792,17,18,1.461451451,2.55,0,3.44,1,0,0,5,6,4,2
792,4,5,1.461118113,2.55,0,2.55,0,1,1,6,6,3,3
792,2,3,1.446897448,2.55,0,2.55,0,0,1,6,6,3,3
792,17,20,1.442257065,2.55,0,3.04,2,0,0,5,5,4,3
792,0,1,1.438616788,2.55,0,2.55,0,1,0,6,6,3,3
792,0,5,1.428527582,2.55,0,2.55,0,1,1,6,6,3,3
792,3,4,1.427209435,2.55,0,2.55,0,1,1,6,6,3,3
792,4,30,1.416217017,2.55,0,2.55,0,1,1,6,6,3,2
792,0,52,1.415730149,2.55,0,2.55,0,1,1,6,6,3,2
792,3,48,1.41562151,2.55,0,2.55,0,1,1,6,6,3,2
792,5,55,1.412295332,2.55,0,2.55,0,1,1,6,6,3,2
792,53,54,1.40970333,2.55,0,2.55,0,1,1,6,6,2,3
792,44,46,1.408845042,2.55,0,2.55,0,1,1,6,6,2,2
792,10,11,1.406352808,2.55,0,2.55,0,1,1,6,6,2,2
792,13,14,1.406112721,2.55,0,2.55,0,1,1,5,5,3,3
792,7,8,1.404014325,2.55,0,2.55,0,1,1,6,6,2,2
792,14,20,1.399002032,2.55,0,3.04,2,1,0,5,5,3,3
792,7,14,1.397645128,2.55,0,2.55,0,1,1,6,5,2,3
792,2,15,1.397269953,2.55,0,3.04,2,0,0,6,6,3,2
792,8,10,1.396853425,2.55,0,2.55,0,1,1,6,6,2,2
792,11,13,1.388515211,2.55,0,2.55,0,1,1,6,5,2,3
792,54,55,1.38634558,2.55,0,2.55,0,1,1,6,6,3,2
792,30,44,1.385817015,2.55,0,2.55,0,1,1,6,6,2,2
792,46,48,1.384404385,2.55,0,2.55,0,1,1,6,6,2,2
792,52,53,1.383375214,2.55,0,2.55,0,1,1,6,6,2,2
792,1,2,1.377444936,2.55,0,2.55,0,0,0,6,6,3,3
792,1,18,1.355521238,2.55,0,3.44,1,0,0,6,6,3,2
792,15,16,1.275737734,3.04,2,2.55,0,0,0,6,6,2,2
792,19,25,1.546598579,2.55,0,2.55,0,0,0,5,0,4,1
792,19,21,1.53425908,2.55,0,2.55,0,0,0,5,0,4,1
792,29,32,1.531296916,2.55,0,2.55,0,0,0,0,0,2,2
792,38,39,1.509663629,2.55,0,2.55,0,0,0,0,0,3,1
792,61,62,1.507723646,2.55,0,2.55,0,0,0,0,0,3,1
792,20,29,1.448600169,3.04,2,2.55,0,0,0,5,0,3,2
792,32,35,1.433767769,2.55,0,3.44,1,0,0,0,0,2,2
792,54,60,1.387229644,2.55,0,3.44,1,1,0,6,0,3,2
792,60,61,1.367669117,3.44,1,2.55,0,0,0,0,0,2,3
792,35,38,1.351700541,3.44,1,2.55,0,0,0,0,0,2,3
792,38,43,1.204983322,2.55,0,3.44,1,0,0,0,0,3,1
792,61,63,1.200336376,2.55,0,3.44,1,0,0,0,0,3,1
793,19,21,1.587107738,2.55,0,2.55,0,0,0,5,5,4,4
793,15,21,1.522923881,2.55,0,2.55,0,1,0,5,5,3,4
793,18,19,1.50412661,2.55,0,2.55,0,0,0,6,5,2,4
793,19,20,1.473089846,2.55,0,3.44,1,0,0,5,6,4,2
793,2,17,1.455613374,2.55,0,2.55,0,0,0,6,6,3,2
793,19,22,1.449534476,2.55,0,3.04,2,0,0,5,5,4,3
793,81,83,1.411036183,2.55,0,2.55,0,0,0,6,6,3,2
793,1,2,1.410758013,2.55,0,2.55,0,0,0,6,6,3,3
793,64,66,1.410299776,2.55,0,2.55,0,0,0,6,6,2,3
793,0,1,1.409105542,2.55,0,2.55,0,0,0,6,6,3,3
793,90,95,1.408916722,2.55,0,2.55,0,0,0,6,6,2,3
793,57,58,1.408748002,2.55,0,2.55,0,0,0,6,6,3,2
793,94,95,1.408063145,2.55,0,2.55,0,0,0,6,6,2,3
793,56,57,1.407671437,2.55,0,2.55,0,0,0,6,6,2,3
793,5,6,1.407544835,2.55,0,2.55,0,0,0,6,6,3,2
793,15,16,1.40726744,2.55,0,2.55,0,1,1,5,5,3,3
793,79,82,1.407067157,2.55,0,2.55,0,0,0,6,6,3,2
793,12,13,1.407055332,2.55,0,2.55,0,1,1,6,6,2,2
793,66,69,1.406465101,2.55,0,2.55,0,0,0,6,6,3,2
793,77,81,1.405445289,2.55,0,2.55,0,0,0,6,6,2,3
793,76,79,1.404403098,2.55,0,2.55,0,0,0,6,6,2,3
793,9,10,1.404243457,2.55,0,2.55,0,1,1,6,6,2,2
793,65,68,1.40323847,2.55,0,2.55,0,0,0,6,6,2,3
793,67,68,1.402259267,2.55,0,2.55,0,0,0,6,6,2,3
793,2,3,1.401102831,2.55,0,2.55,0,0,0,6,6,3,2
793,3,5,1.400623359,2.55,0,2.55,0,0,0,6,6,2,3
793,16,22,1.400325162,2.55,0,3.04,2,1,0,5,5,3,3
793,86,87,1.398734728,2.55,0,2.55,0,0,0,6,6,2,2
793,87,91,1.398690734,2.55,0,2.55,0,0,0,6,6,2,2
793,76,77,1.397884558,2.55,0,2.55,0,0,0,6,6,2,2
793,9,16,1.397600001,2.55,0,2.55,0,1,1,6,5,2,3
793,46,59,1.397227424,2.55,0,2.55,0,0,0,6,6,3,2
793,10,12,1.396968534,2.55,0,2.55,0,1,1,6,6,2,2
793,91,94,1.396691696,2.55,0,2.55,0,0,0,6,6,2,2
793,86,90,1.396635184,2.55,0,2.55,0,0,0,6,6,2,2
793,46,55,1.396451224,2.55,0,2.55,0,0,0,6,6,3,2
793,67,69,1.395441056,2.55,0,2.55,0,0,0,6,6,2,2
793,58,59,1.395122481,2.55,0,2.55,0,0,0,6,6,2,2
793,55,56,1.394871327,2.55,0,2.55,0,0,0,6,6,2,2
793,64,65,1.392572982,2.55,0,2.55,0,0,0,6,6,2,2
793,82,83,1.389831661,2.55,0,2.55,0,0,0,6,6,2,2
793,13,15,1.388098411,2.55,0,2.55,0,1,1,6,5,2,3
793,0,6,1.385959757,2.55,0,2.55,0,0,0,6,6,3,2
793,17,18,1.345724543,2.55,0,2.55,0,0,0,6,6,2,2
793,1,20,1.338898177,2.55,0,3.44,1,0,0,6,6,3,2
793,21,23,1.546125093,2.55,0,2.55,0,0,0,5,0,4,1
793,31,39,1.532910545,2.55,0,2.55,0,0,0,0,0,2,2
793,21,27,1.532588185,2.55,0,2.55,0,0,0,5,0,4,1
793,100,101,1.524083647,2.55,0,2.55,0,0,0,0,0,2,1
793,39,42,1.513156464,2.55,0,2.55,0,0,0,0,0,2,3
793,33,34,1.50434277,2.55,0,2.55,0,0,0,0,0,3,1
793,75,95,1.496634202,2.55,0,2.55,0,0,0,0,6,3,3
793,57,75,1.496020158,2.55,0,2.55,0,0,0,6,0,3,3
793,66,74,1.49491352,2.55,0,2.55,0,0,0,6,0,3,3
793,74,81,1.493832259,2.55,0,2.55,0,0,0,0,6,3,3
793,5,48,1.485794974,2.55,0,2.55,0,0,0,6,0,3,3
793,22,31,1.455621074,3.04,2,2.55,0,0,0,5,0,3,2
793,99,100,1.421616963,3.44,1,2.55,0,0,0,0,0,2,2
793,45,46,1.391997917,3.44,1,2.55,0,0,0,0,6,2,3
793,0,32,1.383995115,2.55,0,3.44,1,0,0,6,0,3,2
793,32,33,1.372533072,3.44,1,2.55,0,0,0,0,0,2,3
793,74,75,1.371507019,2.55,0,2.55,0,0,0,0,0,3,3
793,42,45,1.36349034,2.55,0,3.44,1,0,0,0,0,3,2
793,68,97,1.358389206,2.55,0,3.44,1,0,0,6,0,3,1
793,79,99,1.358088458,2.55,0,3.44,1,0,0,6,0,3,2
793,48,50,1.352861196,2.55,0,3.44,1,0,0,0,0,3,1
793,48,49,1.210328718,2.55,0,3.44,1,0,0,0,0,3,1
793,42,54,1.201934788,2.55,0,3.44,1,0,0,0,0,3,1
793,33,38,1.20006411,2.55,0,3.44,1,0,0,0,0,3,1
794,18,20,1.593383164,2.55,0,2.55,0,0,0,5,5,4,4
794,14,20,1.522585567,2.55,0,2.55,0,1,0,5,5,3,4
794,17,18,1.505956543,2.55,0,2.55,0,0,0,6,5,2,4
794,18,19,1.459592222,2.55,0,3.44,1,0,0,5,6,4,2
794,2,16,1.453348933,2.55,0,2.55,0,1,0,6,6,3,2
794,18,21,1.45312856,2.55,0,3.04,2,0,0,5,5,4,3
794,11,12,1.420301121,2.55,0,2.55,0,1,1,6,6,3,2
794,5,6,1.414329303,2.55,0,2.55,0,1,1,6,6,2,3
794,1,2,1.411463037,2.55,0,2.55,0,1,1,6,6,3,3
794,9,11,1.409527952,2.55,0,2.55,0,1,1,6,6,2,3
794,0,6,1.409088891,2.55,0,2.55,0,1,1,6,6,2,3
794,14,15,1.408099529,2.55,0,2.55,0,1,1,5,5,3,3
794,2,3,1.405251058,2.55,0,2.55,0,1,1,6,6,3,2
794,8,9,1.399927183,2.55,0,2.55,0,1,1,6,6,2,2
794,8,15,1.398117052,2.55,0,2.55,0,1,1,6,5,2,3
794,0,1,1.396449285,2.55,0,2.55,0,1,1,6,6,2,3
794,15,21,1.393042818,2.55,0,3.04,2,1,0,5,5,3,3
794,3,5,1.390774486,2.55,0,2.55,0,1,1,6,6,2,2
794,12,14,1.38299561,2.55,0,2.55,0,1,1,6,5,2,3
794,1,19,1.354475104,2.55,0,3.44,1,1,0,6,6,3,2
794,16,17,1.345090269,2.55,0,2.55,0,0,0,6,6,2,2
794,20,26,1.545486,2.55,0,2.55,0,0,0,5,0,4,1
794,52,53,1.544328089,2.55,0,2.55,0,0,0,0,0,2,2
794,41,42,1.542847608,2.55,0,2.55,0,0,0,0,0,2,2
794,20,22,1.532831423,2.55,0,2.55,0,0,0,5,0,4,1
794,42,45,1.528707339,2.55,0,2.55,0,0,0,0,0,2,1
794,53,56,1.52827717,2.55,0,2.55,0,0,0,0,0,2,1
794,38,52,1.463584654,2.55,0,2.55,0,0,0,0,0,2,2
794,40,41,1.463188259,2.55,0,2.55,0,0,0,0,0,2,2
794,21,30,1.446767991,3.04,2,2.55,0,0,0,5,0,3,1
794,11,39,1.432297237,2.55,0,2.55,0,1,0,6,0,3,2
794,6,37,1.432022075,2.55,0,2.55,0,1,0,6,0,3,2
794,39,40,1.217543111,2.55,0,2.55,0,0,0,0,0,2,2
794,37,38,1.217187921,2.55,0,2.55,0,0,0,0,0,2,2
795,17,19,1.587641007,2.55,0,2.55,0,0,0,5,5,4,4
795,13,19,1.523036566,2.55,0,2.55,0,1,0,5,5,3,4
795,16,17,1.511357876,2.55,0,2.55,0,0,0,6,5,2,4
795,17,20,1.46554081,2.55,0,3.04,2,0,0,5,5,4,3
795,2,15,1.456610313,2.55,0,2.55,0,0,0,6,6,3,2
795,17,18,1.439021209,2.55,0,3.44,1,0,0,5,6,4,2
795,1,2,1.411696652,2.55,0,2.55,0,0,0,6,6,3,3
795,13,14,1.409726737,2.55,0,2.55,0,1,1,5,5,3,3
795,0,1,1.408921914,2.55,0,2.55,0,0,0,6,6,3,3
795,10,11,1.40483903,2.55,0,2.55,0,1,1,6,6,3,2
795,7,8,1.40373565,2.55,0,2.55,0,1,1,6,6,2,2
795,2,3,1.399629324,2.55,0,2.55,0,0,0,6,6,3,2
795,4,5,1.398379804,2.55,0,2.55,0,0,0,6,6,3,2
795,7,14,1.397568231,2.55,0,2.55,0,1,1,6,5,2,3
795,8,10,1.394810648,2.55,0,2.55,0,1,1,6,6,2,3
795,3,4,1.393298364,2.55,0,2.55,0,0,0,6,6,2,3
795,14,20,1.392302242,2.55,0,3.04,2,1,0,5,5,3,3
795,0,5,1.38773697,2.55,0,2.55,0,0,0,6,6,3,2
795,11,13,1.386107444,2.55,0,2.55,0,1,1,6,5,2,3
795,1,18,1.343088669,2.55,0,3.44,1,0,0,6,6,3,2
795,15,16,1.342659694,2.55,0,2.55,0,0,0,6,6,2,2
795,19,25,1.546174503,2.55,0,2.55,0,0,0,5,0,4,1
795,19,21,1.533238965,2.55,0,2.55,0,0,0,5,0,4,1
795,55,56,1.514275174,2.55,0,2.55,0,0,0,0,0,2,1
795,47,48,1.513659949,2.55,0,2.55,0,0,0,0,0,2,1
795,4,42,1.471490557,2.55,0,3.04,2,0,0,6,0,3,3
795,20,29,1.446709094,3.04,2,2.55,0,0,0,5,0,3,1
795,35,47,1.442346374,3.44,1,2.55,0,0,0,0,0,2,2
795,41,55,1.438617544,3.44,1,2.55,0,0,0,0,0,2,2
795,10,39,1.394027544,2.55,0,3.44,1,1,0,6,0,3,2
795,0,33,1.380690853,2.55,0,3.44,1,0,0,6,0,3,2
795,33,34,1.358999372,3.44,1,2.55,0,0,0,0,0,2,3
795,39,40,1.347691788,3.44,1,2.55,0,0,0,0,0,2,3
795,40,41,1.334031506,2.55,0,3.44,1,0,0,0,0,3,2
795,34,35,1.325428609,2.55,0,3.44,1,0,0,0,0,3,2
795,42,44,1.221983162,3.04,2,3.44,1,0,0,0,0,3,1
795,42,43,1.221701977,3.04,2,3.44,1,0,0,0,0,3,1
795,40,45,1.203112114,2.55,0,3.44,1,0,0,0,0,3,1
795,34,46,1.202073042,2.55,0,3.44,1,0,0,0,0,3,1
796,1,28,1.537884732,2.55,0,2.55,0,1,1,5,5,4,3
796,1,19,1.531719128,2.55,0,2.55,0,1,1,5,5,4,3
796,1,2,1.505091047,2.55,0,2.55,0,1,0,5,6,4,2
796,3,4,1.477461453,2.55,0,2.55,0,0,0,6,6,3,3
796,27,29,1.474350502,2.55,0,2.55,0,1,1,5,5,3,3
796,4,6,1.473726411,2.55,0,2.55,0,0,0,6,6,3,3
796,0,1,1.458505833,3.44,1,2.55,0,0,1,6,5,2,4
796,7,8,1.457654801,2.55,0,2.55,0,0,0,6,6,3,2
796,3,9,1.453682992,2.55,0,2.55,0,0,0,6,6,3,2
796,6,7,1.429603157,2.55,0,2.55,0,0,0,6,6,3,3
796,6,10,1.41162198,2.55,0,2.55,0,0,0,6,6,3,3
796,28,29,1.411417614,2.55,0,2.55,0,1,1,5,5,3,3
796,19,27,1.40644964,2.55,0,2.55,0,1,1,5,5,3,3
796,7,13,1.405687936,2.55,0,2.55,0,0,0,6,6,3,2
796,33,34,1.404448869,2.55,0,2.55,0,1,1,6,6,2,3
796,20,22,1.402797687,2.55,0,2.55,0,1,1,6,6,2,2
796,22,24,1.401002699,2.55,0,2.55,0,1,1,6,6,2,2
796,24,26,1.40078134,2.55,0,2.55,0,1,1,6,6,2,2
796,30,32,1.400499603,2.55,0,2.55,0,1,1,6,6,2,2
796,26,27,1.397607148,2.55,0,2.55,0,1,1,6,5,2,3
796,32,33,1.397238986,2.55,0,2.55,0,1,1,6,6,2,2
796,29,30,1.395413861,2.55,0,2.55,0,1,1,5,6,3,2
796,11,12,1.395288626,2.55,0,2.55,0,0,0,6,6,2,2
796,10,11,1.394140126,2.55,0,2.55,0,0,0,6,6,3,2
796,28,34,1.393469543,2.55,0,2.55,0,1,1,5,6,3,3
796,12,13,1.39217712,2.55,0,2.55,0,0,0,6,6,2,2
796,19,20,1.390070912,2.55,0,2.55,0,1,1,5,6,3,2
796,4,5,1.363483287,2.55,0,2.55,0,0,0,6,6,3,2
796,2,3,1.357485096,2.55,0,2.55,0,0,0,6,6,2,3
796,8,9,1.351539275,2.55,0,2.55,0,0,0,6,6,2,2
796,0,5,1.336756479,3.44,1,2.55,0,0,0,6,6,2,2
796,38,40,1.506694096,2.55,0,2.55,0,0,0,0,0,3,1
796,47,48,1.502091259,2.55,0,2.55,0,0,0,0,0,1,3
796,10,37,1.39839131,2.55,0,3.44,1,0,0,6,0,3,2
796,34,50,1.383455806,2.55,0,3.44,1,1,0,6,0,3,2
796,48,50,1.379774676,2.55,0,3.44,1,0,0,0,0,3,2
796,37,38,1.3698252,3.44,1,2.55,0,0,0,0,0,2,3
796,38,39,1.200948006,2.55,0,3.44,1,0,0,0,0,3,1
796,46,48,1.199791499,3.44,1,2.55,0,0,0,0,0,1,3
797,1,27,1.538031291,2.55,0,2.55,0,0,0,5,5,4,3
797,1,18,1.525952116,2.55,0,2.55,0,0,1,5,5,4,3
797,1,2,1.508160685,2.55,0,2.55,0,0,0,5,6,4,2
797,3,4,1.476870564,2.55,0,2.55,0,0,0,6,6,3,3
797,26,28,1.474363414,2.55,0,2.55,0,1,0,5,5,3,3
797,4,6,1.47082963,2.55,0,2.55,0,0,0,6,6,3,3
797,0,1,1.460580809,3.44,1,2.55,0,0,0,6,5,2,4
797,7,8,1.457894716,2.55,0,2.55,0,0,0,6,6,3,2
797,3,9,1.453675339,2.55,0,2.55,0,0,0,6,6,3,2
797,6,7,1.426801685,2.55,0,2.55,0,0,0,6,6,3,3
797,27,28,1.410331657,2.55,0,2.55,0,0,0,5,5,3,3
797,6,10,1.409844263,2.55,0,2.55,0,0,0,6,6,3,3
797,18,26,1.408695155,2.55,0,2.55,0,1,1,5,5,3,3
797,7,13,1.406203633,2.55,0,2.55,0,0,0,6,6,3,2
797,19,21,1.403160911,2.55,0,2.55,0,1,1,6,6,2,2
797,23,25,1.400954616,2.55,0,2.55,0,1,1,6,6,2,2
797,21,23,1.400552249,2.55,0,2.55,0,1,1,6,6,2,2
797,29,31,1.399798816,2.55,0,2.55,0,0,0,6,6,2,2
797,32,33,1.3995531,2.55,0,2.55,0,0,0,6,6,3,2
797,28,29,1.39773721,2.55,0,2.55,0,0,0,5,6,3,2
797,25,26,1.397504158,2.55,0,2.55,0,1,1,6,5,2,3
797,31,32,1.397003515,2.55,0,2.55,0,0,0,6,6,2,3
797,11,12,1.396827456,2.55,0,2.55,0,0,0,6,6,2,2
797,10,11,1.393788071,2.55,0,2.55,0,0,0,6,6,3,2
797,12,13,1.392446126,2.55,0,2.55,0,0,0,6,6,2,2
797,27,33,1.390268922,2.55,0,2.55,0,0,0,5,6,3,2
797,18,19,1.38977291,2.55,0,2.55,0,1,1,5,6,3,2
797,4,5,1.364387156,2.55,0,2.55,0,0,0,6,6,3,2
797,2,3,1.358398675,2.55,0,2.55,0,0,0,6,6,2,3
797,8,9,1.352688441,2.55,0,2.55,0,0,0,6,6,2,2
797,0,5,1.340573351,3.44,1,2.55,0,0,0,6,6,2,2
797,38,40,1.504302741,2.55,0,2.55,0,0,0,0,0,3,1
797,46,47,1.5035461,2.55,0,2.55,0,0,0,0,0,3,1
797,10,37,1.397203922,2.55,0,3.44,1,0,0,6,0,3,2
797,32,48,1.39124424,2.55,0,3.44,1,0,0,6,0,3,2
797,37,38,1.371957696,3.44,1,2.55,0,0,0,0,0,2,3
797,46,48,1.368078811,2.55,0,3.44,1,0,0,0,0,3,2
797,38,39,1.203440731,2.55,0,3.44,1,0,0,0,0,3,1
797,44,46,1.202548849,3.44,1,2.55,0,0,0,0,0,1,3
798,1,26,1.535626744,2.55,0,2.55,0,1,1,5,5,4,3
798,1,17,1.529301528,2.55,0,2.55,0,1,1,5,5,4,3
798,1,2,1.505752357,2.55,0,2.55,0,1,0,5,6,4,2
798,3,4,1.478919195,2.55,0,2.55,0,0,0,6,6,3,3
798,4,6,1.475612956,2.55,0,2.55,0,0,0,6,6,3,3
798,25,27,1.474543215,2.55,0,2.55,0,1,1,5,5,3,3
798,0,1,1.458161595,3.44,1,2.55,0,0,1,6,5,2,4
798,7,8,1.457127982,2.55,0,2.55,0,0,0,6,6,3,2
798,3,9,1.453310251,2.55,0,2.55,0,0,0,6,6,3,2
798,6,7,1.42898973,2.55,0,2.55,0,0,0,6,6,3,3
798,6,10,1.412199864,2.55,0,2.55,0,0,0,6,6,3,3
798,26,27,1.409943447,2.55,0,2.55,0,1,1,5,5,3,3
798,17,25,1.408072932,2.55,0,2.55,0,1,1,5,5,3,3
798,7,13,1.405137344,2.55,0,2.55,0,0,0,6,6,3,2
798,18,20,1.402946584,2.55,0,2.55,0,1,1,6,6,2,2
798,31,33,1.402908404,2.55,0,2.55,0,1,1,6,6,2,2
798,30,31,1.402863979,2.55,0,2.55,0,1,1,6,6,3,2
798,28,30,1.402302287,2.55,0,2.55,0,1,1,6,6,2,3
798,20,22,1.400934525,2.55,0,2.55,0,1,1,6,6,2,2
798,22,24,1.400850402,2.55,0,2.55,0,1,1,6,6,2,2
798,24,25,1.397412663,2.55,0,2.55,0,1,1,6,5,2,3
798,10,11,1.395576219,2.55,0,2.55,0,0,0,6,6,3,2
798,11,12,1.394876009,2.55,0,2.55,0,0,0,6,6,2,2
798,27,28,1.393549552,2.55,0,2.55,0,1,1,5,6,3,2
798,12,13,1.392191809,2.55,0,2.55,0,0,0,6,6,2,2
798,26,33,1.390558223,2.55,0,2.55,0,1,1,5,6,3,2
798,17,18,1.389898672,2.55,0,2.55,0,1,1,5,6,3,2
798,4,5,1.364968422,2.55,0,2.55,0,0,0,6,6,3,2
798,2,3,1.358035564,2.55,0,2.55,0,0,0,6,6,2,3
798,8,9,1.351100152,2.55,0,2.55,0,0,0,6,6,2,2
798,0,5,1.339861635,3.44,1,2.55,0,0,0,6,6,2,2
798,36,37,1.508546257,2.55,0,2.55,0,0,0,0,0,3,1
798,44,46,1.50745908,2.55,0,2.55,0,0,0,0,0,3,1
798,10,43,1.394107941,2.55,0,3.44,1,0,0,6,0,3,2
798,30,35,1.387585651,2.55,0,3.44,1,1,0,6,0,3,2
798,43,44,1.374960556,3.44,1,2.55,0,0,0,0,0,2,3
798,35,36,1.365614075,3.44,1,2.55,0,0,0,0,0,2,3
798,36,42,1.20092733,2.55,0,3.44,1,0,0,0,0,3,1
798,44,45,1.198206438,2.55,0,3.44,1,0,0,0,0,3,1
799,0,1,1.521836003,2.55,0,2.55,0,0,0,6,6,2,4
799,4,5,1.460447091,2.55,0,2.55,0,0,0,6,6,3,2
799,1,2,1.441448615,2.55,0,3.44,1,0,0,6,6,4,2
799,4,6,1.437626084,2.55,0,2.55,0,0,1,6,6,3,3
799,6,7,1.434138582,2.55,0,2.55,0,1,1,6,6,3,3
799,3,9,1.430520768,2.55,0,2.55,0,0,0,6,6,3,3
799,7,8,1.426066213,2.55,0,2.55,0,1,0,6,6,3,2
799,7,13,1.421802666,2.55,0,2.55,0,1,1,6,6,3,2
799,6,10,1.421214775,2.55,0,2.55,0,1,1,6,6,3,2
799,11,12,1.41456503,2.55,0,2.55,0,1,1,6,6,2,2
799,46,53,1.40616901,2.55,0,2.55,0,1,1,6,6,3,2
799,35,44,1.404784356,2.55,0,2.55,0,1,1,6,6,3,2
799,46,47,1.404108061,2.55,0,2.55,0,1,1,6,6,3,3
799,35,36,1.401326297,2.55,0,2.55,0,1,1,6,6,3,2
799,36,38,1.399418616,2.55,0,2.55,0,1,1,6,6,2,2
799,47,48,1.398889828,2.55,0,2.55,0,1,1,6,6,3,2
799,40,42,1.398704043,2.55,0,2.55,0,1,1,6,6,2,2
799,50,51,1.397624467,2.55,0,2.55,0,1,1,6,6,2,2
799,42,44,1.396696408,2.55,0,2.55,0,1,1,6,6,2,2
799,38,40,1.396615132,2.55,0,2.55,0,1,1,6,6,2,2
799,51,53,1.394409568,2.55,0,2.55,0,1,1,6,6,2,2
799,48,50,1.393140016,2.55,0,2.55,0,1,1,6,6,2,2
799,3,4,1.388999545,2.55,0,2.55,0,0,0,6,6,3,3
799,10,11,1.38223825,2.55,0,2.55,0,1,1,6,6,2,2
799,8,9,1.380881137,2.55,0,2.55,0,0,0,6,6,2,3
799,12,13,1.380663,2.55,0,2.55,0,1,1,6,6,2,2
799,2,3,1.357182983,3.44,1,2.55,0,0,0,6,6,2,3
799,0,5,1.343914614,2.55,0,2.55,0,0,0,6,6,2,2
799,1,46,1.554760969,2.55,0,2.55,0,0,1,6,6,4,3
799,1,35,1.539734754,2.55,0,2.55,0,0,1,6,6,4,3
799,20,21,1.518237138,2.55,0,2.55,0,0,0,0,0,2,2
799,27,28,1.508900008,2.55,0,2.55,0,0,0,0,0,3,1
799,58,59,1.507548853,2.55,0,2.55,0,0,0,0,0,1,3
799,21,24,1.429800397,2.55,0,3.44,1,0,0,0,0,2,2
799,19,20,1.412392015,3.44,1,2.55,0,0,0,0,0,2,2
799,47,60,1.395468826,2.55,0,3.44,1,1,0,6,0,3,2
799,59,60,1.372495089,2.55,0,3.44,1,0,0,0,0,3,2
799,9,19,1.358311858,2.55,0,3.44,1,0,0,6,0,3,2
799,24,27,1.35357443,3.44,1,2.55,0,0,0,0,0,2,3
799,27,32,1.204210757,2.55,0,3.44,1,0,0,0,0,3,1
799,55,59,1.198375058,3.44,1,2.55,0,0,0,0,0,1,3
800,0,1,1.52068739,2.55,0,2.55,0,0,0,6,6,2,4
800,4,5,1.460466853,2.55,0,2.55,0,0,0,6,6,3,2
800,1,2,1.441874782,2.55,0,3.44,1,0,0,6,6,4,2
800,4,6,1.438620109,2.55,0,2.55,0,0,1,6,6,3,3
800,6,7,1.434067475,2.55,0,2.55,0,1,1,6,6,3,3
800,3,9,1.431530718,2.55,0,2.55,0,0,0,6,6,3,3
800,7,8,1.426170967,2.55,0,2.55,0,1,0,6,6,3,2
800,7,13,1.421657248,2.55,0,2.55,0,1,1,6,6,3,2
800,6,10,1.421432915,2.55,0,2.55,0,1,1,6,6,3,2
800,11,12,1.414394108,2.55,0,2.55,0,1,1,6,6,2,2
800,35,44,1.404845903,2.55,0,2.55,0,1,1,6,6,3,2
800,46,52,1.403509824,2.55,0,2.55,0,0,0,6,6,3,2
800,35,36,1.401281096,2.55,0,2.55,0,1,1,6,6,3,2
800,36,38,1.399167799,2.55,0,2.55,0,1,1,6,6,2,2
800,40,42,1.398709357,2.55,0,2.55,0,1,1,6,6,2,2
800,46,47,1.398549146,2.55,0,2.55,0,0,0,6,6,3,2
800,49,50,1.398065845,2.55,0,2.55,0,0,0,6,6,2,2
800,47,48,1.397463062,2.55,0,2.55,0,0,0,6,6,2,3
800,42,44,1.396973721,2.55,0,2.55,0,1,1,6,6,2,2
800,38,40,1.396840154,2.55,0,2.55,0,1,1,6,6,2,2
800,50,52,1.395965562,2.55,0,2.55,0,0,0,6,6,2,2
800,48,49,1.394532073,2.55,0,2.55,0,0,0,6,6,3,2
800,3,4,1.390231405,2.55,0,2.55,0,0,0,6,6,3,3
800,10,11,1.382423031,2.55,0,2.55,0,1,1,6,6,2,2
800,12,13,1.380749986,2.55,0,2.55,0,1,1,6,6,2,2
800,8,9,1.380671505,2.55,0,2.55,0,0,0,6,6,2,3
800,2,3,1.355138537,3.44,1,2.55,0,0,0,6,6,2,3
800,0,5,1.343990849,2.55,0,2.55,0,0,0,6,6,2,2
800,1,46,1.544217657,2.55,0,2.55,0,0,0,6,6,4,3
800,1,35,1.539705399,2.55,0,2.55,0,0,1,6,6,4,3
800,20,21,1.518270609,2.55,0,2.55,0,0,0,0,0,2,2
800,27,28,1.50898709,2.55,0,2.55,0,0,0,0,0,3,1
800,58,59,1.507718155,2.55,0,2.55,0,0,0,0,0,1,3
800,21,24,1.429857854,2.55,0,3.44,1,0,0,0,0,2,2
800,19,20,1.411982805,3.44,1,2.55,0,0,0,0,0,2,2
800,48,60,1.390908803,2.55,0,3.44,1,0,0,6,0,3,2
800,59,60,1.36597536,2.55,0,3.44,1,0,0,0,0,3,2
800,9,19,1.357168909,2.55,0,3.44,1,0,0,6,0,3,2
800,24,27,1.353501924,3.44,1,2.55,0,0,0,0,0,2,3
800,27,32,1.204171873,2.55,0,3.44,1,0,0,0,0,3,1
800,56,59,1.201669279,3.44,1,2.55,0,0,0,0,0,1,3
801,54,59,1.59037844,2.55,0,2.55,0,0,0,5,5,3,3
801,17,19,1.588238799,2.55,0,2.55,0,0,0,5,5,4,4
801,55,56,1.566531714,2.55,0,2.55,0,0,0,5,5,2,3
801,54,55,1.55525287,2.55,0,2.55,0,0,0,5,5,3,2
801,59,71,1.545302532,2.55,0,2.55,0,0,0,5,5,3,2
801,56,71,1.5444346,2.55,0,2.55,0,0,0,5,5,3,2
801,56,62,1.531045111,2.55,0,2.55,0,0,0,5,5,3,3
801,13,19,1.523623079,2.55,0,2.55,0,1,0,5,5,3,4
801,59,61,1.519511447,2.55,0,2.55,0,0,0,5,5,3,2
801,16,17,1.510128385,2.55,0,2.55,0,0,0,6,5,2,4
801,17,20,1.464956342,2.55,0,3.04,2,0,0,5,5,4,3
801,2,15,1.456307751,2.55,0,2.55,0,0,0,6,6,3,2
801,17,18,1.441716607,2.55,0,3.44,1,0,0,5,6,4,2
801,10,11,1.413583314,2.55,0,2.55,0,1,1,6,6,3,2
801,1,2,1.412274775,2.55,0,2.55,0,0,0,6,6,3,3
801,13,14,1.4105716,2.55,0,2.55,0,1,1,5,5,3,3
801,0,1,1.409264742,2.55,0,2.55,0,0,0,6,6,3,3
801,7,8,1.409018988,2.55,0,2.55,0,1,1,6,6,2,2
801,8,10,1.399856744,2.55,0,2.55,0,1,1,6,6,2,3
801,2,3,1.399434922,2.55,0,2.55,0,0,0,6,6,3,2
801,14,20,1.399389782,2.55,0,3.04,2,1,0,5,5,3,3
801,4,5,1.397928674,2.55,0,2.55,0,0,0,6,6,3,2
801,3,4,1.392920545,2.55,0,2.55,0,0,0,6,6,2,3
801,7,14,1.392555114,2.55,0,2.55,0,1,1,6,5,2,3
801,0,5,1.388155354,2.55,0,2.55,0,0,0,6,6,3,2
801,11,13,1.382989659,2.55,0,2.55,0,1,1,6,5,2,3
801,61,62,1.347027954,2.55,0,2.55,0,0,0,5,5,2,3
801,1,18,1.344477941,2.55,0,3.44,1,0,0,6,6,3,2
801,15,16,1.342473715,2.55,0,2.55,0,0,0,6,6,2,2
801,19,25,1.546172393,2.55,0,2.55,0,0,0,5,0,4,1
801,63,64,1.537586037,2.55,0,2.55,0,0,0,0,0,2,1
801,19,21,1.533043112,2.55,0,2.55,0,0,0,5,0,4,1
801,29,46,1.527242039,2.55,0,2.55,0,0,0,0,0,2,2
801,53,54,1.51362984,2.55,0,2.55,0,0,0,0,5,3,3
801,34,40,1.502684469,2.55,0,2.55,0,0,0,0,0,3,1
801,62,63,1.500393734,2.55,0,2.55,0,0,0,5,0,3,2
801,4,36,1.471348824,2.55,0,3.04,2,0,0,6,0,3,3
801,20,29,1.448723146,3.04,2,2.55,0,0,0,5,0,3,2
801,46,49,1.42993896,2.55,0,3.44,1,0,0,0,0,2,2
801,35,42,1.407221955,3.44,1,2.55,0,0,0,0,0,2,1
801,0,33,1.382800283,2.55,0,3.44,1,0,0,6,0,3,2
801,33,34,1.372841949,3.44,1,2.55,0,0,0,0,0,2,3
801,10,35,1.363477558,2.55,0,3.44,1,1,0,6,0,3,2
801,49,53,1.349586162,3.44,1,2.55,0,0,0,0,0,2,3
801,36,38,1.221957877,3.04,2,3.44,1,0,0,0,0,3,1
801,36,37,1.221765458,3.04,2,3.44,1,0,0,0,0,3,1
801,52,53,1.209285444,3.44,1,2.55,0,0,0,0,0,1,3
801,34,39,1.201184106,2.55,0,3.44,1,0,0,0,0,3,1
802,10,55,1.803845833,2.55,0,2.58,3,0,0,6,0,3,4
802,8,56,1.790603935,2.55,0,2.58,3,0,0,6,0,3,4
802,4,33,1.785478439,2.55,0,2.58,3,1,0,6,0,3,4
802,55,58,1.649949231,2.58,3,3.44,1,0,0,0,0,4,1
802,56,63,1.644760788,2.58,3,3.44,1,0,0,0,0,4,1
802,33,65,1.643603915,2.58,3,3.44,1,0,0,0,0,4,1
802,56,62,1.463100877,2.58,3,3.44,1,0,0,0,0,4,1
802,33,34,1.462098047,2.58,3,3.44,1,0,0,0,0,4,1
802,55,57,1.459644527,2.58,3,3.44,1,0,0,0,0,4,1
802,33,35,1.452211257,2.58,3,3.44,1,0,0,0,0,4,1
802,55,60,1.451993214,2.58,3,3.44,1,0,0,0,0,4,1
802,56,61,1.451150568,2.58,3,3.44,1,0,0,0,0,4,1
803,17,19,1.580151668,2.55,0,2.55,0,0,0,5,5,4,4
803,13,19,1.525525188,2.55,0,2.55,0,1,0,5,5,3,4
803,16,17,1.523716761,2.55,0,2.55,0,0,0,6,5,2,4
803,17,20,1.476547216,2.55,0,3.04,2,0,0,5,5,4,3
803,2,3,1.437000361,2.55,0,2.55,0,0,1,6,6,3,3
803,3,4,1.433190331,2.55,0,2.55,0,1,1,6,6,3,3
803,0,1,1.430921698,2.55,0,2.55,0,0,0,6,6,3,3
803,4,5,1.426990536,2.55,0,2.55,0,1,0,6,6,3,2
803,4,33,1.421471161,2.55,0,2.55,0,1,1,6,6,3,2
803,34,95,1.420047563,2.55,0,2.55,0,1,1,6,6,2,3
803,17,18,1.418335581,2.55,0,3.44,1,0,0,5,6,4,2
803,3,97,1.414493445,2.55,0,2.55,0,1,1,6,6,3,2
803,13,14,1.410332706,2.55,0,2.55,0,1,1,5,5,3,3
803,10,11,1.407409627,2.55,0,2.55,0,1,1,6,6,2,2
803,50,51,1.407050111,2.55,0,2.55,0,1,1,6,6,2,3
803,77,78,1.406471549,2.55,0,2.55,0,1,1,6,6,2,3
803,49,50,1.406083319,2.55,0,2.55,0,1,1,6,6,3,2
803,57,60,1.404806386,2.55,0,2.55,0,1,1,6,6,3,2
803,7,8,1.40423422,2.55,0,2.55,0,1,1,6,6,2,2
803,75,76,1.404213522,2.55,0,2.55,0,1,1,6,6,2,3
803,46,48,1.404076228,2.55,0,2.55,0,1,1,6,6,3,2
803,78,79,1.402305782,2.55,0,2.55,0,1,1,6,6,3,2
803,46,47,1.401171718,2.55,0,2.55,0,1,1,6,6,3,2
803,57,61,1.401051225,2.55,0,2.55,0,1,1,6,6,3,2
803,63,64,1.40053365,2.55,0,2.55,0,1,1,6,6,2,2
803,47,51,1.399800425,2.55,0,2.55,0,1,1,6,6,2,3
803,61,62,1.399598156,2.55,0,2.55,0,1,1,6,6,2,2
803,72,75,1.399479548,2.55,0,2.55,0,1,1,6,6,3,2
803,72,77,1.399458804,2.55,0,2.55,0,1,1,6,6,3,2
803,48,49,1.398502092,2.55,0,2.55,0,1,1,6,6,2,3
803,7,14,1.398099458,2.55,0,2.55,0,1,1,6,5,2,3
803,2,15,1.397985524,2.55,0,3.04,2,0,0,6,6,3,2
803,62,63,1.396843321,2.55,0,2.55,0,1,1,6,6,2,2
803,8,10,1.396675115,2.55,0,2.55,0,1,1,6,6,2,2
803,60,64,1.396467118,2.55,0,2.55,0,1,1,6,6,2,2
803,76,79,1.396231962,2.55,0,2.55,0,1,1,6,6,3,2
803,14,20,1.391829667,2.55,0,3.04,2,1,0,5,5,3,3
803,11,13,1.387852919,2.55,0,2.55,0,1,1,6,5,2,3
803,1,2,1.387741822,2.55,0,2.55,0,0,0,6,6,3,3
803,43,44,1.387673595,2.55,0,2.55,0,1,1,5,5,2,3
803,95,97,1.386125728,2.55,0,2.55,0,1,1,6,6,3,2
803,0,5,1.38154762,2.55,0,2.55,0,0,0,6,6,3,2
803,33,34,1.380005323,2.55,0,2.55,0,1,1,6,6,2,2
803,42,44,1.368766037,3.04,2,2.55,0,1,1,5,5,2,3
803,1,18,1.361722111,2.55,0,3.44,1,0,0,6,6,3,2
803,38,43,1.357358797,3.04,2,2.55,0,1,1,5,5,3,2
803,38,41,1.346620525,3.04,2,3.04,2,1,1,5,5,3,2
803,41,42,1.295180724,3.04,2,3.04,2,1,1,5,5,2,2
803,15,16,1.278406281,3.04,2,2.55,0,0,0,6,6,2,2
803,29,35,1.548226634,2.55,0,2.55,0,0,0,0,0,2,2
803,19,25,1.546622634,2.55,0,2.55,0,0,0,5,0,4,1
803,19,21,1.53461623,2.55,0,2.55,0,0,0,5,0,4,1
803,84,85,1.516889125,2.55,0,2.55,0,0,0,0,0,2,1
803,101,102,1.516266391,2.55,0,2.55,0,0,0,0,0,2,2
803,71,72,1.513825945,2.55,0,2.55,0,0,1,0,6,2,3
803,56,57,1.509990095,2.55,0,2.55,0,0,1,0,6,2,3
803,108,109,1.508110346,2.55,0,2.55,0,0,0,0,0,3,1
803,44,46,1.470739725,2.55,0,2.55,0,1,1,5,6,3,3
803,35,38,1.452760689,2.55,0,3.04,2,0,1,0,5,2,3
803,20,29,1.441090855,3.04,2,2.55,0,0,0,5,0,3,2
803,102,105,1.430771836,2.55,0,3.44,1,0,0,0,0,2,2
803,83,84,1.421043421,3.44,1,2.55,0,0,0,0,0,2,2
803,32,101,1.418591745,3.44,1,2.55,0,0,0,0,0,2,2
803,55,56,1.417610241,3.44,1,2.55,0,0,0,0,0,2,2
803,70,71,1.410924436,3.44,1,2.55,0,0,0,0,0,2,2
803,49,55,1.365177419,2.55,0,3.44,1,1,0,6,0,3,2
803,76,91,1.359714903,2.55,0,3.44,1,1,0,6,0,3,1
803,51,70,1.359527816,2.55,0,3.44,1,1,0,6,0,3,2
803,0,32,1.359436902,2.55,0,3.44,1,0,0,6,0,3,2
803,95,99,1.358676243,2.55,0,3.44,1,1,0,6,0,3,1
803,78,83,1.355530776,2.55,0,3.44,1,1,0,6,0,3,2
803,105,108,1.355520836,3.44,1,2.55,0,0,0,0,0,2,3
803,108,113,1.204382439,2.55,0,3.44,1,0,0,0,0,3,1
804,17,19,1.594931808,2.55,0,2.55,0,0,0,5,5,4,4
804,13,19,1.523033621,2.55,0,2.55,0,1,0,5,5,3,4
804,16,17,1.50964255,2.55,0,2.55,0,0,0,6,5,2,4
804,17,20,1.469335572,2.55,0,3.04,2,0,0,5,5,4,3
804,2,15,1.454830766,2.55,0,2.55,0,1,0,6,6,3,2
804,17,18,1.441008333,2.55,0,3.44,1,0,0,5,6,4,2
804,1,2,1.413077693,2.55,0,2.55,0,1,1,6,6,3,3
804,0,1,1.41295057,2.55,0,2.55,0,1,1,6,6,3,3
804,13,14,1.408538329,2.55,0,2.55,0,1,1,5,5,3,3
804,10,11,1.406960778,2.55,0,2.55,0,1,1,6,6,2,2
804,7,8,1.403985977,2.55,0,2.55,0,1,1,6,6,2,2
804,7,14,1.399772446,2.55,0,2.55,0,1,1,6,5,2,3
804,2,3,1.397988929,2.55,0,2.55,0,1,1,6,6,3,2
804,4,5,1.397610152,2.55,0,2.55,0,1,1,6,6,3,2
804,0,5,1.397023806,2.55,0,2.55,0,1,1,6,6,3,2
804,8,10,1.396532588,2.55,0,2.55,0,1,1,6,6,2,2
804,3,4,1.392080654,2.55,0,2.55,0,1,1,6,6,2,3
804,14,20,1.390890578,2.55,0,3.04,2,1,0,5,5,3,3
804,11,13,1.388141679,2.55,0,2.55,0,1,1,6,5,2,3
804,1,18,1.35410959,2.55,0,3.44,1,1,0,6,6,3,2
804,15,16,1.342654904,2.55,0,2.55,0,0,0,6,6,2,2
804,19,25,1.546128363,2.55,0,2.55,0,0,0,5,0,4,1
804,29,39,1.538405751,2.55,0,2.55,0,0,0,0,0,2,2
804,19,21,1.535257559,2.55,0,2.55,0,0,0,5,0,4,1
804,48,49,1.53331739,2.55,0,2.55,0,0,0,0,0,2,2
804,58,59,1.533106709,2.55,0,2.55,0,0,0,0,0,2,2
804,57,58,1.529866848,2.55,0,2.55,0,0,0,0,0,2,2
804,47,48,1.52974429,2.55,0,2.55,0,0,0,0,0,2,2
804,49,64,1.529594053,2.55,0,2.55,0,0,0,0,0,2,1
804,59,72,1.529517992,2.55,0,2.55,0,0,0,0,0,2,1
804,33,37,1.526846834,2.55,0,2.55,0,0,0,0,0,2,2
804,55,57,1.517091449,2.55,0,2.55,0,0,0,0,0,3,2
804,46,47,1.515417774,2.55,0,2.55,0,0,0,0,0,3,2
804,0,33,1.511381689,2.55,0,2.55,0,1,0,6,0,3,2
804,4,34,1.471335935,2.55,0,3.04,2,1,0,6,0,3,3
804,20,29,1.445802279,3.04,2,2.55,0,0,0,5,0,3,2
804,39,42,1.434141013,2.55,0,3.44,1,0,0,0,0,2,2
804,37,52,1.434091826,2.55,0,3.44,1,0,0,0,0,2,2
804,42,46,1.352844246,3.44,1,2.55,0,0,0,0,0,2,3
804,52,55,1.349380789,3.44,1,2.55,0,0,0,0,0,2,3
804,34,35,1.222565635,3.04,2,3.44,1,0,0,0,0,3,1
804,34,36,1.222029797,3.04,2,3.44,1,0,0,0,0,3,1
804,45,46,1.208049103,3.44,1,2.55,0,0,0,0,0,1,3
804,55,56,1.207198241,2.55,0,3.44,1,0,0,0,0,3,1
805,17,19,1.593928124,2.55,0,2.55,0,0,0,5,5,4,4
805,13,19,1.522510278,2.55,0,2.55,0,1,0,5,5,3,4
805,16,17,1.510794988,2.55,0,2.55,0,0,0,6,5,2,4
805,17,20,1.472465529,2.55,0,3.04,2,0,0,5,5,4,3
805,2,15,1.455226909,2.55,0,2.55,0,1,0,6,6,3,2
805,17,18,1.433010523,2.55,0,3.44,1,0,0,5,6,4,2
805,10,11,1.41348424,2.55,0,2.55,0,1,1,6,6,3,2
805,13,14,1.41020588,2.55,0,2.55,0,1,1,5,5,3,3
805,1,2,1.409728284,2.55,0,2.55,0,1,1,6,6,3,3
805,7,8,1.409363144,2.55,0,2.55,0,1,1,6,6,2,2
805,0,1,1.408527741,2.55,0,2.55,0,1,1,6,6,3,3
805,2,3,1.404128409,2.55,0,2.55,0,1,1,6,6,3,2
805,0,5,1.402845771,2.55,0,2.55,0,1,1,6,6,3,2
805,8,10,1.399794429,2.55,0,2.55,0,1,1,6,6,2,3
805,4,5,1.399172221,2.55,0,2.55,0,1,1,6,6,2,2
805,14,20,1.395221926,2.55,0,3.04,2,1,0,5,5,3,3
805,7,14,1.394000771,2.55,0,2.55,0,1,1,6,5,2,3
805,3,4,1.393610373,2.55,0,2.55,0,1,1,6,6,2,2
805,11,13,1.382976348,2.55,0,2.55,0,1,1,6,5,2,3
805,1,18,1.364228803,2.55,0,3.44,1,1,0,6,6,3,2
805,15,16,1.343310472,2.55,0,2.55,0,0,0,6,6,2,2
805,19,25,1.545803934,2.55,0,2.55,0,0,0,5,0,4,1
805,19,21,1.533979731,2.55,0,2.55,0,0,0,5,0,4,1
805,63,64,1.533338723,2.55,0,2.55,0,0,0,0,0,2,2
805,53,54,1.533124688,2.55,0,2.55,0,0,0,0,0,2,2
805,29,44,1.532430081,2.55,0,2.55,0,0,0,0,0,2,2
805,52,53,1.529980806,2.55,0,2.55,0,0,0,0,0,2,2
805,62,63,1.529684692,2.55,0,2.55,0,0,0,0,0,2,2
805,54,69,1.529566258,2.55,0,2.55,0,0,0,0,0,2,1
805,64,77,1.529519883,2.55,0,2.55,0,0,0,0,0,2,1
805,33,35,1.526252513,2.55,0,2.55,0,0,0,0,0,2,2
805,37,38,1.517702097,2.55,0,2.55,0,0,0,0,0,2,1
805,60,62,1.517652157,2.55,0,2.55,0,0,0,0,0,3,2
805,51,52,1.517320075,2.55,0,2.55,0,0,0,0,0,3,2
805,0,33,1.511629642,2.55,0,2.55,0,1,0,6,0,3,2
805,20,29,1.443622248,3.04,2,2.55,0,0,0,5,0,3,2
805,35,57,1.435925881,2.55,0,3.44,1,0,0,0,0,2,2
805,44,47,1.435202503,2.55,0,3.44,1,0,0,0,0,2,2
805,34,37,1.415122667,3.44,1,2.55,0,0,0,0,0,2,2
805,10,34,1.364182413,2.55,0,3.44,1,1,0,6,0,3,2
805,47,51,1.348411021,3.44,1,2.55,0,0,0,0,0,2,3
805,57,60,1.347735071,3.44,1,2.55,0,0,0,0,0,2,3
805,60,61,1.207715882,2.55,0,3.44,1,0,0,0,0,3,1
805,50,51,1.207283874,3.44,1,2.55,0,0,0,0,0,1,3
806,17,19,1.600530287,2.55,0,2.55,0,0,0,5,5,4,4
806,13,19,1.5231954,2.55,0,2.55,0,1,0,5,5,3,4
806,16,17,1.511588677,2.55,0,2.55,0,0,0,6,5,2,4
806,17,20,1.462728149,2.55,0,3.04,2,0,0,5,5,4,3
806,2,15,1.45542132,2.55,0,2.55,0,1,0,6,6,3,2
806,17,18,1.439660593,2.55,0,3.44,1,0,0,5,6,4,2
806,10,11,1.412776462,2.55,0,2.55,0,1,1,6,6,3,2
806,98,104,1.412450548,2.55,0,2.55,0,0,0,6,6,3,3
806,77,80,1.411681742,2.55,0,2.55,0,1,1,6,6,3,3
806,1,2,1.409426738,2.55,0,2.55,0,1,1,6,6,3,3
806,0,1,1.408892583,2.55,0,2.55,0,1,1,6,6,3,3
806,7,8,1.408812942,2.55,0,2.55,0,1,1,6,6,2,2
806,13,14,1.407957703,2.55,0,2.55,0,1,1,5,5,3,3
806,64,65,1.406283812,2.55,0,2.55,0,1,1,6,6,3,2
806,110,112,1.40587696,2.55,0,2.55,0,1,1,6,6,2,3
806,114,115,1.405734234,2.55,0,2.55,0,1,1,6,6,2,3
806,60,63,1.405589459,2.55,0,2.55,0,1,1,6,6,3,2
806,2,3,1.404472606,2.55,0,2.55,0,1,1,6,6,3,2
806,73,78,1.403139124,2.55,0,2.55,0,1,1,6,6,3,2
806,76,77,1.402737096,2.55,0,2.55,0,1,1,6,6,2,3
806,107,116,1.402719633,2.55,0,2.55,0,0,0,6,6,3,2
806,73,76,1.401463058,2.55,0,2.55,0,1,1,6,6,3,2
806,100,107,1.401440824,2.55,0,2.55,0,0,0,6,6,2,3
806,0,5,1.400877729,2.55,0,2.55,0,1,1,6,6,3,2
806,98,100,1.400523946,2.55,0,2.55,0,0,0,6,6,3,2
806,111,113,1.40048386,2.55,0,2.55,0,1,1,6,6,2,2
806,112,114,1.400403363,2.55,0,2.55,0,1,1,6,6,3,2
806,8,10,1.400320461,2.55,0,2.55,0,1,1,6,6,2,3
806,66,67,1.400279716,2.55,0,2.55,0,1,1,6,6,2,2
806,63,64,1.400193096,2.55,0,2.55,0,1,1,6,6,2,3
806,4,5,1.399700106,2.55,0,2.55,0,1,1,6,6,2,2
806,60,67,1.398398461,2.55,0,2.55,0,1,1,6,6,3,2
806,108,116,1.398222865,2.55,0,2.55,0,0,0,6,6,2,2
806,113,115,1.398025657,2.55,0,2.55,0,1,1,6,6,2,3
806,78,79,1.397585257,2.55,0,2.55,0,1,1,6,6,2,2
806,14,20,1.396900755,2.55,0,3.04,2,1,0,5,5,3,3
806,7,14,1.394633926,2.55,0,2.55,0,1,1,6,5,2,3
806,79,80,1.394422125,2.55,0,2.55,0,1,1,6,6,2,3
806,110,111,1.394089869,2.55,0,2.55,0,1,1,6,6,2,2
806,3,4,1.394066675,2.55,0,2.55,0,1,1,6,6,2,2
806,104,108,1.394010281,2.55,0,2.55,0,0,0,6,6,3,2
806,65,66,1.393763837,2.55,0,2.55,0,1,1,6,6,2,2
806,11,13,1.384052959,2.55,0,2.55,0,1,1,6,5,2,3
806,1,18,1.355962401,2.55,0,3.44,1,1,0,6,6,3,2
806,15,16,1.34369185,2.55,0,2.55,0,0,0,6,6,2,2
806,19,25,1.54543813,2.55,0,2.55,0,0,0,5,0,4,1
806,29,43,1.539179642,2.55,0,2.55,0,0,0,0,0,2,2
806,19,21,1.535432189,2.55,0,2.55,0,0,0,5,0,4,1
806,109,115,1.526016653,2.55,0,2.55,0,0,1,0,6,2,3
806,52,60,1.523157333,2.55,0,2.55,0,0,1,0,6,2,3
806,107,117,1.521741036,2.55,0,2.55,0,0,0,6,0,3,2
806,72,73,1.521160452,2.55,0,2.55,0,0,1,0,6,2,3
806,64,72,1.51966371,2.55,0,2.55,0,1,0,6,0,3,2
806,112,117,1.51935693,2.55,0,2.55,0,1,0,6,0,3,2
806,36,37,1.517824214,2.55,0,2.55,0,0,0,0,0,2,1
806,86,87,1.511648205,2.55,0,2.55,0,0,0,0,0,3,1
806,97,99,1.511479161,2.55,0,2.55,0,0,0,0,0,1,3
806,0,34,1.505256881,2.55,0,2.55,0,1,0,6,0,3,2
806,109,127,1.447108326,2.55,0,3.04,2,0,0,0,0,2,2
806,51,52,1.445096726,3.04,2,2.55,0,0,0,0,0,2,2
806,20,29,1.441456104,3.04,2,2.55,0,0,0,5,0,3,2
806,34,53,1.440101885,2.55,0,3.44,1,0,0,0,0,2,2
806,43,46,1.43470382,2.55,0,3.44,1,0,0,0,0,2,2
806,33,36,1.414805636,3.44,1,2.55,0,0,0,0,0,2,2
806,77,84,1.388546284,2.55,0,3.04,2,1,0,6,0,3,2
806,99,102,1.387254748,2.55,0,3.44,1,0,0,0,0,3,2
806,95,98,1.386697929,3.04,2,2.55,0,0,0,0,6,2,3
806,85,86,1.379688991,3.44,1,2.55,0,0,0,0,0,2,3
806,102,104,1.377238345,3.44,1,2.55,0,0,0,0,6,2,3
806,80,85,1.375302893,2.55,0,3.44,1,1,0,6,0,3,2
806,54,127,1.369841024,2.55,0,3.04,2,0,0,0,0,3,2
806,10,33,1.36535099,2.55,0,3.44,1,1,0,6,0,3,2
806,50,51,1.36468886,2.55,0,3.04,2,0,0,0,0,3,2
806,46,50,1.355806913,3.44,1,2.55,0,0,0,0,0,2,3
806,53,54,1.35381934,3.44,1,2.55,0,0,0,0,0,2,3
806,49,50,1.214154632,3.44,1,2.55,0,0,0,0,0,1,3
806,54,55,1.211987271,2.55,0,3.44,1,0,0,0,0,3,1
806,95,106,1.205843229,3.04,2,2.55,0,0,0,0,0,2,2
806,84,92,1.205803258,3.04,2,2.55,0,0,0,0,0,2,2
806,86,91,1.195593777,2.55,0,3.44,1,0,0,0,0,3,1
806,99,101,1.194089953,2.55,0,3.44,1,0,0,0,0,3,1
806,106,124,1.172759728,2.55,0,3.44,1,0,0,0,0,2,1
806,92,93,1.171198548,2.55,0,3.44,1,0,0,0,0,2,1
807,73,78,1.590077672,2.55,0,2.55,0,0,0,5,5,3,3
807,17,19,1.589785539,2.55,0,2.55,0,0,0,5,5,4,4
807,52,55,1.584675559,2.55,0,2.55,0,0,0,5,5,3,3
807,48,51,1.566177587,2.55,0,2.55,0,0,0,5,5,3,2
807,74,79,1.565769893,2.55,0,2.55,0,0,0,5,5,3,2
807,78,79,1.563172713,2.55,0,2.55,0,0,0,5,5,3,2
807,51,55,1.552986976,2.55,0,2.55,0,0,0,5,5,2,3
807,45,48,1.546656468,2.55,0,2.55,0,0,0,5,5,2,3
807,71,73,1.544817026,2.55,0,2.55,0,0,0,5,5,2,3
807,45,52,1.54365693,2.55,0,2.55,0,0,0,5,5,2,3
807,71,74,1.542747903,2.55,0,2.55,0,0,0,5,5,2,3
807,52,57,1.531171771,2.55,0,2.55,0,0,0,5,5,3,3
807,74,80,1.53069422,2.55,0,2.55,0,0,0,5,5,3,3
807,13,19,1.520883219,2.55,0,2.55,0,1,0,5,5,3,4
807,73,77,1.520574242,2.55,0,2.55,0,0,0,5,5,3,2
807,48,54,1.52026335,2.55,0,2.55,0,0,0,5,5,3,2
807,16,17,1.51003623,2.55,0,2.55,0,0,0,6,5,2,4
807,17,20,1.466183012,2.55,0,3.04,2,0,0,5,5,4,3
807,2,15,1.456293128,2.55,0,2.55,0,1,0,6,6,3,2
807,17,18,1.442245204,2.55,0,3.44,1,0,0,5,6,4,2
807,1,2,1.413196688,2.55,0,2.55,0,1,1,6,6,3,3
807,0,1,1.410077857,2.55,0,2.55,0,1,1,6,6,3,3
807,13,14,1.408880124,2.55,0,2.55,0,1,1,5,5,3,3
807,10,11,1.40524976,2.55,0,2.55,0,1,1,6,6,3,2
807,7,8,1.40415425,2.55,0,2.55,0,1,1,6,6,2,2
807,2,3,1.399297633,2.55,0,2.55,0,1,1,6,6,3,2
807,7,14,1.398664278,2.55,0,2.55,0,1,1,6,5,2,3
807,4,5,1.397795981,2.55,0,2.55,0,1,1,6,6,3,2
807,8,10,1.396058947,2.55,0,2.55,0,1,1,6,6,2,3
807,14,20,1.393745131,2.55,0,3.04,2,1,0,5,5,3,3
807,3,4,1.392839667,2.55,0,2.55,0,1,1,6,6,2,3
807,0,5,1.388633234,2.55,0,2.55,0,1,1,6,6,3,2
807,11,13,1.385749907,2.55,0,2.55,0,1,1,6,5,2,3
807,77,80,1.347084828,2.55,0,2.55,0,0,0,5,5,2,3
807,54,57,1.346663579,2.55,0,2.55,0,0,0,5,5,2,3
807,1,18,1.342669402,2.55,0,3.44,1,1,0,6,6,3,2
807,15,16,1.342330681,2.55,0,2.55,0,0,0,6,6,2,2
807,19,25,1.54579457,2.55,0,2.55,0,0,0,5,0,4,1
807,81,83,1.537289967,2.55,0,2.55,0,0,0,0,0,1,2
807,65,67,1.537235177,2.55,0,2.55,0,0,0,0,0,1,2
807,19,21,1.533804356,2.55,0,2.55,0,0,0,5,0,4,1
807,29,40,1.529815874,2.55,0,2.55,0,0,0,0,0,2,1
807,50,55,1.514480631,2.55,0,2.55,0,0,0,0,5,3,3
807,34,78,1.51077115,2.55,0,2.55,0,0,0,0,5,3,3
807,57,67,1.501201741,2.55,0,2.55,0,0,0,5,0,3,2
807,80,83,1.500102439,2.55,0,2.55,0,0,0,5,0,3,2
807,4,35,1.470895757,2.55,0,3.04,2,1,0,6,0,3,3
807,20,29,1.458631247,3.04,2,2.55,0,0,0,5,0,3,2
807,10,56,1.393230413,2.55,0,3.44,1,1,0,6,0,3,2
807,0,33,1.38172985,2.55,0,3.44,1,1,0,6,0,3,2
807,33,34,1.377181749,3.44,1,2.55,0,0,0,0,0,2,3
807,50,56,1.365802538,2.55,0,3.44,1,0,0,0,0,3,2
807,35,37,1.222091438,3.04,2,3.44,1,0,0,0,0,3,1
807,35,36,1.221940423,3.04,2,3.44,1,0,0,0,0,3,1
807,47,50,1.202516436,3.44,1,2.55,0,0,0,0,0,1,3
807,34,38,1.201817218,2.55,0,3.44,1,0,0,0,0,3,1
808,0,1,1.519532604,2.55,0,2.55,0,0,0,6,6,2,4
808,4,5,1.457599847,2.55,0,2.55,0,1,0,6,6,3,2
808,1,2,1.452954189,2.55,0,3.44,1,0,0,6,6,4,2
808,8,9,1.434704126,2.55,0,2.55,0,1,1,6,6,3,3
808,3,9,1.426803555,2.55,0,2.55,0,1,1,6,6,3,3
808,11,44,1.424244303,2.55,0,2.55,0,1,1,6,6,3,2
808,7,8,1.423857709,2.55,0,2.55,0,1,1,6,6,2,3
808,8,45,1.423449393,2.55,0,2.55,0,1,1,6,6,3,2
808,9,10,1.422623464,2.55,0,2.55,0,1,1,6,6,3,2
808,4,6,1.421542921,2.55,0,2.55,0,1,1,6,6,3,2
808,24,33,1.404089585,2.55,0,2.55,0,1,1,6,6,3,2
808,39,40,1.40273812,2.55,0,2.55,0,1,1,6,6,2,3
808,24,25,1.401192641,2.55,0,2.55,0,1,1,6,6,3,2
808,35,41,1.401116551,2.55,0,2.55,0,1,1,6,6,3,2
808,35,36,1.399813282,2.55,0,2.55,0,1,1,6,6,3,2
808,25,27,1.399166473,2.55,0,2.55,0,1,1,6,6,2,2
808,36,37,1.39912274,2.55,0,2.55,0,1,1,6,6,2,2
808,29,31,1.398670857,2.55,0,2.55,0,1,1,6,6,2,2
808,27,29,1.397121232,2.55,0,2.55,0,1,1,6,6,2,2
808,31,33,1.396902679,2.55,0,2.55,0,1,1,6,6,2,2
808,37,39,1.396355943,2.55,0,2.55,0,1,1,6,6,2,2
808,40,41,1.396027286,2.55,0,2.55,0,1,1,6,6,3,2
808,3,4,1.394324873,2.55,0,2.55,0,1,1,6,6,3,3
808,10,11,1.38216683,2.55,0,2.55,0,1,1,6,6,2,3
808,44,45,1.377007765,2.55,0,2.55,0,1,1,6,6,2,2
808,6,7,1.376732581,2.55,0,2.55,0,1,1,6,6,2,2
808,2,3,1.358149165,3.44,1,2.55,0,0,1,6,6,2,3
808,0,5,1.343187633,2.55,0,2.55,0,0,0,6,6,2,2
808,1,35,1.543368821,2.55,0,2.55,0,0,1,6,6,4,3
808,1,24,1.538131923,2.55,0,2.55,0,0,1,6,6,4,3
808,16,17,1.510095468,2.55,0,2.55,0,0,0,0,0,3,1
808,53,54,1.508680561,2.55,0,2.55,0,0,0,0,0,3,1
808,11,12,1.505028777,2.55,0,2.55,0,1,0,6,0,3,2
808,12,13,1.439648295,2.55,0,3.44,1,0,0,0,0,2,2
808,40,52,1.388054261,2.55,0,3.44,1,1,0,6,0,3,2
808,52,53,1.362840364,3.44,1,2.55,0,0,0,0,0,2,3
808,13,16,1.349914022,3.44,1,2.55,0,0,0,0,0,2,3
808,16,21,1.206103167,2.55,0,3.44,1,0,0,0,0,3,1
808,53,58,1.202056521,2.55,0,3.44,1,0,0,0,0,3,1
809,0,1,1.519957231,2.55,0,2.55,0,0,0,6,6,2,4
809,4,5,1.457576369,2.55,0,2.55,0,1,0,6,6,3,2
809,1,2,1.45207696,2.55,0,3.44,1,0,0,6,6,4,2
809,8,9,1.434242061,2.55,0,2.55,0,1,1,6,6,3,3
809,3,9,1.425387712,2.55,0,2.55,0,1,1,6,6,3,3
809,7,8,1.42485781,2.55,0,2.55,0,1,1,6,6,2,3
809,11,34,1.424258845,2.55,0,2.55,0,1,1,6,6,2,3
809,8,35,1.423086907,2.55,0,2.55,0,1,1,6,6,3,2
809,9,10,1.422966109,2.55,0,2.55,0,1,1,6,6,3,2
809,4,6,1.421573109,2.55,0,2.55,0,1,1,6,6,3,2
809,14,23,1.404091929,2.55,0,2.55,0,1,1,6,6,3,2
809,25,31,1.402336508,2.55,0,2.55,0,1,1,6,6,3,2
809,29,30,1.401546832,2.55,0,2.55,0,1,1,6,6,2,3
809,14,15,1.401310464,2.55,0,2.55,0,1,1,6,6,3,2
809,26,27,1.399838343,2.55,0,2.55,0,1,1,6,6,2,2
809,25,26,1.399470887,2.55,0,2.55,0,1,1,6,6,3,2
809,15,17,1.399172248,2.55,0,2.55,0,1,1,6,6,2,2
809,19,21,1.398795384,2.55,0,2.55,0,1,1,6,6,2,2
809,17,19,1.397098518,2.55,0,2.55,0,1,1,6,6,2,2
809,21,23,1.396925089,2.55,0,2.55,0,1,1,6,6,2,2
809,27,29,1.395358432,2.55,0,2.55,0,1,1,6,6,2,2
809,30,31,1.394462627,2.55,0,2.55,0,1,1,6,6,3,2
809,3,4,1.394389139,2.55,0,2.55,0,1,1,6,6,3,3
809,34,35,1.381183411,2.55,0,2.55,0,1,1,6,6,3,2
809,10,11,1.37688896,2.55,0,2.55,0,1,1,6,6,2,2
809,6,7,1.376788467,2.55,0,2.55,0,1,1,6,6,2,2
809,2,3,1.358325465,3.44,1,2.55,0,0,1,6,6,2,3
809,0,5,1.343590756,2.55,0,2.55,0,0,0,6,6,2,2
809,1,25,1.543912686,2.55,0,2.55,0,0,1,6,6,4,3
809,1,14,1.537862025,2.55,0,2.55,0,0,1,6,6,4,3
809,42,43,1.509076608,2.55,0,2.55,0,0,0,0,0,3,1
809,53,54,1.50831658,2.55,0,2.55,0,0,0,0,0,3,1
809,34,41,1.507893565,2.55,0,2.55,0,1,0,6,0,3,2
809,41,44,1.428102377,2.55,0,3.44,1,0,0,0,0,2,2
809,30,56,1.388725106,2.55,0,3.44,1,1,0,6,0,3,2
809,53,56,1.364826406,2.55,0,3.44,1,0,0,0,0,3,2
809,42,44,1.35177522,2.55,0,3.44,1,0,0,0,0,3,2
809,42,45,1.205157051,2.55,0,3.44,1,0,0,0,0,3,1
809,51,53,1.201136161,3.44,1,2.55,0,0,0,0,0,1,3
810,19,20,1.916540462,2.55,0,2.58,3,0,0,5,6,4,2
810,1,20,1.769895853,2.55,0,2.58,3,1,0,6,6,3,2
811,19,20,1.884073022,2.55,0,2.58,3,0,0,5,6,4,2
811,1,20,1.779751518,2.55,0,2.58,3,0,0,6,6,3,2
812,17,19,1.592172721,2.55,0,2.55,0,0,0,5,5,4,4
812,13,19,1.5238612,2.55,0,2.55,0,1,0,5,5,3,4
812,16,17,1.512536155,2.55,0,2.55,0,0,0,6,5,2,4
812,17,20,1.470522567,2.55,0,3.04,2,0,0,5,5,4,3
812,2,15,1.458331276,2.55,0,2.55,0,0,0,6,6,3,2
812,17,18,1.439076272,2.55,0,3.44,1,0,0,5,6,4,2
812,13,14,1.416980741,2.55,0,2.55,0,1,1,5,5,3,3
812,10,11,1.416214176,2.55,0,2.55,0,1,1,6,6,3,2
812,1,2,1.412370145,2.55,0,2.55,0,0,0,6,6,3,3
812,0,1,1.40719062,2.55,0,2.55,0,0,0,6,6,3,3
812,8,10,1.40318279,2.55,0,2.55,0,1,1,6,6,2,3
812,7,14,1.402395799,2.55,0,2.55,0,1,1,6,5,2,3
812,2,3,1.40025993,2.55,0,2.55,0,0,0,6,6,3,2
812,7,8,1.398619379,2.55,0,2.55,0,1,1,6,6,2,2
812,4,5,1.396524111,2.55,0,2.55,0,0,0,6,6,3,2
812,3,4,1.393541164,2.55,0,2.55,0,0,0,6,6,2,3
812,0,5,1.389099004,2.55,0,2.55,0,0,0,6,6,3,2
812,14,20,1.382038035,2.55,0,3.04,2,1,0,5,5,3,3
812,11,13,1.379305989,2.55,0,2.55,0,1,1,6,5,2,3
812,1,18,1.346798894,2.55,0,3.44,1,0,0,6,6,3,2
812,15,16,1.341919606,2.55,0,2.55,0,0,0,6,6,2,2
812,29,40,1.546790591,2.55,0,2.55,0,0,0,0,0,2,2
812,19,25,1.545493701,2.55,0,2.55,0,0,0,5,0,4,1
812,19,21,1.533345066,2.55,0,2.55,0,0,0,5,0,4,1
812,40,43,1.524037964,2.55,0,2.55,0,0,0,0,0,2,2
812,43,47,1.521045333,2.55,0,3.04,2,0,0,0,0,2,3
812,48,63,1.519787026,2.55,0,2.55,0,0,0,0,0,2,1
812,47,48,1.51937004,3.04,2,2.55,0,0,0,0,0,3,2
812,34,38,1.500424935,2.55,0,2.55,0,0,0,0,0,3,1
812,46,47,1.499260441,2.55,0,3.04,2,0,0,0,0,1,3
812,10,50,1.475560855,2.55,0,2.55,0,1,0,6,0,3,2
812,4,35,1.475433426,2.55,0,3.04,2,0,0,6,0,3,3
812,20,29,1.454591488,3.04,2,2.55,0,0,0,5,0,3,2
812,0,33,1.387333459,2.55,0,3.44,1,0,0,6,0,3,2
812,33,34,1.356687845,3.44,1,2.55,0,0,0,0,0,2,3
812,35,36,1.220705812,3.04,2,3.44,1,0,0,0,0,3,1
812,35,37,1.21975006,3.04,2,3.44,1,0,0,0,0,3,1
812,50,61,1.212837466,2.55,0,3.44,1,0,0,0,0,2,1
812,34,49,1.20954541,2.55,0,3.44,1,0,0,0,0,3,1
813,17,19,1.590236008,2.55,0,2.55,0,0,0,5,5,4,4
813,13,19,1.521166345,2.55,0,2.55,0,1,0,5,5,3,4
813,16,17,1.506171633,2.55,0,2.55,0,0,0,6,5,2,4
813,17,18,1.460770315,2.55,0,3.44,1,0,0,5,6,4,2
813,17,20,1.455547729,2.55,0,3.04,2,0,0,5,5,4,3
813,2,15,1.453545934,2.55,0,2.55,0,0,0,6,6,3,2
813,53,55,1.452377095,2.55,0,2.55,0,1,1,5,5,3,3
813,60,61,1.417192417,2.55,0,2.55,0,1,1,6,6,3,2
813,51,53,1.414909412,2.55,0,2.55,0,1,1,5,5,3,3
813,45,47,1.414280696,2.55,0,2.55,0,1,1,6,6,3,2
813,4,5,1.412099672,2.55,0,2.55,0,0,0,6,6,2,3
813,54,55,1.411715116,2.55,0,2.55,0,1,1,5,5,3,3
813,1,2,1.410351933,2.55,0,2.55,0,0,0,6,6,3,3
813,56,60,1.409456646,2.55,0,2.55,0,1,1,6,6,2,3
813,45,49,1.406944045,2.55,0,2.55,0,1,1,6,6,3,2
813,13,14,1.406854179,2.55,0,2.55,0,1,1,5,5,3,3
813,0,5,1.406786561,2.55,0,2.55,0,0,0,6,6,2,3
813,10,11,1.406019817,2.55,0,2.55,0,1,1,6,6,2,2
813,2,3,1.404145335,2.55,0,2.55,0,0,0,6,6,3,2
813,7,8,1.40391225,2.55,0,2.55,0,1,1,6,6,2,2
813,55,58,1.401708865,2.55,0,2.55,0,1,1,5,6,3,2
813,14,20,1.400897552,2.55,0,3.04,2,1,0,5,5,3,3
813,50,53,1.39882693,2.55,0,2.55,0,1,1,6,5,2,3
813,7,14,1.398285511,2.55,0,2.55,0,1,1,6,5,2,3
813,47,50,1.397548184,2.55,0,2.55,0,1,1,6,6,2,2
813,8,10,1.397192861,2.55,0,2.55,0,1,1,6,6,2,2
813,0,1,1.397192785,2.55,0,2.55,0,0,0,6,6,2,3
813,58,61,1.394507564,2.55,0,2.55,0,1,1,6,6,2,2
813,3,4,1.392216461,2.55,0,2.55,0,0,0,6,6,2,2
813,11,13,1.388597667,2.55,0,2.55,0,1,1,6,5,2,3
813,54,56,1.387180523,2.55,0,2.55,0,1,1,5,6,3,2
813,49,51,1.385687743,2.55,0,2.55,0,1,1,6,5,2,3
813,54,73,1.372695907,2.55,0,3.44,1,1,1,5,5,3,2
813,51,73,1.369029401,2.55,0,3.44,1,1,1,5,5,3,2
813,1,18,1.35552863,2.55,0,3.44,1,0,0,6,6,3,2
813,15,16,1.345466866,2.55,0,2.55,0,0,0,6,6,2,2
813,19,21,1.546057927,2.55,0,2.55,0,0,0,5,0,4,1
813,19,25,1.53306137,2.55,0,2.55,0,0,0,5,0,4,1
813,29,33,1.52212215,2.55,0,2.55,0,0,0,0,0,2,2
813,65,66,1.517235918,2.55,0,2.55,0,0,0,0,0,2,1
813,39,40,1.508939932,2.55,0,2.55,0,0,0,0,0,3,1
813,5,60,1.486812952,2.55,0,2.55,0,0,1,6,6,3,3
813,20,29,1.452691233,3.04,2,2.55,0,0,0,5,0,3,2
813,33,36,1.433209252,2.55,0,3.44,1,0,0,0,0,2,2
813,64,65,1.419837298,3.44,1,2.55,0,0,0,0,0,2,2
813,45,64,1.356270792,2.55,0,3.44,1,1,0,6,0,3,2
813,36,39,1.353027534,3.44,1,2.55,0,0,0,0,0,2,3
813,39,44,1.205278142,2.55,0,3.44,1,0,0,0,0,3,1
814,17,19,1.598559406,2.55,0,2.55,0,0,0,5,5,4,4
814,16,17,1.521235587,2.55,0,2.55,0,0,0,6,5,2,4
814,13,19,1.515589921,2.55,0,2.55,0,0,0,5,5,3,4
814,17,20,1.482049214,2.55,0,3.04,2,0,0,5,5,4,3
814,2,15,1.451199102,2.55,0,2.55,0,0,0,6,6,3,2
814,17,18,1.441151006,2.55,0,3.44,1,0,0,5,6,4,2
814,53,55,1.431182713,2.55,0,2.55,0,1,0,5,5,3,3
814,50,53,1.411581217,2.55,0,2.55,0,1,1,6,5,2,3
814,55,58,1.409274941,2.55,0,2.55,0,0,0,5,6,3,2
814,56,60,1.408673668,2.55,0,2.55,0,0,0,6,6,2,3
814,0,5,1.407959683,2.55,0,2.55,0,0,0,6,6,2,3
814,54,56,1.406190003,2.55,0,2.55,0,0,0,5,6,3,2
814,58,61,1.406115165,2.55,0,2.55,0,0,0,6,6,2,2
814,49,51,1.405012602,2.55,0,2.55,0,1,1,6,5,2,3
814,4,5,1.404831996,2.55,0,2.55,0,0,0,6,6,2,3
814,60,61,1.402704688,2.55,0,2.55,0,0,0,6,6,3,2
814,3,4,1.401407292,2.55,0,2.55,0,0,0,6,6,2,2
814,13,14,1.401052087,2.55,0,2.55,0,0,0,5,5,3,3
814,7,8,1.399492343,2.55,0,2.55,0,0,0,6,6,2,2
814,8,10,1.399083619,2.55,0,2.55,0,0,0,6,6,2,2
814,47,50,1.398806683,2.55,0,2.55,0,1,1,6,6,2,2
814,0,1,1.398048689,2.55,0,2.55,0,0,0,6,6,2,3
814,51,53,1.397954849,2.55,0,2.55,0,1,1,5,5,3,3
814,45,49,1.397681252,2.55,0,2.55,0,1,1,6,6,2,2
814,2,3,1.396517476,2.55,0,2.55,0,0,0,6,6,3,2
814,10,11,1.39296531,2.55,0,2.55,0,0,0,6,6,2,2
814,1,2,1.391389116,2.55,0,2.55,0,0,0,6,6,3,3
814,54,55,1.39127909,2.55,0,2.55,0,0,0,5,5,3,3
814,45,47,1.390821272,2.55,0,2.55,0,1,1,6,6,2,2
814,11,13,1.390602931,2.55,0,2.55,0,0,0,6,5,2,3
814,14,20,1.384898842,2.55,0,3.04,2,0,0,5,5,3,3
814,7,14,1.384896951,2.55,0,2.55,0,0,0,6,5,2,3
814,54,65,1.381147253,2.55,0,3.04,2,0,0,5,5,3,3
814,51,65,1.37926411,2.55,0,3.04,2,1,0,5,5,3,3
814,1,18,1.366314279,2.55,0,3.44,1,0,0,6,6,3,2
814,15,16,1.33627942,2.55,0,2.55,0,0,0,6,6,2,2
814,19,21,1.546913795,2.55,0,2.55,0,0,0,5,0,4,1
814,19,25,1.534069645,2.55,0,2.55,0,0,0,5,0,4,1
814,29,33,1.531189064,2.55,0,2.55,0,0,0,0,0,2,2
814,68,69,1.526715325,2.55,0,2.55,0,0,0,0,0,2,2
814,75,76,1.497714569,2.55,0,2.55,0,0,0,0,0,3,1
814,39,40,1.497693644,2.55,0,2.55,0,0,0,0,0,3,1
814,5,60,1.482992541,2.55,0,2.55,0,0,0,6,6,3,3
814,65,68,1.454059265,3.04,2,2.55,0,0,0,5,0,3,2
814,20,29,1.452825595,3.04,2,2.55,0,0,0,5,0,3,2
814,69,72,1.439797246,2.55,0,3.44,1,0,0,0,0,2,2
814,33,36,1.439142091,2.55,0,3.44,1,0,0,0,0,2,2
814,36,39,1.360357595,3.44,1,2.55,0,0,0,0,0,2,3
814,72,75,1.359392675,3.44,1,2.55,0,0,0,0,0,2,3
814,75,80,1.222783783,2.55,0,3.44,1,0,0,0,0,3,1
814,39,44,1.222611592,2.55,0,3.44,1,0,0,0,0,3,1
815,17,19,1.589944704,2.55,0,2.55,0,0,0,5,5,4,4
815,13,19,1.521580128,2.55,0,2.55,0,0,0,5,5,3,4
815,16,17,1.505121866,2.55,0,2.55,0,0,0,6,5,2,4
815,17,20,1.459619606,2.55,0,3.04,2,0,0,5,5,4,3
815,17,18,1.458628517,2.55,0,3.44,1,0,0,5,6,4,2
815,2,15,1.452428117,2.55,0,2.55,0,1,0,6,6,3,2
815,52,54,1.44879855,2.55,0,2.55,0,1,1,5,5,3,3
815,59,60,1.417703188,2.55,0,2.55,0,1,1,6,6,3,2
815,4,5,1.41245441,2.55,0,2.55,0,1,1,6,6,2,3
815,53,54,1.411853418,2.55,0,2.55,0,1,1,5,5,3,3
815,50,52,1.410429685,2.55,0,2.55,0,1,1,6,5,3,3
815,1,2,1.410327188,2.55,0,2.55,0,1,1,6,6,3,3
815,45,47,1.408840105,2.55,0,2.55,0,1,1,6,6,2,2
815,55,59,1.408623395,2.55,0,2.55,0,1,1,6,6,2,3
815,51,52,1.40793555,2.55,0,2.55,0,1,1,5,5,3,3
815,13,14,1.406896245,2.55,0,2.55,0,0,0,5,5,3,3
815,10,11,1.40610105,2.55,0,2.55,0,0,0,6,6,2,2
815,0,5,1.4057752,2.55,0,2.55,0,1,1,6,6,2,3
815,2,3,1.404850329,2.55,0,2.55,0,1,1,6,6,3,2
815,7,8,1.40390255,2.55,0,2.55,0,0,0,6,6,2,2
815,47,50,1.402701705,2.55,0,2.55,0,1,1,6,6,2,3
815,54,57,1.402561923,2.55,0,2.55,0,1,1,5,6,3,2
815,14,20,1.401315651,2.55,0,3.04,2,0,0,5,5,3,3
815,7,14,1.398382407,2.55,0,2.55,0,0,0,6,5,2,3
815,0,1,1.397835553,2.55,0,2.55,0,1,1,6,6,2,3
815,8,10,1.397229155,2.55,0,2.55,0,0,0,6,6,2,2
815,45,49,1.395592318,2.55,0,2.55,0,1,1,6,6,2,2
815,57,60,1.394099079,2.55,0,2.55,0,1,1,6,6,2,2
815,49,51,1.393890814,2.55,0,2.55,0,1,1,6,5,2,3
815,3,4,1.391880559,2.55,0,2.55,0,1,1,6,6,2,2
815,11,13,1.388653603,2.55,0,2.55,0,0,0,6,5,2,3
815,53,55,1.387781166,2.55,0,2.55,0,1,1,5,6,3,2
815,53,64,1.370805091,2.55,0,3.44,1,1,1,5,5,3,2
815,51,64,1.369227932,2.55,0,3.44,1,1,1,5,5,3,2
815,1,18,1.354152434,2.55,0,3.44,1,1,0,6,6,3,2
815,15,16,1.346031885,2.55,0,2.55,0,0,0,6,6,2,2
815,19,21,1.545775028,2.55,0,2.55,0,0,0,5,0,4,1
815,19,25,1.532775581,2.55,0,2.55,0,0,0,5,0,4,1
815,29,33,1.52203606,2.55,0,2.55,0,0,0,0,0,2,2
815,69,70,1.516776816,2.55,0,2.55,0,0,0,0,0,1,2
815,39,40,1.509074714,2.55,0,2.55,0,0,0,0,0,3,1
815,5,59,1.486827888,2.55,0,2.55,0,1,1,6,6,3,3
815,20,29,1.453465938,3.04,2,2.55,0,0,0,5,0,3,2
815,33,36,1.432833784,2.55,0,3.44,1,0,0,0,0,2,2
815,68,70,1.421611408,3.44,1,2.55,0,0,0,0,0,2,2
815,50,68,1.354321073,2.55,0,3.44,1,1,0,6,0,3,2
815,36,39,1.352970875,3.44,1,2.55,0,0,0,0,0,2,3
815,39,44,1.205270334,2.55,0,3.44,1,0,0,0,0,3,1
816,17,19,1.595430188,2.55,0,2.55,0,0,0,5,5,4,4
816,13,19,1.523121204,2.55,0,2.55,0,1,0,5,5,3,4
816,16,17,1.511755201,2.55,0,2.55,0,0,0,6,5,2,4
816,17,20,1.471155188,2.55,0,3.04,2,0,0,5,5,4,3
816,2,15,1.454221727,2.55,0,2.55,0,0,0,6,6,3,2
816,54,58,1.450102466,2.55,0,2.55,0,1,1,5,5,3,3
816,17,18,1.43324746,2.55,0,3.44,1,0,0,5,6,4,2
816,54,59,1.422100966,2.55,0,2.55,0,1,1,5,5,3,3
816,58,61,1.420900091,2.55,0,2.55,0,1,1,5,5,3,3
816,60,64,1.410021854,2.55,0,2.55,0,0,0,6,6,3,2
816,1,2,1.410007784,2.55,0,2.55,0,0,0,6,6,3,3
816,13,14,1.409677937,2.55,0,2.55,0,1,1,5,5,3,3
816,49,52,1.408058404,2.55,0,2.55,0,1,1,6,6,2,2
816,10,11,1.407261078,2.55,0,2.55,0,1,1,6,6,2,2
816,4,5,1.406068701,2.55,0,2.55,0,0,0,6,6,2,3
816,2,3,1.404054521,2.55,0,2.55,0,0,0,6,6,3,2
816,7,8,1.404022153,2.55,0,2.55,0,1,1,6,6,2,2
816,50,54,1.402510819,2.55,0,2.55,0,1,1,6,5,2,3
816,0,5,1.402096701,2.55,0,2.55,0,0,0,6,6,2,3
816,57,59,1.401425628,2.55,0,2.55,0,1,1,6,5,2,3
816,61,62,1.399971288,2.55,0,3.04,2,1,1,5,5,3,3
816,7,14,1.399896169,2.55,0,2.55,0,1,1,6,5,2,3
816,59,62,1.399359325,2.55,0,3.04,2,1,1,5,5,3,3
816,55,58,1.398794463,2.55,0,2.55,0,0,1,6,5,2,3
816,61,65,1.398636954,2.55,0,2.55,0,1,0,5,6,3,2
816,0,1,1.397674449,2.55,0,2.55,0,0,0,6,6,2,3
816,64,65,1.396952212,2.55,0,2.55,0,0,0,6,6,2,2
816,8,10,1.396492333,2.55,0,2.55,0,1,1,6,6,2,2
816,55,60,1.396091107,2.55,0,2.55,0,0,0,6,6,2,3
816,52,57,1.395695143,2.55,0,2.55,0,1,1,6,6,2,2
816,49,50,1.394207733,2.55,0,2.55,0,1,1,6,6,2,2
816,3,4,1.393385417,2.55,0,2.55,0,0,0,6,6,2,2
816,14,20,1.389102949,2.55,0,3.04,2,1,0,5,5,3,3
816,11,13,1.3879414,2.55,0,2.55,0,1,1,6,5,2,3
816,1,18,1.357988802,2.55,0,3.44,1,0,0,6,6,3,2
816,15,16,1.343798239,2.55,0,2.55,0,0,0,6,6,2,2
816,19,25,1.54597256,2.55,0,2.55,0,0,0,5,0,4,1
816,19,21,1.53434109,2.55,0,2.55,0,0,0,5,0,4,1
816,29,33,1.531575163,2.55,0,2.55,0,0,0,0,0,2,2
816,69,70,1.510336721,2.55,0,2.55,0,0,0,0,0,3,1
816,39,40,1.5093685,2.55,0,2.55,0,0,0,0,0,3,1
816,20,29,1.444174387,3.04,2,2.55,0,0,0,5,0,3,2
816,33,36,1.433472404,2.55,0,3.44,1,0,0,0,0,2,2
816,5,62,1.419044858,2.55,0,3.04,2,0,1,6,5,3,3
816,60,68,1.392777405,2.55,0,3.44,1,0,0,6,0,3,2
816,68,69,1.356919802,3.44,1,2.55,0,0,0,0,0,2,3
816,36,39,1.351339355,3.44,1,2.55,0,0,0,0,0,2,3
816,39,44,1.205466775,2.55,0,3.44,1,0,0,0,0,3,1
816,69,74,1.203853738,2.55,0,3.44,1,0,0,0,0,3,1
817,17,19,1.593885441,2.55,0,2.55,0,0,0,5,5,4,4
817,13,19,1.523412242,2.55,0,2.55,0,1,0,5,5,3,4
817,16,17,1.51180855,2.55,0,2.55,0,0,0,6,5,2,4
817,17,20,1.472426437,2.55,0,3.04,2,0,0,5,5,4,3
817,2,15,1.454184046,2.55,0,2.55,0,1,0,6,6,3,2
817,54,57,1.449304354,2.55,0,2.55,0,1,1,5,5,3,3
817,17,18,1.432040103,2.55,0,3.44,1,0,0,5,6,4,2
817,54,58,1.422922091,2.55,0,2.55,0,1,1,5,5,3,3
817,57,60,1.419333805,2.55,0,2.55,0,1,1,5,5,3,3
817,1,2,1.41010252,2.55,0,2.55,0,1,1,6,6,3,3
817,13,14,1.410067595,2.55,0,2.55,0,1,1,5,5,3,3
817,55,57,1.408147791,2.55,0,2.55,0,1,1,6,5,3,3
817,59,63,1.408100654,2.55,0,2.55,0,1,1,6,6,2,2
817,49,52,1.407385184,2.55,0,2.55,0,1,1,6,6,2,2
817,10,11,1.407346157,2.55,0,2.55,0,1,1,6,6,2,2
817,4,5,1.405858921,2.55,0,2.55,0,1,1,6,6,2,3
817,50,54,1.404485427,2.55,0,2.55,0,1,1,6,5,2,3
817,2,3,1.404073811,2.55,0,2.55,0,1,1,6,6,3,2
817,7,8,1.404072293,2.55,0,2.55,0,1,1,6,6,2,2
817,0,5,1.401996418,2.55,0,2.55,0,1,1,6,6,2,3
817,60,64,1.401412393,2.55,0,2.55,0,1,1,5,6,3,2
817,56,58,1.400956199,2.55,0,2.55,0,1,1,6,5,2,3
817,7,14,1.399699809,2.55,0,2.55,0,1,1,6,5,2,3
817,58,61,1.39902896,2.55,0,3.04,2,1,1,5,5,3,3
817,60,61,1.397913941,2.55,0,3.04,2,1,1,5,5,3,3
817,0,1,1.397581824,2.55,0,2.55,0,1,1,6,6,2,3
817,55,59,1.396754919,2.55,0,2.55,0,1,1,6,6,3,2
817,8,10,1.396460812,2.55,0,2.55,0,1,1,6,6,2,2
817,52,56,1.395554065,2.55,0,2.55,0,1,1,6,6,2,2
817,49,50,1.394309365,2.55,0,2.55,0,1,1,6,6,2,2
817,3,4,1.393332116,2.55,0,2.55,0,1,1,6,6,2,2
817,63,64,1.393072476,2.55,0,2.55,0,1,1,6,6,2,2
817,14,20,1.388857456,2.55,0,3.04,2,1,0,5,5,3,3
817,11,13,1.387802978,2.55,0,2.55,0,1,1,6,5,2,3
817,1,18,1.358400096,2.55,0,3.44,1,1,0,6,6,3,2
817,15,16,1.343833603,2.55,0,2.55,0,0,0,6,6,2,2
817,19,21,1.546121033,2.55,0,2.55,0,0,0,5,0,4,1
817,19,25,1.534355173,2.55,0,2.55,0,0,0,5,0,4,1
817,29,33,1.531495693,2.55,0,2.55,0,0,0,0,0,2,2
817,68,70,1.509607915,2.55,0,2.55,0,0,0,0,0,1,3
817,39,40,1.509472823,2.55,0,2.55,0,0,0,0,0,3,1
817,20,29,1.443696132,3.04,2,2.55,0,0,0,5,0,3,2
817,33,36,1.433961541,2.55,0,3.44,1,0,0,0,0,2,2
817,5,61,1.419788047,2.55,0,3.04,2,1,1,6,5,3,3
817,55,69,1.387249603,2.55,0,3.44,1,1,0,6,0,3,2
817,69,70,1.362744621,3.44,1,2.55,0,0,0,0,0,2,3
817,36,39,1.351336482,3.44,1,2.55,0,0,0,0,0,2,3
817,39,44,1.205373754,2.55,0,3.44,1,0,0,0,0,3,1
817,70,71,1.201858556,2.55,0,3.44,1,0,0,0,0,3,1
818,16,18,1.589330393,2.55,0,2.55,0,0,0,5,5,4,4
818,12,18,1.523324038,2.55,0,2.55,0,0,0,5,5,3,4
818,15,16,1.503553778,2.55,0,2.55,0,0,0,6,5,2,4
818,16,17,1.479694482,2.55,0,3.44,1,0,0,5,6,4,2
818,2,14,1.455982532,2.55,0,2.55,0,0,0,6,6,3,2
818,16,19,1.445792627,2.55,0,3.04,2,0,0,5,5,4,3
818,10,11,1.434842326,2.55,0,2.55,0,0,0,6,6,3,3
818,44,45,1.429874666,2.55,0,2.55,0,1,1,6,6,3,2
818,1,2,1.411678247,2.55,0,2.55,0,0,0,6,6,3,3
818,4,5,1.410732097,2.55,0,2.55,0,0,0,6,6,3,2
818,0,1,1.410705179,2.55,0,2.55,0,0,0,6,6,3,3
818,39,43,1.409241818,2.55,0,2.55,0,1,1,5,6,3,2
818,8,10,1.407217495,2.55,0,2.55,0,0,0,6,6,2,3
818,39,40,1.406213583,2.55,0,3.04,2,1,1,5,5,3,3
818,3,4,1.404143055,2.55,0,2.55,0,0,0,6,6,2,3
818,7,13,1.401946155,2.55,0,2.55,0,0,0,6,5,2,3
818,12,13,1.400157634,2.55,0,2.55,0,0,0,5,5,3,3
818,2,3,1.399580552,2.55,0,2.55,0,0,0,6,6,3,2
818,11,12,1.398234548,2.55,0,2.55,0,0,0,6,5,3,3
818,13,19,1.396936572,2.55,0,3.04,2,0,0,5,5,3,3
818,7,8,1.394899662,2.55,0,2.55,0,0,0,6,6,2,2
818,37,41,1.390892326,2.55,0,2.55,0,1,1,5,5,3,2
818,0,5,1.387464181,2.55,0,2.55,0,0,0,6,6,3,2
818,43,44,1.387149479,2.55,0,2.55,0,1,1,6,6,2,3
818,40,41,1.384616178,3.04,2,2.55,0,1,1,5,5,3,2
818,37,38,1.37801481,2.55,0,3.04,2,1,1,5,5,3,2
818,45,46,1.373582555,2.55,0,2.55,0,1,1,6,6,2,2
818,40,46,1.364854749,3.04,2,2.55,0,1,1,5,6,3,2
818,14,15,1.344120498,2.55,0,2.55,0,0,0,6,6,2,2
818,1,17,1.336695831,2.55,0,3.44,1,0,0,6,6,3,2
818,38,39,1.329309975,3.04,2,2.55,0,1,1,5,5,2,3
818,18,24,1.546931885,2.55,0,2.55,0,0,0,5,0,4,1
818,18,20,1.534597087,2.55,0,2.55,0,0,0,5,0,4,1
818,51,52,1.516674834,2.55,0,2.55,0,0,0,0,0,2,1
818,62,63,1.503464437,2.55,0,2.55,0,0,0,0,0,3,1
818,10,37,1.464747495,2.55,0,2.55,0,0,1,6,5,3,3
818,19,28,1.446956803,3.04,2,2.55,0,0,0,5,0,3,1
818,4,35,1.434670041,2.55,0,2.55,0,0,0,6,0,3,2
818,50,51,1.422113674,3.44,1,2.55,0,0,0,0,0,2,2
818,0,65,1.38172459,2.55,0,3.44,1,0,0,6,0,3,2
818,62,65,1.375272181,2.55,0,3.44,1,0,0,0,0,3,2
818,44,50,1.352226109,2.55,0,3.44,1,1,0,6,0,3,2
818,11,58,1.340410107,2.55,0,3.44,1,0,0,6,0,3,1
818,60,62,1.198832992,3.44,1,2.55,0,0,0,0,0,1,3
818,35,36,1.162028243,2.55,0,3.04,2,0,0,0,0,2,1
819,17,19,1.589040539,2.55,0,2.55,0,0,0,5,5,4,4
819,13,19,1.522426115,2.55,0,2.55,0,1,0,5,5,3,4
819,16,17,1.50971671,2.55,0,2.55,0,0,0,6,5,2,4
819,17,20,1.465560316,2.55,0,3.04,2,0,0,5,5,4,3
819,2,15,1.456660149,2.55,0,2.55,0,1,0,6,6,3,2
819,17,18,1.443269197,2.55,0,3.44,1,0,0,5,6,4,2
819,1,2,1.412652386,2.55,0,2.55,0,1,1,6,6,3,3
819,0,1,1.409998197,2.55,0,2.55,0,1,1,6,6,3,3
819,13,14,1.407760025,2.55,0,2.55,0,1,1,5,5,3,3
819,10,11,1.406249992,2.55,0,2.55,0,1,1,6,6,2,2
819,7,8,1.404153712,2.55,0,2.55,0,1,1,6,6,2,2
819,14,20,1.400331205,2.55,0,3.04,2,1,0,5,5,3,3
819,2,3,1.399441338,2.55,0,2.55,0,1,1,6,6,3,2
819,7,14,1.399332779,2.55,0,2.55,0,1,1,6,5,2,3
819,4,5,1.398160908,2.55,0,2.55,0,1,1,6,6,3,2
819,8,10,1.397563507,2.55,0,2.55,0,1,1,6,6,2,2
819,3,4,1.393142153,2.55,0,2.55,0,1,1,6,6,2,3
819,11,13,1.388892204,2.55,0,2.55,0,1,1,6,5,2,3
819,0,5,1.388261373,2.55,0,2.55,0,1,1,6,6,3,2
819,15,16,1.342588553,2.55,0,2.55,0,0,0,6,6,2,2
819,1,18,1.342207863,2.55,0,3.44,1,1,0,6,6,3,2
819,62,63,1.555092508,2.55,0,2.55,0,0,0,0,0,3,4
819,69,71,1.55408395,2.55,0,2.55,0,0,0,0,0,2,4
819,63,69,1.552553512,2.55,0,2.55,0,0,0,0,0,4,2
819,71,88,1.54908644,2.55,0,2.55,0,0,0,0,0,4,1
819,19,25,1.545993073,2.55,0,2.55,0,0,0,5,0,4,1
819,71,81,1.545175207,2.55,0,2.55,0,0,0,0,0,4,3
819,71,92,1.544185638,2.55,0,2.55,0,0,0,0,0,4,1
819,29,40,1.53438536,2.55,0,2.55,0,0,0,0,0,2,2
819,19,21,1.534159105,2.55,0,2.55,0,0,0,5,0,4,1
819,63,65,1.533857646,2.55,0,2.55,0,0,0,0,0,4,1
819,74,75,1.526648939,2.55,0,2.55,0,0,0,0,0,2,1
819,51,56,1.526626675,2.55,0,2.55,0,0,0,0,0,2,2
819,34,38,1.503977386,2.55,0,2.55,0,0,0,0,0,3,1
819,4,35,1.471091249,2.55,0,3.04,2,1,0,6,0,3,3
819,20,29,1.452422245,3.04,2,2.55,0,0,0,5,0,3,2
819,48,51,1.447187853,3.04,2,2.55,0,0,0,0,0,2,2
819,40,43,1.433706947,2.55,0,3.44,1,0,0,0,0,2,2
819,56,59,1.431462688,2.55,0,3.44,1,0,0,0,0,2,2
819,82,83,1.42719251,3.44,1,2.55,0,0,0,0,0,2,1
819,63,70,1.424985585,2.55,0,3.44,1,0,0,0,0,4,2
819,70,74,1.418156021,3.44,1,2.55,0,0,0,0,0,2,2
819,0,33,1.382292088,2.55,0,3.44,1,1,0,6,0,3,2
819,33,34,1.371435053,3.44,1,2.55,0,0,0,0,0,2,3
819,47,48,1.364168629,2.55,0,3.04,2,0,0,0,0,3,2
819,43,47,1.35432243,3.44,1,2.55,0,0,0,0,0,2,3
819,81,82,1.34877577,2.55,0,3.44,1,0,0,0,0,3,2
819,59,62,1.343303507,3.44,1,2.55,0,0,0,0,0,2,3
819,35,37,1.221985213,3.04,2,3.44,1,0,0,0,0,3,1
819,35,36,1.221964715,3.04,2,3.44,1,0,0,0,0,3,1
819,46,47,1.215027348,3.44,1,2.55,0,0,0,0,0,1,3
819,62,64,1.207544147,2.55,0,3.44,1,0,0,0,0,3,1
819,81,87,1.207177026,2.55,0,3.44,1,0,0,0,0,3,1
819,34,49,1.200193923,2.55,0,3.44,1,0,0,0,0,3,1
820,19,21,1.585818722,2.55,0,2.55,0,0,0,5,5,4,4
820,15,21,1.523656766,2.55,0,2.55,0,1,0,5,5,3,4
820,18,19,1.517190017,2.55,0,2.55,0,0,0,6,5,2,4
820,19,20,1.469948221,2.55,0,3.44,1,0,0,5,6,4,2
820,19,22,1.439977903,2.55,0,3.04,2,0,0,5,5,4,3
820,1,2,1.410447376,2.55,0,2.55,0,0,0,6,6,3,3
820,0,1,1.409765664,2.55,0,2.55,0,0,0,6,6,3,3
820,16,22,1.408515347,2.55,0,3.04,2,1,0,5,5,3,3
820,12,13,1.405857707,2.55,0,2.55,0,1,1,6,6,2,2
820,15,16,1.404357474,2.55,0,2.55,0,1,1,5,5,3,3
820,9,10,1.404189747,2.55,0,2.55,0,1,1,6,6,2,2
820,5,6,1.400574722,2.55,0,2.55,0,0,0,6,6,3,2
820,2,3,1.399016144,2.55,0,2.55,0,0,0,6,6,3,2
820,2,17,1.398958956,2.55,0,3.04,2,0,0,6,6,3,2
820,10,12,1.397896804,2.55,0,2.55,0,1,1,6,6,2,2
820,9,16,1.397167855,2.55,0,2.55,0,1,1,6,5,2,3
820,3,5,1.392153561,2.55,0,2.55,0,0,0,6,6,2,3
820,13,15,1.389298292,2.55,0,2.55,0,1,1,6,5,2,3
820,0,6,1.387577192,2.55,0,2.55,0,0,0,6,6,3,2
820,1,20,1.337284511,2.55,0,3.44,1,0,0,6,6,3,2
820,17,18,1.277841698,3.04,2,2.55,0,0,0,6,6,2,2
820,21,23,1.547111945,2.55,0,2.55,0,0,0,5,0,4,1
820,21,27,1.533104054,2.55,0,2.55,0,0,0,5,0,4,1
820,31,39,1.532609937,2.55,0,2.55,0,0,0,0,0,2,2
820,45,46,1.507472168,2.55,0,2.55,0,0,0,0,0,3,1
820,33,34,1.503009901,2.55,0,2.55,0,0,0,0,0,3,1
820,5,52,1.472032559,2.55,0,3.04,2,0,0,6,0,3,3
820,22,31,1.455737271,3.04,2,2.55,0,0,0,5,0,3,2
820,39,42,1.432707343,2.55,0,3.44,1,0,0,0,0,2,2
820,0,32,1.380877146,2.55,0,3.44,1,0,0,6,0,3,2
820,32,33,1.376683831,3.44,1,2.55,0,0,0,0,0,2,3
820,42,45,1.35200985,3.44,1,2.55,0,0,0,0,0,2,3
820,52,53,1.222119819,3.04,2,3.44,1,0,0,0,0,3,1
820,52,54,1.221135991,3.04,2,3.44,1,0,0,0,0,3,1
820,45,50,1.207541631,2.55,0,3.44,1,0,0,0,0,3,1
820,33,38,1.199440495,2.55,0,3.44,1,0,0,0,0,3,1
821,19,21,1.582985528,2.55,0,2.55,0,0,0,5,5,4,4
821,15,21,1.520358517,2.55,0,2.55,0,1,0,5,5,3,4
821,18,19,1.502059501,2.55,0,2.55,0,0,0,6,5,2,4
821,19,20,1.482915168,2.55,0,3.44,1,0,0,5,6,4,2
821,2,17,1.455503102,2.55,0,2.55,0,1,0,6,6,3,2
821,19,22,1.451995398,2.55,0,3.04,2,0,0,5,5,4,3
821,1,2,1.4127457,2.55,0,2.55,0,1,1,6,6,3,3
821,0,1,1.411873893,2.55,0,2.55,0,1,1,6,6,3,3
821,16,22,1.407875149,2.55,0,3.04,2,1,0,5,5,3,3
821,15,16,1.407468423,2.55,0,2.55,0,1,1,5,5,3,3
821,62,73,1.40672955,2.55,0,2.55,0,1,1,6,6,3,2
821,65,68,1.406229015,2.55,0,2.55,0,1,1,6,6,3,2
821,12,13,1.405954304,2.55,0,2.55,0,1,1,6,6,2,2
821,69,72,1.405712573,2.55,0,2.55,0,1,1,6,6,2,3
821,62,77,1.405111386,2.55,0,2.55,0,1,1,6,6,3,2
821,9,10,1.403935061,2.55,0,2.55,0,1,1,6,6,2,2
821,65,70,1.402190664,2.55,0,2.55,0,1,1,6,6,3,2
821,71,72,1.401758235,2.55,0,2.55,0,1,1,6,6,2,3
821,5,6,1.400268556,2.55,0,2.55,0,1,1,6,6,3,2
821,76,77,1.399761281,2.55,0,2.55,0,1,1,6,6,2,2
821,2,3,1.399512462,2.55,0,2.55,0,1,1,6,6,3,2
821,70,71,1.399160827,2.55,0,2.55,0,1,1,6,6,2,2
821,74,75,1.398800907,2.55,0,2.55,0,1,1,6,6,2,2
821,9,16,1.397953684,2.55,0,2.55,0,1,1,6,5,2,3
821,73,74,1.396960021,2.55,0,2.55,0,1,1,6,6,2,2
821,75,76,1.396864943,2.55,0,2.55,0,1,1,6,6,2,2
821,10,12,1.396785902,2.55,0,2.55,0,1,1,6,6,2,2
821,68,69,1.395114386,2.55,0,2.55,0,1,1,6,6,2,2
821,3,5,1.393328504,2.55,0,2.55,0,1,1,6,6,2,3
821,13,15,1.388381687,2.55,0,2.55,0,1,1,6,5,2,3
821,0,6,1.386944222,2.55,0,2.55,0,1,1,6,6,3,2
821,17,18,1.344964651,2.55,0,2.55,0,0,0,6,6,2,2
821,1,20,1.334000052,2.55,0,3.44,1,1,0,6,6,3,2
821,31,39,1.560379168,2.55,0,2.55,0,0,0,0,0,2,4
821,39,42,1.556210912,2.55,0,2.55,0,0,0,0,0,4,2
821,43,44,1.554231087,2.55,0,2.55,0,0,0,0,0,2,3
821,44,63,1.550409508,2.55,0,2.55,0,0,0,0,0,3,2
821,21,23,1.546077286,2.55,0,2.55,0,0,0,5,0,4,1
821,39,54,1.53951677,2.55,0,2.55,0,0,0,0,0,4,1
821,39,50,1.538131689,2.55,0,2.55,0,0,0,0,0,4,1
821,21,27,1.5332984,2.55,0,2.55,0,0,0,5,0,4,1
821,42,43,1.532591822,2.55,0,2.55,0,0,0,0,0,2,2
821,44,62,1.526296926,2.55,0,2.55,0,0,1,0,6,3,3
821,63,65,1.515306079,2.55,0,2.55,0,0,1,0,6,2,3
821,72,87,1.510134059,2.55,0,2.55,0,1,0,6,0,3,1
821,33,34,1.503231472,2.55,0,2.55,0,0,0,0,0,3,1
821,5,46,1.469605974,2.55,0,3.04,2,1,0,6,0,3,3
821,22,31,1.463720147,3.04,2,2.55,0,0,0,5,0,3,2
821,0,32,1.380952042,2.55,0,3.44,1,1,0,6,0,3,2
821,32,33,1.375519468,3.44,1,2.55,0,0,0,0,0,2,3
821,46,48,1.22261113,3.04,2,3.44,1,0,0,0,0,3,1
821,46,47,1.222356821,3.04,2,3.44,1,0,0,0,0,3,1
821,33,38,1.199528743,2.55,0,3.44,1,0,0,0,0,3,1
822,17,19,1.581565447,2.55,0,2.55,0,0,0,5,5,4,4
822,13,19,1.521540287,2.55,0,2.55,0,0,0,5,5,3,4
822,16,17,1.511106006,2.55,0,2.55,0,0,0,6,5,2,4
822,17,20,1.487068019,2.55,0,3.04,2,0,0,5,5,4,3
822,2,15,1.455282973,2.55,0,2.55,0,0,0,6,6,3,2
822,78,79,1.436274365,2.55,0,2.55,0,1,1,6,6,3,3
822,46,47,1.436003522,2.55,0,2.55,0,1,1,6,6,3,3
822,17,18,1.425031652,2.55,0,3.44,1,0,0,5,6,4,2
822,78,84,1.424570417,2.55,0,2.55,0,1,1,6,6,3,2
822,77,78,1.424100957,2.55,0,2.55,0,1,1,6,6,2,3
822,75,76,1.423931376,2.55,0,2.55,0,1,1,6,6,3,2
822,44,49,1.423886219,2.55,0,2.55,0,1,1,6,6,3,2
822,47,48,1.423772078,2.55,0,2.55,0,1,1,6,6,3,2
822,79,87,1.423637687,2.55,0,2.55,0,1,1,6,6,3,2
822,46,53,1.423624615,2.55,0,2.55,0,1,1,6,6,3,2
822,47,56,1.423280017,2.55,0,2.55,0,1,1,6,6,3,2
822,85,86,1.419840839,2.55,0,2.55,0,1,1,6,6,2,3
822,79,80,1.418802605,2.55,0,2.55,0,1,1,6,6,3,2
822,45,46,1.418457678,2.55,0,2.55,0,1,1,6,6,2,3
822,54,55,1.417824228,2.55,0,2.55,0,1,1,6,6,3,2
822,13,14,1.410778023,2.55,0,2.55,0,0,0,5,5,3,3
822,0,1,1.40990569,2.55,0,2.55,0,0,0,6,6,3,3
822,1,2,1.408364396,2.55,0,2.55,0,0,0,6,6,3,3
822,10,11,1.406502986,2.55,0,2.55,0,0,0,6,6,2,2
822,2,3,1.404489046,2.55,0,2.55,0,0,0,6,6,3,2
822,7,8,1.403910229,2.55,0,2.55,0,0,0,6,6,2,2
822,0,5,1.403460961,2.55,0,2.55,0,0,0,6,6,3,2
822,4,5,1.400662843,2.55,0,2.55,0,0,0,6,6,2,2
822,14,20,1.400419566,2.55,0,3.04,2,0,0,5,5,3,3
822,7,14,1.398355193,2.55,0,2.55,0,0,0,6,5,2,3
822,8,10,1.396119673,2.55,0,2.55,0,0,0,6,6,2,2
822,3,4,1.391457335,2.55,0,2.55,0,0,0,6,6,2,2
822,11,13,1.387839863,2.55,0,2.55,0,0,0,6,5,2,3
822,75,80,1.385550244,2.55,0,2.55,0,1,1,6,6,3,2
822,44,45,1.385191928,2.55,0,2.55,0,1,1,6,6,3,2
822,84,85,1.378815059,2.55,0,2.55,0,1,1,6,6,2,2
822,86,87,1.378014835,2.55,0,2.55,0,1,1,6,6,3,2
822,76,77,1.377965861,2.55,0,2.55,0,1,1,6,6,2,2
822,55,56,1.377810065,2.55,0,2.55,0,1,1,6,6,2,2
822,48,49,1.377775847,2.55,0,2.55,0,1,1,6,6,2,2
822,53,54,1.375500754,2.55,0,2.55,0,1,1,6,6,2,3
822,1,18,1.365569741,2.55,0,3.44,1,0,0,6,6,3,2
822,15,16,1.342008704,2.55,0,2.55,0,0,0,6,6,2,2
822,19,25,1.545531525,2.55,0,2.55,0,0,0,5,0,4,1
822,19,21,1.532963574,2.55,0,2.55,0,0,0,5,0,4,1
822,29,35,1.529117903,2.55,0,2.55,0,0,0,0,0,2,2
822,33,67,1.519655002,2.55,0,2.55,0,0,0,0,0,2,2
822,0,33,1.514343937,2.55,0,2.55,0,0,0,6,0,3,2
822,92,93,1.512971836,2.55,0,2.55,0,0,0,0,0,3,1
822,61,62,1.505842765,2.55,0,2.55,0,0,0,0,0,3,1
822,42,44,1.495254649,2.55,0,2.55,0,0,1,0,6,3,3
822,73,75,1.494274806,2.55,0,2.55,0,0,1,0,6,3,3
822,20,29,1.44824631,3.04,2,2.55,0,0,0,5,0,3,2
822,67,70,1.434242519,2.55,0,3.44,1,0,0,0,0,2,2
822,35,38,1.431784981,2.55,0,3.44,1,0,0,0,0,2,2
822,54,60,1.392861604,2.55,0,3.44,1,1,0,6,0,3,2
822,86,91,1.383817603,2.55,0,3.44,1,1,0,6,0,3,2
822,91,92,1.376001889,3.44,1,2.55,0,0,0,0,0,2,3
822,60,61,1.362089121,3.44,1,2.55,0,0,0,0,0,2,3
822,38,42,1.351450337,3.44,1,2.55,0,0,0,0,0,2,3
822,70,73,1.34887625,3.44,1,2.55,0,0,0,0,0,2,3
822,73,74,1.210691547,2.55,0,3.44,1,0,0,0,0,3,1
822,41,42,1.20910492,3.44,1,2.55,0,0,0,0,0,1,3
822,61,66,1.203899527,2.55,0,3.44,1,0,0,0,0,3,1
822,92,97,1.19691638,2.55,0,3.44,1,0,0,0,0,3,1
823,17,19,1.590560105,2.55,0,2.55,0,0,0,5,5,4,4
823,13,19,1.522480931,2.55,0,2.55,0,1,0,5,5,3,4
823,16,17,1.509320291,2.55,0,2.55,0,0,0,6,5,2,4
823,17,20,1.466213061,2.55,0,3.04,2,0,0,5,5,4,3
823,2,15,1.456480444,2.55,0,2.55,0,1,0,6,6,3,2
823,17,18,1.445310374,2.55,0,3.44,1,0,0,5,6,4,2
823,44,45,1.432366703,2.55,0,2.55,0,1,1,6,6,3,3
823,40,50,1.424332073,2.55,0,2.55,0,1,1,6,6,3,2
823,43,45,1.4243279,2.55,0,2.55,0,1,1,6,6,2,3
823,45,55,1.424140304,2.55,0,2.55,0,1,1,6,6,3,2
823,44,51,1.423088737,2.55,0,2.55,0,1,1,6,6,3,2
823,44,58,1.423031086,2.55,0,2.55,0,1,1,6,6,3,2
823,56,57,1.421048922,2.55,0,2.55,0,1,1,6,6,3,2
823,1,2,1.41289225,2.55,0,2.55,0,1,1,6,6,3,3
823,0,1,1.409689871,2.55,0,2.55,0,1,1,6,6,3,3
823,13,14,1.408321297,2.55,0,2.55,0,1,1,5,5,3,3
823,10,11,1.406841043,2.55,0,2.55,0,1,1,6,6,2,2
823,7,8,1.404171737,2.55,0,2.55,0,1,1,6,6,2,2
823,2,3,1.399554994,2.55,0,2.55,0,1,1,6,6,3,2
823,7,14,1.398261434,2.55,0,2.55,0,1,1,6,5,2,3
823,4,5,1.397848397,2.55,0,2.55,0,1,1,6,6,3,2
823,8,10,1.396824031,2.55,0,2.55,0,1,1,6,6,2,2
823,14,20,1.395702177,2.55,0,3.04,2,1,0,5,5,3,3
823,3,4,1.392869509,2.55,0,2.55,0,1,1,6,6,2,3
823,0,5,1.388280162,2.55,0,2.55,0,1,1,6,6,3,2
823,11,13,1.388206418,2.55,0,2.55,0,1,1,6,5,2,3
823,55,56,1.381992664,2.55,0,2.55,0,1,1,6,6,2,3
823,40,43,1.381712863,2.55,0,2.55,0,1,1,6,6,3,2
823,50,51,1.377645422,2.55,0,2.55,0,1,1,6,6,2,2
823,57,58,1.375762201,2.55,0,2.55,0,1,1,6,6,2,2
823,1,18,1.343548611,2.55,0,3.44,1,1,0,6,6,3,2
823,15,16,1.342767849,2.55,0,2.55,0,0,0,6,6,2,2
823,19,21,1.546106639,2.55,0,2.55,0,0,0,5,0,4,1
823,19,25,1.53426271,2.55,0,2.55,0,0,0,5,0,4,1
823,29,40,1.520533058,2.55,0,2.55,0,0,1,0,6,2,3
823,63,65,1.508726741,2.55,0,2.55,0,0,0,0,0,3,1
823,34,38,1.504259075,2.55,0,2.55,0,0,0,0,0,3,1
823,4,35,1.471441737,2.55,0,3.04,2,1,0,6,0,3,3
823,20,29,1.453170029,3.04,2,2.55,0,0,0,5,0,3,2
823,56,62,1.387154341,2.55,0,3.44,1,1,0,6,0,3,2
823,0,33,1.382383002,2.55,0,3.44,1,1,0,6,0,3,2
823,33,34,1.37555083,3.44,1,2.55,0,0,0,0,0,2,3
823,62,63,1.361329887,3.44,1,2.55,0,0,0,0,0,2,3
823,35,37,1.221891418,3.04,2,3.44,1,0,0,0,0,3,1
823,35,36,1.221795743,3.04,2,3.44,1,0,0,0,0,3,1
823,63,64,1.202715183,2.55,0,3.44,1,0,0,0,0,3,1
823,34,46,1.198980814,2.55,0,3.44,1,0,0,0,0,3,1
1005,67,71,1.851421144,2.55,0,2.58,3,0,0,5,5,3,2
1005,70,73,1.848919926,2.55,0,2.58,3,0,0,5,5,3,2
1005,73,74,1.841900366,2.58,3,2.55,0,0,0,5,5,2,2
1005,71,74,1.836431829,2.58,3,2.55,0,0,0,5,5,2,2
1006,17,19,1.586887375,2.55,0,2.55,0,0,0,5,5,4,4
1006,13,19,1.523630414,2.55,0,2.55,0,0,0,5,5,3,4
1006,16,17,1.511414379,2.55,0,2.55,0,0,0,6,5,2,4
1006,17,20,1.467550377,2.55,0,3.04,2,0,0,5,5,4,3
1006,2,15,1.456986605,2.55,0,2.55,0,0,0,6,6,3,2
1006,48,52,1.448607056,2.55,0,2.55,0,0,0,6,6,3,3
1006,39,64,1.442031556,2.55,0,2.55,0,0,0,6,6,3,2
1006,53,54,1.437926246,2.55,0,2.55,0,0,1,6,6,2,3
1006,57,65,1.436426215,2.55,0,2.55,0,1,0,6,6,3,2
1006,17,18,1.436400692,2.55,0,3.44,1,0,0,5,6,4,2
1006,39,49,1.436327991,2.55,0,2.55,0,0,0,6,6,3,3
1006,49,55,1.431680686,2.55,0,2.55,0,0,1,6,6,3,3
1006,48,49,1.430221087,2.55,0,2.55,0,0,0,6,6,3,3
1006,54,55,1.42977268,2.55,0,2.55,0,1,1,6,6,3,3
1006,55,57,1.429536204,2.55,0,2.55,0,1,1,6,6,3,3
1006,38,39,1.423813736,2.55,0,2.55,0,0,0,6,6,3,3
1006,10,11,1.416969567,2.55,0,2.55,0,0,0,6,6,3,2
1006,13,14,1.410187088,2.55,0,2.55,0,0,0,5,5,3,3
1006,1,2,1.410001112,2.55,0,2.55,0,0,0,6,6,3,3
1006,4,5,1.409302629,2.55,0,2.55,0,0,0,6,6,3,2
1006,54,56,1.407849889,2.55,0,2.55,0,1,1,6,6,3,2
1006,57,58,1.40775363,2.55,0,2.55,0,1,1,6,6,3,2
1006,0,1,1.406468283,2.55,0,2.55,0,0,0,6,6,3,3
1006,8,10,1.40632472,2.55,0,2.55,0,0,0,6,6,2,3
1006,38,46,1.405492234,2.55,0,2.55,0,0,0,6,6,3,2
1006,3,4,1.40462176,2.55,0,2.55,0,0,0,6,6,2,3
1006,47,48,1.404313652,2.55,0,2.55,0,0,0,6,6,2,3
1006,7,8,1.402119393,2.55,0,2.55,0,0,0,6,6,2,2
1006,2,3,1.399738598,2.55,0,2.55,0,0,0,6,6,3,2
1006,7,14,1.398536455,2.55,0,2.55,0,0,0,6,5,2,3
1006,56,59,1.396263245,2.55,0,2.55,0,1,1,6,6,2,2
1006,58,59,1.395375359,2.55,0,2.55,0,1,1,6,6,2,2
1006,46,47,1.391646876,2.55,0,2.55,0,0,0,6,6,2,2
1006,0,5,1.388689963,2.55,0,2.55,0,0,0,6,6,3,2
1006,14,20,1.388446836,2.55,0,3.04,2,0,0,5,5,3,3
1006,11,13,1.38484349,2.55,0,2.55,0,0,0,6,5,2,3
1006,52,53,1.366745122,2.55,0,2.55,0,0,0,6,6,3,2
1006,64,65,1.364673596,2.55,0,2.55,0,0,0,6,6,2,2
1006,1,18,1.346576535,2.55,0,3.44,1,0,0,6,6,3,2
1006,15,16,1.342732972,2.55,0,2.55,0,0,0,6,6,2,2
1006,19,25,1.546014471,2.55,0,2.55,0,0,0,5,0,4,1
1006,19,21,1.53348571,2.55,0,2.55,0,0,0,5,0,4,1
1006,69,71,1.509393295,2.55,0,2.55,0,0,0,0,0,3,1
1006,34,35,1.503877208,2.55,0,2.55,0,0,0,0,0,3,1
1006,10,38,1.48972744,2.55,0,2.55,0,0,0,6,6,3,3
1006,20,29,1.446487573,3.04,2,2.55,0,0,0,5,0,3,1
1006,4,75,1.435229624,2.55,0,2.55,0,0,0,6,0,3,2
1006,52,68,1.386621492,2.55,0,3.44,1,0,0,6,0,3,2
1006,0,33,1.3821064,2.55,0,3.44,1,0,0,6,0,3,2
1006,33,34,1.374300743,3.44,1,2.55,0,0,0,0,0,2,3
1006,68,69,1.36210222,3.44,1,2.55,0,0,0,0,0,2,3
1006,69,70,1.202090228,2.55,0,3.44,1,0,0,0,0,3,1
1006,34,37,1.199647606,2.55,0,3.44,1,0,0,0,0,3,1
1006,75,76,1.1617071,2.55,0,3.04,2,0,0,0,0,2,1
1007,17,19,1.591092077,2.55,0,2.55,0,0,0,5,5,4,4
1007,13,19,1.521435588,2.55,0,2.55,0,0,0,5,5,3,4
1007,16,17,1.505019864,2.55,0,2.55,0,0,0,6,5,2,4
1007,17,18,1.473373345,2.55,0,3.44,1,0,0,5,6,4,2
1007,2,15,1.457248162,2.55,0,2.55,0,0,0,6,6,3,2
1007,17,20,1.447143151,2.55,0,3.04,2,0,0,5,5,4,3
1007,1,2,1.410540774,2.55,0,2.55,0,0,0,6,6,3,3
1007,4,5,1.410285125,2.55,0,2.55,0,0,0,6,6,3,2
1007,0,1,1.408283861,2.55,0,2.55,0,0,0,6,6,3,3
1007,13,14,1.406857421,2.55,0,2.55,0,0,0,5,5,3,3
1007,10,11,1.406273317,2.55,0,2.55,0,0,0,6,6,2,2
1007,3,4,1.405045928,2.55,0,2.55,0,0,0,6,6,2,3
1007,7,8,1.404172661,2.55,0,2.55,0,0,0,6,6,2,2
1007,2,3,1.399318856,2.55,0,2.55,0,0,0,6,6,3,2
1007,7,14,1.398771537,2.55,0,2.55,0,0,0,6,5,2,3
1007,14,20,1.398729423,2.55,0,3.04,2,0,0,5,5,3,3
1007,8,10,1.397215229,2.55,0,2.55,0,0,0,6,6,2,2
1007,11,13,1.388732308,2.55,0,2.55,0,0,0,6,5,2,3
1007,0,5,1.387985456,2.55,0,2.55,0,0,0,6,6,3,2
1007,15,16,1.344225931,2.55,0,2.55,0,0,0,6,6,2,2
1007,1,18,1.338395153,2.55,0,3.44,1,0,0,6,6,3,2
1007,19,21,1.546651436,2.55,0,2.55,0,0,0,5,0,4,1
1007,19,25,1.533687613,2.55,0,2.55,0,0,0,5,0,4,1
1007,29,44,1.528154113,2.55,0,2.55,0,0,0,0,0,2,2
1007,50,51,1.507624733,2.55,0,2.55,0,0,0,0,0,3,1
1007,34,35,1.503813899,2.55,0,2.55,0,0,0,0,0,3,1
1007,20,29,1.452741785,3.04,2,2.55,0,0,0,5,0,3,2
1007,4,41,1.434720148,2.55,0,2.55,0,0,0,6,0,3,2
1007,44,47,1.434499027,2.55,0,3.44,1,0,0,0,0,2,2
1007,0,33,1.381942336,2.55,0,3.44,1,0,0,6,0,3,2
1007,33,34,1.37502092,3.44,1,2.55,0,0,0,0,0,2,3
1007,47,50,1.351017573,3.44,1,2.55,0,0,0,0,0,2,3
1007,50,55,1.208622623,2.55,0,3.44,1,0,0,0,0,3,1
1007,34,37,1.199754808,2.55,0,3.44,1,0,0,0,0,3,1
1007,41,42,1.1618893,2.55,0,3.04,2,0,0,0,0,2,1
1009,19,21,1.589941262,2.55,0,2.55,0,0,0,5,5,4,4
1009,15,21,1.522747871,2.55,0,2.55,0,0,0,5,5,3,4
1009,18,19,1.509877749,2.55,0,2.55,0,0,0,6,5,2,4
1009,19,22,1.46650922,2.55,0,3.04,2,0,0,5,5,4,3
1009,2,17,1.456332607,2.55,0,2.55,0,1,0,6,6,3,2
1009,19,20,1.441654088,2.55,0,3.44,1,0,0,5,6,4,2
1009,1,2,1.413046294,2.55,0,2.55,0,1,1,6,6,3,3
1009,0,1,1.410570913,2.55,0,2.55,0,1,1,6,6,3,3
1009,15,16,1.408362148,2.55,0,2.55,0,0,0,5,5,3,3
1009,12,13,1.406068592,2.55,0,2.55,0,0,0,6,6,3,2
1009,9,10,1.404131884,2.55,0,2.55,0,0,0,6,6,2,2
1009,2,3,1.399258285,2.55,0,2.55,0,1,1,6,6,3,2
1009,5,6,1.39771059,2.55,0,2.55,0,1,1,6,6,3,2
1009,9,16,1.397151175,2.55,0,2.55,0,0,0,6,5,2,3
1009,10,12,1.396467692,2.55,0,2.55,0,0,0,6,6,2,3
1009,16,22,1.394191074,2.55,0,3.04,2,0,0,5,5,3,3
1009,3,5,1.392797842,2.55,0,2.55,0,1,1,6,6,2,3
1009,0,6,1.388722954,2.55,0,2.55,0,1,1,6,6,3,2
1009,13,15,1.385970943,2.55,0,2.55,0,0,0,6,5,2,3
1009,1,20,1.343443509,2.55,0,3.44,1,1,0,6,6,3,2
1009,17,18,1.341973698,2.55,0,2.55,0,0,0,6,6,2,2
1009,21,23,1.545711311,2.55,0,2.55,0,0,0,5,0,4,1
1009,21,27,1.533863986,2.55,0,2.55,0,0,0,5,0,4,1
1009,68,69,1.526601428,2.55,0,2.55,0,0,0,0,0,2,1
1009,51,52,1.526557617,2.55,0,2.55,0,0,0,0,0,2,1
1009,64,68,1.517176167,2.55,0,2.55,0,0,0,0,0,3,2
1009,40,51,1.513157416,2.55,0,2.55,0,0,0,0,0,3,2
1009,36,64,1.500044984,2.55,0,2.55,0,0,0,0,0,3,3
1009,39,40,1.49881981,2.55,0,2.55,0,0,0,0,0,3,3
1009,35,36,1.497394512,2.55,0,2.55,0,0,0,0,0,3,3
1009,58,59,1.495432948,2.55,0,2.55,0,0,0,0,0,2,1
1009,5,31,1.471143124,2.55,0,3.04,2,1,0,6,0,3,3
1009,22,42,1.444632105,3.04,2,2.55,0,0,0,5,0,3,1
1009,12,34,1.391206828,2.55,0,3.44,1,0,0,6,0,3,2
1009,0,38,1.380179467,2.55,0,3.44,1,1,0,6,0,3,2
1009,38,39,1.374278833,3.44,1,2.55,0,0,0,0,0,2,3
1009,34,35,1.363639704,3.44,1,2.55,0,0,0,0,0,2,3
1009,36,58,1.351957356,2.55,0,2.55,0,0,0,0,0,3,2
1009,40,48,1.342822856,2.55,0,2.55,0,0,0,0,0,3,1
1009,64,65,1.341659425,2.55,0,2.55,0,0,0,0,0,3,1
1009,31,32,1.222111494,3.04,2,3.44,1,0,0,0,0,3,1
1009,31,33,1.221796532,3.04,2,3.44,1,0,0,0,0,3,1
1009,35,37,1.207475318,2.55,0,3.44,1,0,0,0,0,3,1
1009,39,41,1.2031331,2.55,0,3.44,1,0,0,0,0,3,1
1010,19,20,1.854942235,2.55,0,2.58,3,0,0,5,6,4,2
1010,1,20,1.771419808,2.55,0,2.58,3,1,0,6,6,3,2
1011,17,19,1.594401003,2.55,0,2.55,0,0,0,5,5,4,4
1011,33,46,1.535846807,2.55,0,2.55,0,0,0,6,6,2,3
1011,46,49,1.528316792,2.55,0,2.55,0,0,0,6,6,3,3
1011,13,19,1.523693014,2.55,0,2.55,0,1,0,5,5,3,4
1011,16,17,1.511490016,2.55,0,2.55,0,0,0,6,5,2,4
1011,4,33,1.504463281,2.55,0,2.55,0,1,0,6,6,3,2
1011,17,20,1.469886324,2.55,0,3.04,2,0,0,5,5,4,3
1011,2,15,1.45416537,2.55,0,2.55,0,1,0,6,6,3,2
1011,17,18,1.433571577,2.55,0,3.44,1,0,0,5,6,4,2
1011,13,14,1.409087573,2.55,0,2.55,0,1,1,5,5,3,3
1011,1,2,1.408390867,2.55,0,2.55,0,1,1,6,6,3,3
1011,10,11,1.40703461,2.55,0,2.55,0,1,1,6,6,2,2
1011,2,3,1.405833239,2.55,0,2.55,0,1,1,6,6,3,3
1011,7,8,1.404168755,2.55,0,2.55,0,1,1,6,6,2,2
1011,4,5,1.402652384,2.55,0,2.55,0,1,1,6,6,3,2
1011,7,14,1.400275134,2.55,0,2.55,0,1,1,6,5,2,3
1011,0,1,1.400181948,2.55,0,2.55,0,1,1,6,6,2,3
1011,3,4,1.397301575,2.55,0,2.55,0,1,1,6,6,3,3
1011,8,10,1.39729723,2.55,0,2.55,0,1,1,6,6,2,2
1011,0,5,1.394968622,2.55,0,2.55,0,1,1,6,6,2,2
1011,14,20,1.391643605,2.55,0,3.04,2,1,0,5,5,3,3
1011,11,13,1.388407765,2.55,0,2.55,0,1,1,6,5,2,3
1011,3,50,1.384569769,2.55,0,3.44,1,1,0,6,6,3,2
1011,49,50,1.364427431,2.55,0,3.44,1,0,0,6,6,3,2
1011,1,18,1.357000471,2.55,0,3.44,1,1,0,6,6,3,2
1011,15,16,1.343999132,2.55,0,2.55,0,0,0,6,6,2,2
1011,19,25,1.545824954,2.55,0,2.55,0,0,0,5,0,4,1
1011,46,51,1.542026135,2.55,0,2.55,0,0,0,6,0,3,3
1011,29,34,1.538731106,2.55,0,2.55,0,0,0,0,0,2,2
1011,19,21,1.534380192,2.55,0,2.55,0,0,0,5,0,4,1
1011,41,42,1.50882855,2.55,0,2.55,0,0,0,0,0,3,1
1011,55,56,1.452072848,3.04,2,2.55,0,0,0,0,0,2,1
1011,20,29,1.442970023,3.04,2,2.55,0,0,0,5,0,3,2
1011,34,37,1.436312498,2.55,0,3.44,1,0,0,0,0,2,2
1011,51,55,1.36202966,2.55,0,3.04,2,0,0,0,0,3,2
1011,37,41,1.350499348,3.44,1,2.55,0,0,0,0,0,2,3
1011,51,54,1.219303038,2.55,0,3.44,1,0,0,0,0,3,1
1011,40,41,1.2075679,3.44,1,2.55,0,0,0,0,0,1,3
1011,49,53,1.199891981,2.55,0,3.44,1,0,0,6,0,3,1
1012,0,1,1.51591607,2.55,0,2.55,0,0,0,6,6,2,4
1012,4,5,1.458498343,2.55,0,2.55,0,1,0,6,6,3,2
1012,1,2,1.457475179,2.55,0,3.44,1,0,0,6,6,4,2
1012,6,7,1.438654535,2.55,0,2.55,0,1,1,6,6,3,3
1012,4,6,1.436248216,2.55,0,2.55,0,1,1,6,6,3,3
1012,3,9,1.424824286,2.55,0,2.55,0,1,1,6,6,3,3
1012,7,13,1.423479518,2.55,0,2.55,0,1,1,6,6,3,2
1012,7,8,1.42024146,2.55,0,2.55,0,1,1,6,6,3,2
1012,6,10,1.418336844,2.55,0,2.55,0,1,1,6,6,3,2
1012,11,12,1.412823278,2.55,0,2.55,0,1,1,6,6,3,2
1012,28,29,1.405637265,2.55,0,2.55,0,1,1,6,6,3,2
1012,19,27,1.403342236,2.55,0,2.55,0,1,1,6,6,3,2
1012,19,20,1.402863726,2.55,0,2.55,0,1,1,6,6,3,2
1012,30,32,1.40051949,2.55,0,2.55,0,1,1,6,6,2,3
1012,33,35,1.400119163,2.55,0,2.55,0,1,1,6,6,2,2
1012,28,35,1.39944834,2.55,0,2.55,0,1,1,6,6,3,2
1012,24,26,1.39820032,2.55,0,2.55,0,1,1,6,6,2,2
1012,22,24,1.397665415,2.55,0,2.55,0,1,1,6,6,2,2
1012,26,27,1.397584868,2.55,0,2.55,0,1,1,6,6,2,2
1012,20,22,1.397476563,2.55,0,2.55,0,1,1,6,6,2,2
1012,32,33,1.397456916,2.55,0,2.55,0,1,1,6,6,3,2
1012,29,30,1.392325451,2.55,0,2.55,0,1,1,6,6,2,2
1012,3,4,1.391638038,2.55,0,2.55,0,1,1,6,6,3,3
1012,10,11,1.379285833,2.55,0,2.55,0,1,1,6,6,2,3
1012,12,13,1.376943103,2.55,0,2.55,0,1,1,6,6,2,2
1012,8,9,1.373917556,2.55,0,2.55,0,1,1,6,6,2,3
1012,2,3,1.346787452,3.44,1,2.55,0,0,1,6,6,2,3
1012,0,5,1.342279339,2.55,0,2.55,0,0,0,6,6,2,2
1012,1,19,1.540087946,2.55,0,2.55,0,0,1,6,6,4,3
1012,1,28,1.539396024,2.55,0,2.55,0,0,1,6,6,4,3
1012,38,39,1.507953984,2.55,0,2.55,0,0,0,0,0,3,1
1012,46,47,1.50399281,2.55,0,2.55,0,0,0,0,0,3,1
1012,11,53,1.477542455,2.55,0,3.04,2,1,0,6,0,3,3
1012,32,37,1.386661354,2.55,0,3.44,1,1,0,6,0,3,2
1012,45,46,1.380132926,3.44,1,2.55,0,0,0,0,0,2,3
1012,9,45,1.379200831,2.55,0,3.44,1,1,0,6,0,3,2
1012,37,38,1.366195014,3.44,1,2.55,0,0,0,0,0,2,3
1012,52,53,1.221939059,3.44,1,3.04,2,0,0,0,0,1,3
1012,53,54,1.221201258,3.04,2,3.44,1,0,0,0,0,3,1
1012,38,44,1.201002932,2.55,0,3.44,1,0,0,0,0,3,1
1012,46,48,1.196831888,2.55,0,3.44,1,0,0,0,0,3,1
1014,17,19,1.591369849,2.55,0,2.55,0,0,0,5,5,4,4
1014,13,19,1.521454868,2.55,0,2.55,0,0,0,5,5,3,4
1014,16,17,1.505609703,2.55,0,2.55,0,0,0,6,5,2,4
1014,17,18,1.464688706,2.55,0,3.44,1,0,0,5,6,4,2
1014,2,15,1.456186128,2.55,0,2.55,0,0,0,6,6,3,2
1014,17,20,1.452796175,2.55,0,3.04,2,0,0,5,5,4,3
1014,58,59,1.448230985,2.55,0,2.55,0,1,1,6,6,3,3
1014,55,56,1.448140272,2.55,0,2.55,0,1,1,6,6,3,3
1014,59,64,1.435553341,2.55,0,2.55,0,1,1,6,6,3,2
1014,55,60,1.435335067,2.55,0,2.55,0,1,1,6,6,3,2
1014,56,61,1.432917658,2.55,0,2.55,0,1,1,6,6,3,2
1014,58,67,1.432867225,2.55,0,2.55,0,1,1,6,6,3,2
1014,65,66,1.426449278,2.55,0,2.55,0,1,1,6,6,2,2
1014,62,63,1.426439021,2.55,0,2.55,0,1,1,6,6,2,2
1014,41,59,1.41773089,2.55,0,2.55,0,1,1,6,6,3,3
1014,41,55,1.417454914,2.55,0,2.55,0,1,1,6,6,3,3
1014,13,14,1.407523869,2.55,0,2.55,0,0,0,5,5,3,3
1014,1,2,1.407182397,2.55,0,2.55,0,0,0,6,6,3,3
1014,4,5,1.407138793,2.55,0,2.55,0,0,0,6,6,3,2
1014,10,11,1.406593701,2.55,0,2.55,0,0,0,6,6,2,2
1014,2,3,1.404764954,2.55,0,2.55,0,0,0,6,6,3,2
1014,7,8,1.404259846,2.55,0,2.55,0,0,0,6,6,2,2
1014,0,1,1.40388035,2.55,0,2.55,0,0,0,6,6,3,3
1014,57,58,1.401009993,2.55,0,2.55,0,1,1,6,6,2,3
1014,3,4,1.400949862,2.55,0,2.55,0,0,0,6,6,2,3
1014,56,57,1.400919329,2.55,0,2.55,0,1,1,6,6,3,2
1014,7,14,1.399226734,2.55,0,2.55,0,0,0,6,5,2,3
1014,8,10,1.397248825,2.55,0,2.55,0,0,0,6,6,2,2
1014,14,20,1.396676956,2.55,0,3.04,2,0,0,5,5,3,3
1014,0,5,1.392081807,2.55,0,2.55,0,0,0,6,6,3,2
1014,11,13,1.38849987,2.55,0,2.55,0,0,0,6,5,2,3
1014,64,65,1.37344379,2.55,0,2.55,0,1,1,6,6,2,2
1014,60,63,1.373322406,2.55,0,2.55,0,1,1,6,6,2,2
1014,61,62,1.37186784,2.55,0,2.55,0,1,1,6,6,2,2
1014,66,67,1.371846847,2.55,0,2.55,0,1,1,6,6,2,2
1014,1,18,1.346667943,2.55,0,3.44,1,0,0,6,6,3,2
1014,15,16,1.345270309,2.55,0,2.55,0,0,0,6,6,2,2
1014,19,21,1.546737893,2.55,0,2.55,0,0,0,5,0,4,1
1014,19,25,1.533483324,2.55,0,2.55,0,0,0,5,0,4,1
1014,29,43,1.527661733,2.55,0,2.55,0,0,0,0,0,2,2
1014,49,50,1.508016123,2.55,0,2.55,0,0,0,0,0,3,1
1014,34,35,1.504773822,2.55,0,2.55,0,0,0,0,0,3,1
1014,4,41,1.498697233,2.55,0,2.55,0,0,1,6,6,3,3
1014,20,29,1.451709794,3.04,2,2.55,0,0,0,5,0,3,2
1014,43,46,1.435135052,2.55,0,3.44,1,0,0,0,0,2,2
1014,0,33,1.386131305,2.55,0,3.44,1,0,0,6,0,3,2
1014,33,34,1.370276322,3.44,1,2.55,0,0,0,0,0,2,3
1014,46,49,1.351316181,3.44,1,2.55,0,0,0,0,0,2,3
1014,49,54,1.208176537,2.55,0,3.44,1,0,0,0,0,3,1
1014,34,37,1.201180736,2.55,0,3.44,1,0,0,0,0,3,1
1015,17,19,1.589796396,2.55,0,2.55,0,0,0,5,5,4,4
1015,13,19,1.52175326,2.55,0,2.55,0,0,0,5,5,3,4
1015,16,17,1.520030308,2.55,0,2.55,0,0,0,6,5,2,4
1015,17,18,1.452383501,2.55,0,3.44,1,0,0,5,6,4,2
1015,17,20,1.450913589,2.55,0,3.04,2,0,0,5,5,4,3
1015,51,53,1.44672344,2.55,0,2.55,0,1,1,6,6,3,3
1015,57,58,1.446548537,2.55,0,2.55,0,1,1,6,6,3,3
1015,63,64,1.439010095,2.55,0,2.55,0,1,1,6,6,3,2
1015,58,61,1.431904118,2.55,0,2.55,0,1,1,6,6,3,2
1015,45,47,1.430666001,2.55,0,2.55,0,1,1,6,6,3,2
1015,50,53,1.430055511,2.55,0,2.55,0,1,1,6,6,2,3
1015,57,59,1.429734278,2.55,0,2.55,0,1,1,6,6,3,2
1015,49,51,1.427726366,2.55,0,2.55,0,1,1,6,6,2,3
1015,4,5,1.412392043,2.55,0,2.55,0,0,0,6,6,2,3
1015,1,2,1.408609508,2.55,0,2.55,0,0,0,6,6,3,3
1015,0,5,1.40766025,2.55,0,2.55,0,0,0,6,6,2,3
1015,13,14,1.405982809,2.55,0,2.55,0,0,0,5,5,3,3
1015,10,11,1.405604841,2.55,0,2.55,0,0,0,6,6,2,2
1015,51,54,1.404531569,2.55,0,2.55,0,1,1,6,6,3,2
1015,53,55,1.40403914,2.55,0,2.55,0,1,1,6,6,3,2
1015,54,57,1.404013079,2.55,0,2.55,0,1,1,6,6,2,3
1015,7,8,1.403623736,2.55,0,2.55,0,0,0,6,6,2,2
1015,14,20,1.40292528,2.55,0,3.04,2,0,0,5,5,3,3
1015,55,58,1.401821508,2.55,0,2.55,0,1,1,6,6,2,3
1015,2,3,1.401783551,2.55,0,2.55,0,0,0,6,6,3,2
1015,2,15,1.399072332,2.55,0,3.04,2,0,0,6,6,3,2
1015,7,14,1.397856678,2.55,0,2.55,0,0,0,6,5,2,3
1015,8,10,1.39741288,2.55,0,2.55,0,0,0,6,6,2,2
1015,0,1,1.395330458,2.55,0,2.55,0,0,0,6,6,2,3
1015,3,4,1.392141561,2.55,0,2.55,0,0,0,6,6,2,2
1015,11,13,1.389071101,2.55,0,2.55,0,0,0,6,5,2,3
1015,59,63,1.382162913,2.55,0,2.55,0,1,1,6,6,2,3
1015,45,49,1.37505253,2.55,0,2.55,0,1,1,6,6,3,2
1015,47,50,1.373386816,2.55,0,2.55,0,1,1,6,6,2,2
1015,61,64,1.370107485,2.55,0,2.55,0,1,1,6,6,2,2
1015,1,18,1.357623139,2.55,0,3.44,1,0,0,6,6,3,2
1015,15,16,1.276876684,3.04,2,2.55,0,0,0,6,6,2,2
1015,19,21,1.546508187,2.55,0,2.55,0,0,0,5,0,4,1
1015,19,25,1.533483961,2.55,0,2.55,0,0,0,5,0,4,1
1015,29,33,1.521687681,2.55,0,2.55,0,0,0,0,0,2,2
1015,68,69,1.508910378,2.55,0,2.55,0,0,0,0,0,3,1
1015,39,40,1.508754807,2.55,0,2.55,0,0,0,0,0,3,1
1015,5,63,1.486161454,2.55,0,2.55,0,0,1,6,6,3,3
1015,20,29,1.454813982,3.04,2,2.55,0,0,0,5,0,3,2
1015,33,36,1.432329409,2.55,0,3.44,1,0,0,0,0,2,2
1015,45,67,1.387966794,2.55,0,3.44,1,1,0,6,0,3,2
1015,67,68,1.362885647,3.44,1,2.55,0,0,0,0,0,2,3
1015,36,39,1.353713433,3.44,1,2.55,0,0,0,0,0,2,3
1015,39,44,1.204904274,2.55,0,3.44,1,0,0,0,0,3,1
1015,68,73,1.202105345,2.55,0,3.44,1,0,0,0,0,3,1
1016,17,19,1.584424456,2.55,0,2.55,0,0,0,5,5,4,4
1016,13,19,1.524710321,2.55,0,2.55,0,1,0,5,5,3,4
1016,16,17,1.524470327,2.55,0,2.55,0,0,0,6,5,2,4
1016,17,20,1.473598051,2.55,0,3.04,2,0,0,5,5,4,3
1016,52,53,1.448135645,2.55,0,2.55,0,1,1,6,6,3,3
1016,57,58,1.447534174,2.55,0,2.55,0,1,1,6,6,3,3
1016,51,53,1.438222084,2.55,0,2.55,0,0,1,6,6,3,3
1016,57,60,1.436100111,2.55,0,2.55,0,1,1,6,6,3,2
1016,49,52,1.434926668,2.55,0,2.55,0,0,1,6,6,2,3
1016,58,59,1.432478361,2.55,0,2.55,0,1,1,6,6,3,2
1016,63,64,1.426000806,2.55,0,2.55,0,1,1,6,6,2,2
1016,47,48,1.424234018,2.55,0,2.55,0,0,0,6,6,2,2
1016,17,18,1.418723255,2.55,0,3.44,1,0,0,5,6,4,2
1016,54,57,1.417598944,2.55,0,2.55,0,1,1,6,6,3,3
1016,52,54,1.416425775,2.55,0,2.55,0,1,1,6,6,3,3
1016,13,14,1.410685212,2.55,0,2.55,0,1,1,5,5,3,3
1016,4,5,1.408094137,2.55,0,2.55,0,1,1,6,6,2,3
1016,10,11,1.407571661,2.55,0,2.55,0,1,1,6,6,2,2
1016,1,2,1.406227087,2.55,0,2.55,0,1,1,6,6,3,3
1016,7,8,1.404371632,2.55,0,2.55,0,1,1,6,6,2,2
1016,0,5,1.403387328,2.55,0,2.55,0,1,1,6,6,2,3
1016,55,58,1.402083251,2.55,0,2.55,0,1,1,6,6,2,3
1016,2,3,1.40149095,2.55,0,2.55,0,1,1,6,6,3,2
1016,2,15,1.400792683,2.55,0,3.04,2,1,0,6,6,3,2
1016,53,55,1.399764118,2.55,0,2.55,0,1,1,6,6,3,2
1016,7,14,1.399023632,2.55,0,2.55,0,1,1,6,5,2,3
1016,8,10,1.396367368,2.55,0,2.55,0,1,1,6,6,2,2
1016,0,1,1.395687368,2.55,0,2.55,0,1,1,6,6,2,3
1016,3,4,1.392897709,2.55,0,2.55,0,1,1,6,6,2,2
1016,14,20,1.390381761,2.55,0,3.04,2,1,0,5,5,3,3
1016,11,13,1.387553016,2.55,0,2.55,0,1,1,6,5,2,3
1016,60,64,1.373733112,2.55,0,2.55,0,1,1,6,6,2,2
1016,47,49,1.372706925,2.55,0,2.55,0,0,0,6,6,2,2
1016,59,63,1.37197094,2.55,0,2.55,0,1,1,6,6,2,2
1016,48,51,1.371963778,2.55,0,2.55,0,0,0,6,6,2,3
1016,1,18,1.365802132,2.55,0,3.44,1,1,0,6,6,3,2
1016,15,16,1.277164743,3.04,2,2.55,0,0,0,6,6,2,2
1016,19,21,1.545927596,2.55,0,2.55,0,0,0,5,0,4,1
1016,29,33,1.538039543,2.55,0,2.55,0,0,0,0,0,2,2
1016,19,25,1.535294307,2.55,0,2.55,0,0,0,5,0,4,1
1016,70,72,1.51252843,2.55,0,2.55,0,0,0,0,0,3,1
1016,39,40,1.508795939,2.55,0,2.55,0,0,0,0,0,3,1
1016,5,54,1.497723084,2.55,0,2.55,0,1,1,6,6,3,3
1016,20,29,1.4436653,3.04,2,2.55,0,0,0,5,0,3,2
1016,33,36,1.436119707,2.55,0,3.44,1,0,0,0,0,2,2
1016,51,69,1.383362013,2.55,0,3.44,1,0,0,6,0,3,2
1016,69,70,1.377869451,3.44,1,2.55,0,0,0,0,0,2,3
1016,36,39,1.350135265,3.44,1,2.55,0,0,0,0,0,2,3
1016,39,44,1.207514789,2.55,0,3.44,1,0,0,0,0,3,1
1016,70,71,1.196969943,2.55,0,3.44,1,0,0,0,0,3,1
1017,17,19,1.591523681,2.55,0,2.55,0,0,0,5,5,4,4
1017,13,19,1.522270035,2.55,0,2.55,0,1,0,5,5,3,4
1017,16,17,1.509161858,2.55,0,2.55,0,0,0,6,5,2,4
1017,17,20,1.464788758,2.55,0,3.04,2,0,0,5,5,4,3
1017,2,15,1.456383669,2.55,0,2.55,0,1,0,6,6,3,2
1017,17,18,1.44561296,2.55,0,3.44,1,0,0,5,6,4,2
1017,10,11,1.413323974,2.55,0,2.55,0,1,1,6,6,3,2
1017,1,2,1.41292572,2.55,0,2.55,0,1,1,6,6,3,3
1017,0,1,1.409801991,2.55,0,2.55,0,1,1,6,6,3,3
1017,7,8,1.40890799,2.55,0,2.55,0,1,1,6,6,2,2
1017,13,14,1.408866434,2.55,0,2.55,0,1,1,5,5,3,3
1017,44,56,1.405331481,2.55,0,2.55,0,1,1,6,6,3,2
1017,40,55,1.405298636,2.55,0,2.55,0,1,1,6,6,3,2
1017,44,45,1.402348406,2.55,0,2.55,0,1,1,6,6,3,2
1017,40,43,1.401786678,2.55,0,2.55,0,1,1,6,6,3,2
1017,14,20,1.401293194,2.55,0,3.04,2,1,0,5,5,3,3
1017,8,10,1.399967605,2.55,0,2.55,0,1,1,6,6,2,3
1017,2,3,1.399432506,2.55,0,2.55,0,1,1,6,6,3,2
1017,4,5,1.397812661,2.55,0,2.55,0,1,1,6,6,3,2
1017,43,45,1.396852837,2.55,0,2.55,0,1,1,6,6,2,2
1017,3,4,1.392823409,2.55,0,2.55,0,1,1,6,6,2,3
1017,55,56,1.392276171,2.55,0,2.55,0,1,1,6,6,2,2
1017,7,14,1.392247999,2.55,0,2.55,0,1,1,6,5,2,3
1017,0,5,1.388668945,2.55,0,2.55,0,1,1,6,6,3,2
1017,11,13,1.38315291,2.55,0,2.55,0,1,1,6,5,2,3
1017,1,18,1.343831662,2.55,0,3.44,1,1,0,6,6,3,2
1017,15,16,1.34265508,2.55,0,2.55,0,0,0,6,6,2,2
1017,19,21,1.545833448,2.55,0,2.55,0,0,0,5,0,4,1
1017,19,25,1.534149693,2.55,0,2.55,0,0,0,5,0,4,1
1017,29,40,1.522037979,2.55,0,2.55,0,0,1,0,6,2,3
1017,34,38,1.50400152,2.55,0,2.55,0,0,0,0,0,3,1
1017,44,61,1.493172574,2.55,0,2.55,0,1,0,6,0,3,3
1017,4,35,1.471458642,2.55,0,3.04,2,1,0,6,0,3,3
1017,20,29,1.450320181,3.04,2,2.55,0,0,0,5,0,3,2
1017,63,64,1.426383081,3.44,1,2.55,0,0,0,0,0,2,1
1017,47,48,1.407085128,3.44,1,2.55,0,0,0,0,0,2,1
1017,0,33,1.382038742,2.55,0,3.44,1,1,0,6,0,3,2
1017,33,34,1.375549707,3.44,1,2.55,0,0,0,0,0,2,3
1017,10,47,1.363294458,2.55,0,3.44,1,1,0,6,0,3,2
1017,61,63,1.348461464,2.55,0,3.44,1,0,0,0,0,3,2
1017,35,37,1.221990076,3.04,2,3.44,1,0,0,0,0,3,1
1017,35,36,1.22171112,3.04,2,3.44,1,0,0,0,0,3,1
1017,61,62,1.210096872,2.55,0,3.44,1,0,0,0,0,3,1
1017,34,46,1.199182677,2.55,0,3.44,1,0,0,0,0,3,1
1018,0,1,1.519074795,2.55,0,2.55,0,0,0,6,6,2,4
1018,4,5,1.459775395,2.55,0,2.55,0,0,0,6,6,3,2
1018,1,2,1.447708402,2.55,0,3.44,1,0,0,6,6,4,2
1018,4,6,1.435216545,2.55,0,2.55,0,0,1,6,6,3,3
1018,6,7,1.432303913,2.55,0,2.55,0,1,1,6,6,3,3
1018,3,9,1.42812084,2.55,0,2.55,0,0,0,6,6,3,3
1018,7,8,1.423988101,2.55,0,2.55,0,1,0,6,6,3,2
1018,7,42,1.423473698,2.55,0,2.55,0,1,1,6,6,3,2
1018,6,39,1.422990608,2.55,0,2.55,0,1,1,6,6,3,2
1018,40,41,1.421374683,2.55,0,2.55,0,1,1,6,6,2,3
1018,12,21,1.403768897,2.55,0,2.55,0,1,1,6,6,3,2
1018,27,28,1.403072026,2.55,0,2.55,0,1,1,6,6,3,2
1018,23,30,1.402728514,2.55,0,2.55,0,1,1,6,6,3,2
1018,12,13,1.401532006,2.55,0,2.55,0,1,1,6,6,3,2
1018,23,24,1.400068557,2.55,0,2.55,0,1,1,6,6,3,2
1018,13,15,1.398869546,2.55,0,2.55,0,1,1,6,6,2,2
1018,25,27,1.39866368,2.55,0,2.55,0,1,1,6,6,2,3
1018,17,19,1.398540416,2.55,0,2.55,0,1,1,6,6,2,2
1018,15,17,1.397199826,2.55,0,2.55,0,1,1,6,6,2,2
1018,19,21,1.397149704,2.55,0,2.55,0,1,1,6,6,2,2
1018,28,30,1.395946956,2.55,0,2.55,0,1,1,6,6,2,2
1018,24,25,1.395922102,2.55,0,2.55,0,1,1,6,6,2,2
1018,3,4,1.392638365,2.55,0,2.55,0,0,0,6,6,3,3
1018,41,42,1.380205698,2.55,0,2.55,0,1,1,6,6,3,2
1018,8,9,1.380108381,2.55,0,2.55,0,0,0,6,6,2,3
1018,39,40,1.378823281,2.55,0,2.55,0,1,1,6,6,2,2
1018,2,3,1.354773418,3.44,1,2.55,0,0,0,6,6,2,3
1018,0,5,1.34396415,2.55,0,2.55,0,0,0,6,6,2,2
1018,1,23,1.541510486,2.55,0,2.55,0,0,1,6,6,4,3
1018,1,12,1.539090892,2.55,0,2.55,0,0,1,6,6,4,3
1018,41,55,1.51199787,2.55,0,2.55,0,1,0,6,0,3,2
1018,46,47,1.509152309,2.55,0,2.55,0,0,0,0,0,3,1
1018,33,34,1.508465074,2.55,0,2.55,0,0,0,0,0,3,1
1018,55,56,1.42374077,2.55,0,3.44,1,0,0,0,0,2,2
1018,27,45,1.38706589,2.55,0,3.44,1,1,0,6,0,3,2
1018,9,35,1.38139866,2.55,0,3.44,1,0,0,6,0,3,2
1018,56,59,1.364251931,3.44,1,2.55,0,0,0,0,0,2,3
1018,33,35,1.361403036,2.55,0,3.44,1,0,0,0,0,3,2
1018,45,46,1.361355005,3.44,1,2.55,0,0,0,0,0,2,3
1018,59,60,1.359430843,2.55,0,3.04,2,0,0,0,0,3,1
1018,59,63,1.20930562,2.55,0,3.44,1,0,0,0,0,3,1
1018,33,36,1.202776343,2.55,0,3.44,1,0,0,0,0,3,1
1018,46,51,1.202570664,2.55,0,3.44,1,0,0,0,0,3,1
1019,32,51,1.794569715,2.55,0,2.58,3,1,1,5,5,3,2
1019,51,52,1.746171418,2.58,3,2.55,0,1,1,5,5,2,3
1020,0,1,1.519790488,2.55,0,2.55,0,0,0,6,6,2,4
1020,6,45,1.508947109,2.55,0,2.55,0,1,1,5,5,3,2
1020,45,46,1.508452426,2.55,0,2.55,0,1,1,5,5,2,3
1020,7,49,1.481173825,2.55,0,2.55,0,1,1,5,5,3,3
1020,4,5,1.458758416,2.55,0,2.55,0,1,0,6,6,3,2
1020,1,2,1.453651351,2.55,0,3.44,1,0,0,6,6,4,2
1020,8,9,1.440414202,2.55,0,2.55,0,1,1,6,6,3,3
1020,7,8,1.435120333,2.55,0,2.55,0,1,1,5,6,3,3
1020,3,9,1.428450467,2.55,0,2.55,0,1,1,6,6,3,3
1020,8,35,1.421740999,2.55,0,2.55,0,1,1,6,6,3,2
1020,9,10,1.418735577,2.55,0,2.55,0,1,1,6,6,3,2
1020,46,49,1.418112176,2.55,0,2.55,0,1,1,5,5,3,3
1020,4,6,1.416219231,2.55,0,2.55,0,1,1,6,5,3,3
1020,11,34,1.415037932,2.55,0,2.55,0,1,1,6,6,3,2
1020,49,53,1.40412673,2.55,0,2.55,0,1,1,5,6,3,2
1020,14,23,1.404099305,2.55,0,2.55,0,1,1,6,6,3,2
1020,25,32,1.403745039,2.55,0,2.55,0,1,1,6,6,3,2
1020,29,30,1.403316889,2.55,0,2.55,0,1,1,6,6,3,2
1020,14,15,1.401393387,2.55,0,2.55,0,1,1,6,6,3,2
1020,50,51,1.401201383,2.55,0,2.55,0,1,1,6,6,2,2
1020,25,26,1.400175291,2.55,0,2.55,0,1,1,6,6,3,2
1020,52,53,1.399844126,2.55,0,2.55,0,1,1,6,6,2,2
1020,15,17,1.399009834,2.55,0,2.55,0,1,1,6,6,2,2
1020,51,52,1.398906458,2.55,0,2.55,0,1,1,6,6,2,2
1020,19,21,1.398655744,2.55,0,2.55,0,1,1,6,6,2,2
1020,27,29,1.398403762,2.55,0,2.55,0,1,1,6,6,2,3
1020,17,19,1.397154987,2.55,0,2.55,0,1,1,6,6,2,2
1020,21,23,1.397042036,2.55,0,2.55,0,1,1,6,6,2,2
1020,6,7,1.39657303,2.55,0,2.55,0,1,1,5,5,3,3
1020,26,27,1.395900414,2.55,0,2.55,0,1,1,6,6,2,2
1020,30,32,1.395427336,2.55,0,2.55,0,1,1,6,6,2,2
1020,3,4,1.393224336,2.55,0,2.55,0,1,1,6,6,3,3
1020,46,50,1.39133148,2.55,0,2.55,0,1,1,5,6,3,2
1020,34,35,1.381184453,2.55,0,2.55,0,1,1,6,6,2,2
1020,10,11,1.378278299,2.55,0,2.55,0,1,1,6,6,2,3
1020,2,3,1.357980303,3.44,1,2.55,0,0,1,6,6,2,3
1020,0,5,1.34379704,2.55,0,2.55,0,0,0,6,6,2,2
1020,1,25,1.540797714,2.55,0,2.55,0,0,1,6,6,4,3
1020,1,14,1.537936075,2.55,0,2.55,0,0,1,6,6,4,3
1020,61,62,1.509087225,2.55,0,2.55,0,0,0,0,0,3,1
1020,39,40,1.508349284,2.55,0,2.55,0,0,0,0,0,3,1
1020,11,41,1.3892679,2.55,0,3.44,1,1,0,6,0,3,2
1020,29,60,1.386382474,2.55,0,3.44,1,1,0,6,0,3,2
1020,39,41,1.364468243,2.55,0,3.44,1,0,0,0,0,3,2
1020,60,61,1.361918818,3.44,1,2.55,0,0,0,0,0,2,3
1020,61,66,1.202391433,2.55,0,3.44,1,0,0,0,0,3,1
1020,39,42,1.201398043,2.55,0,3.44,1,0,0,0,0,3,1
1021,17,19,1.58950181,2.55,0,2.55,0,0,0,5,5,4,4
1021,13,19,1.522611952,2.55,0,2.55,0,1,0,5,5,3,4
1021,16,17,1.503573845,2.55,0,2.55,0,0,0,6,5,2,4
1021,17,18,1.476728929,2.55,0,3.44,1,0,0,5,6,4,2
1021,2,15,1.455464426,2.55,0,2.55,0,0,0,6,6,3,2
1021,17,20,1.446896353,2.55,0,3.04,2,0,0,5,5,4,3
1021,1,2,1.412477811,2.55,0,2.55,0,0,0,6,6,3,3
1021,0,1,1.411891777,2.55,0,2.55,0,0,0,6,6,3,3
1021,14,20,1.406318357,2.55,0,3.04,2,1,0,5,5,3,3
1021,10,11,1.406034246,2.55,0,2.55,0,1,1,6,6,2,2
1021,13,14,1.404804606,2.55,0,2.55,0,1,1,5,5,3,3
1021,7,8,1.404353792,2.55,0,2.55,0,1,1,6,6,2,2
1021,4,5,1.399374926,2.55,0,2.55,0,0,0,6,6,3,2
1021,2,3,1.398859211,2.55,0,2.55,0,0,0,6,6,3,2
1021,8,10,1.39721593,2.55,0,2.55,0,1,1,6,6,2,2
1021,7,14,1.397034605,2.55,0,2.55,0,1,1,6,5,2,3
1021,0,5,1.393744107,2.55,0,2.55,0,0,0,6,6,3,2
1021,3,4,1.392571926,2.55,0,2.55,0,0,0,6,6,2,3
1021,11,13,1.389050587,2.55,0,2.55,0,1,1,6,5,2,3
1021,1,18,1.344747521,2.55,0,3.44,1,0,0,6,6,3,2
1021,15,16,1.344275841,2.55,0,2.55,0,0,0,6,6,2,2
1021,19,21,1.546545697,2.55,0,2.55,0,0,0,5,0,4,1
1021,19,25,1.53292924,2.55,0,2.55,0,0,0,5,0,4,1
1021,29,37,1.532616865,2.55,0,2.55,0,0,0,0,0,2,2
1021,53,55,1.522936253,2.55,0,2.55,0,0,0,0,0,3,3
1021,43,44,1.521889589,2.55,0,2.55,0,0,0,0,0,3,3
1021,53,60,1.514964648,2.55,0,2.55,0,0,0,0,0,3,1
1021,44,45,1.514849599,2.55,0,2.55,0,0,0,0,0,3,1
1021,0,57,1.507753948,2.55,0,2.55,0,0,0,6,0,3,2
1021,4,33,1.471500135,2.55,0,3.04,2,0,0,6,0,3,3
1021,20,29,1.450455148,3.04,2,2.55,0,0,0,5,0,3,2
1021,37,40,1.435577754,2.55,0,3.44,1,0,0,0,0,2,2
1021,54,57,1.429410473,3.44,1,2.55,0,0,0,0,0,2,2
1021,54,55,1.345057213,3.44,1,2.55,0,0,0,0,0,2,3
1021,40,43,1.343165678,3.44,1,2.55,0,0,0,0,0,2,3
1021,33,35,1.22302816,3.04,2,3.44,1,0,0,0,0,3,1
1021,33,34,1.221324275,3.04,2,3.44,1,0,0,0,0,3,1
1021,43,50,1.206787963,2.55,0,3.44,1,0,0,0,0,3,1
1021,55,56,1.204015719,2.55,0,3.44,1,0,0,0,0,3,1
1022,82,86,1.755205572,2.55,0,2.58,3,0,0,5,5,3,2
1022,85,86,1.742871081,2.55,0,2.58,3,0,0,5,5,3,2
1023,19,20,1.85456893,2.55,0,2.58,3,0,0,5,6,4,2
1023,1,20,1.77819118,2.55,0,2.58,3,1,0,6,6,3,2
1024,17,19,1.587834331,2.55,0,2.55,0,0,0,5,5,4,4
1024,16,17,1.523343138,2.55,0,2.55,0,0,0,6,5,2,4
1024,13,19,1.522967141,2.55,0,2.55,0,1,0,5,5,3,4
1024,17,20,1.465173404,2.55,0,3.04,2,0,0,5,5,4,3
1024,3,4,1.433869231,2.55,0,2.55,0,1,1,6,6,3,3
1024,2,3,1.433730057,2.55,0,2.55,0,1,1,6,6,3,3
1024,17,18,1.429200416,2.55,0,3.44,1,0,0,5,6,4,2
1024,4,5,1.423549331,2.55,0,2.55,0,1,1,6,6,3,2
1024,4,30,1.422658965,2.55,0,2.55,0,1,1,6,6,3,2
1024,0,1,1.42101681,2.55,0,2.55,0,1,1,6,6,3,3
1024,3,56,1.420331861,2.55,0,2.55,0,1,1,6,6,3,2
1024,47,54,1.417499952,2.55,0,2.55,0,1,1,6,6,2,2
1024,13,14,1.40980175,2.55,0,2.55,0,1,1,5,5,3,3
1024,10,11,1.406176984,2.55,0,2.55,0,1,1,6,6,2,2
1024,7,8,1.403065521,2.55,0,2.55,0,1,1,6,6,2,2
1024,7,14,1.399824149,2.55,0,2.55,0,1,1,6,5,2,3
1024,2,15,1.398354625,2.55,0,3.04,2,1,0,6,6,3,2
1024,8,10,1.397444784,2.55,0,2.55,0,1,1,6,6,2,2
1024,14,20,1.392138111,2.55,0,3.04,2,1,0,5,5,3,3
1024,1,2,1.388712998,2.55,0,2.55,0,1,1,6,6,3,3
1024,11,13,1.388552992,2.55,0,2.55,0,1,1,6,5,2,3
1024,54,56,1.380797714,2.55,0,2.55,0,1,1,6,6,2,2
1024,30,47,1.379858821,2.55,0,2.55,0,1,1,6,6,2,2
1024,0,5,1.374663753,2.55,0,2.55,0,1,1,6,6,3,2
1024,1,18,1.356198006,2.55,0,3.44,1,1,0,6,6,3,2
1024,15,16,1.277121487,3.04,2,2.55,0,0,0,6,6,2,2
1024,19,21,1.545871006,2.55,0,2.55,0,0,0,5,0,4,1
1024,19,25,1.535596653,2.55,0,2.55,0,0,0,5,0,4,1
1024,29,33,1.524587378,2.55,0,2.55,0,0,0,0,0,2,2
1024,39,40,1.509636604,2.55,0,2.55,0,0,0,0,0,3,1
1024,46,49,1.505289461,2.55,0,2.55,0,0,0,0,0,3,1
1024,20,29,1.451420333,3.04,2,2.55,0,0,0,5,0,3,2
1024,33,36,1.435120141,2.55,0,3.44,1,0,0,0,0,2,2
1024,0,45,1.386604387,2.55,0,3.44,1,1,0,6,0,3,2
1024,45,46,1.367677548,3.44,1,2.55,0,0,0,0,0,2,3
1024,36,39,1.352128211,3.44,1,2.55,0,0,0,0,0,2,3
1024,39,44,1.205096242,2.55,0,3.44,1,0,0,0,0,3,1
1024,46,53,1.201267506,2.55,0,3.44,1,0,0,0,0,3,1
1025,19,21,1.590266786,2.55,0,2.55,0,0,0,5,5,4,4
1025,15,21,1.522399225,2.55,0,2.55,0,1,0,5,5,3,4
1025,18,19,1.504984138,2.55,0,2.55,0,0,0,6,5,2,4
1025,19,20,1.464572805,2.55,0,3.44,1,0,0,5,6,4,2
1025,2,17,1.455857927,2.55,0,2.55,0,0,0,6,6,3,2
1025,19,22,1.45225204,2.55,0,3.04,2,0,0,5,5,4,3
1025,32,33,1.410958726,2.55,0,2.55,0,1,1,6,6,3,2
1025,5,6,1.410354266,2.55,0,2.55,0,0,0,6,6,3,2
1025,1,2,1.406883712,2.55,0,2.55,0,0,0,6,6,3,3
1025,12,13,1.406379045,2.55,0,2.55,0,1,1,6,6,2,2
1025,72,74,1.406033056,2.55,0,2.55,0,1,1,6,6,3,2
1025,15,16,1.40588359,2.55,0,2.55,0,1,1,5,5,3,3
1025,57,58,1.405220995,2.55,0,2.55,0,1,1,6,6,2,3
1025,32,34,1.40436389,2.55,0,2.55,0,1,1,6,6,3,2
1025,9,10,1.404283914,2.55,0,2.55,0,1,1,6,6,2,2
1025,0,1,1.404098736,2.55,0,2.55,0,0,0,6,6,3,3
1025,3,5,1.40370196,2.55,0,2.55,0,0,0,6,6,2,3
1025,16,22,1.403699435,2.55,0,3.04,2,1,0,5,5,3,3
1025,2,3,1.403632331,2.55,0,2.55,0,0,0,6,6,3,2
1025,72,73,1.403053973,2.55,0,2.55,0,1,1,6,6,3,2
1025,58,59,1.402387315,2.55,0,2.55,0,1,1,6,6,3,2
1025,75,76,1.401792241,2.55,0,2.55,0,1,1,6,6,2,2
1025,73,77,1.40120873,2.55,0,2.55,0,1,1,6,6,2,2
1025,34,59,1.398748367,2.55,0,2.55,0,1,1,6,6,2,2
1025,9,16,1.398418523,2.55,0,2.55,0,1,1,6,5,2,3
1025,10,12,1.397724837,2.55,0,2.55,0,1,1,6,6,2,2
1025,76,77,1.395237919,2.55,0,2.55,0,1,1,6,6,2,2
1025,74,75,1.392747385,2.55,0,2.55,0,1,1,6,6,2,2
1025,33,57,1.390467131,2.55,0,2.55,0,1,1,6,6,2,2
1025,0,6,1.390271476,2.55,0,2.55,0,0,0,6,6,3,2
1025,13,15,1.389010985,2.55,0,2.55,0,1,1,6,5,2,3
1025,1,20,1.346022398,2.55,0,3.44,1,0,0,6,6,3,2
1025,17,18,1.345647028,2.55,0,2.55,0,0,0,6,6,2,2
1025,21,23,1.545884232,2.55,0,2.55,0,0,0,5,0,4,1
1025,21,27,1.532917477,2.55,0,2.55,0,0,0,5,0,4,1
1025,31,42,1.532127142,2.55,0,2.55,0,0,0,0,0,2,2
1025,65,66,1.520242115,2.55,0,2.55,0,0,0,0,0,2,2
1025,48,49,1.508517951,2.55,0,2.55,0,0,0,0,0,3,1
1025,36,37,1.504420619,2.55,0,2.55,0,0,0,0,0,3,1
1025,5,32,1.486436639,2.55,0,2.55,0,0,1,6,6,3,3
1025,22,31,1.453545626,3.04,2,2.55,0,0,0,5,0,3,2
1025,42,45,1.434866239,2.55,0,3.44,1,0,0,0,0,2,2
1025,64,65,1.411940645,3.44,1,2.55,0,0,0,0,0,2,2
1025,66,69,1.411082312,2.55,0,3.44,1,0,0,0,0,2,2
1025,0,35,1.385885717,2.55,0,3.44,1,0,0,6,0,3,2
1025,35,36,1.371793533,3.44,1,2.55,0,0,0,0,0,2,3
1025,69,72,1.361667536,3.44,1,2.55,0,0,1,0,6,2,3
1025,58,64,1.36029517,2.55,0,3.44,1,1,0,6,0,3,2
1025,45,48,1.350266135,3.44,1,2.55,0,0,0,0,0,2,3
1025,48,53,1.207579925,2.55,0,3.44,1,0,0,0,0,3,1
1025,36,41,1.200636221,2.55,0,3.44,1,0,0,0,0,3,1
1026,18,20,1.58588115,2.55,0,2.55,0,0,0,5,5,4,4
1026,14,20,1.522117477,2.55,0,2.55,0,1,0,5,5,3,4
1026,17,18,1.501016167,2.55,0,2.55,0,0,0,6,5,2,4
1026,18,19,1.478352298,2.55,0,3.44,1,0,0,5,6,4,2
1026,2,16,1.455947477,2.55,0,2.55,0,0,0,6,6,3,2
1026,18,21,1.447282625,2.55,0,3.04,2,0,0,5,5,4,3
1026,3,4,1.43902451,2.55,0,2.55,0,1,1,6,6,3,3
1026,2,3,1.434672967,2.55,0,2.55,0,0,1,6,6,3,3
1026,0,1,1.427672064,2.55,0,2.55,0,0,0,6,6,3,3
1026,3,43,1.425450981,2.55,0,2.55,0,1,1,6,6,3,2
1026,4,5,1.42498711,2.55,0,2.55,0,1,0,6,6,3,2
1026,4,44,1.415506359,2.55,0,2.55,0,1,1,6,6,3,2
1026,45,46,1.412302049,2.55,0,2.55,0,1,1,6,6,3,2
1026,51,52,1.407609758,2.55,0,2.55,0,1,1,6,6,2,3
1026,14,15,1.406681546,2.55,0,2.55,0,1,1,5,5,3,3
1026,11,12,1.406568807,2.55,0,2.55,0,1,1,6,6,2,2
1026,38,50,1.405712189,2.55,0,2.55,0,1,1,6,6,3,2
1026,8,9,1.404060395,2.55,0,2.55,0,1,1,6,6,2,2
1026,15,21,1.404034974,2.55,0,3.04,2,1,0,5,5,3,3
1026,52,53,1.40312997,2.55,0,2.55,0,1,1,6,6,3,2
1026,49,53,1.4009417,2.55,0,2.55,0,1,1,6,6,2,2
1026,38,49,1.398688921,2.55,0,2.55,0,1,1,6,6,3,2
1026,9,11,1.397526331,2.55,0,2.55,0,1,1,6,6,2,2
1026,8,15,1.397437318,2.55,0,2.55,0,1,1,6,5,2,3
1026,1,2,1.396193622,2.55,0,2.55,0,0,0,6,6,3,3
1026,50,51,1.39081313,2.55,0,2.55,0,1,1,6,6,2,2
1026,12,14,1.38867765,2.55,0,2.55,0,1,1,6,5,2,3
1026,44,45,1.379131497,2.55,0,2.55,0,1,1,6,6,2,3
1026,43,46,1.37819211,2.55,0,2.55,0,1,1,6,6,2,2
1026,0,5,1.370365782,2.55,0,2.55,0,0,0,6,6,3,2
1026,16,17,1.347023138,2.55,0,2.55,0,0,0,6,6,2,2
1026,1,19,1.336412092,2.55,0,3.44,1,0,0,6,6,3,2
1026,20,22,1.546269399,2.55,0,2.55,0,0,0,5,0,4,1
1026,20,26,1.532608838,2.55,0,2.55,0,0,0,5,0,4,1
1026,59,60,1.524203221,2.55,0,2.55,0,0,0,0,0,2,1
1026,30,38,1.519082993,2.55,0,2.55,0,0,1,0,6,2,3
1026,32,33,1.502787,2.55,0,2.55,0,0,0,0,0,3,1
1026,45,67,1.473629085,2.55,0,3.04,2,1,0,6,0,3,3
1026,21,30,1.459599418,3.04,2,2.55,0,0,0,5,0,3,2
1026,58,59,1.421522839,3.44,1,2.55,0,0,0,0,0,2,2
1026,0,31,1.380352807,2.55,0,3.44,1,0,0,6,0,3,2
1026,31,32,1.374608419,3.44,1,2.55,0,0,0,0,0,2,3
1026,52,58,1.359019037,2.55,0,3.44,1,1,0,6,0,3,2
1026,67,69,1.222044601,3.04,2,3.44,1,0,0,0,0,3,1
1026,67,68,1.22187027,3.04,2,3.44,1,0,0,0,0,3,1
1026,32,37,1.19995015,2.55,0,3.44,1,0,0,0,0,3,1
1027,19,21,1.595637926,2.55,0,2.55,0,0,0,5,5,4,4
1027,57,65,1.537146947,2.55,0,2.55,0,1,1,5,5,3,4
1027,64,65,1.536493886,2.55,0,2.55,0,1,1,5,5,3,4
1027,15,21,1.523104762,2.55,0,2.55,0,1,0,5,5,3,4
1027,18,19,1.511591943,2.55,0,2.55,0,0,0,6,5,2,4
1027,19,22,1.472110645,2.55,0,3.04,2,0,0,5,5,4,3
1027,58,63,1.465731807,2.55,0,2.55,0,1,1,5,5,3,3
1027,2,17,1.455388014,2.55,0,2.55,0,0,0,6,6,3,2
1027,19,20,1.434345995,2.55,0,3.44,1,0,0,5,6,4,2
1027,63,64,1.41280383,2.55,0,2.55,0,1,1,5,5,3,3
1027,32,33,1.412355102,2.55,0,2.55,0,0,0,6,6,3,2
1027,57,58,1.412016724,2.55,0,2.55,0,1,1,5,5,3,3
1027,15,16,1.410155935,2.55,0,2.55,0,1,1,5,5,3,3
1027,32,34,1.410078256,2.55,0,2.55,0,0,0,6,6,3,2
1027,5,6,1.408592364,2.55,0,2.55,0,0,0,6,6,3,2
1027,12,13,1.407581265,2.55,0,2.55,0,1,1,6,6,2,2
1027,1,2,1.406737301,2.55,0,2.55,0,0,0,6,6,3,3
1027,9,10,1.4043241,2.55,0,2.55,0,1,1,6,6,2,2
1027,3,5,1.403509766,2.55,0,2.55,0,0,0,6,6,2,3
1027,0,1,1.403078255,2.55,0,2.55,0,0,0,6,6,3,3
1027,66,69,1.402699234,2.55,0,2.55,0,0,0,6,6,2,2
1027,2,3,1.402010783,2.55,0,2.55,0,0,0,6,6,3,2
1027,68,69,1.400423413,2.55,0,2.55,0,0,0,6,6,2,2
1027,9,16,1.4002735,2.55,0,2.55,0,1,1,6,5,2,3
1027,63,67,1.399492257,2.55,0,2.55,0,1,0,5,6,3,2
1027,58,59,1.398547726,2.55,0,2.55,0,1,0,5,6,3,2
1027,67,68,1.398162375,2.55,0,2.55,0,0,0,6,6,2,2
1027,10,12,1.396367206,2.55,0,2.55,0,1,1,6,6,2,2
1027,64,66,1.396085991,2.55,0,2.55,0,1,0,5,6,3,2
1027,34,59,1.395449722,2.55,0,2.55,0,0,0,6,6,2,2
1027,33,57,1.39357157,2.55,0,2.55,0,0,1,6,5,2,3
1027,0,6,1.391170464,2.55,0,2.55,0,0,0,6,6,3,2
1027,16,22,1.38873041,2.55,0,3.04,2,1,0,5,5,3,3
1027,13,15,1.387764678,2.55,0,2.55,0,1,1,6,5,2,3
1027,1,20,1.355616295,2.55,0,3.44,1,0,0,6,6,3,2
1027,17,18,1.342863866,2.55,0,2.55,0,0,0,6,6,2,2
1027,65,87,1.5600984,2.55,0,2.55,0,1,0,5,0,4,2
1027,65,74,1.559125764,2.55,0,2.55,0,1,0,5,0,4,2
1027,21,23,1.54572767,2.55,0,2.55,0,0,0,5,0,4,1
1027,31,42,1.538180051,2.55,0,2.55,0,0,0,0,0,2,2
1027,21,27,1.534782802,2.55,0,2.55,0,0,0,5,0,4,1
1027,88,91,1.534484218,2.55,0,2.55,0,0,0,0,0,2,2
1027,75,78,1.534461665,2.55,0,2.55,0,0,0,0,0,2,2
1027,87,88,1.53258678,2.55,0,2.55,0,0,0,0,0,2,2
1027,74,75,1.532499527,2.55,0,2.55,0,0,0,0,0,2,2
1027,78,81,1.529802818,2.55,0,2.55,0,0,0,0,0,2,1
1027,91,94,1.529744469,2.55,0,2.55,0,0,0,0,0,2,1
1027,48,49,1.509305277,2.55,0,2.55,0,0,0,0,0,3,1
1027,36,37,1.506267767,2.55,0,2.55,0,0,0,0,0,3,1
1027,5,32,1.486561189,2.55,0,2.55,0,0,0,6,6,3,3
1027,22,31,1.443937515,3.04,2,2.55,0,0,0,5,0,3,2
1027,42,45,1.435090937,2.55,0,3.44,1,0,0,0,0,2,2
1027,0,35,1.388009865,2.55,0,3.44,1,0,0,6,0,3,2
1027,35,36,1.367747777,3.44,1,2.55,0,0,0,0,0,2,3
1027,45,48,1.353127225,3.44,1,2.55,0,0,0,0,0,2,3
1027,48,53,1.205775428,2.55,0,3.44,1,0,0,0,0,3,1
1027,36,41,1.200503221,2.55,0,3.44,1,0,0,0,0,3,1
1029,13,15,1.590359658,2.55,0,2.55,0,0,0,5,5,4,4
1029,9,15,1.522222982,2.55,0,2.55,0,1,0,5,5,3,4
1029,12,13,1.500824118,2.55,0,2.55,0,0,0,6,5,2,4
1029,13,14,1.470228351,2.55,0,3.44,1,0,0,5,6,4,2
1029,13,16,1.450121677,2.55,0,3.04,2,0,0,5,5,4,3
1029,1,11,1.450057346,2.55,0,2.55,0,0,0,6,6,2,3
1029,45,46,1.420035187,2.55,0,2.55,0,0,0,6,6,3,3
1029,43,46,1.409216021,2.55,0,2.55,0,0,0,6,6,2,3
1029,52,57,1.407937598,2.55,0,2.55,0,1,1,6,6,3,2
1029,69,74,1.407430035,2.55,0,2.55,0,1,1,6,6,3,2
1029,69,70,1.407244211,2.55,0,2.55,0,1,1,6,6,3,2
1029,6,7,1.406774212,2.55,0,2.55,0,1,1,6,6,2,2
1029,9,10,1.406620806,2.55,0,2.55,0,1,1,5,5,3,3
1029,41,42,1.406225902,2.55,0,2.55,0,0,0,6,6,3,2
1029,44,45,1.404841522,2.55,0,2.55,0,0,0,6,6,2,3
1029,3,4,1.404127805,2.55,0,2.55,0,1,1,6,6,2,2
1029,41,44,1.403964119,2.55,0,2.55,0,0,0,6,6,3,2
1029,52,53,1.40207766,2.55,0,2.55,0,1,1,6,6,3,2
1029,55,56,1.400189032,2.55,0,2.55,0,1,1,6,6,2,2
1029,53,54,1.400112565,2.55,0,2.55,0,1,1,6,6,2,3
1029,10,16,1.400013232,2.55,0,3.04,2,1,0,5,5,3,3
1029,54,55,1.399392829,2.55,0,2.55,0,1,1,6,6,3,2
1029,72,73,1.399025601,2.55,0,2.55,0,1,1,6,6,2,2
1029,71,72,1.39774655,2.55,0,2.55,0,1,1,6,6,2,2
1029,70,71,1.397713296,2.55,0,2.55,0,1,1,6,6,2,2
1029,3,10,1.397512289,2.55,0,2.55,0,1,1,6,5,2,3
1029,4,6,1.397106478,2.55,0,2.55,0,1,1,6,6,2,2
1029,73,74,1.395996621,2.55,0,2.55,0,1,1,6,6,2,2
1029,56,57,1.394041458,2.55,0,2.55,0,1,1,6,6,2,2
1029,42,43,1.390248059,2.55,0,2.55,0,0,0,6,6,2,2
1029,7,9,1.388204486,2.55,0,2.55,0,1,1,6,5,2,3
1029,0,1,1.361427056,2.55,0,2.55,0,0,0,6,6,3,2
1029,11,12,1.359511109,2.55,0,2.55,0,0,0,6,6,3,2
1029,0,14,1.349651145,2.55,0,3.44,1,0,0,6,6,3,2
1029,15,17,1.54649707,2.55,0,2.55,0,0,0,5,0,4,1
1029,15,21,1.533128434,2.55,0,2.55,0,0,0,5,0,4,1
1029,25,26,1.526446166,2.55,0,2.55,0,0,0,0,0,2,2
1029,63,64,1.508896776,2.55,0,2.55,0,0,0,0,0,3,1
1029,32,33,1.508858009,2.55,0,2.55,0,0,0,0,0,3,1
1029,45,52,1.494515067,2.55,0,2.55,0,0,1,6,6,3,3
1029,46,69,1.491886343,2.55,0,2.55,0,0,1,6,6,3,3
1029,0,41,1.476864831,2.55,0,2.55,0,0,0,6,6,3,3
1029,16,25,1.450891597,3.04,2,2.55,0,0,0,5,0,3,2
1029,11,49,1.439976254,2.55,0,2.55,0,0,0,6,0,3,2
1029,26,29,1.430745036,2.55,0,3.44,1,0,0,0,0,2,2
1029,54,62,1.387817123,2.55,0,3.44,1,1,0,6,0,3,2
1029,62,63,1.36210608,3.44,1,2.55,0,0,0,0,0,2,3
1029,29,32,1.353027937,3.44,1,2.55,0,0,0,0,0,2,3
1029,32,37,1.204892744,2.55,0,3.44,1,0,0,0,0,3,1
1029,63,68,1.202164985,2.55,0,3.44,1,0,0,0,0,3,1
1029,49,50,1.160921893,2.55,0,3.04,2,0,0,0,0,2,1
1030,17,19,1.586832475,2.55,0,2.55,0,0,0,5,5,4,4
1030,13,19,1.52234874,2.55,0,2.55,0,1,0,5,5,3,4
1030,16,17,1.503568281,2.55,0,2.55,0,0,0,6,5,2,4
1030,17,18,1.482544869,2.55,0,3.44,1,0,0,5,6,4,2
1030,2,15,1.455890795,2.55,0,2.55,0,0,0,6,6,3,2
1030,17,20,1.444915029,2.55,0,3.04,2,0,0,5,5,4,3
1030,1,2,1.41305576,2.55,0,2.55,0,0,0,6,6,3,3
1030,0,1,1.412021417,2.55,0,2.55,0,0,0,6,6,3,3
1030,10,11,1.406326806,2.55,0,2.55,0,1,1,6,6,2,2
1030,44,51,1.40597521,2.55,0,2.55,0,1,1,6,6,3,2
1030,13,14,1.405957986,2.55,0,2.55,0,1,1,5,5,3,3
1030,40,50,1.405543094,2.55,0,2.55,0,1,1,6,6,3,2
1030,65,66,1.405532269,2.55,0,2.55,0,1,1,6,6,2,3
1030,73,74,1.404392045,2.55,0,2.55,0,1,1,6,6,3,2
1030,14,20,1.404188435,2.55,0,3.04,2,1,0,5,5,3,3
1030,7,8,1.403971308,2.55,0,2.55,0,1,1,6,6,2,2
1030,66,69,1.402375564,2.55,0,2.55,0,1,1,6,6,3,2
1030,44,45,1.401939532,2.55,0,2.55,0,1,1,6,6,3,2
1030,43,45,1.400990876,2.55,0,2.55,0,1,1,6,6,2,2
1030,68,73,1.400621357,2.55,0,2.55,0,1,1,6,6,2,3
1030,4,5,1.400108815,2.55,0,2.55,0,0,0,6,6,3,2
1030,2,3,1.399624466,2.55,0,2.55,0,0,0,6,6,3,2
1030,40,43,1.398919859,2.55,0,2.55,0,1,1,6,6,3,2
1030,8,10,1.397501679,2.55,0,2.55,0,1,1,6,6,2,2
1030,7,14,1.396980077,2.55,0,2.55,0,1,1,6,5,2,3
1030,65,68,1.396422794,2.55,0,2.55,0,1,1,6,6,2,2
1030,69,74,1.395788005,2.55,0,2.55,0,1,1,6,6,2,2
1030,3,4,1.393073026,2.55,0,2.55,0,0,0,6,6,2,3
1030,50,51,1.390975172,2.55,0,2.55,0,1,1,6,6,2,2
1030,11,13,1.38884488,2.55,0,2.55,0,1,1,6,5,2,3
1030,0,5,1.386877535,2.55,0,2.55,0,0,0,6,6,3,2
1030,15,16,1.344988631,2.55,0,2.55,0,0,0,6,6,2,2
1030,1,18,1.333950016,2.55,0,3.44,1,0,0,6,6,3,2
1030,19,21,1.546277673,2.55,0,2.55,0,0,0,5,0,4,1
1030,19,25,1.533158497,2.55,0,2.55,0,0,0,5,0,4,1
1030,56,77,1.520521493,2.55,0,2.55,0,0,0,0,0,2,2
1030,29,40,1.520115082,2.55,0,2.55,0,0,1,0,6,2,3
1030,60,62,1.517474842,2.55,0,2.55,0,0,0,0,0,1,2
1030,34,38,1.503077293,2.55,0,2.55,0,0,0,0,0,3,1
1030,4,35,1.469920742,2.55,0,3.04,2,0,0,6,0,3,3
1030,20,29,1.458133882,3.04,2,2.55,0,0,0,5,0,3,2
1030,62,63,1.416803371,2.55,0,3.44,1,0,0,0,0,2,2
1030,56,57,1.412133272,2.55,0,3.44,1,0,0,0,0,2,2
1030,75,77,1.408943961,3.44,1,2.55,0,0,0,0,0,2,2
1030,0,33,1.381082427,2.55,0,3.44,1,0,0,6,0,3,2
1030,33,34,1.374924449,3.44,1,2.55,0,0,0,0,0,2,3
1030,73,75,1.366443549,2.55,0,3.44,1,1,0,6,0,3,2
1030,63,66,1.361463501,3.44,1,2.55,0,0,1,0,6,2,3
1030,44,57,1.360203625,2.55,0,3.44,1,1,0,6,0,3,2
1030,35,37,1.222420392,3.04,2,3.44,1,0,0,0,0,3,1
1030,35,36,1.222213434,3.04,2,3.44,1,0,0,0,0,3,1
1030,34,46,1.199661886,2.55,0,3.44,1,0,0,0,0,3,1
1031,18,20,1.586920721,2.55,0,2.55,0,0,0,5,5,4,4
1031,14,20,1.522287553,2.55,0,2.55,0,1,0,5,5,3,4
1031,17,18,1.503958729,2.55,0,2.55,0,0,0,6,5,2,4
1031,18,19,1.482910891,2.55,0,3.44,1,0,0,5,6,4,2
1031,2,16,1.456019177,2.55,0,2.55,0,0,0,6,6,3,2
1031,18,21,1.440682774,2.55,0,3.04,2,0,0,5,5,4,3
1031,10,11,1.43889443,2.55,0,2.55,0,1,1,6,6,3,3
1031,11,12,1.433860938,2.55,0,2.55,0,1,1,6,6,3,2
1031,9,10,1.430376852,2.55,0,2.55,0,1,1,6,6,2,3
1031,14,15,1.427228317,2.55,0,2.55,0,1,1,5,5,3,3
1031,47,48,1.419995034,2.55,0,2.55,0,1,1,6,6,3,2
1031,10,49,1.418029871,2.55,0,2.55,0,1,1,6,6,3,2
1031,11,46,1.414308207,2.55,0,2.55,0,1,1,6,6,3,2
1031,1,2,1.412850085,2.55,0,2.55,0,0,0,6,6,3,3
1031,0,1,1.411902698,2.55,0,2.55,0,0,0,6,6,3,3
1031,15,21,1.399992846,2.55,0,3.04,2,1,0,5,5,3,3
1031,5,6,1.399968333,2.55,0,2.55,0,0,0,6,6,3,2
1031,2,3,1.399520495,2.55,0,2.55,0,0,0,6,6,3,2
1031,3,5,1.393179775,2.55,0,2.55,0,0,0,6,6,2,3
1031,46,47,1.389354142,2.55,0,2.55,0,1,1,6,6,2,3
1031,0,6,1.386926349,2.55,0,2.55,0,0,0,6,6,3,2
1031,48,49,1.384049665,2.55,0,2.55,0,1,1,6,6,2,2
1031,9,15,1.377103931,2.55,0,2.55,0,1,1,6,5,2,3
1031,12,14,1.368927659,2.55,0,2.55,0,1,1,6,5,2,3
1031,16,17,1.344473043,2.55,0,2.55,0,0,0,6,6,2,2
1031,1,19,1.333972408,2.55,0,3.44,1,0,0,6,6,3,2
1031,20,22,1.546577093,2.55,0,2.55,0,0,0,5,0,4,1
1031,20,26,1.532529787,2.55,0,2.55,0,0,0,5,0,4,1
1031,54,55,1.51765111,2.55,0,2.55,0,0,0,0,0,2,1
1031,35,36,1.502996628,2.55,0,2.55,0,0,0,0,0,3,1
1031,5,31,1.469512515,2.55,0,3.04,2,0,0,6,0,3,3
1031,21,30,1.451340031,3.04,2,2.55,0,0,0,5,0,3,1
1031,53,54,1.417473297,3.44,1,2.55,0,0,0,0,0,2,2
1031,0,34,1.380516683,2.55,0,3.44,1,0,0,6,0,3,2
1031,34,35,1.375667831,3.44,1,2.55,0,0,0,0,0,2,3
1031,47,53,1.360982082,2.55,0,3.44,1,1,0,6,0,3,2
1031,31,32,1.222532768,3.04,2,3.44,1,0,0,0,0,3,1
1031,31,33,1.222193838,3.04,2,3.44,1,0,0,0,0,3,1
1031,35,40,1.199544593,2.55,0,3.44,1,0,0,0,0,3,1
1032,19,21,1.585149862,2.55,0,2.55,0,0,0,5,5,4,4
1032,15,21,1.523012274,2.55,0,2.55,0,1,0,5,5,3,4
1032,18,19,1.505000436,2.55,0,2.55,0,0,0,6,5,2,4
1032,19,20,1.481128264,2.55,0,3.44,1,0,0,5,6,4,2
1032,2,17,1.455810879,2.55,0,2.55,0,1,0,6,6,3,2
1032,19,22,1.448227682,2.55,0,3.04,2,0,0,5,5,4,3
1032,1,2,1.413876911,2.55,0,2.55,0,1,1,6,6,3,3
1032,0,1,1.411440333,2.55,0,2.55,0,1,1,6,6,3,3
1032,56,58,1.410895915,2.55,0,2.55,0,1,1,6,6,3,2
1032,84,86,1.408815104,2.55,0,2.55,0,1,1,6,6,3,2
1032,53,54,1.408087166,2.55,0,2.55,0,1,1,6,6,3,2
1032,66,85,1.407685449,2.55,0,2.55,0,1,1,6,6,3,2
1032,55,57,1.407298174,2.55,0,2.55,0,1,1,6,6,2,3
1032,12,13,1.406234247,2.55,0,2.55,0,1,1,6,6,2,2
1032,15,16,1.405422301,2.55,0,2.55,0,1,1,5,5,3,3
1032,69,76,1.404259281,2.55,0,2.55,0,1,1,6,6,3,2
1032,9,10,1.403676025,2.55,0,2.55,0,1,1,6,6,2,2
1032,16,22,1.403113179,2.55,0,3.04,2,1,0,5,5,3,3
1032,83,84,1.402480607,2.55,0,2.55,0,1,1,6,6,2,3
1032,82,83,1.401120224,2.55,0,2.55,0,1,1,6,6,2,2
1032,72,73,1.400360558,2.55,0,2.55,0,1,1,6,6,2,2
1032,69,72,1.400351218,2.55,0,2.55,0,1,1,6,6,3,2
1032,5,6,1.400321002,2.55,0,2.55,0,1,1,6,6,3,2
1032,74,75,1.399843484,2.55,0,2.55,0,1,1,6,6,2,2
1032,2,3,1.399241329,2.55,0,2.55,0,1,1,6,6,3,2
1032,54,56,1.397743819,2.55,0,2.55,0,1,1,6,6,2,3
1032,10,12,1.397505654,2.55,0,2.55,0,1,1,6,6,2,2
1032,57,58,1.397243746,2.55,0,2.55,0,1,1,6,6,3,2
1032,66,82,1.397074069,2.55,0,2.55,0,1,1,6,6,3,2
1032,73,74,1.397068428,2.55,0,2.55,0,1,1,6,6,2,2
1032,9,16,1.396674689,2.55,0,2.55,0,1,1,6,5,2,3
1032,75,76,1.39609286,2.55,0,2.55,0,1,1,6,6,2,2
1032,53,55,1.393769424,2.55,0,2.55,0,1,1,6,6,3,2
1032,3,5,1.393310338,2.55,0,2.55,0,1,1,6,6,2,3
1032,13,15,1.389007531,2.55,0,2.55,0,1,1,6,5,2,3
1032,85,86,1.388988544,2.55,0,2.55,0,1,1,6,6,2,2
1032,0,6,1.387412794,2.55,0,2.55,0,1,1,6,6,3,2
1032,17,18,1.345337579,2.55,0,2.55,0,0,0,6,6,2,2
1032,1,20,1.336680204,2.55,0,3.44,1,1,0,6,6,3,2
1032,21,23,1.546472952,2.55,0,2.55,0,0,0,5,0,4,1
1032,21,27,1.533752051,2.55,0,2.55,0,0,0,5,0,4,1
1032,31,45,1.528599708,2.55,0,2.55,0,0,0,0,0,2,2
1032,92,93,1.517070699,2.55,0,2.55,0,0,0,0,0,2,1
1032,65,69,1.51398378,2.55,0,2.55,0,0,1,0,6,2,3
1032,64,66,1.506269375,2.55,0,2.55,0,0,1,0,6,2,3
1032,33,34,1.503092076,2.55,0,2.55,0,0,0,0,0,3,1
1032,51,53,1.496331816,2.55,0,2.55,0,0,1,0,6,3,3
1032,5,40,1.468477905,2.55,0,3.04,2,1,0,6,0,3,3
1032,22,31,1.455275623,3.04,2,2.55,0,0,0,5,0,3,2
1032,45,48,1.429804024,2.55,0,3.44,1,0,0,0,0,2,2
1032,62,64,1.425624816,3.44,1,2.55,0,0,0,0,0,2,2
1032,91,92,1.419411661,3.44,1,2.55,0,0,0,0,0,2,2
1032,63,65,1.412912398,3.44,1,2.55,0,0,0,0,0,2,2
1032,0,32,1.380939573,2.55,0,3.44,1,1,0,6,0,3,2
1032,32,33,1.376039032,3.44,1,2.55,0,0,0,0,0,2,3
1032,56,62,1.356349536,2.55,0,3.44,1,1,0,6,0,3,2
1032,84,91,1.356109132,2.55,0,3.44,1,1,0,6,0,3,2
1032,57,63,1.355819995,2.55,0,3.44,1,1,0,6,0,3,2
1032,48,51,1.349615101,3.44,1,2.55,0,0,0,0,0,2,3
1032,40,42,1.225240055,3.04,2,3.44,1,0,0,0,0,3,1
1032,40,41,1.220671261,3.04,2,3.44,1,0,0,0,0,3,1
1032,51,52,1.209507528,2.55,0,3.44,1,0,0,0,0,3,1
1032,33,38,1.19930987,2.55,0,3.44,1,0,0,0,0,3,1
1033,16,18,1.599826431,2.55,0,2.55,0,0,0,5,5,4,4
1033,13,18,1.528969766,2.55,0,2.55,0,0,0,5,5,3,4
1033,2,15,1.515168195,2.55,0,2.55,0,1,0,6,6,3,2
1033,16,19,1.448272995,2.55,0,3.04,2,0,0,5,5,4,3
1033,15,19,1.438737727,2.55,0,3.04,2,0,0,6,5,2,3
1033,16,17,1.434334911,2.55,0,3.44,1,0,0,5,6,4,2
1033,0,1,1.425458656,2.55,0,2.55,0,1,1,6,6,3,3
1033,11,12,1.413401201,2.55,0,2.55,0,0,0,6,6,2,3
1033,13,14,1.405558817,2.55,0,2.55,0,0,0,5,5,3,3
1033,34,56,1.403964682,2.55,0,2.55,0,1,1,6,6,3,2
1033,34,37,1.403482856,2.55,0,2.55,0,1,1,6,6,3,2
1033,1,2,1.403107208,2.55,0,2.55,0,1,1,6,6,3,3
1033,5,6,1.401908626,2.55,0,2.55,0,1,1,6,6,3,2
1033,8,14,1.400839307,2.55,0,2.55,0,0,0,6,5,2,3
1033,2,3,1.400659194,2.55,0,2.55,0,1,1,6,6,3,2
1033,8,9,1.399665157,2.55,0,2.55,0,0,0,6,6,2,2
1033,12,13,1.398221553,2.55,0,2.55,0,0,0,6,5,3,3
1033,39,55,1.398163297,2.55,0,2.55,0,1,1,6,6,2,2
1033,37,38,1.398042005,2.55,0,2.55,0,1,1,6,6,2,2
1033,55,56,1.398010143,2.55,0,2.55,0,1,1,6,6,2,2
1033,38,39,1.397637042,2.55,0,2.55,0,1,1,6,6,2,2
1033,9,11,1.397233205,2.55,0,2.55,0,0,0,6,6,2,2
1033,0,6,1.39230054,2.55,0,2.55,0,1,1,6,6,3,2
1033,3,5,1.38815961,2.55,0,2.55,0,1,1,6,6,2,3
1033,14,19,1.385216936,2.55,0,3.04,2,0,0,5,5,3,3
1033,1,17,1.352482995,2.55,0,3.44,1,1,0,6,6,3,2
1033,18,24,1.545943825,2.55,0,2.55,0,0,0,5,0,4,1
1033,16,34,1.53921685,2.55,0,2.55,0,0,1,5,6,4,3
1033,18,20,1.536796643,2.55,0,2.55,0,0,0,5,0,4,1
1033,44,45,1.517313014,2.55,0,2.55,0,0,0,0,0,2,1
1033,32,33,1.516196663,2.55,0,2.55,0,0,0,0,0,2,1
1033,5,49,1.470728128,2.55,0,3.04,2,1,0,6,0,3,3
1033,31,32,1.423377367,3.44,1,2.55,0,0,0,0,0,2,2
1033,43,44,1.420135552,3.44,1,2.55,0,0,0,0,0,2,2
1033,12,43,1.361710844,2.55,0,3.44,1,0,0,6,0,3,2
1033,0,31,1.350378527,2.55,0,3.44,1,1,0,6,0,3,2
1033,49,51,1.223428504,3.04,2,3.44,1,0,0,0,0,3,1
1033,49,50,1.222499725,3.04,2,3.44,1,0,0,0,0,3,1
1034,16,18,1.595285668,2.55,0,2.55,0,0,0,5,5,4,4
1034,13,18,1.529164481,2.55,0,2.55,0,0,0,5,5,3,4
1034,2,15,1.514858146,2.55,0,2.55,0,0,0,6,6,3,2
1034,16,19,1.447698265,2.55,0,3.04,2,0,0,5,5,4,3
1034,15,19,1.437828869,2.55,0,3.04,2,0,0,6,5,2,3
1034,16,17,1.437500625,2.55,0,3.44,1,0,0,5,6,4,2
1034,0,1,1.426419611,2.55,0,2.55,0,0,0,6,6,3,3
1034,52,56,1.41781486,2.55,0,2.55,0,1,1,6,6,3,3
1034,11,12,1.413462704,2.55,0,2.55,0,0,0,6,6,2,3
1034,52,60,1.410281041,2.55,0,2.55,0,1,1,6,6,3,2
1034,13,14,1.405688571,2.55,0,2.55,0,0,0,5,5,3,3
1034,1,2,1.402882319,2.55,0,2.55,0,0,0,6,6,3,3
1034,56,57,1.402563967,2.55,0,2.55,0,1,1,6,6,3,2
1034,5,6,1.402092479,2.55,0,2.55,0,0,0,6,6,3,2
1034,58,59,1.401838099,2.55,0,2.55,0,1,1,6,6,2,2
1034,2,3,1.400949302,2.55,0,2.55,0,0,0,6,6,3,2
1034,8,14,1.400367279,2.55,0,2.55,0,0,0,6,5,2,3
1034,8,9,1.399987197,2.55,0,2.55,0,0,0,6,6,2,2
1034,12,13,1.398128512,2.55,0,2.55,0,0,0,6,5,3,3
1034,9,11,1.397060709,2.55,0,2.55,0,0,0,6,6,2,2
1034,57,58,1.392410466,2.55,0,2.55,0,1,1,6,6,2,2
1034,0,6,1.392291717,2.55,0,2.55,0,0,0,6,6,3,2
1034,59,60,1.391934023,2.55,0,2.55,0,1,1,6,6,2,2
1034,3,5,1.387659411,2.55,0,2.55,0,0,0,6,6,2,3
1034,14,19,1.386936877,2.55,0,3.04,2,0,0,5,5,3,3
1034,1,17,1.351560452,2.55,0,3.44,1,0,0,6,6,3,2
1034,18,24,1.545510053,2.55,0,2.55,0,0,0,5,0,4,1
1034,18,20,1.536365492,2.55,0,2.55,0,0,0,5,0,4,1
1034,16,34,1.520739989,2.55,0,2.55,0,0,0,5,0,4,2
1034,41,42,1.517199899,2.55,0,2.55,0,0,0,0,0,2,1
1034,32,33,1.516356172,2.55,0,2.55,0,0,0,0,0,2,1
1034,52,53,1.471289356,2.55,0,2.55,0,1,0,6,0,3,2
1034,5,46,1.470858159,2.55,0,3.04,2,0,0,6,0,3,3
1034,31,32,1.422900351,3.44,1,2.55,0,0,0,0,0,2,2
1034,40,41,1.420815344,3.44,1,2.55,0,0,0,0,0,2,2
1034,12,40,1.361057237,2.55,0,3.44,1,0,0,6,0,3,2
1034,56,65,1.358199527,2.55,0,3.44,1,1,0,6,0,3,1
1034,0,31,1.348456018,2.55,0,3.44,1,0,0,6,0,3,2
1034,34,53,1.343479907,2.55,0,2.55,0,0,0,0,0,2,2
1034,46,48,1.223160668,3.04,2,3.44,1,0,0,0,0,3,1
1034,46,47,1.22248981,3.04,2,3.44,1,0,0,0,0,3,1
1035,16,18,1.595582399,2.55,0,2.55,0,0,0,5,5,4,4
1035,13,18,1.529064698,2.55,0,2.55,0,0,0,5,5,3,4
1035,2,15,1.514710587,2.55,0,2.55,0,0,0,6,6,3,2
1035,16,19,1.446436258,2.55,0,3.04,2,0,0,5,5,4,3
1035,15,19,1.437960331,2.55,0,3.04,2,0,0,6,5,2,3
1035,16,17,1.434877023,2.55,0,3.44,1,0,0,5,6,4,2
1035,0,1,1.426056507,2.55,0,2.55,0,0,0,6,6,3,3
1035,52,56,1.419934161,2.55,0,2.55,0,1,1,6,6,3,3
1035,11,12,1.413403928,2.55,0,2.55,0,0,0,6,6,2,3
1035,52,60,1.410039181,2.55,0,2.55,0,1,1,6,6,3,2
1035,13,14,1.40525157,2.55,0,2.55,0,0,0,5,5,3,3
1035,1,2,1.402254609,2.55,0,2.55,0,0,0,6,6,3,3
1035,5,6,1.401758181,2.55,0,2.55,0,0,0,6,6,3,2
1035,2,3,1.401266805,2.55,0,2.55,0,0,0,6,6,3,2
1035,8,9,1.400110034,2.55,0,2.55,0,0,0,6,6,2,2
1035,8,14,1.399987301,2.55,0,2.55,0,0,0,6,5,2,3
1035,56,57,1.399781622,2.55,0,2.55,0,1,1,6,6,3,2
1035,12,13,1.398529132,2.55,0,2.55,0,0,0,6,5,3,3
1035,58,59,1.397500711,2.55,0,2.55,0,1,1,6,6,3,2
1035,9,11,1.39698334,2.55,0,2.55,0,0,0,6,6,2,2
1035,0,6,1.392677319,2.55,0,2.55,0,0,0,6,6,3,2
1035,59,60,1.390196746,2.55,0,2.55,0,1,1,6,6,2,2
1035,57,58,1.39014947,2.55,0,2.55,0,1,1,6,6,2,3
1035,14,19,1.388125578,2.55,0,3.04,2,0,0,5,5,3,3
1035,3,5,1.38737357,2.55,0,2.55,0,0,0,6,6,2,3
1035,1,17,1.353620071,2.55,0,3.44,1,0,0,6,6,3,2
1035,18,24,1.545372528,2.55,0,2.55,0,0,0,5,0,4,1
1035,18,20,1.536594948,2.55,0,2.55,0,0,0,5,0,4,1
1035,16,34,1.522059098,2.55,0,2.55,0,0,0,5,0,4,2
1035,41,42,1.5170288,2.55,0,2.55,0,0,0,0,0,2,1
1035,32,33,1.516170624,2.55,0,2.55,0,0,0,0,0,2,1
1035,58,66,1.479392469,2.55,0,3.04,2,1,0,6,0,3,3
1035,5,46,1.472068374,2.55,0,3.04,2,0,0,6,0,3,3
1035,52,53,1.471157251,2.55,0,2.55,0,1,0,6,0,3,2
1035,31,32,1.423962134,3.44,1,2.55,0,0,0,0,0,2,2
1035,40,41,1.421851123,3.44,1,2.55,0,0,0,0,0,2,2
1035,12,40,1.360273656,2.55,0,3.44,1,0,0,6,0,3,2
1035,56,64,1.353833907,2.55,0,3.44,1,1,0,6,0,3,1
1035,0,31,1.34774427,2.55,0,3.44,1,0,0,6,0,3,2
1035,34,53,1.343038722,2.55,0,2.55,0,0,0,0,0,2,2
1035,46,48,1.222659309,3.04,2,3.44,1,0,0,0,0,3,1
1035,46,47,1.22212432,3.04,2,3.44,1,0,0,0,0,3,1
1035,66,67,1.220941222,3.04,2,3.44,1,0,0,0,0,3,1
1035,66,68,1.220327511,3.04,2,3.44,1,0,0,0,0,3,1
1036,16,18,1.593895968,2.55,0,2.55,0,0,0,5,5,4,4
1036,13,18,1.529795367,2.55,0,2.55,0,0,0,5,5,3,4
1036,2,15,1.514640556,2.55,0,2.55,0,0,0,6,6,3,2
1036,16,19,1.448418862,2.55,0,3.04,2,0,0,5,5,4,3
1036,15,19,1.44031918,2.55,0,3.04,2,0,0,6,5,2,3
1036,16,17,1.433353955,2.55,0,3.44,1,0,0,5,6,4,2
1036,0,1,1.426363644,2.55,0,2.55,0,0,0,6,6,3,3
1036,52,56,1.421890388,2.55,0,2.55,0,0,0,6,6,3,3
1036,52,60,1.420308155,2.55,0,2.55,0,0,0,6,6,3,3
1036,11,12,1.413937982,2.55,0,2.55,0,0,0,6,6,2,3
1036,13,14,1.406882336,2.55,0,2.55,0,0,0,5,5,3,3
1036,1,2,1.402646858,2.55,0,2.55,0,0,0,6,6,3,3
1036,5,6,1.40198256,2.55,0,2.55,0,0,0,6,6,3,2
1036,2,3,1.401136566,2.55,0,2.55,0,0,0,6,6,3,2
1036,8,14,1.400936134,2.55,0,2.55,0,0,0,6,5,2,3
1036,8,9,1.400420602,2.55,0,2.55,0,0,0,6,6,2,2
1036,56,57,1.400059006,2.55,0,2.55,0,0,0,6,6,3,2
1036,12,13,1.39849571,2.55,0,2.55,0,0,0,6,5,3,3
1036,9,11,1.397163402,2.55,0,2.55,0,0,0,6,6,2,2
1036,59,60,1.396330397,2.55,0,2.55,0,0,0,6,6,2,3
1036,58,59,1.393819523,2.55,0,2.55,0,0,0,6,6,3,2
1036,0,6,1.392364727,2.55,0,2.55,0,0,0,6,6,3,2
1036,57,58,1.388049545,2.55,0,2.55,0,0,0,6,6,2,3
1036,3,5,1.387556228,2.55,0,2.55,0,0,0,6,6,2,3
1036,14,19,1.38641814,2.55,0,3.04,2,0,0,5,5,3,3
1036,1,17,1.352709137,2.55,0,3.44,1,0,0,6,6,3,2
1036,18,24,1.544853325,2.55,0,2.55,0,0,0,5,0,4,1
1036,18,20,1.536306763,2.55,0,2.55,0,0,0,5,0,4,1
1036,16,34,1.521723999,2.55,0,2.55,0,0,0,5,0,4,2
1036,41,42,1.517060562,2.55,0,2.55,0,0,0,0,0,2,1
1036,32,33,1.516284031,2.55,0,2.55,0,0,0,0,0,2,1
1036,58,65,1.47920806,2.55,0,3.04,2,0,0,6,0,3,3
1036,5,46,1.471132809,2.55,0,3.04,2,0,0,6,0,3,3
1036,52,53,1.46656736,2.55,0,2.55,0,0,0,6,0,3,2
1036,31,32,1.423067711,3.44,1,2.55,0,0,0,0,0,2,2
1036,40,41,1.421595089,3.44,1,2.55,0,0,0,0,0,2,2
1036,12,40,1.360182121,2.55,0,3.44,1,0,0,6,0,3,2
1036,60,68,1.355286735,2.55,0,3.44,1,0,0,6,0,3,1
1036,56,63,1.352862249,2.55,0,3.44,1,0,0,6,0,3,1
1036,0,31,1.348594917,2.55,0,3.44,1,0,0,6,0,3,2
1036,34,53,1.345243236,2.55,0,2.55,0,0,0,0,0,2,2
1036,46,48,1.223176166,3.04,2,3.44,1,0,0,0,0,3,1
1036,46,47,1.222314891,3.04,2,3.44,1,0,0,0,0,3,1
1036,65,66,1.22182806,3.04,2,3.44,1,0,0,0,0,3,1
1036,65,67,1.21959192,3.04,2,3.44,1,0,0,0,0,3,1
2001,7,8,1.602140499,2.55,0,2.55,0,0,0,4,4,3,3
2001,15,16,1.578896946,2.55,0,2.55,0,0,0,4,4,4,4
2001,3,4,1.576984654,2.55,0,2.55,0,0,0,4,4,3,3
2001,11,14,1.575687243,2.55,0,2.55,0,0,0,4,4,4,4
2001,11,15,1.567287565,2.55,0,2.55,0,0,0,4,4,4,4
2001,0,1,1.557096521,2.55,0,2.55,0,0,0,4,4,2,2
2001,1,4,1.549823506,2.55,0,2.55,0,0,0,4,4,2,3
2001,0,3,1.548261329,2.55,0,2.55,0,0,0,4,4,2,3
2001,14,16,1.547915294,2.55,0,2.55,0,0,0,4,4,4,4
2001,3,7,1.540900548,2.55,0,2.55,0,0,0,4,4,3,3
2001,4,8,1.540691202,2.55,0,2.55,0,0,0,4,4,3,3
2001,8,14,1.536432227,2.55,0,2.55,0,0,0,4,4,3,4
2001,7,11,1.518670003,2.55,0,2.55,0,0,0,4,4,3,4
2001,21,24,1.504630734,2.55,0,2.55,0,0,0,0,0,3,1
2001,5,23,1.503075643,2.55,0,2.55,0,0,0,0,0,3,1
2001,6,16,1.385344042,3.44,1,2.55,0,0,0,0,4,2,4
2001,5,18,1.385151518,2.55,0,3.44,1,0,0,0,0,3,2
2001,6,21,1.384420426,3.44,1,2.55,0,0,0,0,0,2,3
2001,15,18,1.383936446,2.55,0,3.44,1,0,0,4,0,4,2
2001,5,25,1.19565271,2.55,0,3.44,1,0,0,0,0,3,1
2001,21,22,1.195166793,2.55,0,3.44,1,0,0,0,0,3,1
2002,7,8,1.597907271,2.55,0,2.55,0,0,0,4,4,4,4
2002,3,4,1.585686065,2.55,0,2.55,0,0,0,4,4,4,4
2002,11,14,1.582669946,2.55,0,2.55,0,0,0,4,4,3,3
2002,0,1,1.562377475,2.55,0,2.55,0,0,0,4,4,2,2
2002,15,16,1.560533232,2.55,0,2.55,0,0,0,4,4,3,3
2002,11,15,1.550108264,2.55,0,2.55,0,0,0,4,4,3,3
2002,14,16,1.543980625,2.55,0,2.55,0,0,0,4,4,3,3
2002,0,3,1.537143026,2.55,0,2.55,0,0,0,4,4,2,4
2002,1,4,1.535933326,2.55,0,2.55,0,0,0,4,4,2,4
2002,7,11,1.533079518,2.55,0,2.55,0,0,0,4,4,4,3
2002,8,14,1.527902285,2.55,0,2.55,0,0,0,4,4,4,3
2002,4,8,1.526897179,2.55,0,2.55,0,0,0,4,4,4,4
2002,3,7,1.524701926,2.55,0,2.55,0,0,0,4,4,4,4
2002,5,23,1.507716285,2.55,0,2.55,0,0,0,0,0,3,1
2002,21,24,1.507317116,2.55,0,2.55,0,0,0,0,0,3,1
2002,15,18,1.417711955,2.55,0,3.44,1,0,0,4,0,3,2
2002,6,16,1.416429578,3.44,1,2.55,0,0,0,0,4,2,3
2002,5,18,1.361436582,2.55,0,3.44,1,0,0,0,0,3,2
2002,6,21,1.357134464,3.44,1,2.55,0,0,0,0,0,2,3
2002,21,22,1.20407261,2.55,0,3.44,1,0,0,0,0,3,1
2002,5,25,1.202368942,2.55,0,3.44,1,0,0,0,0,3,1
2003,18,29,1.532283955,2.55,0,2.55,0,1,0,5,5,3,4
2003,8,29,1.530803521,2.55,0,2.55,0,1,0,6,5,3,4
2003,13,29,1.529815382,2.55,0,2.55,0,1,0,6,5,3,4
2003,19,31,1.49015611,2.55,0,2.55,0,1,0,5,5,3,3
2003,29,30,1.485290338,2.55,0,3.04,2,0,0,5,5,4,3
2003,9,16,1.408664888,2.55,0,2.55,0,1,1,6,6,3,2
2003,13,14,1.406897204,2.55,0,2.55,0,1,1,6,6,3,2
2003,6,8,1.406844193,2.55,0,2.55,0,1,1,6,6,2,3
2003,22,24,1.40492779,2.55,0,2.55,0,1,1,6,6,2,2
2003,0,1,1.404363546,2.55,0,2.55,0,1,1,6,6,3,2
2003,10,12,1.403815053,2.55,0,2.55,0,1,1,6,6,2,3
2003,3,4,1.403156125,2.55,0,2.55,0,1,1,6,6,2,2
2003,0,8,1.401625877,2.55,0,2.55,0,1,1,6,6,3,3
2003,24,26,1.400807249,2.55,0,2.55,0,1,1,6,6,2,2
2003,12,13,1.399591543,2.55,0,2.55,0,1,1,6,6,3,3
2003,20,22,1.397911955,2.55,0,2.55,0,1,1,6,6,2,2
2003,19,20,1.395287982,2.55,0,2.55,0,1,1,5,6,3,2
2003,18,19,1.394872959,2.55,0,2.55,0,1,1,5,5,3,3
2003,18,26,1.393931603,2.55,0,2.55,0,1,1,5,6,3,2
2003,9,10,1.393418245,2.55,0,2.55,0,1,1,6,6,3,2
2003,4,6,1.391862646,2.55,0,2.55,0,1,1,6,6,2,2
2003,14,16,1.389928977,2.55,0,2.55,0,1,1,6,6,2,2
2003,1,3,1.389823459,2.55,0,2.55,0,1,1,6,6,2,2
2003,30,31,1.382705994,3.04,2,2.55,0,0,0,5,5,3,3
2003,0,28,1.365431918,2.55,0,3.44,1,1,0,6,6,3,2
2003,12,28,1.365264246,2.55,0,3.44,1,1,0,6,6,3,2
2003,33,34,1.527146339,2.55,0,2.55,0,0,0,0,0,2,2
2003,46,56,1.526754826,2.55,0,2.55,0,0,0,0,0,2,1
2003,45,47,1.524181854,2.55,0,2.55,0,0,0,0,0,2,2
2003,9,43,1.518440714,2.55,0,2.55,0,1,0,6,0,3,2
2003,40,42,1.510126157,2.55,0,2.55,0,0,0,0,0,3,1
2003,65,66,1.509752628,2.55,0,2.55,0,0,0,0,0,3,1
2003,44,46,1.465478816,3.04,2,2.55,0,0,0,0,0,3,2
2003,44,47,1.458230282,3.04,2,2.55,0,0,0,0,0,3,2
2003,43,44,1.458067414,2.55,0,3.04,2,0,0,0,0,2,3
2003,30,33,1.449745607,3.04,2,2.55,0,0,0,5,0,3,2
2003,45,62,1.434084501,2.55,0,3.44,1,0,0,0,0,2,2
2003,34,37,1.433999456,2.55,0,3.44,1,0,0,0,0,2,2
2003,62,65,1.350565754,3.44,1,2.55,0,0,0,0,0,2,3
2003,37,40,1.349868004,3.44,1,2.55,0,0,0,0,0,2,3
2003,31,32,1.217394895,2.55,0,3.44,1,0,0,5,0,3,1
2003,65,70,1.205501256,2.55,0,3.44,1,0,0,0,0,3,1
2003,40,41,1.20534162,2.55,0,3.44,1,0,0,0,0,3,1
2004,18,29,1.532816531,2.55,0,2.55,0,1,0,5,5,3,4
2004,13,29,1.531165206,2.55,0,2.55,0,1,0,6,5,3,4
2004,8,29,1.524640444,2.55,0,2.55,0,0,0,6,5,3,4
2004,19,31,1.490376454,2.55,0,2.55,0,1,0,5,5,3,3
2004,29,30,1.488290654,2.55,0,3.04,2,0,0,5,5,4,3
2004,3,4,1.42567486,2.55,0,2.55,0,0,0,6,6,3,2
2004,1,3,1.411290866,2.55,0,2.55,0,0,0,6,6,2,3
2004,9,16,1.408684941,2.55,0,2.55,0,1,1,6,6,3,2
2004,13,14,1.407001793,2.55,0,2.55,0,1,1,6,6,3,2
2004,6,8,1.406517463,2.55,0,2.55,0,0,0,6,6,2,3
2004,22,24,1.405121439,2.55,0,2.55,0,1,1,6,6,2,2
2004,10,12,1.404482331,2.55,0,2.55,0,1,1,6,6,2,3
2004,24,26,1.400714869,2.55,0,2.55,0,1,1,6,6,2,2
2004,12,13,1.400427929,2.55,0,2.55,0,1,1,6,6,3,3
2004,0,1,1.399978717,2.55,0,2.55,0,0,0,6,6,3,2
2004,0,8,1.398188604,2.55,0,2.55,0,0,0,6,6,3,3
2004,20,22,1.397905825,2.55,0,2.55,0,1,1,6,6,2,2
2004,19,20,1.395250535,2.55,0,2.55,0,1,1,5,6,3,2
2004,18,19,1.394965537,2.55,0,2.55,0,1,1,5,5,3,3
2004,18,26,1.393997907,2.55,0,2.55,0,1,1,5,6,3,2
2004,9,10,1.393475106,2.55,0,2.55,0,1,1,6,6,3,2
2004,14,16,1.390098349,2.55,0,2.55,0,1,1,6,6,2,2
2004,4,6,1.385917468,2.55,0,2.55,0,0,0,6,6,2,2
2004,30,31,1.380867174,3.04,2,2.55,0,0,0,5,5,3,3
2004,0,28,1.368804303,2.55,0,3.44,1,0,0,6,6,3,2
2004,12,28,1.363952382,2.55,0,3.44,1,1,0,6,6,3,2
2004,78,79,1.533640019,2.55,0,2.55,0,0,0,0,0,2,1
2004,33,34,1.526987696,2.55,0,2.55,0,0,0,0,0,2,2
2004,46,55,1.526844126,2.55,0,2.55,0,0,0,0,0,2,1
2004,71,72,1.525722544,2.55,0,2.55,0,0,0,0,0,2,1
2004,45,47,1.524214316,2.55,0,2.55,0,0,0,0,0,2,2
2004,9,43,1.518122308,2.55,0,2.55,0,1,0,6,0,3,2
2004,40,42,1.510685524,2.55,0,2.55,0,0,0,0,0,3,1
2004,64,65,1.510043173,2.55,0,2.55,0,0,0,0,0,3,1
2004,44,46,1.465135309,3.04,2,2.55,0,0,0,0,0,3,2
2004,70,71,1.464361704,3.04,2,2.55,0,0,0,0,0,3,2
2004,70,78,1.459500153,3.04,2,2.55,0,0,0,0,0,3,2
2004,43,44,1.45887843,2.55,0,3.04,2,0,0,0,0,2,3
2004,44,47,1.458037362,3.04,2,2.55,0,0,0,0,0,3,2
2004,30,33,1.448996398,3.04,2,2.55,0,0,0,5,0,3,2
2004,34,37,1.435073381,2.55,0,3.44,1,0,0,0,0,2,2
2004,45,61,1.434574683,2.55,0,3.44,1,0,0,0,0,2,2
2004,3,70,1.388088579,2.55,0,3.04,2,0,0,6,0,3,3
2004,61,64,1.350049322,3.44,1,2.55,0,0,0,0,0,2,3
2004,37,40,1.348619053,3.44,1,2.55,0,0,0,0,0,2,3
2004,31,32,1.218319035,2.55,0,3.44,1,0,0,5,0,3,1
2004,40,41,1.205747683,2.55,0,3.44,1,0,0,0,0,3,1
2004,64,69,1.205513895,2.55,0,3.44,1,0,0,0,0,3,1
2005,18,29,1.53216801,2.55,0,2.55,0,1,0,5,5,3,4
2005,13,29,1.529852427,2.55,0,2.55,0,1,0,6,5,3,4
2005,8,29,1.528308195,2.55,0,2.55,0,1,0,6,5,3,4
2005,19,31,1.490373094,2.55,0,2.55,0,1,0,5,5,3,3
2005,29,30,1.487103348,2.55,0,3.04,2,0,0,5,5,4,3
2005,3,4,1.409108437,2.55,0,2.55,0,1,1,6,6,3,2
2005,9,16,1.40852069,2.55,0,2.55,0,1,1,6,6,3,2
2005,13,14,1.406803985,2.55,0,2.55,0,1,1,6,6,3,2
2005,22,24,1.405012106,2.55,0,2.55,0,1,1,6,6,2,2
2005,0,8,1.404727621,2.55,0,2.55,0,1,1,6,6,3,3
2005,10,12,1.403849263,2.55,0,2.55,0,1,1,6,6,2,3
2005,6,8,1.402667952,2.55,0,2.55,0,1,1,6,6,2,3
2005,24,26,1.400763272,2.55,0,2.55,0,1,1,6,6,2,2
2005,12,13,1.399881204,2.55,0,2.55,0,1,1,6,6,3,3
2005,1,3,1.398944902,2.55,0,2.55,0,1,1,6,6,2,3
2005,20,22,1.397889586,2.55,0,2.55,0,1,1,6,6,2,2
2005,0,1,1.397330961,2.55,0,2.55,0,1,1,6,6,3,2
2005,19,20,1.395319894,2.55,0,2.55,0,1,1,5,6,3,2
2005,18,19,1.394834427,2.55,0,2.55,0,1,1,5,5,3,3
2005,18,26,1.394028902,2.55,0,2.55,0,1,1,5,6,3,2
2005,9,10,1.393621956,2.55,0,2.55,0,1,1,6,6,3,2
2005,4,6,1.392969708,2.55,0,2.55,0,1,1,6,6,2,2
2005,14,16,1.389957933,2.55,0,2.55,0,1,1,6,6,2,2
2005,30,31,1.381891902,3.04,2,2.55,0,0,0,5,5,3,3
2005,12,28,1.365491909,2.55,0,3.44,1,1,0,6,6,3,2
2005,0,28,1.365418173,2.55,0,3.44,1,1,0,6,6,3,2
2005,33,34,1.526951292,2.55,0,2.55,0,0,0,0,0,2,2
2005,46,55,1.526758092,2.55,0,2.55,0,0,0,0,0,2,1
2005,45,47,1.524208199,2.55,0,2.55,0,0,0,0,0,2,2
2005,9,43,1.518595755,2.55,0,2.55,0,1,0,6,0,3,2
2005,40,42,1.510224305,2.55,0,2.55,0,0,0,0,0,3,1
2005,64,65,1.509803122,2.55,0,2.55,0,0,0,0,0,3,1
2005,44,46,1.465180506,3.04,2,2.55,0,0,0,0,0,3,2
2005,43,44,1.458179311,2.55,0,3.04,2,0,0,0,0,2,3
2005,44,47,1.458048648,3.04,2,2.55,0,0,0,0,0,3,2
2005,30,33,1.449076554,3.04,2,2.55,0,0,0,5,0,3,2
2005,45,61,1.434255859,2.55,0,3.44,1,0,0,0,0,2,2
2005,34,37,1.434215372,2.55,0,3.44,1,0,0,0,0,2,2
2005,70,71,1.412064492,3.44,1,2.55,0,0,0,0,0,2,1
2005,3,70,1.353663568,2.55,0,3.44,1,1,0,6,0,3,2
2005,61,64,1.350391339,3.44,1,2.55,0,0,0,0,0,2,3
2005,37,40,1.349392714,3.44,1,2.55,0,0,0,0,0,2,3
2005,31,32,1.2177676,2.55,0,3.44,1,0,0,5,0,3,1
2005,40,41,1.205636757,2.55,0,3.44,1,0,0,0,0,3,1
2005,64,69,1.205497729,2.55,0,3.44,1,0,0,0,0,3,1
2006,17,28,1.532193826,2.55,0,2.55,0,1,0,5,5,3,4
2006,12,28,1.528578777,2.55,0,2.55,0,1,0,6,5,3,4
2006,7,28,1.528573724,2.55,0,2.55,0,1,0,6,5,3,4
2006,18,30,1.490171123,2.55,0,2.55,0,1,0,5,5,3,3
2006,28,29,1.485921212,2.55,0,3.04,2,0,0,5,5,4,3
2006,0,1,1.434884215,2.55,0,2.55,0,1,1,6,6,3,3
2006,1,2,1.431078679,2.55,0,2.55,0,1,1,6,6,3,3
2006,2,3,1.426411306,2.55,0,2.55,0,1,1,6,6,3,2
2006,5,7,1.42592012,2.55,0,2.55,0,1,1,6,6,2,3
2006,2,69,1.421456039,2.55,0,2.55,0,1,1,6,6,3,2
2006,1,70,1.420264016,2.55,0,2.55,0,1,1,6,6,3,2
2006,71,72,1.415827326,2.55,0,2.55,0,1,1,6,6,2,2
2006,8,15,1.408728256,2.55,0,2.55,0,1,1,6,6,3,2
2006,12,13,1.406781474,2.55,0,2.55,0,1,1,6,6,3,2
2006,21,23,1.404944584,2.55,0,2.55,0,1,1,6,6,2,2
2006,9,11,1.403445217,2.55,0,2.55,0,1,1,6,6,2,3
2006,23,25,1.400826643,2.55,0,2.55,0,1,1,6,6,2,2
2006,11,12,1.398793635,2.55,0,2.55,0,1,1,6,6,3,3
2006,19,21,1.397953835,2.55,0,2.55,0,1,1,6,6,2,2
2006,18,19,1.395223047,2.55,0,2.55,0,1,1,5,6,3,2
2006,17,18,1.395014805,2.55,0,2.55,0,1,1,5,5,3,3
2006,17,25,1.393922121,2.55,0,2.55,0,1,1,5,6,3,2
2006,8,9,1.393581153,2.55,0,2.55,0,1,1,6,6,3,2
2006,13,15,1.389981699,2.55,0,2.55,0,1,1,6,6,2,2
2006,0,7,1.384038938,2.55,0,2.55,0,1,1,6,6,3,3
2006,29,30,1.382797861,3.04,2,2.55,0,0,0,5,5,3,3
2006,70,71,1.381592663,2.55,0,2.55,0,1,1,6,6,2,2
2006,69,72,1.380725876,2.55,0,2.55,0,1,1,6,6,2,2
2006,3,5,1.372909859,2.55,0,2.55,0,1,1,6,6,2,2
2006,11,27,1.365628992,2.55,0,3.44,1,1,0,6,6,3,2
2006,0,27,1.364356513,2.55,0,3.44,1,1,0,6,6,3,2
2006,32,33,1.52684288,2.55,0,2.55,0,0,0,0,0,2,2
2006,45,54,1.52672806,2.55,0,2.55,0,0,0,0,0,2,1
2006,44,46,1.52416358,2.55,0,2.55,0,0,0,0,0,2,2
2006,8,42,1.518205314,2.55,0,2.55,0,1,0,6,0,3,2
2006,39,41,1.510176533,2.55,0,2.55,0,0,0,0,0,3,1
2006,63,64,1.509761972,2.55,0,2.55,0,0,0,0,0,3,1
2006,43,45,1.465389461,3.04,2,2.55,0,0,0,0,0,3,2
2006,43,46,1.458258192,3.04,2,2.55,0,0,0,0,0,3,2
2006,42,43,1.458140081,2.55,0,3.04,2,0,0,0,0,2,3
2006,29,32,1.449707371,3.04,2,2.55,0,0,0,5,0,3,2
2006,44,60,1.434059355,2.55,0,3.44,1,0,0,0,0,2,2
2006,33,36,1.433882032,2.55,0,3.44,1,0,0,0,0,2,2
2006,60,63,1.350541684,3.44,1,2.55,0,0,0,0,0,2,3
2006,36,39,1.349895279,3.44,1,2.55,0,0,0,0,0,2,3
2006,30,31,1.217412885,2.55,0,3.44,1,0,0,5,0,3,1
2006,63,68,1.205488697,2.55,0,3.44,1,0,0,0,0,3,1
2006,39,40,1.205274108,2.55,0,3.44,1,0,0,0,0,3,1
2007,13,24,1.534413173,2.55,0,2.55,0,1,1,5,5,3,4
2007,8,24,1.532221551,2.55,0,2.55,0,1,1,6,5,3,4
2007,3,24,1.510277492,2.55,0,2.55,0,0,1,6,5,2,4
2007,24,25,1.492543828,2.55,0,3.04,2,1,1,5,5,4,3
2007,14,26,1.484577165,2.55,0,2.55,0,1,1,5,5,3,3
2007,1,50,1.473527935,2.55,0,2.55,0,0,0,6,6,3,3
2007,62,63,1.431038752,2.55,0,2.55,0,0,0,6,6,2,3
2007,2,49,1.429998125,2.55,0,2.55,0,0,0,6,6,2,3
2007,60,63,1.41677202,2.55,0,2.55,0,0,0,6,6,2,3
2007,49,52,1.412612205,2.55,0,2.55,0,0,0,6,6,3,3
2007,49,61,1.411212781,2.55,0,2.55,0,0,0,6,6,3,2
2007,4,11,1.408008089,2.55,0,2.55,0,1,1,6,6,3,2
2007,17,19,1.405564411,2.55,0,2.55,0,1,1,6,6,2,2
2007,8,9,1.405155885,2.55,0,2.55,0,1,1,6,6,3,2
2007,5,7,1.402059165,2.55,0,2.55,0,1,1,6,6,2,3
2007,19,21,1.40037036,2.55,0,2.55,0,1,1,6,6,2,2
2007,7,8,1.400179581,2.55,0,2.55,0,1,1,6,6,3,3
2007,15,17,1.397521913,2.55,0,2.55,0,1,1,6,6,2,2
2007,14,15,1.395777391,2.55,0,2.55,0,1,1,5,6,3,2
2007,13,21,1.394727178,2.55,0,2.55,0,1,1,5,6,3,2
2007,4,5,1.394477115,2.55,0,2.55,0,1,1,6,6,3,2
2007,25,26,1.394331384,3.04,2,2.55,0,1,1,5,5,3,3
2007,50,51,1.394324556,2.55,0,3.44,1,0,0,6,6,3,2
2007,9,11,1.391533889,2.55,0,2.55,0,1,1,6,6,2,2
2007,52,60,1.391396822,2.55,0,2.55,0,0,0,6,6,3,2
2007,13,14,1.391169498,2.55,0,2.55,0,1,1,5,5,3,3
2007,61,62,1.382764627,2.55,0,2.55,0,0,0,6,6,2,2
2007,7,23,1.368457847,2.55,0,3.44,1,1,0,6,6,3,2
2007,1,2,1.367567804,2.55,0,2.55,0,0,0,6,6,3,2
2007,0,23,1.364838449,2.55,0,3.44,1,0,0,6,6,3,2
2007,51,52,1.357413592,3.44,1,2.55,0,0,0,6,6,2,3
2007,0,3,1.346484909,2.55,0,2.55,0,0,0,6,6,3,2
2007,46,97,1.570359585,2.55,0,2.55,0,0,0,0,0,3,3
2007,28,111,1.552612548,2.55,0,2.55,0,0,0,0,0,3,3
2007,33,46,1.536320654,2.55,0,2.55,0,0,0,0,0,2,3
2007,111,113,1.535506033,2.55,0,2.55,0,0,0,0,0,3,1
2007,108,111,1.53463382,2.55,0,2.55,0,0,0,0,0,3,3
2007,33,35,1.533321451,2.55,0,2.55,0,0,0,0,0,2,2
2007,76,77,1.533157842,2.55,0,2.55,0,0,0,0,0,2,1
2007,69,70,1.533042892,2.55,0,2.55,0,0,0,0,0,2,1
2007,97,99,1.532196663,2.55,0,2.55,0,0,0,0,0,3,1
2007,28,29,1.531158497,2.55,0,2.55,0,0,0,0,0,3,3
2007,34,40,1.527360847,2.55,0,2.55,0,0,0,0,0,2,1
2007,46,83,1.526886647,2.55,0,2.55,0,0,0,0,0,3,3
2007,92,97,1.526262597,2.55,0,2.55,0,0,0,0,0,3,3
2007,4,31,1.519507446,2.55,0,2.55,0,1,0,6,0,3,2
2007,0,1,1.478834525,2.55,0,2.55,0,0,0,6,6,3,3
2007,32,34,1.464217868,3.04,2,2.55,0,0,0,0,0,3,2
2007,68,76,1.462138288,3.04,2,2.55,0,0,0,0,0,3,2
2007,68,69,1.461477775,3.04,2,2.55,0,0,0,0,0,3,2
2007,32,35,1.461243532,3.04,2,2.55,0,0,0,0,0,3,2
2007,25,28,1.456431659,3.04,2,2.55,0,1,0,5,0,3,3
2007,31,32,1.454970437,2.55,0,3.04,2,0,0,0,0,2,3
2007,84,85,1.430828935,3.44,1,2.55,0,0,0,0,0,2,1
2007,93,94,1.430708439,3.44,1,2.55,0,0,0,0,0,2,1
2007,30,54,1.429025602,3.44,1,2.55,0,0,0,0,0,2,1
2007,105,106,1.427289456,3.44,1,2.55,0,0,0,0,0,2,1
2007,63,68,1.379120976,2.55,0,3.04,2,0,0,6,0,3,3
2007,92,93,1.345068382,2.55,0,3.44,1,0,0,0,0,3,2
2007,83,84,1.344858257,2.55,0,3.44,1,0,0,0,0,3,2
2007,29,30,1.343916948,2.55,0,3.44,1,0,0,0,0,3,2
2007,105,108,1.342728725,3.44,1,2.55,0,0,0,0,0,2,3
2007,26,27,1.215595227,2.55,0,3.44,1,1,0,5,0,3,1
2007,108,110,1.2079666,2.55,0,3.44,1,0,0,0,0,3,1
2007,83,89,1.207937969,2.55,0,3.44,1,0,0,0,0,3,1
2007,90,92,1.207459117,3.44,1,2.55,0,0,0,0,0,1,3
2007,29,53,1.207429641,2.55,0,3.44,1,0,0,0,0,3,1
2007,50,67,1.201472339,2.55,0,3.44,1,0,0,6,0,3,1
2008,15,26,1.529915284,2.55,0,2.55,0,1,1,5,5,3,4
2008,11,26,1.529436521,2.55,0,2.55,0,1,1,6,5,3,4
2008,6,26,1.527255347,2.55,0,2.55,0,1,1,6,5,3,4
2008,16,28,1.491148867,2.55,0,2.55,0,1,1,5,5,3,3
2008,26,27,1.491117198,2.55,0,3.04,2,1,1,5,5,4,3
2008,2,3,1.427197676,2.55,0,2.55,0,1,1,6,6,3,3
2008,7,14,1.421320864,2.55,0,2.55,0,1,1,6,6,3,3
2008,11,12,1.406754436,2.55,0,2.55,0,1,1,6,6,3,2
2008,4,6,1.40544917,2.55,0,2.55,0,1,1,6,6,2,3
2008,19,21,1.405092148,2.55,0,2.55,0,1,1,6,6,2,2
2008,8,10,1.403483503,2.55,0,2.55,0,1,1,6,6,2,3
2008,21,23,1.400646944,2.55,0,2.55,0,1,1,6,6,2,2
2008,1,2,1.400115597,2.55,0,2.55,0,1,1,6,6,2,3
2008,0,1,1.398286917,2.55,0,2.55,0,1,1,6,6,3,2
2008,0,6,1.398025719,2.55,0,2.55,0,1,1,6,6,3,3
2008,17,19,1.397895346,2.55,0,2.55,0,1,1,6,6,2,2
2008,10,11,1.397566966,2.55,0,2.55,0,1,1,6,6,3,3
2008,16,17,1.395388437,2.55,0,2.55,0,1,1,5,6,3,2
2008,3,4,1.395339096,2.55,0,2.55,0,1,1,6,6,3,2
2008,12,14,1.395125809,2.55,0,2.55,0,1,1,6,6,2,3
2008,15,16,1.395105327,2.55,0,2.55,0,1,1,5,5,3,3
2008,15,23,1.394061436,2.55,0,2.55,0,1,1,5,6,3,2
2008,7,8,1.39290576,2.55,0,2.55,0,1,1,6,6,3,2
2008,27,28,1.379404336,3.04,2,2.55,0,1,1,5,5,3,3
2008,0,25,1.367070203,2.55,0,3.44,1,1,0,6,6,3,2
2008,10,25,1.364545649,2.55,0,3.44,1,1,0,6,6,3,2
2008,30,31,1.533673744,2.55,0,2.55,0,0,0,0,0,2,2
2008,65,67,1.527892627,2.55,0,2.55,0,0,0,0,0,2,2
2008,55,75,1.527839456,2.55,0,2.55,0,0,0,0,0,2,1
2008,42,48,1.524817895,2.55,0,2.55,0,0,0,0,0,2,1
2008,7,40,1.519611364,2.55,0,2.55,0,1,0,6,0,3,2
2008,37,39,1.509715069,2.55,0,2.55,0,0,0,0,0,3,1
2008,14,57,1.509558046,2.55,0,2.55,0,1,0,6,0,3,1
2008,3,61,1.50854085,2.55,0,2.55,0,1,0,6,0,3,1
2008,54,55,1.466709731,3.04,2,2.55,0,0,0,0,0,3,2
2008,54,65,1.46076389,3.04,2,2.55,0,0,0,0,0,3,2
2008,40,41,1.459645879,2.55,0,3.04,2,0,0,0,0,2,2
2008,41,42,1.456024316,3.04,2,2.55,0,0,0,0,0,2,2
2008,27,30,1.448252049,3.04,2,2.55,0,1,0,5,0,3,2
2008,31,34,1.436357074,2.55,0,3.44,1,0,0,0,0,2,2
2008,2,54,1.41793528,2.55,0,3.04,2,1,0,6,0,3,3
2008,66,67,1.40803665,3.44,1,2.55,0,0,0,0,0,2,2
2008,66,69,1.402446139,3.44,1,2.55,0,0,0,0,0,2,1
2008,34,37,1.348889201,3.44,1,2.55,0,0,0,0,0,2,3
2008,28,29,1.218817053,2.55,0,3.44,1,1,0,5,0,3,1
2008,37,38,1.207675454,2.55,0,3.44,1,0,0,0,0,3,1
2009,12,28,1.532763605,2.55,0,2.55,0,1,0,6,5,3,4
2009,17,28,1.532581358,2.55,0,2.55,0,1,0,5,5,3,4
2009,7,28,1.527485701,2.55,0,2.55,0,0,0,6,5,3,4
2009,18,30,1.491756373,2.55,0,2.55,0,1,0,5,5,3,3
2009,28,29,1.482235801,2.55,0,3.04,2,0,0,5,5,4,3
2009,68,69,1.418726067,2.55,0,2.55,0,1,1,5,5,3,3
2009,3,4,1.41607308,2.55,0,2.55,0,0,0,6,6,3,3
2009,72,73,1.41242,2.55,0,2.55,0,1,1,6,6,2,2
2009,8,15,1.407695968,2.55,0,2.55,0,1,1,6,6,3,2
2009,12,13,1.406488692,2.55,0,2.55,0,1,1,6,6,3,2
2009,69,70,1.40459781,2.55,0,2.55,0,1,1,5,6,3,2
2009,21,23,1.404366714,2.55,0,2.55,0,1,1,6,6,2,2
2009,9,11,1.402166789,2.55,0,2.55,0,1,1,6,6,2,3
2009,0,1,1.401587136,2.55,0,2.55,0,0,0,6,6,3,2
2009,68,71,1.401207865,2.55,0,2.55,0,1,1,5,6,3,2
2009,23,25,1.4011866,2.55,0,2.55,0,1,1,6,6,2,2
2009,0,7,1.401010506,2.55,0,2.55,0,0,0,6,6,3,3
2009,5,7,1.400067552,2.55,0,2.55,0,0,0,6,6,2,3
2009,11,12,1.399495388,2.55,0,2.55,0,1,1,6,6,3,3
2009,4,5,1.399133104,2.55,0,2.55,0,0,0,6,6,3,2
2009,19,21,1.398431494,2.55,0,2.55,0,1,1,6,6,2,2
2009,17,18,1.395618881,2.55,0,2.55,0,1,1,5,5,3,3
2009,71,72,1.395268263,2.55,0,2.55,0,1,1,6,6,2,2
2009,18,19,1.394860799,2.55,0,2.55,0,1,1,5,6,3,2
2009,8,9,1.394567433,2.55,0,2.55,0,1,1,6,6,3,2
2009,1,3,1.393527618,2.55,0,2.55,0,0,0,6,6,2,3
2009,17,25,1.393365967,2.55,0,2.55,0,1,1,5,6,3,2
2009,70,73,1.392984115,2.55,0,2.55,0,1,1,6,6,2,2
2009,13,15,1.390421865,2.55,0,2.55,0,1,1,6,6,2,2
2009,65,67,1.389119539,2.55,0,3.04,2,1,1,5,5,3,3
2009,29,30,1.389086107,3.04,2,2.55,0,0,0,5,5,3,3
2009,67,68,1.386282274,3.04,2,2.55,0,1,1,5,5,3,3
2009,66,69,1.378408758,3.04,2,2.55,0,1,1,5,5,2,3
2009,11,27,1.371100557,2.55,0,3.44,1,1,0,6,6,3,2
2009,0,27,1.361106418,2.55,0,3.44,1,0,0,6,6,3,2
2009,65,66,1.316253558,2.55,0,3.04,2,1,1,5,5,3,2
2009,78,79,1.53300972,2.55,0,2.55,0,0,0,0,0,2,2
2009,41,43,1.528190526,2.55,0,2.55,0,0,0,0,0,1,2
2009,42,51,1.527478339,2.55,0,2.55,0,0,0,0,0,2,1
2009,79,82,1.52275202,2.55,0,2.55,0,0,0,0,0,2,2
2009,8,39,1.51873039,2.55,0,2.55,0,1,0,6,0,3,2
2009,37,38,1.517568892,2.55,0,2.55,0,0,0,0,0,2,1
2009,4,65,1.479738864,2.55,0,2.55,0,0,1,6,5,3,3
2009,40,42,1.46479258,3.04,2,2.55,0,0,0,0,0,3,2
2009,40,43,1.462896956,3.04,2,2.55,0,0,0,0,0,3,2
2009,32,33,1.461421115,3.04,2,2.55,0,0,0,0,0,2,2
2009,39,40,1.45616255,2.55,0,3.04,2,0,0,0,0,2,3
2009,67,78,1.455689034,3.04,2,2.55,0,1,0,5,0,3,2
2009,34,37,1.412249007,3.44,1,2.55,0,0,0,0,0,2,2
2009,82,85,1.40439287,2.55,0,3.44,1,0,0,0,0,2,2
2009,85,88,1.401822297,3.44,1,2.55,0,0,0,0,0,2,1
2009,33,34,1.398833147,2.55,0,3.44,1,0,0,0,0,2,2
2009,29,32,1.38829157,3.04,2,3.04,2,0,0,5,0,3,2
2009,3,57,1.359535658,2.55,0,3.44,1,0,0,6,0,3,1
2009,30,31,1.213063103,2.55,0,3.44,1,0,0,5,0,3,1
2010,24,25,1.546395533,2.55,0,2.55,0,0,0,6,6,2,3
2010,23,24,1.524791434,2.55,0,2.55,0,0,0,6,6,3,2
2010,21,25,1.513897676,2.55,0,2.55,0,1,0,5,6,3,3
2010,22,23,1.451977709,3.44,1,2.55,0,0,0,6,6,2,3
2010,33,34,1.434609748,2.55,0,2.55,0,1,1,5,5,2,2
2010,20,21,1.423384744,2.55,0,2.55,0,1,1,5,5,3,3
2010,3,4,1.405579011,2.55,0,2.55,0,1,1,6,6,2,3
2010,0,1,1.404577204,2.55,0,2.55,0,1,1,6,6,3,2
2010,4,5,1.404274825,2.55,0,2.55,0,1,1,6,6,3,2
2010,0,7,1.402625845,2.55,0,2.55,0,1,1,6,6,3,2
2010,5,7,1.394701321,2.55,0,2.55,0,1,1,6,6,2,2
2010,1,3,1.390293189,2.55,0,2.55,0,1,1,6,6,2,2
2010,18,21,1.381659332,2.55,0,2.55,0,1,1,5,5,3,3
2010,17,18,1.372408557,3.04,2,2.55,0,1,1,5,5,3,3
2010,31,33,1.369884169,2.55,0,2.55,0,1,1,5,5,3,2
2010,34,35,1.364934983,2.55,0,2.55,0,1,1,5,5,2,2
2010,31,36,1.361081375,2.55,0,3.44,1,1,1,5,5,3,2
2010,35,36,1.356407142,2.55,0,3.44,1,1,1,5,5,2,2
2010,17,19,1.355372306,3.04,2,3.04,2,1,1,5,5,3,2
2010,18,22,1.345224458,2.55,0,3.44,1,1,0,5,6,3,2
2010,19,20,1.321268037,3.04,2,2.55,0,1,1,5,5,2,3
2010,51,60,1.553784324,2.55,0,2.55,0,0,0,0,0,4,2
2010,51,56,1.546285589,2.55,0,2.55,0,0,0,0,0,4,1
2010,51,52,1.545003552,2.55,0,2.55,0,0,0,0,0,4,1
2010,50,51,1.539063763,2.55,0,2.55,0,0,0,0,0,3,4
2010,60,62,1.524904889,2.55,0,2.55,0,0,0,0,0,2,3
2010,62,65,1.523568099,2.55,0,2.55,0,0,0,0,0,3,3
2010,43,44,1.517615858,2.55,0,2.55,0,0,0,0,0,2,2
2010,20,28,1.504866144,2.55,0,2.55,0,1,0,5,0,3,4
2010,25,31,1.502261725,2.55,0,2.55,0,0,1,6,5,3,3
2010,0,9,1.491847875,2.55,0,2.55,0,1,0,6,0,3,3
2010,44,47,1.430463845,2.55,0,3.44,1,0,0,0,0,2,2
2010,66,67,1.430434906,3.44,1,2.55,0,0,0,0,0,2,1
2010,10,11,1.426448155,3.44,1,2.55,0,0,0,0,0,2,1
2010,4,17,1.420862467,2.55,0,3.04,2,1,1,6,5,3,3
2010,41,43,1.419679936,3.44,1,2.55,0,0,0,0,0,2,2
2010,23,41,1.383269531,2.55,0,3.44,1,0,0,6,0,3,2
2010,47,50,1.352887478,3.44,1,2.55,0,0,0,0,0,2,3
2010,9,10,1.349121333,2.55,0,3.44,1,0,0,0,0,3,2
2010,65,66,1.342829113,2.55,0,3.44,1,0,0,0,0,3,2
2010,9,16,1.20983935,2.55,0,3.44,1,0,0,0,0,3,1
2010,50,61,1.204902472,2.55,0,3.44,1,0,0,0,0,3,1
2010,65,71,1.20484119,2.55,0,3.44,1,0,0,0,0,3,1
2011,0,1,1.519401833,2.55,0,2.55,0,0,0,6,6,2,4
2011,4,5,1.456496484,2.55,0,2.55,0,1,0,6,6,3,2
2011,1,2,1.456005826,2.55,0,3.44,1,0,0,6,6,4,2
2011,9,10,1.449122022,2.55,0,2.55,0,1,1,5,5,3,3
2011,10,33,1.423311171,2.55,0,2.55,0,1,1,5,5,3,3
2011,8,9,1.423038115,2.55,0,2.55,0,1,1,5,5,3,3
2011,4,6,1.411417616,2.55,0,2.55,0,1,1,6,6,3,2
2011,3,4,1.410079492,2.55,0,2.55,0,1,1,6,6,3,3
2011,44,45,1.406721656,2.55,0,2.55,0,1,1,6,6,2,2
2011,13,22,1.404149206,2.55,0,2.55,0,1,1,6,6,3,2
2011,7,8,1.40388536,2.55,0,2.55,0,1,1,6,5,2,3
2011,24,31,1.403509022,2.55,0,2.55,0,1,1,6,6,3,2
2011,28,29,1.403217266,2.55,0,2.55,0,1,1,6,6,3,2
2011,10,46,1.402893547,2.55,0,2.55,0,1,1,5,6,3,2
2011,3,9,1.402289592,2.55,0,2.55,0,1,1,6,5,3,3
2011,13,14,1.401557887,2.55,0,2.55,0,1,1,6,6,3,2
2011,24,25,1.400523605,2.55,0,2.55,0,1,1,6,6,3,2
2011,33,43,1.400400741,2.55,0,2.55,0,1,1,5,6,3,2
2011,14,16,1.399167034,2.55,0,2.55,0,1,1,6,6,2,2
2011,18,20,1.398646535,2.55,0,2.55,0,1,1,6,6,2,2
2011,26,28,1.398321173,2.55,0,2.55,0,1,1,6,6,2,3
2011,43,44,1.397152335,2.55,0,2.55,0,1,1,6,6,2,2
2011,16,18,1.397119639,2.55,0,2.55,0,1,1,6,6,2,2
2011,20,22,1.397017361,2.55,0,2.55,0,1,1,6,6,2,2
2011,25,26,1.395908779,2.55,0,2.55,0,1,1,6,6,2,2
2011,45,46,1.395759033,2.55,0,2.55,0,1,1,6,6,2,2
2011,29,31,1.395706071,2.55,0,2.55,0,1,1,6,6,2,2
2011,33,34,1.394880422,2.55,0,3.04,2,1,1,5,5,3,3
2011,6,7,1.393107891,2.55,0,2.55,0,1,1,6,6,2,2
2011,8,34,1.390404666,2.55,0,3.04,2,1,1,5,5,3,3
2011,2,3,1.35583274,3.44,1,2.55,0,0,1,6,6,2,3
2011,0,5,1.34390982,2.55,0,2.55,0,0,0,6,6,2,2
2011,1,24,1.541970564,2.55,0,2.55,0,0,1,6,6,4,3
2011,1,13,1.538542052,2.55,0,2.55,0,0,1,6,6,4,3
2011,51,52,1.531031692,2.55,0,2.55,0,0,0,0,0,2,2
2011,58,59,1.515571754,2.55,0,2.55,0,0,0,0,0,3,1
2011,37,38,1.509275499,2.55,0,2.55,0,0,0,0,0,3,1
2011,34,51,1.444705832,3.04,2,2.55,0,1,0,5,0,3,2
2011,52,55,1.422159188,2.55,0,3.44,1,0,0,0,0,2,2
2011,28,36,1.387113639,2.55,0,3.44,1,1,0,6,0,3,2
2011,55,58,1.362480365,3.44,1,2.55,0,0,0,0,0,2,3
2011,36,37,1.361563028,3.44,1,2.55,0,0,0,0,0,2,3
2011,37,42,1.202398772,2.55,0,3.44,1,0,0,0,0,3,1
2011,58,63,1.199606771,2.55,0,3.44,1,0,0,0,0,3,1
2012,3,4,1.585575555,2.55,0,2.55,0,0,0,5,5,3,4
2012,0,1,1.579471985,2.55,0,2.55,0,0,0,5,5,3,4
2012,80,84,1.567717814,2.55,0,2.55,0,0,0,4,4,4,4
2012,89,91,1.545435314,2.55,0,2.55,0,0,0,6,6,3,2
2012,90,92,1.545219499,2.55,0,2.55,0,0,0,6,6,3,2
2012,89,103,1.544100644,2.55,0,2.55,0,0,0,6,6,3,2
2012,90,96,1.542208494,2.55,0,2.55,0,0,0,6,6,3,2
2012,98,107,1.54218745,2.55,0,2.55,0,0,0,6,6,3,2
2012,93,107,1.541973362,2.55,0,2.55,0,0,0,6,6,3,2
2012,91,93,1.541044787,2.55,0,2.55,0,0,0,6,6,2,3
2012,92,93,1.540802031,2.55,0,2.55,0,0,0,6,6,2,3
2012,96,98,1.540285383,2.55,0,2.55,0,0,0,6,6,2,3
2012,98,103,1.540186128,2.55,0,2.55,0,0,0,6,6,3,2
2012,84,89,1.538660013,2.55,0,2.55,0,0,0,4,6,4,3
2012,84,90,1.538259378,2.55,0,2.55,0,0,0,4,6,4,3
2012,0,3,1.535195345,2.55,0,2.55,0,0,0,5,5,3,3
2012,4,5,1.529884753,2.55,0,2.55,0,0,0,5,5,4,2
2012,1,2,1.529026534,2.55,0,2.55,0,0,0,5,5,4,2
2012,0,8,1.52263286,2.55,0,2.55,0,0,0,5,5,3,3
2012,3,11,1.518297038,2.55,0,2.55,0,0,0,5,5,3,3
2012,82,83,1.467468396,3.44,1,3.44,1,0,0,4,4,2,2
2012,83,84,1.466790847,3.44,1,2.55,0,0,0,4,4,2,4
2012,1,15,1.445887688,2.55,0,3.44,1,0,0,5,5,4,2
2012,4,15,1.429082342,2.55,0,3.44,1,0,0,5,5,4,2
2012,80,82,1.427409634,2.55,0,3.44,1,0,0,4,4,4,2
2012,35,62,1.410483163,2.55,0,2.55,0,0,0,6,6,3,3
2012,63,64,1.40949312,2.55,0,2.55,0,0,0,6,6,3,2
2012,62,63,1.408698993,2.55,0,2.55,0,0,0,6,6,3,3
2012,35,66,1.40770377,2.55,0,2.55,0,0,0,6,6,3,3
2012,65,66,1.407383914,2.55,0,2.55,0,0,0,6,6,2,3
2012,8,10,1.404766846,2.55,0,3.04,2,0,0,5,5,3,3
2012,41,42,1.404646585,2.55,0,2.55,0,1,1,6,6,3,2
2012,40,41,1.402736279,2.55,0,2.55,0,1,1,6,6,2,3
2012,38,43,1.401964053,2.55,0,2.55,0,1,1,6,6,3,2
2012,39,40,1.400669532,2.55,0,2.55,0,1,1,6,6,2,2
2012,10,11,1.395100204,3.04,2,2.55,0,0,0,5,5,3,3
2012,38,39,1.394106333,2.55,0,2.55,0,1,1,6,6,3,2
2012,42,43,1.391917283,2.55,0,2.55,0,1,1,6,6,2,2
2012,64,65,1.385682858,2.55,0,2.55,0,0,0,6,6,2,2
2012,2,5,1.337029652,2.55,0,2.55,0,0,0,5,5,2,2
2012,63,80,1.537815965,2.55,0,2.55,0,0,0,6,4,3,4
2012,21,22,1.525522894,2.55,0,2.55,0,0,0,0,0,2,2
2012,49,50,1.518655194,2.55,0,2.55,0,0,0,0,0,2,2
2012,56,57,1.508958626,2.55,0,2.55,0,0,0,0,0,3,1
2012,24,25,1.508626717,2.55,0,2.55,0,0,0,0,0,3,1
2012,4,16,1.508604962,2.55,0,2.55,0,0,0,5,0,4,2
2012,70,71,1.481159917,2.55,0,2.55,0,0,0,0,0,2,3
2012,66,69,1.464722884,2.55,0,2.55,0,0,0,6,0,3,2
2012,10,21,1.453365739,3.04,2,2.55,0,0,0,5,0,3,2
2012,16,17,1.431913273,2.55,0,3.44,1,0,0,0,0,2,2
2012,22,23,1.42930059,2.55,0,3.44,1,0,0,0,0,2,2
2012,50,53,1.429212979,2.55,0,3.44,1,0,0,0,0,2,2
2012,72,73,1.428054947,3.44,1,2.55,0,0,0,0,0,2,1
2012,81,85,1.422814208,3.44,1,2.55,0,0,0,0,0,2,1
2012,48,49,1.409148381,3.44,1,2.55,0,0,0,0,0,2,2
2012,80,81,1.395839182,2.55,0,3.44,1,0,0,4,0,4,2
2012,37,38,1.391196856,3.44,1,2.55,0,0,1,0,6,2,3
2012,34,35,1.380738252,3.44,1,2.55,0,0,0,0,6,2,3
2012,1,37,1.365484597,2.55,0,3.44,1,0,0,5,0,4,2
2012,41,48,1.363957698,2.55,0,3.44,1,1,0,6,0,3,2
2012,20,34,1.360104539,2.55,0,3.44,1,0,0,0,0,3,2
2012,23,24,1.353154536,3.44,1,2.55,0,0,0,0,0,2,3
2012,53,56,1.352651668,3.44,1,2.55,0,0,0,0,0,2,3
2012,69,70,1.347463886,2.55,0,2.55,0,0,0,0,0,2,2
2012,71,72,1.346081139,2.55,0,3.44,1,0,0,0,0,3,2
2012,17,20,1.331280024,3.44,1,2.55,0,0,0,0,0,2,3
2012,71,79,1.212221931,2.55,0,3.44,1,0,0,0,0,3,1
2012,11,14,1.209869666,2.55,0,3.44,1,0,0,5,0,3,1
2012,8,13,1.206226447,2.55,0,3.44,1,0,0,5,0,3,1
2012,56,61,1.204791473,2.55,0,3.44,1,0,0,0,0,3,1
2012,24,29,1.204725839,2.55,0,3.44,1,0,0,0,0,3,1
2012,20,36,1.19781317,2.55,0,3.44,1,0,0,0,0,3,1
2013,0,1,1.563611871,2.55,0,2.55,0,0,0,5,5,3,3
2013,3,4,1.561328889,2.55,0,2.55,0,0,0,5,5,3,3
2013,2,5,1.559843273,2.55,0,2.55,0,0,0,5,5,3,2
2013,0,3,1.557783237,2.55,0,2.55,0,0,0,5,5,3,3
2013,1,2,1.546870533,2.55,0,2.55,0,0,0,5,5,3,3
2013,4,5,1.540908073,2.55,0,2.55,0,0,0,5,5,3,2
2013,3,9,1.470745266,2.55,0,3.04,2,0,0,5,5,3,2
2013,0,6,1.451901367,2.55,0,3.04,2,0,0,5,5,3,3
2013,4,11,1.431386156,2.55,0,3.44,1,0,0,5,5,3,2
2013,1,11,1.429423174,2.55,0,3.44,1,0,0,5,5,3,2
2013,13,16,1.406314788,2.55,0,2.55,0,1,1,6,6,3,2
2013,17,18,1.405324134,2.55,0,2.55,0,1,1,6,6,2,3
2013,18,19,1.402211021,2.55,0,2.55,0,1,1,6,6,3,2
2013,13,20,1.401893624,2.55,0,2.55,0,1,1,6,6,3,2
2013,19,20,1.397151787,2.55,0,2.55,0,1,1,6,6,2,2
2013,16,17,1.392499141,2.55,0,2.55,0,1,1,6,6,2,2
2013,6,8,1.362487515,3.04,2,3.04,2,0,0,5,5,3,2
2013,8,9,1.251020707,3.04,2,3.04,2,0,0,5,5,2,2
2013,12,13,1.521783515,2.55,0,2.55,0,0,1,0,6,2,3
2013,2,32,1.520755819,2.55,0,2.55,0,0,0,5,0,3,3
2013,18,25,1.494302496,2.55,0,2.55,0,1,0,6,0,3,3
2013,6,12,1.449387249,3.04,2,2.55,0,0,0,5,0,3,2
2013,33,34,1.42914794,3.44,1,2.55,0,0,0,0,0,2,1
2013,26,27,1.426963011,3.44,1,2.55,0,0,0,0,0,2,1
2013,25,26,1.347845229,2.55,0,3.44,1,0,0,0,0,3,2
2013,32,33,1.343458818,2.55,0,3.44,1,0,0,0,0,3,2
2013,25,31,1.209691724,2.55,0,3.44,1,0,0,0,0,3,1
2013,32,38,1.207992001,2.55,0,3.44,1,0,0,0,0,3,1
2014,0,1,1.565527337,2.55,0,2.55,0,0,0,5,5,3,3
2014,0,3,1.55796194,2.55,0,2.55,0,0,0,5,5,3,3
2014,3,4,1.557231604,2.55,0,2.55,0,0,0,5,5,3,3
2014,2,5,1.556747606,2.55,0,2.55,0,0,0,5,5,3,2
2014,1,2,1.549295053,2.55,0,2.55,0,0,0,5,5,3,3
2014,4,5,1.544638948,2.55,0,2.55,0,0,0,5,5,3,2
2014,3,9,1.468952445,2.55,0,3.04,2,0,0,5,5,3,2
2014,0,6,1.454249713,2.55,0,3.04,2,0,0,5,5,3,3
2014,4,11,1.43519267,2.55,0,3.44,1,0,0,5,5,3,2
2014,1,11,1.428894778,2.55,0,3.44,1,0,0,5,5,3,2
2014,13,16,1.406488114,2.55,0,2.55,0,1,1,6,6,3,2
2014,17,18,1.405146267,2.55,0,2.55,0,1,1,6,6,2,3
2014,13,20,1.402432043,2.55,0,2.55,0,1,1,6,6,3,2
2014,18,19,1.402387193,2.55,0,2.55,0,1,1,6,6,3,2
2014,19,20,1.396749596,2.55,0,2.55,0,1,1,6,6,2,2
2014,16,17,1.392654227,2.55,0,2.55,0,1,1,6,6,2,2
2014,6,8,1.366719457,3.04,2,3.04,2,0,0,5,5,3,2
2014,8,9,1.250074408,3.04,2,3.04,2,0,0,5,5,2,2
2014,12,13,1.520161175,2.55,0,2.55,0,0,1,0,6,2,3
2014,2,32,1.513030876,2.55,0,2.55,0,0,0,5,0,3,3
2014,18,25,1.493678983,2.55,0,2.55,0,1,0,6,0,3,3
2014,6,12,1.454322097,3.04,2,2.55,0,0,0,5,0,3,2
2014,33,34,1.428698141,3.44,1,2.55,0,0,0,0,0,2,1
2014,26,27,1.426693523,3.44,1,2.55,0,0,0,0,0,2,1
2014,25,26,1.347991519,2.55,0,3.44,1,0,0,0,0,3,2
2014,32,33,1.3413367,2.55,0,3.44,1,0,0,0,0,3,2
2014,32,38,1.211247778,2.55,0,3.44,1,0,0,0,0,3,1
2014,25,31,1.209733118,2.55,0,3.44,1,0,0,0,0,3,1
2015,0,1,1.588396604,2.55,0,2.55,0,0,0,5,5,3,4
2015,3,4,1.588378968,2.55,0,2.55,0,0,0,5,5,3,4
2015,0,3,1.532559961,2.55,0,2.55,0,0,0,5,5,3,3
2015,4,5,1.529690906,2.55,0,2.55,0,0,0,5,5,4,2
2015,1,2,1.527320808,2.55,0,2.55,0,0,0,5,5,4,2
2015,0,8,1.519225751,2.55,0,2.55,0,0,0,5,5,3,3
2015,3,11,1.518458229,2.55,0,2.55,0,0,0,5,5,3,3
2015,124,125,1.462194548,2.55,0,2.55,0,1,1,6,6,2,3
2015,120,123,1.460084821,2.55,0,2.55,0,1,1,6,6,3,3
2015,141,146,1.458591252,2.55,0,2.55,0,1,1,6,6,2,3
2015,49,140,1.455534412,2.55,0,2.55,0,1,1,6,6,3,3
2015,1,15,1.432167269,2.55,0,3.44,1,0,0,5,5,4,2
2015,4,15,1.426537357,2.55,0,3.44,1,0,0,5,5,4,2
2015,120,121,1.41374664,2.55,0,2.55,0,1,1,6,6,3,3
2015,49,50,1.413194091,2.55,0,2.55,0,1,1,6,6,3,3
2015,35,40,1.413136999,2.55,0,2.55,0,0,0,6,6,3,3
2015,32,47,1.413118055,2.55,0,2.55,0,1,1,6,6,3,2
2015,119,120,1.411200292,2.55,0,2.55,0,1,1,6,6,2,3
2015,48,49,1.410240448,2.55,0,2.55,0,1,1,6,6,2,3
2015,117,118,1.408721522,2.55,0,2.55,0,1,1,6,6,3,2
2015,38,39,1.403785677,2.55,0,2.55,0,0,0,6,6,3,2
2015,39,40,1.403673293,2.55,0,2.55,0,0,0,6,6,2,3
2015,8,10,1.403336498,2.55,0,3.04,2,0,0,5,5,3,3
2015,32,51,1.402277087,2.55,0,2.55,0,1,1,6,6,3,2
2015,37,38,1.400073198,2.55,0,2.55,0,0,0,6,6,2,3
2015,10,11,1.397367997,3.04,2,2.55,0,0,0,5,5,3,3
2015,117,122,1.397191241,2.55,0,2.55,0,1,1,6,6,3,2
2015,36,37,1.397182099,2.55,0,2.55,0,0,0,6,6,2,2
2015,121,122,1.397166694,2.55,0,2.55,0,1,1,6,6,3,2
2015,146,147,1.39570937,2.55,0,3.44,1,1,1,6,6,3,2
2015,50,51,1.395457364,2.55,0,2.55,0,1,1,6,6,3,2
2015,35,36,1.392830964,2.55,0,2.55,0,0,0,6,6,3,2
2015,125,126,1.389905687,2.55,0,3.44,1,1,1,6,6,3,2
2015,118,119,1.38891952,2.55,0,2.55,0,1,1,6,6,2,2
2015,47,48,1.388646644,2.55,0,2.55,0,1,1,6,6,2,2
2015,140,141,1.361991111,2.55,0,2.55,0,1,1,6,6,3,2
2015,123,124,1.359516171,2.55,0,2.55,0,1,1,6,6,3,2
2015,121,126,1.356934192,2.55,0,3.44,1,1,1,6,6,3,2
2015,50,147,1.355237542,2.55,0,3.44,1,1,1,6,6,3,2
2015,2,5,1.33762064,2.55,0,2.55,0,0,0,5,5,2,2
2015,90,100,1.578185378,2.55,0,2.55,0,0,0,0,0,4,3
2015,25,52,1.576198733,2.55,0,2.55,0,0,0,0,0,4,3
2015,25,53,1.547673548,2.55,0,2.55,0,0,0,0,0,4,1
2015,90,92,1.543450777,2.55,0,2.55,0,0,0,0,0,4,1
2015,100,105,1.54069439,2.55,0,2.55,0,0,0,0,0,3,2
2015,90,96,1.539006955,2.55,0,2.55,0,0,0,0,0,4,1
2015,89,90,1.536797548,2.55,0,2.55,0,0,0,0,0,3,4
2015,24,25,1.536695469,2.55,0,2.55,0,0,0,0,0,3,4
2015,44,78,1.536579827,2.55,0,2.55,0,0,0,0,0,3,2
2015,25,57,1.536496735,2.55,0,2.55,0,0,0,0,0,4,1
2015,100,101,1.535592942,2.55,0,2.55,0,0,0,0,0,3,1
2015,52,61,1.534684774,2.55,0,2.55,0,0,0,0,0,3,1
2015,78,80,1.531207085,2.55,0,2.55,0,0,0,0,0,2,2
2015,21,22,1.525874237,2.55,0,2.55,0,0,0,0,0,2,2
2015,52,65,1.525509769,2.55,0,2.55,0,0,0,0,0,3,3
2015,80,83,1.525340224,2.55,0,2.55,0,0,0,0,0,2,2
2015,105,107,1.523162551,2.55,0,2.55,0,0,0,0,0,2,3
2015,38,44,1.51516826,2.55,0,2.55,0,0,0,6,0,3,3
2015,4,16,1.51187319,2.55,0,2.55,0,0,0,5,0,4,2
2015,140,142,1.503556571,2.55,0,2.55,0,1,0,6,0,3,1
2015,123,131,1.50321696,2.55,0,2.55,0,1,0,6,0,3,1
2015,46,117,1.497534975,2.55,0,2.55,0,0,1,0,6,3,3
2015,10,21,1.453738712,3.04,2,2.55,0,0,0,5,0,3,2
2015,44,45,1.449586191,2.55,0,3.44,1,0,0,0,0,3,2
2015,83,86,1.437361265,2.55,0,3.44,1,0,0,0,0,2,2
2015,22,23,1.430035749,2.55,0,3.44,1,0,0,0,0,2,2
2015,67,68,1.428812996,3.44,1,2.55,0,0,0,0,0,2,1
2015,16,17,1.426195559,2.55,0,3.44,1,0,0,0,0,2,2
2015,110,111,1.419810875,3.44,1,2.55,0,0,0,0,0,2,1
2015,73,74,1.410909997,3.44,1,2.55,0,0,0,0,0,2,1
2015,31,32,1.401256889,3.04,2,2.55,0,0,1,0,6,2,3
2015,34,35,1.380503428,3.44,1,2.55,0,0,0,0,6,2,3
2015,20,31,1.376099052,2.55,0,3.04,2,0,0,0,0,3,2
2015,1,34,1.373849022,2.55,0,3.44,1,0,0,5,0,4,2
2015,17,20,1.359816294,3.44,1,2.55,0,0,0,0,0,2,3
2015,107,110,1.356073493,2.55,0,3.44,1,0,0,0,0,3,2
2015,23,24,1.352664199,3.44,1,2.55,0,0,0,0,0,2,3
2015,40,73,1.349858964,2.55,0,3.44,1,0,0,6,0,3,2
2015,65,67,1.348303806,2.55,0,3.44,1,0,0,0,0,3,2
2015,86,89,1.347199804,3.44,1,2.55,0,0,0,0,0,2,3
2015,45,46,1.346816151,3.44,1,2.55,0,0,0,0,0,2,3
2015,89,91,1.210599839,2.55,0,3.44,1,0,0,0,0,3,1
2015,46,116,1.209757395,2.55,0,3.44,1,0,0,0,0,3,1
2015,11,14,1.209466871,2.55,0,3.44,1,0,0,5,0,3,1
2015,8,13,1.208083762,2.55,0,3.44,1,0,0,5,0,3,1
2015,65,72,1.207977808,2.55,0,3.44,1,0,0,0,0,3,1
2015,20,33,1.206440966,2.55,0,3.44,1,0,0,0,0,3,1
2015,24,26,1.205864417,2.55,0,3.44,1,0,0,0,0,3,1
2015,107,115,1.203287685,2.55,0,3.44,1,0,0,0,0,3,1
2015,146,148,1.20192654,2.55,0,3.44,1,1,0,6,0,3,1
2015,125,135,1.201348904,2.55,0,3.44,1,1,0,6,0,3,1
2016,3,4,1.590273415,2.55,0,2.55,0,0,0,5,5,3,4
2016,0,1,1.584501371,2.55,0,2.55,0,0,0,5,5,3,3
2016,0,3,1.537876602,2.55,0,2.55,0,0,0,5,5,3,3
2016,4,5,1.526448533,2.55,0,2.55,0,0,0,5,5,4,2
2016,1,2,1.522688403,2.55,0,2.55,0,0,0,5,5,3,2
2016,0,8,1.52084293,2.55,0,2.55,0,0,0,5,5,3,3
2016,3,11,1.519063862,2.55,0,2.55,0,0,0,5,5,3,3
2016,4,15,1.4333822,2.55,0,3.44,1,0,0,5,5,4,2
2016,1,15,1.426998209,2.55,0,3.44,1,0,0,5,5,3,2
2016,8,10,1.403704186,2.55,0,3.04,2,0,0,5,5,3,3
2016,10,11,1.393243715,3.04,2,2.55,0,0,0,5,5,3,3
2016,2,5,1.337946525,2.55,0,2.55,0,0,0,5,5,2,2
2016,16,17,1.529487992,2.55,0,2.55,0,0,0,0,0,2,3
2016,17,18,1.526683923,2.55,0,2.55,0,0,0,0,0,3,2
2016,28,29,1.517476529,2.55,0,2.55,0,0,0,0,0,2,1
2016,20,40,1.517415397,2.55,0,2.55,0,0,0,0,0,2,1
2016,4,24,1.509997431,2.55,0,2.55,0,0,0,5,0,4,2
2016,10,16,1.452930185,3.04,2,2.55,0,0,0,5,0,3,2
2016,19,20,1.41402335,3.44,1,2.55,0,0,0,0,0,2,2
2016,17,37,1.411740511,2.55,0,3.44,1,0,0,0,0,3,1
2016,25,28,1.411083942,3.44,1,2.55,0,0,0,0,0,2,2
2016,18,19,1.409894251,2.55,0,3.44,1,0,0,0,0,2,2
2016,24,25,1.400711199,2.55,0,3.44,1,0,0,0,0,2,2
2016,11,14,1.211902215,2.55,0,3.44,1,0,0,5,0,3,1
2016,8,13,1.206515545,2.55,0,3.44,1,0,0,5,0,3,1
2019,1,15,1.886427138,2.55,0,2.58,3,0,0,5,5,4,2
2019,4,15,1.853160993,2.55,0,2.58,3,0,0,5,5,3,2
2020,1,15,1.881342712,2.55,0,2.58,3,0,0,5,5,4,2
2020,4,15,1.855344508,2.55,0,2.58,3,0,0,5,5,3,2
2021,0,1,1.589595041,2.55,0,2.55,0,0,0,5,5,3,4
2021,3,4,1.582425387,2.55,0,2.55,0,0,0,5,5,3,3
2021,0,3,1.538202495,2.55,0,2.55,0,0,0,5,5,3,3
2021,1,2,1.531739429,2.55,0,2.55,0,0,0,5,5,4,2
2021,4,5,1.523542951,2.55,0,2.55,0,0,0,5,5,3,2
2021,3,11,1.52132819,2.55,0,2.55,0,0,0,5,5,3,3
2021,0,8,1.5189019,2.55,0,2.55,0,0,0,5,5,3,3
2021,1,15,1.437350351,2.55,0,3.44,1,0,0,5,5,4,2
2021,4,15,1.42573036,2.55,0,3.44,1,0,0,5,5,3,2
2021,8,10,1.398103667,2.55,0,3.04,2,0,0,5,5,3,3
2021,10,11,1.397705927,3.04,2,2.55,0,0,0,5,5,3,3
2021,2,5,1.338810321,2.55,0,2.55,0,0,0,5,5,2,2
2021,1,17,1.508753877,2.55,0,2.55,0,0,0,5,0,4,1
2021,10,18,1.450491719,3.04,2,2.55,0,0,0,5,0,3,1
2021,8,13,1.209820537,2.55,0,3.44,1,0,0,5,0,3,1
2021,11,14,1.208724073,2.55,0,3.44,1,0,0,5,0,3,1
2022,1,14,1.866019643,2.55,0,2.58,3,0,0,5,5,3,2
2022,4,14,1.865661228,2.55,0,2.58,3,0,0,5,5,3,2
2023,1,15,1.874792434,2.55,0,2.58,3,0,0,5,5,4,2
2023,4,15,1.862733648,2.55,0,2.58,3,0,0,5,5,3,2
2024,4,14,1.864306126,2.55,0,2.58,3,0,0,5,5,3,2
2024,1,14,1.862586423,2.55,0,2.58,3,0,0,5,5,3,2
2025,0,1,1.581429562,2.55,0,2.55,0,0,0,5,5,3,4
2025,3,4,1.573142769,2.55,0,2.55,0,0,0,5,5,3,3
2025,0,3,1.541516314,2.55,0,2.55,0,0,0,5,5,3,3
2025,1,2,1.538405312,2.55,0,2.55,0,0,0,5,5,4,2
2025,4,5,1.530086999,2.55,0,2.55,0,0,0,5,5,3,2
2025,3,11,1.521719117,2.55,0,2.55,0,0,0,5,5,3,3
2025,0,8,1.519159202,2.55,0,2.55,0,0,0,5,5,3,3
2025,1,15,1.486605316,2.55,0,3.04,2,0,0,5,5,4,2
2025,4,15,1.478483913,2.55,0,3.04,2,0,0,5,5,3,2
2025,8,10,1.398189501,2.55,0,3.04,2,0,0,5,5,3,3
2025,10,11,1.397832703,3.04,2,2.55,0,0,0,5,5,3,3
2025,2,5,1.341392396,2.55,0,2.55,0,0,0,5,5,2,2
2025,1,17,1.514982511,2.55,0,2.55,0,0,0,5,0,4,1
2025,10,18,1.450274553,3.04,2,2.55,0,0,0,5,0,3,1
2025,8,13,1.210179153,2.55,0,3.44,1,0,0,5,0,3,1
2025,11,14,1.208879905,2.55,0,3.44,1,0,0,5,0,3,1
2026,0,1,1.588240135,2.55,0,2.55,0,0,0,5,5,3,4
2026,3,4,1.573081231,2.55,0,2.55,0,0,0,5,5,3,3
2026,1,15,1.554888987,2.55,0,2.55,0,0,0,5,5,4,2
2026,0,3,1.550423844,2.55,0,2.55,0,0,0,5,5,3,3
2026,4,15,1.543227664,2.55,0,2.55,0,0,0,5,5,3,2
2026,1,2,1.527537991,2.55,0,2.55,0,0,0,5,5,4,2
2026,0,8,1.525534576,2.55,0,2.55,0,0,0,5,5,3,3
2026,4,5,1.522963396,2.55,0,2.55,0,0,0,5,5,3,2
2026,3,11,1.518347804,2.55,0,2.55,0,0,0,5,5,3,3
2026,10,11,1.403972317,3.04,2,2.55,0,0,0,5,5,3,3
2026,8,10,1.402354847,2.55,0,3.04,2,0,0,5,5,3,3
2026,2,5,1.343191223,2.55,0,2.55,0,0,0,5,5,2,2
2026,1,17,1.52056208,2.55,0,2.55,0,0,0,5,0,4,2
2026,29,30,1.507768961,2.55,0,2.55,0,0,0,0,0,3,1
2026,23,24,1.504134721,2.55,0,2.55,0,0,0,0,0,3,1
2026,10,21,1.432800786,3.04,2,2.55,0,0,0,5,0,3,2
2026,21,22,1.431350033,2.55,0,3.44,1,0,0,0,0,2,2
2026,17,18,1.429153974,2.55,0,3.44,1,0,0,0,0,2,2
2026,18,23,1.35870941,3.44,1,2.55,0,0,0,0,0,2,3
2026,22,29,1.353506499,3.44,1,2.55,0,0,0,0,0,2,3
2026,8,13,1.207738165,2.55,0,3.44,1,0,0,5,0,3,1
2026,23,28,1.206370039,2.55,0,3.44,1,0,0,0,0,3,1
2026,11,14,1.20575689,2.55,0,3.44,1,0,0,5,0,3,1
2026,29,31,1.205598474,2.55,0,3.44,1,0,0,0,0,3,1
2027,0,1,1.577137138,2.55,0,2.55,0,0,0,5,5,3,3
2027,3,4,1.570548931,2.55,0,2.55,0,0,0,5,5,3,3
2027,0,3,1.545699047,2.55,0,2.55,0,0,0,5,5,3,3
2027,1,2,1.539958753,2.55,0,2.55,0,0,0,5,5,3,3
2027,4,5,1.529410657,2.55,0,2.55,0,0,0,5,5,3,2
2027,3,9,1.520756845,2.55,0,2.55,0,0,0,5,5,3,3
2027,0,6,1.518715383,2.55,0,2.55,0,0,0,5,5,3,3
2027,1,13,1.481771986,2.55,0,3.04,2,0,0,5,5,3,2
2027,4,13,1.480573993,2.55,0,3.04,2,0,0,5,5,3,2
2027,8,9,1.401859035,3.04,2,2.55,0,0,0,5,5,3,3
2027,6,8,1.396369344,2.55,0,3.04,2,0,0,5,5,3,3
2027,2,5,1.345234712,2.55,0,2.55,0,0,0,5,5,3,2
2027,15,16,1.525276147,2.55,0,2.55,0,0,0,0,0,2,2
2027,22,23,1.508946428,2.55,0,2.55,0,0,0,0,0,3,1
2027,30,33,1.504221179,2.55,0,2.55,0,0,0,0,0,3,1
2027,2,29,1.498503334,2.55,0,2.55,0,0,0,5,0,3,2
2027,8,15,1.453146486,3.04,2,2.55,0,0,0,5,0,3,2
2027,29,32,1.438127109,2.55,0,3.44,1,0,0,0,0,2,2
2027,16,19,1.429963972,2.55,0,3.44,1,0,0,0,0,2,2
2027,30,32,1.358083591,2.55,0,3.44,1,0,0,0,0,3,2
2027,19,22,1.353090989,3.44,1,2.55,0,0,0,0,0,2,3
2027,6,11,1.210502766,2.55,0,3.44,1,0,0,5,0,3,1
2027,9,12,1.207761033,2.55,0,3.44,1,0,0,5,0,3,1
2027,28,30,1.207159631,3.44,1,2.55,0,0,0,0,0,1,3
2027,22,24,1.204719058,2.55,0,3.44,1,0,0,0,0,3,1
2028,19,20,1.588602628,2.55,0,2.55,0,0,0,6,5,4,3
2028,18,21,1.563567238,2.55,0,2.55,0,0,0,6,5,3,3
2028,0,19,1.5486735,2.55,0,2.55,0,0,0,6,6,3,4
2028,13,19,1.545107891,2.55,0,2.55,0,0,0,6,6,3,4
2028,20,21,1.544269536,2.55,0,2.55,0,0,0,5,5,3,3
2028,20,24,1.530427587,2.55,0,2.55,0,0,0,5,5,3,3
2028,21,26,1.523367739,2.55,0,2.55,0,0,0,5,5,3,3
2028,14,18,1.514166015,2.55,0,2.55,0,0,0,6,6,3,3
2028,8,18,1.513574241,2.55,0,2.55,0,0,0,6,6,3,3
2028,0,8,1.409945594,2.55,0,2.55,0,0,0,6,6,3,3
2028,13,14,1.409806636,2.55,0,2.55,0,0,0,6,6,3,3
2028,33,34,1.409446865,2.55,0,2.55,0,1,1,6,6,3,2
2028,33,51,1.408632675,2.55,0,2.55,0,1,1,6,6,3,2
2028,52,53,1.403593493,2.55,0,2.55,0,1,1,6,6,2,3
2028,1,3,1.402550741,2.55,0,2.55,0,0,0,6,6,2,2
2028,10,11,1.401689103,2.55,0,2.55,0,0,0,6,6,2,2
2028,4,6,1.400794447,2.55,0,2.55,0,0,0,6,6,2,2
2028,15,17,1.400382033,2.55,0,2.55,0,0,0,6,6,2,2
2028,53,54,1.399922566,2.55,0,2.55,0,1,1,6,6,3,2
2028,10,17,1.397066976,2.55,0,2.55,0,0,0,6,6,2,2
2028,11,13,1.396930906,2.55,0,2.55,0,0,0,6,6,2,3
2028,0,1,1.396711827,2.55,0,2.55,0,0,0,6,6,3,2
2028,3,4,1.396285116,2.55,0,2.55,0,0,0,6,6,2,2
2028,14,15,1.395422433,2.55,0,2.55,0,0,0,6,6,3,2
2028,51,52,1.395114781,2.55,0,2.55,0,1,1,6,6,2,2
2028,26,28,1.394765054,2.55,0,3.04,2,0,0,5,5,3,3
2028,6,8,1.394473026,2.55,0,2.55,0,0,0,6,6,2,3
2028,24,28,1.393207554,2.55,0,3.04,2,0,0,5,5,3,3
2028,34,54,1.392042731,2.55,0,2.55,0,1,1,6,6,2,2
2028,35,36,1.527499679,2.55,0,2.55,0,0,0,0,0,2,2
2028,19,31,1.515164879,2.55,0,2.55,0,0,0,6,0,4,2
2028,60,61,1.509088029,2.55,0,2.55,0,0,0,0,0,3,1
2028,42,43,1.505040075,2.55,0,2.55,0,0,0,0,0,3,1
2028,32,33,1.472552122,2.55,0,2.55,0,0,1,0,6,2,3
2028,28,35,1.456148704,3.04,2,2.55,0,0,0,5,0,3,2
2028,36,39,1.429744391,2.55,0,3.44,1,0,0,0,0,2,2
2028,53,59,1.386266821,2.55,0,3.44,1,1,0,6,0,3,2
2028,59,60,1.362302857,3.44,1,2.55,0,0,0,0,0,2,3
2028,39,42,1.357886298,3.44,1,2.55,0,0,0,0,0,2,3
2028,31,32,1.345272681,2.55,0,2.55,0,0,0,0,0,2,2
2028,24,29,1.211158513,2.55,0,3.44,1,0,0,5,0,3,1
2028,26,30,1.208771726,2.55,0,3.44,1,0,0,5,0,3,1
2028,42,47,1.205390931,2.55,0,3.44,1,0,0,0,0,3,1
2028,60,65,1.202281085,2.55,0,3.44,1,0,0,0,0,3,1
2029,18,39,1.588000846,2.55,0,2.55,0,0,0,4,4,3,3
2029,39,40,1.571526506,2.55,0,2.55,0,0,0,4,4,3,3
2029,18,19,1.570020281,2.55,0,2.55,0,0,0,4,4,3,3
2029,19,20,1.519369576,2.55,0,2.55,0,0,0,4,5,3,2
2029,40,41,1.51517239,2.55,0,2.55,0,0,0,4,5,3,2
2029,19,40,1.514795261,2.55,0,2.55,0,0,0,4,4,3,3
2029,41,46,1.452854515,2.55,0,3.44,1,0,0,5,5,2,2
2029,20,46,1.450094422,2.55,0,3.44,1,0,0,5,5,2,2
2029,0,1,1.40765136,2.55,0,2.55,0,1,1,6,6,3,2
2029,21,22,1.406433203,2.55,0,2.55,0,1,1,6,6,3,2
2029,4,5,1.405374702,2.55,0,2.55,0,1,1,6,6,3,2
2029,24,25,1.404594792,2.55,0,2.55,0,1,1,6,6,2,3
2029,21,23,1.404115088,2.55,0,2.55,0,1,1,6,6,3,2
2029,25,26,1.403645853,2.55,0,2.55,0,1,1,6,6,3,2
2029,3,4,1.403193557,2.55,0,2.55,0,1,1,6,6,2,3
2029,0,2,1.401963326,2.55,0,2.55,0,1,1,6,6,3,2
2029,2,3,1.399840162,2.55,0,2.55,0,1,1,6,6,2,2
2029,23,24,1.397908538,2.55,0,2.55,0,1,1,6,6,2,2
2029,22,26,1.393623388,2.55,0,2.55,0,1,1,6,6,2,2
2029,1,5,1.392118438,2.55,0,2.55,0,1,1,6,6,2,2
2029,32,33,1.517367987,2.55,0,2.55,0,0,0,0,0,2,1
2029,11,12,1.517269505,2.55,0,2.55,0,0,0,0,0,2,1
2029,0,18,1.516784433,2.55,0,2.55,0,1,0,6,4,3,3
2029,21,39,1.516628025,2.55,0,2.55,0,1,0,6,4,3,3
2029,31,32,1.418381473,3.44,1,2.55,0,0,0,0,0,2,2
2029,10,11,1.41829465,3.44,1,2.55,0,0,0,0,0,2,2
2029,4,10,1.357658877,2.55,0,3.44,1,1,0,6,0,3,2
2029,25,31,1.357518042,2.55,0,3.44,1,1,0,6,0,3,2
2030,4,9,1.538603601,2.55,0,2.55,0,0,0,6,6,3,3
2030,5,8,1.538486631,2.55,0,2.55,0,0,0,6,6,3,3
2030,1,8,1.536165449,2.55,0,2.55,0,0,0,6,6,3,3
2030,0,9,1.532240223,2.55,0,2.55,0,0,0,6,6,3,3
2030,8,11,1.532127372,2.55,0,2.55,0,0,0,6,6,3,2
2030,9,10,1.532058205,2.55,0,2.55,0,0,0,6,6,3,2
2030,6,7,1.445159299,2.55,0,2.55,0,0,0,6,6,3,3
2030,2,3,1.444318082,2.55,0,2.55,0,0,0,6,6,3,3
2030,2,7,1.438238923,2.55,0,2.55,0,0,0,6,6,3,3
2030,4,5,1.426834139,2.55,0,2.55,0,0,0,6,6,3,3
2030,7,13,1.423252615,2.55,0,2.55,0,0,0,6,6,3,2
2030,2,16,1.423072018,2.55,0,2.55,0,0,0,6,6,3,2
2030,14,15,1.412007665,2.55,0,2.55,0,0,0,6,6,2,2
2030,32,37,1.406461059,2.55,0,2.55,0,1,1,6,6,3,2
2030,21,26,1.406133404,2.55,0,2.55,0,1,1,6,6,3,2
2030,21,22,1.406118752,2.55,0,2.55,0,1,1,6,6,3,2
2030,32,33,1.405757504,2.55,0,2.55,0,1,1,6,6,3,2
2030,35,36,1.399103094,2.55,0,2.55,0,1,1,6,6,2,2
2030,33,34,1.398817993,2.55,0,2.55,0,1,1,6,6,2,2
2030,23,24,1.398540229,2.55,0,2.55,0,1,1,6,6,2,2
2030,25,26,1.398412937,2.55,0,2.55,0,1,1,6,6,2,2
2030,24,25,1.398101163,2.55,0,2.55,0,1,1,6,6,2,2
2030,22,23,1.398050761,2.55,0,2.55,0,1,1,6,6,2,2
2030,34,35,1.397958599,2.55,0,2.55,0,1,1,6,6,2,2
2030,36,37,1.397881826,2.55,0,2.55,0,1,1,6,6,2,2
2030,13,14,1.381562818,2.55,0,2.55,0,0,0,6,6,2,2
2030,15,16,1.381489061,2.55,0,2.55,0,0,0,6,6,2,2
2030,5,6,1.379439817,2.55,0,2.55,0,0,0,6,6,3,3
2030,3,4,1.378903503,2.55,0,2.55,0,0,0,6,6,3,3
2030,0,1,1.348765345,2.55,0,2.55,0,0,0,6,6,3,3
2030,10,11,1.335301102,2.55,0,2.55,0,0,0,6,6,2,2
2030,70,73,1.531983309,2.55,0,2.55,0,0,0,0,0,2,2
2030,48,51,1.531084242,2.55,0,2.55,0,0,0,0,0,2,2
2030,69,70,1.524440889,2.55,0,2.55,0,0,0,0,0,2,2
2030,51,54,1.519393894,2.55,0,2.55,0,0,0,0,0,2,2
2030,73,76,1.51928493,2.55,0,2.55,0,0,0,0,0,2,2
2030,47,48,1.519104665,2.55,0,2.55,0,0,0,0,0,2,2
2030,82,84,1.509940691,2.55,0,2.55,0,0,0,0,0,3,1
2030,61,62,1.509863387,2.55,0,2.55,0,0,0,0,0,3,1
2030,3,21,1.497330132,2.55,0,2.55,0,0,1,6,6,3,3
2030,6,32,1.497138964,2.55,0,2.55,0,0,1,6,6,3,3
2030,0,44,1.494247584,2.55,0,2.55,0,0,0,6,0,3,3
2030,1,45,1.485142689,2.55,0,2.55,0,0,0,6,0,3,3
2030,68,69,1.437253551,3.44,1,2.55,0,0,0,0,0,2,2
2030,76,79,1.43459659,2.55,0,3.44,1,0,0,0,0,2,2
2030,54,58,1.434084314,2.55,0,3.44,1,0,0,0,0,2,2
2030,46,47,1.434070237,3.44,1,2.55,0,0,0,0,0,2,2
2030,58,61,1.34987197,3.44,1,2.55,0,0,0,0,0,2,3
2030,79,82,1.349714889,3.44,1,2.55,0,0,0,0,0,2,3
2030,45,46,1.348691702,2.55,0,3.44,1,0,0,0,0,3,2
2030,44,68,1.339771148,2.55,0,3.44,1,0,0,0,0,3,2
2030,45,57,1.210682518,2.55,0,3.44,1,0,0,0,0,3,1
2030,44,67,1.20829939,2.55,0,3.44,1,0,0,0,0,3,1
2030,82,83,1.206031663,2.55,0,3.44,1,0,0,0,0,3,1
2030,61,66,1.206002619,2.55,0,3.44,1,0,0,0,0,3,1
2031,6,9,1.541383017,2.55,0,2.55,0,0,0,6,6,3,3
2031,7,8,1.536194676,2.55,0,2.55,0,0,0,6,6,3,3
2031,3,6,1.53175424,2.55,0,2.55,0,1,0,6,6,3,3
2031,2,7,1.531197401,2.55,0,2.55,0,1,0,6,6,3,3
2031,6,16,1.529691792,2.55,0,2.55,0,0,1,6,6,3,3
2031,7,14,1.529650247,2.55,0,2.55,0,0,1,6,6,3,3
2031,14,16,1.406652225,2.55,0,2.55,0,1,1,6,6,3,3
2031,2,3,1.40524344,2.55,0,2.55,0,1,1,6,6,3,3
2031,17,18,1.404511327,2.55,0,2.55,0,1,1,6,6,2,2
2031,4,5,1.404489882,2.55,0,2.55,0,1,1,6,6,2,2
2031,13,15,1.404478972,2.55,0,2.55,0,1,1,6,6,2,2
2031,0,1,1.404116229,2.55,0,2.55,0,1,1,6,6,2,2
2031,0,5,1.396617455,2.55,0,2.55,0,1,1,6,6,2,2
2031,15,17,1.396498982,2.55,0,2.55,0,1,1,6,6,2,2
2031,13,14,1.391980768,2.55,0,2.55,0,1,1,6,6,2,3
2031,16,18,1.391978338,2.55,0,2.55,0,1,1,6,6,3,2
2031,3,4,1.391875877,2.55,0,2.55,0,1,1,6,6,3,2
2031,1,2,1.391489398,2.55,0,2.55,0,1,1,6,6,2,3
2031,8,9,1.35486335,2.55,0,2.55,0,0,0,6,6,3,3
2031,22,23,1.516804524,2.55,0,2.55,0,0,0,0,0,3,1
2031,27,28,1.513679679,2.55,0,2.55,0,0,0,0,0,3,1
2031,8,27,1.509083163,2.55,0,2.55,0,0,0,6,0,3,3
2031,9,22,1.489125768,2.55,0,2.55,0,0,0,6,0,3,3
2031,22,32,1.219720659,2.55,0,3.44,1,0,0,0,0,3,1
2031,27,33,1.213372996,2.55,0,3.44,1,0,0,0,0,3,1
2032,9,10,1.576449981,2.55,0,2.55,0,0,0,4,4,2,3
2032,3,9,1.523430426,2.55,0,2.55,0,0,0,4,4,3,2
2032,2,10,1.512752506,2.55,0,2.55,0,0,0,4,4,3,3
2032,4,5,1.406277299,2.55,0,2.55,0,0,0,6,6,2,2
2032,0,1,1.404933712,2.55,0,2.55,0,0,0,6,6,2,3
2032,0,5,1.404102544,2.55,0,2.55,0,0,0,6,6,2,2
2032,2,3,1.396106355,2.55,0,2.55,0,0,0,4,4,3,3
2032,1,2,1.391159785,2.55,0,2.55,0,0,0,6,4,3,3
2032,3,4,1.390917411,2.55,0,2.55,0,0,0,4,6,3,2
2032,25,36,1.570505743,2.55,0,2.55,0,0,0,0,0,4,3
2032,24,25,1.551253919,2.55,0,2.55,0,0,0,0,0,2,4
2032,25,28,1.544557543,2.55,0,2.55,0,0,0,0,0,4,1
2032,36,37,1.544533459,2.55,0,2.55,0,0,0,0,0,3,1
2032,25,32,1.542785772,2.55,0,2.55,0,0,0,0,0,4,1
2032,36,41,1.525653833,2.55,0,2.55,0,0,0,0,0,3,3
2032,22,24,1.515540263,2.55,0,2.55,0,0,0,0,0,3,2
2032,14,15,1.510722667,2.55,0,2.55,0,0,0,0,0,3,1
2032,10,20,1.429636713,2.55,0,3.44,1,0,0,4,0,3,2
2032,44,45,1.428471641,3.44,1,2.55,0,0,0,0,0,2,1
2032,13,14,1.380425572,3.44,1,2.55,0,0,0,0,0,2,3
2032,1,13,1.376927394,2.55,0,3.44,1,0,0,6,0,3,2
2032,20,22,1.359963981,3.44,1,2.55,0,0,0,0,0,2,3
2032,41,44,1.348902533,2.55,0,3.44,1,0,0,0,0,3,2
2032,41,43,1.209580167,2.55,0,3.44,1,0,0,0,0,3,1
2032,22,23,1.206277072,2.55,0,3.44,1,0,0,0,0,3,1
2032,14,19,1.196251122,2.55,0,3.44,1,0,0,0,0,3,1
2033,91,122,1.845863419,2.58,3,2.55,0,0,0,0,0,2,2
2033,90,112,1.844496866,2.58,3,2.55,0,0,0,0,0,2,2
2033,89,102,1.841455125,2.58,3,2.55,0,0,0,0,0,2,2
2033,0,88,1.840954357,2.55,0,2.58,3,0,0,4,0,4,2
2033,88,92,1.837537619,2.58,3,2.55,0,0,0,0,0,2,2
2033,1,90,1.831291119,2.55,0,2.58,3,0,0,4,0,4,2
2033,2,91,1.826359933,2.55,0,2.58,3,0,0,4,0,4,2
2033,3,89,1.822642587,2.55,0,2.58,3,0,0,4,0,4,2
2034,92,97,1.846279545,2.58,3,2.55,0,0,0,0,0,2,2
2034,45,56,1.846224949,2.58,3,2.55,0,0,0,0,0,2,2
2034,44,46,1.844983361,2.58,3,2.55,0,0,0,0,0,2,2
2034,69,70,1.844953283,2.55,0,2.58,3,0,0,0,0,2,2
2034,1,44,1.837914421,2.55,0,2.58,3,0,0,4,0,4,2
2034,70,77,1.837855915,2.58,3,2.55,0,0,0,0,4,2,4
2034,0,45,1.830835715,2.55,0,2.58,3,0,0,4,0,4,2
2034,85,92,1.830779041,2.55,0,2.58,3,0,0,4,0,4,2
2035,3,6,1.607814281,2.55,0,2.55,0,0,0,4,4,4,4
2035,6,7,1.577672562,2.55,0,2.55,0,0,0,4,4,4,3
2035,2,3,1.552292248,2.55,0,2.55,0,0,0,4,4,3,4
2035,3,4,1.551947352,2.55,0,2.55,0,0,0,4,6,4,2
2035,2,7,1.547731552,2.55,0,2.55,0,0,0,4,4,3,3
2035,5,11,1.53845526,2.55,0,2.55,0,0,0,3,3,4,4
2035,4,5,1.531288381,2.55,0,2.55,0,0,0,6,3,2,4
2035,1,2,1.526506605,2.55,0,2.55,0,0,0,6,4,2,3
2035,0,1,1.521818926,2.55,0,2.55,0,0,0,3,6,3,2
2035,0,5,1.5112353,2.55,0,2.55,0,0,0,3,3,3,4
2035,0,11,1.505360298,2.55,0,2.55,0,0,0,3,3,3,4
2035,6,28,1.541341579,2.55,0,2.55,0,0,0,4,0,4,3
2035,38,39,1.518834575,2.55,0,2.55,0,0,0,0,0,2,1
2035,30,32,1.517496328,2.55,0,2.55,0,0,0,0,0,2,1
2035,46,47,1.431460789,3.44,1,2.55,0,0,0,0,0,2,1
2035,27,38,1.42449326,3.44,1,2.55,0,0,0,0,0,2,2
2035,29,30,1.419654198,3.44,1,2.55,0,0,0,0,0,2,2
2035,3,22,1.417882011,2.55,0,3.44,1,0,0,4,0,4,2
2035,13,14,1.415313821,3.44,1,2.55,0,0,0,0,0,2,1
2035,22,23,1.411747458,3.44,1,2.55,0,0,0,0,0,2,1
2035,6,27,1.39616977,2.55,0,3.44,1,0,0,4,0,4,2
2035,7,29,1.392848904,2.55,0,3.44,1,0,0,4,0,3,2
2035,5,13,1.390059517,2.55,0,3.44,1,0,0,3,0,4,2
2035,28,46,1.345905473,2.55,0,3.44,1,0,0,0,0,3,2
2035,28,45,1.206674005,2.55,0,3.44,1,0,0,0,0,3,1
2036,0,2,1.606445309,2.55,0,2.55,0,0,0,4,4,4,4
2036,2,3,1.60072689,2.55,0,2.55,0,0,0,4,4,4,4
2036,0,1,1.559400926,2.55,0,2.55,0,0,0,4,4,4,2
2036,1,3,1.554643337,2.55,0,2.55,0,0,0,4,4,2,4
2036,0,30,1.542893501,2.55,0,2.55,0,0,0,4,0,4,1
2036,2,14,1.542317982,2.55,0,2.55,0,0,0,4,0,4,2
2036,15,18,1.5420986,2.55,0,2.55,0,0,0,0,0,2,3
2036,14,15,1.537842,2.55,0,2.55,0,0,0,0,0,2,2
2036,3,10,1.537231824,2.55,0,2.55,0,0,0,4,0,4,1
2036,0,38,1.536696539,2.55,0,2.55,0,0,0,4,0,4,3
2036,2,34,1.535817915,2.55,0,2.55,0,0,0,4,0,4,1
2036,18,21,1.535141636,2.55,0,2.55,0,0,0,0,0,3,1
2036,18,25,1.534953074,2.55,0,2.55,0,0,0,0,0,3,1
2036,3,6,1.534784372,2.55,0,2.55,0,0,0,4,0,4,1
2036,40,41,1.527553862,2.55,0,2.55,0,0,0,0,0,2,1
2036,38,40,1.516497743,2.55,0,2.55,0,0,0,0,0,3,2
2036,38,39,1.342044139,2.55,0,2.55,0,0,0,0,0,3,1
2037,64,95,1.84601495,2.58,3,2.55,0,0,0,0,0,2,2
2037,63,85,1.84468366,2.58,3,2.55,0,0,0,0,0,2,2
2037,62,75,1.841640128,2.58,3,2.55,0,0,0,0,0,2,2
2037,0,61,1.841012384,2.55,0,2.58,3,0,0,4,0,4,2
2037,61,65,1.837185128,2.58,3,2.55,0,0,0,0,0,2,2
2037,1,63,1.831980584,2.55,0,2.58,3,0,0,4,0,4,2
2037,2,64,1.825893662,2.55,0,2.58,3,0,0,4,0,4,2
2037,3,62,1.82251058,2.55,0,2.58,3,0,0,4,0,4,2
2038,1,2,1.610098762,2.55,0,2.55,0,0,0,4,4,4,4
2038,0,1,1.557742135,2.55,0,2.55,0,0,0,4,4,3,4
2038,2,3,1.557578451,2.55,0,2.55,0,0,0,4,4,4,3
2038,0,3,1.551695413,2.55,0,2.55,0,0,0,4,4,3,3
2038,3,8,1.514998265,2.55,0,2.55,0,0,0,4,6,3,3
2038,0,4,1.514705993,2.55,0,2.55,0,0,0,4,6,3,3
2038,2,9,1.509812482,2.55,0,2.55,0,0,1,4,6,4,3
2038,1,7,1.50974589,2.55,0,2.55,0,0,1,4,6,4,3
2038,22,23,1.408638739,2.55,0,2.55,0,1,1,6,6,2,3
2038,15,16,1.408607638,2.55,0,2.55,0,1,1,6,6,3,2
2038,7,17,1.408519204,2.55,0,2.55,0,1,1,6,6,3,2
2038,9,21,1.408484714,2.55,0,2.55,0,1,1,6,6,3,2
2038,62,68,1.407049773,2.55,0,2.55,0,1,1,6,6,3,2
2038,49,56,1.407008694,2.55,0,2.55,0,1,1,6,6,3,2
2038,62,64,1.406154291,2.55,0,2.55,0,1,1,6,6,3,2
2038,49,52,1.406140165,2.55,0,2.55,0,1,1,6,6,3,2
2038,6,14,1.399959384,2.55,0,2.55,0,1,1,6,6,3,2
2038,10,24,1.399900087,2.55,0,2.55,0,1,1,6,6,3,2
2038,14,15,1.399722128,2.55,0,2.55,0,1,1,6,6,2,3
2038,23,24,1.399678607,2.55,0,2.55,0,1,1,6,6,3,2
2038,6,7,1.399522517,2.55,0,2.55,0,1,1,6,6,3,3
2038,9,10,1.399444023,2.55,0,2.55,0,1,1,6,6,3,3
2038,66,67,1.398416312,2.55,0,2.55,0,1,1,6,6,2,2
2038,54,55,1.398382976,2.55,0,2.55,0,1,1,6,6,2,2
2038,53,54,1.397734344,2.55,0,2.55,0,1,1,6,6,2,2
2038,65,66,1.397664424,2.55,0,2.55,0,1,1,6,6,2,2
2038,64,65,1.397509559,2.55,0,2.55,0,1,1,6,6,2,2
2038,52,53,1.397494545,2.55,0,2.55,0,1,1,6,6,2,2
2038,67,68,1.39463558,2.55,0,2.55,0,1,1,6,6,2,2
2038,55,56,1.394582111,2.55,0,2.55,0,1,1,6,6,2,2
2038,16,17,1.38834479,2.55,0,2.55,0,1,1,6,6,2,2
2038,21,22,1.388334283,2.55,0,2.55,0,1,1,6,6,2,2
2038,10,11,1.383278474,2.55,0,3.44,1,1,0,6,6,3,2
2038,5,6,1.38317775,3.44,1,2.55,0,0,1,6,6,2,3
2038,4,5,1.364731995,2.55,0,3.44,1,0,0,6,6,3,2
2038,8,11,1.364547792,2.55,0,3.44,1,0,0,6,6,3,2
2038,1,40,1.530175721,2.55,0,2.55,0,0,0,4,0,4,2
2038,2,41,1.529953507,2.55,0,2.55,0,0,0,4,0,4,2
2038,41,45,1.427347691,2.55,0,3.44,1,0,0,0,0,2,2
2038,40,42,1.426901275,2.55,0,3.44,1,0,0,0,0,2,2
2038,29,34,1.412649341,3.44,1,2.55,0,0,0,0,0,2,1
2038,28,30,1.412583521,3.44,1,2.55,0,0,0,0,0,2,1
2038,51,62,1.408486739,3.04,2,2.55,0,0,1,0,6,2,3
2038,49,63,1.408369583,2.55,0,3.04,2,1,0,6,0,3,2
2038,48,63,1.368560317,2.55,0,3.04,2,0,0,0,0,3,2
2038,50,51,1.368440248,2.55,0,3.04,2,0,0,0,0,3,2
2038,42,48,1.362790185,3.44,1,2.55,0,0,0,0,0,2,3
2038,45,50,1.362778524,3.44,1,2.55,0,0,0,0,0,2,3
2038,15,28,1.351645482,2.55,0,3.44,1,1,0,6,0,3,2
2038,23,29,1.351622975,2.55,0,3.44,1,1,0,6,0,3,2
2038,48,74,1.209590104,2.55,0,3.44,1,0,0,0,0,3,1
2038,50,75,1.209577668,2.55,0,3.44,1,0,0,0,0,3,1
2038,4,12,1.197640585,2.55,0,3.44,1,0,0,6,0,3,1
2038,8,13,1.197633059,2.55,0,3.44,1,0,0,6,0,3,1
2039,1,2,1.585236036,2.55,0,2.55,0,0,0,4,4,3,3
2039,0,3,1.563889549,2.55,0,2.55,0,0,0,4,4,3,3
2039,0,1,1.554334145,2.55,0,2.55,0,0,0,4,4,3,3
2039,2,3,1.54633369,2.55,0,2.55,0,0,0,4,4,3,3
2039,3,8,1.520329625,2.55,0,2.55,0,0,0,4,6,3,3
2039,0,4,1.512874148,2.55,0,2.55,0,0,0,4,6,3,3
2039,1,7,1.50591091,2.55,0,2.55,0,0,0,4,6,3,3
2039,2,9,1.494638369,2.55,0,2.55,0,0,0,4,6,3,3
2039,22,23,1.409233852,2.55,0,2.55,0,0,0,6,6,2,3
2039,15,16,1.409080383,2.55,0,2.55,0,0,0,6,6,3,2
2039,7,17,1.408953033,2.55,0,2.55,0,0,0,6,6,3,2
2039,9,21,1.406131568,2.55,0,2.55,0,0,0,6,6,3,2
2039,6,14,1.401375421,2.55,0,2.55,0,0,0,6,6,3,2
2039,6,7,1.401325402,2.55,0,2.55,0,0,0,6,6,3,3
2039,23,24,1.400678579,2.55,0,2.55,0,0,0,6,6,3,2
2039,10,24,1.399088924,2.55,0,2.55,0,0,0,6,6,3,2
2039,14,15,1.398784377,2.55,0,2.55,0,0,0,6,6,2,3
2039,9,10,1.398073252,2.55,0,2.55,0,0,0,6,6,3,3
2039,21,22,1.389335301,2.55,0,2.55,0,0,0,6,6,2,2
2039,16,17,1.387531513,2.55,0,2.55,0,0,0,6,6,2,2
2039,10,11,1.382592915,2.55,0,3.44,1,0,0,6,6,3,2
2039,5,6,1.380772988,3.44,1,2.55,0,0,0,6,6,2,3
2039,4,5,1.364532743,2.55,0,3.44,1,0,0,6,6,3,2
2039,8,11,1.36453034,2.55,0,3.44,1,0,0,6,6,3,2
2039,28,30,1.412102212,3.44,1,2.55,0,0,0,0,0,2,1
2039,29,34,1.412020731,3.44,1,2.55,0,0,0,0,0,2,1
2039,15,28,1.353611227,2.55,0,3.44,1,0,0,6,0,3,2
2039,23,29,1.353215558,2.55,0,3.44,1,0,0,6,0,3,2
2039,8,13,1.198790005,2.55,0,3.44,1,0,0,6,0,3,1
2039,4,12,1.19744604,2.55,0,3.44,1,0,0,6,0,3,1
2040,1,2,1.593108759,2.55,0,2.55,0,0,0,4,4,4,4
2040,0,1,1.563361487,2.55,0,2.55,0,0,0,4,4,3,4
2040,0,3,1.561805576,2.55,0,2.55,0,0,0,4,4,3,3
2040,2,3,1.555010125,2.55,0,2.55,0,0,0,4,4,4,3
2040,3,8,1.516946959,2.55,0,2.55,0,0,0,4,6,3,3
2040,1,7,1.51560938,2.55,0,2.55,0,0,0,4,6,4,3
2040,0,4,1.507415415,2.55,0,2.55,0,0,0,4,6,3,3
2040,2,9,1.502058875,2.55,0,2.55,0,0,1,4,6,4,3
2040,15,16,1.410957371,2.55,0,2.55,0,0,0,6,6,3,2
2040,22,23,1.410239826,2.55,0,2.55,0,1,1,6,6,2,3
2040,7,17,1.409912313,2.55,0,2.55,0,0,0,6,6,3,2
2040,9,21,1.406352273,2.55,0,2.55,0,1,1,6,6,3,2
2040,6,14,1.402310615,2.55,0,2.55,0,0,0,6,6,3,2
2040,6,7,1.401318404,2.55,0,2.55,0,0,0,6,6,3,3
2040,23,24,1.400517927,2.55,0,2.55,0,1,1,6,6,3,2
2040,10,24,1.399702083,2.55,0,2.55,0,1,1,6,6,3,2
2040,14,15,1.398152741,2.55,0,2.55,0,0,0,6,6,2,3
2040,9,10,1.396588998,2.55,0,2.55,0,1,1,6,6,3,3
2040,21,22,1.388259619,2.55,0,2.55,0,1,1,6,6,2,2
2040,16,17,1.385677062,2.55,0,2.55,0,0,0,6,6,2,2
2040,10,11,1.382268188,2.55,0,3.44,1,1,0,6,6,3,2
2040,5,6,1.377473511,3.44,1,2.55,0,0,0,6,6,2,3
2040,4,5,1.367873315,2.55,0,3.44,1,0,0,6,6,3,2
2040,8,11,1.365046722,2.55,0,3.44,1,0,0,6,6,3,2
2040,28,30,1.41279005,3.44,1,2.55,0,0,0,0,0,2,1
2040,41,43,1.412350196,3.44,1,2.55,0,0,0,0,0,2,1
2040,29,34,1.412158619,3.44,1,2.55,0,0,0,0,0,2,1
2040,40,42,1.411545357,3.44,1,2.55,0,0,0,0,0,2,1
2040,2,41,1.408810499,2.55,0,3.44,1,0,0,4,0,4,2
2040,1,40,1.395281137,2.55,0,3.44,1,0,0,4,0,4,2
2040,23,29,1.35260588,2.55,0,3.44,1,1,0,6,0,3,2
2040,15,28,1.352005043,2.55,0,3.44,1,0,0,6,0,3,2
2040,8,13,1.198519101,2.55,0,3.44,1,0,0,6,0,3,1
2040,4,12,1.197582262,2.55,0,3.44,1,0,0,6,0,3,1
2041,0,21,1.573977705,2.55,0,2.55,0,0,0,4,4,3,3
2041,1,20,1.571332828,2.55,0,2.55,0,0,0,4,4,3,3
2041,0,1,1.551645075,2.55,0,2.55,0,0,0,4,4,3,3
2041,20,21,1.550497374,2.55,0,2.55,0,0,0,4,4,3,3
2041,20,22,1.511700261,2.55,0,2.55,0,0,0,4,6,3,3
2041,0,2,1.510480084,2.55,0,2.55,0,0,0,4,6,3,3
2041,1,5,1.499600506,2.55,0,2.55,0,0,1,4,6,3,3
2041,21,24,1.498860686,2.55,0,2.55,0,0,1,4,6,3,3
2041,8,9,1.409745937,2.55,0,2.55,0,1,1,6,6,3,2
2041,30,32,1.409617558,2.55,0,2.55,0,1,1,6,6,2,3
2041,5,10,1.407572683,2.55,0,2.55,0,1,1,6,6,3,2
2041,24,26,1.407500405,2.55,0,2.55,0,1,1,6,6,3,2
2041,4,7,1.400830073,2.55,0,2.55,0,1,1,6,6,3,2
2041,28,31,1.40058411,2.55,0,2.55,0,1,1,6,6,3,2
2041,31,32,1.400080052,2.55,0,2.55,0,1,1,6,6,2,3
2041,7,8,1.399867809,2.55,0,2.55,0,1,1,6,6,2,3
2041,24,28,1.397222565,2.55,0,2.55,0,1,1,6,6,3,3
2041,4,5,1.396698714,2.55,0,2.55,0,1,1,6,6,3,3
2041,26,30,1.388020405,2.55,0,2.55,0,1,1,6,6,2,2
2041,9,10,1.387952869,2.55,0,2.55,0,1,1,6,6,2,2
2041,27,28,1.386625445,3.44,1,2.55,0,0,1,6,6,2,3
2041,3,4,1.386293844,3.44,1,2.55,0,0,1,6,6,2,3
2041,2,3,1.362558378,2.55,0,3.44,1,0,0,6,6,3,2
2041,22,27,1.361781645,2.55,0,3.44,1,0,0,6,6,3,2
2041,14,15,1.411504139,3.44,1,2.55,0,0,0,0,0,2,1
2041,34,36,1.41149287,2.55,0,3.44,1,0,0,0,0,1,2
2041,8,14,1.353585525,2.55,0,3.44,1,1,0,6,0,3,2
2041,32,36,1.353378001,2.55,0,3.44,1,1,0,6,0,3,2
2041,2,6,1.200970909,2.55,0,3.44,1,0,0,6,0,3,1
2041,22,23,1.200869756,2.55,0,3.44,1,0,0,6,0,3,1
2042,1,2,1.609381455,2.55,0,2.55,0,0,0,4,4,4,4
2042,2,3,1.557788682,2.55,0,2.55,0,0,0,4,4,4,3
2042,0,1,1.557402196,2.55,0,2.55,0,0,0,4,4,3,4
2042,0,3,1.552966346,2.55,0,2.55,0,0,0,4,4,3,3
2042,3,8,1.515406207,2.55,0,2.55,0,0,0,4,6,3,3
2042,0,4,1.515090379,2.55,0,2.55,0,0,0,4,6,3,3
2042,1,7,1.509733172,2.55,0,2.55,0,0,1,4,6,4,3
2042,2,9,1.509573548,2.55,0,2.55,0,0,1,4,6,4,3
2042,15,16,1.40884084,2.55,0,2.55,0,1,1,6,6,3,2
2042,22,23,1.408648686,2.55,0,2.55,0,1,1,6,6,2,3
2042,9,21,1.408621527,2.55,0,2.55,0,1,1,6,6,3,2
2042,7,17,1.408607116,2.55,0,2.55,0,1,1,6,6,3,2
2042,6,14,1.399974848,2.55,0,2.55,0,1,1,6,6,3,2
2042,10,24,1.399956191,2.55,0,2.55,0,1,1,6,6,3,2
2042,23,24,1.39982683,2.55,0,2.55,0,1,1,6,6,3,2
2042,14,15,1.399812448,2.55,0,2.55,0,1,1,6,6,2,3
2042,9,10,1.399399984,2.55,0,2.55,0,1,1,6,6,3,3
2042,6,7,1.399228161,2.55,0,2.55,0,1,1,6,6,3,3
2042,16,17,1.3881647,2.55,0,2.55,0,1,1,6,6,2,2
2042,21,22,1.388076004,2.55,0,2.55,0,1,1,6,6,2,2
2042,5,6,1.382708877,3.44,1,2.55,0,0,1,6,6,2,3
2042,10,11,1.382698157,2.55,0,3.44,1,1,0,6,6,3,2
2042,4,5,1.364681356,2.55,0,3.44,1,0,0,6,6,3,2
2042,8,11,1.364502543,2.55,0,3.44,1,0,0,6,6,3,2
2042,2,41,1.528923716,2.55,0,2.55,0,0,0,4,0,4,2
2042,1,40,1.528897135,2.55,0,2.55,0,0,0,4,0,4,2
2042,40,42,1.434644328,2.55,0,3.44,1,0,0,0,0,2,2
2042,41,46,1.434387352,2.55,0,3.44,1,0,0,0,0,2,2
2042,28,30,1.413102463,3.44,1,2.55,0,0,0,0,0,2,1
2042,29,34,1.412927977,3.44,1,2.55,0,0,0,0,0,2,1
2042,15,28,1.351247871,2.55,0,3.44,1,1,0,6,0,3,2
2042,23,29,1.351086331,2.55,0,3.44,1,1,0,6,0,3,2
2042,46,49,1.342273809,3.44,1,2.55,0,0,0,0,0,2,2
2042,42,45,1.342138459,3.44,1,2.55,0,0,0,0,0,2,2
2042,49,52,1.19959627,2.55,0,3.44,1,0,0,0,0,2,1
2042,45,50,1.199552891,2.55,0,3.44,1,0,0,0,0,2,1
2042,8,13,1.197450435,2.55,0,3.44,1,0,0,6,0,3,1
2042,4,12,1.197418129,2.55,0,3.44,1,0,0,6,0,3,1
2043,1,2,1.583121317,2.55,0,2.55,0,0,0,4,4,3,3
2043,0,3,1.551114806,2.55,0,2.55,0,0,0,4,4,3,3
2043,0,1,1.55093869,2.55,0,2.55,0,0,0,4,4,3,3
2043,2,3,1.550312056,2.55,0,2.55,0,0,0,4,4,3,3
2043,0,4,1.520636141,2.55,0,2.55,0,0,0,4,6,3,3
2043,3,8,1.520428583,2.55,0,2.55,0,0,0,4,6,3,3
2043,2,9,1.494745073,2.55,0,2.55,0,0,1,4,6,3,3
2043,1,7,1.494706112,2.55,0,2.55,0,0,1,4,6,3,3
2043,21,22,1.420985138,2.55,0,2.55,0,1,1,6,6,3,3
2043,15,16,1.420984953,2.55,0,2.55,0,1,1,6,6,3,3
2043,9,20,1.405031732,2.55,0,2.55,0,1,1,6,6,3,2
2043,7,17,1.404720357,2.55,0,2.55,0,1,1,6,6,3,2
2043,10,23,1.399401531,2.55,0,2.55,0,1,1,6,6,3,2
2043,6,14,1.398991872,2.55,0,2.55,0,1,1,6,6,3,2
2043,14,15,1.398935293,2.55,0,2.55,0,1,1,6,6,2,3
2043,22,23,1.398693898,2.55,0,2.55,0,1,1,6,6,3,2
2043,9,10,1.396944994,2.55,0,2.55,0,1,1,6,6,3,3
2043,6,7,1.396844873,2.55,0,2.55,0,1,1,6,6,3,3
2043,16,17,1.393301521,2.55,0,2.55,0,1,1,6,6,3,2
2043,20,21,1.392858805,2.55,0,2.55,0,1,1,6,6,2,3
2043,10,11,1.386008359,2.55,0,3.44,1,1,0,6,6,3,2
2043,5,6,1.385612652,3.44,1,2.55,0,0,1,6,6,2,3
2043,8,11,1.364565168,2.55,0,3.44,1,0,0,6,6,3,2
2043,4,5,1.36455477,2.55,0,3.44,1,0,0,6,6,3,2
2043,40,42,1.421095398,3.44,1,2.55,0,0,0,0,0,2,1
2043,41,46,1.420805801,3.44,1,2.55,0,0,0,0,0,2,1
2043,26,28,1.412642026,3.44,1,2.55,0,0,0,0,0,2,1
2043,27,32,1.412260465,3.44,1,2.55,0,0,0,0,0,2,1
2043,16,40,1.364441346,2.55,0,3.44,1,1,0,6,0,3,2
2043,21,41,1.364333607,2.55,0,3.44,1,1,0,6,0,3,2
2043,15,26,1.355319142,2.55,0,3.44,1,1,0,6,0,3,2
2043,22,27,1.355082821,2.55,0,3.44,1,1,0,6,0,3,2
2043,4,12,1.198684674,2.55,0,3.44,1,0,0,6,0,3,1
2043,8,13,1.198630238,2.55,0,3.44,1,0,0,6,0,3,1
2044,1,2,1.60824693,2.55,0,2.55,0,0,0,4,4,4,4
2044,0,1,1.557914601,2.55,0,2.55,0,0,0,4,4,3,4
2044,2,3,1.557741825,2.55,0,2.55,0,0,0,4,4,4,3
2044,0,3,1.55134239,2.55,0,2.55,0,0,0,4,4,3,3
2044,3,8,1.515963564,2.55,0,2.55,0,0,0,4,6,3,3
2044,0,4,1.515703015,2.55,0,2.55,0,0,0,4,6,3,3
2044,2,9,1.509662846,2.55,0,2.55,0,0,0,4,6,4,3
2044,1,7,1.509402278,2.55,0,2.55,0,0,1,4,6,4,3
2044,15,16,1.421129465,2.55,0,2.55,0,1,1,6,6,3,3
2044,21,22,1.421101824,2.55,0,2.55,0,0,0,6,6,3,3
2044,7,17,1.407123388,2.55,0,2.55,0,1,1,6,6,3,2
2044,9,20,1.406890162,2.55,0,2.55,0,0,0,6,6,3,2
2044,10,23,1.40001325,2.55,0,2.55,0,0,0,6,6,3,2
2044,6,14,1.399908245,2.55,0,2.55,0,1,1,6,6,3,2
2044,14,15,1.397505707,2.55,0,2.55,0,1,1,6,6,2,3
2044,22,23,1.397460994,2.55,0,2.55,0,0,0,6,6,3,2
2044,6,7,1.39696118,2.55,0,2.55,0,1,1,6,6,3,3
2044,9,10,1.396741962,2.55,0,2.55,0,0,0,6,6,3,3
2044,16,17,1.392080185,2.55,0,2.55,0,1,1,6,6,3,2
2044,20,21,1.391948289,2.55,0,2.55,0,0,0,6,6,2,3
2044,10,11,1.38467284,2.55,0,3.44,1,0,0,6,6,3,2
2044,5,6,1.384290646,3.44,1,2.55,0,0,1,6,6,2,3
2044,4,5,1.363508192,2.55,0,3.44,1,0,0,6,6,3,2
2044,8,11,1.363300263,2.55,0,3.44,1,0,0,6,6,3,2
2044,1,48,1.529200283,2.55,0,2.55,0,0,0,4,0,4,2
2044,2,49,1.529031682,2.55,0,2.55,0,0,0,4,0,4,2
2044,48,50,1.435078441,2.55,0,3.44,1,0,0,0,0,2,2
2044,49,54,1.434440578,2.55,0,3.44,1,0,0,0,0,2,2
2044,39,44,1.422366022,3.44,1,2.55,0,0,0,0,0,2,1
2044,38,40,1.42196608,3.44,1,2.55,0,0,0,0,0,2,1
2044,26,28,1.41358965,3.44,1,2.55,0,0,0,0,0,2,1
2044,27,32,1.413382875,3.44,1,2.55,0,0,0,0,0,2,1
2044,16,38,1.363408835,2.55,0,3.44,1,1,0,6,0,3,2
2044,21,39,1.362820417,2.55,0,3.44,1,0,0,6,0,3,2
2044,22,27,1.3530082,2.55,0,3.44,1,0,0,6,0,3,2
2044,15,26,1.352875936,2.55,0,3.44,1,1,0,6,0,3,2
2044,54,57,1.342259568,3.44,1,2.55,0,0,0,0,0,2,2
2044,50,53,1.341558636,3.44,1,2.55,0,0,0,0,0,2,2
2044,53,58,1.199707982,2.55,0,3.44,1,0,0,0,0,2,1
2044,57,59,1.199325421,2.55,0,3.44,1,0,0,0,0,2,1
2044,8,13,1.197908273,2.55,0,3.44,1,0,0,6,0,3,1
2044,4,12,1.197753079,2.55,0,3.44,1,0,0,6,0,3,1
2045,36,37,1.589923677,2.55,0,2.55,0,0,0,4,4,3,3
2045,36,38,1.559854981,2.55,0,2.55,0,0,0,4,4,3,3
2045,37,39,1.554926401,2.55,0,2.55,0,0,0,4,4,3,3
2045,38,39,1.551708447,2.55,0,2.55,0,0,0,4,4,3,3
2045,39,44,1.542988149,2.55,0,2.55,0,0,0,4,5,3,2
2045,38,42,1.539123191,2.55,0,2.55,0,0,0,4,5,3,2
2045,44,46,1.420988288,2.55,0,3.44,1,0,0,5,5,2,2
2045,42,46,1.415791268,2.55,0,3.44,1,0,0,5,5,2,2
2045,10,11,1.410229258,2.55,0,2.55,0,1,1,6,6,2,3
2045,4,5,1.410002254,2.55,0,2.55,0,1,1,6,6,3,2
2045,14,15,1.407591291,2.55,0,2.55,0,1,1,6,6,3,2
2045,0,1,1.406777963,2.55,0,2.55,0,1,1,6,6,2,3
2045,12,13,1.402871504,2.55,0,2.55,0,1,1,6,6,2,2
2045,1,2,1.401846032,2.55,0,2.55,0,1,1,6,6,3,2
2045,2,3,1.401022845,2.55,0,2.55,0,1,1,6,6,2,2
2045,12,14,1.400871856,2.55,0,2.55,0,1,1,6,6,2,3
2045,3,4,1.400413833,2.55,0,2.55,0,1,1,6,6,2,3
2045,11,13,1.398478519,2.55,0,2.55,0,1,1,6,6,3,2
2045,0,5,1.390320462,2.55,0,2.55,0,1,1,6,6,2,2
2045,10,15,1.38886095,2.55,0,2.55,0,1,1,6,6,2,2
2045,21,22,1.517420461,2.55,0,2.55,0,0,0,0,0,2,1
2045,29,30,1.51741351,2.55,0,2.55,0,0,0,0,0,2,1
2045,11,37,1.509818389,2.55,0,2.55,0,1,0,6,4,3,3
2045,4,36,1.509043371,2.55,0,2.55,0,1,0,6,4,3,3
2045,20,21,1.417882662,3.44,1,2.55,0,0,0,0,0,2,2
2045,28,29,1.417642618,3.44,1,2.55,0,0,0,0,0,2,2
2045,14,28,1.358624916,2.55,0,3.44,1,1,0,6,0,3,2
2045,1,20,1.358442563,2.55,0,3.44,1,1,0,6,0,3,2
2046,18,19,1.597467283,2.55,0,2.55,0,0,0,4,4,3,3
2046,18,20,1.557124987,2.55,0,2.55,0,0,0,4,4,3,3
2046,19,21,1.552061692,2.55,0,2.55,0,0,0,4,4,3,3
2046,20,21,1.551138576,2.55,0,2.55,0,0,0,4,4,3,3
2046,20,24,1.54212291,2.55,0,2.55,0,0,0,4,5,3,2
2046,21,26,1.539857647,2.55,0,2.55,0,0,0,4,5,3,2
2046,24,28,1.422215554,2.55,0,3.44,1,0,0,5,5,2,2
2046,26,28,1.415234836,2.55,0,3.44,1,0,0,5,5,2,2
2046,9,10,1.409680433,2.55,0,2.55,0,1,1,6,6,2,3
2046,4,5,1.408188825,2.55,0,2.55,0,1,1,6,6,3,2
2046,11,12,1.406890991,2.55,0,2.55,0,1,1,6,6,3,2
2046,2,3,1.405074977,2.55,0,2.55,0,1,1,6,6,3,2
2046,1,2,1.403126966,2.55,0,2.55,0,1,1,6,6,2,3
2046,11,13,1.40180115,2.55,0,2.55,0,1,1,6,6,3,2
2046,13,14,1.400957188,2.55,0,2.55,0,1,1,6,6,2,2
2046,0,1,1.399917343,2.55,0,2.55,0,1,1,6,6,2,2
2046,3,4,1.399756613,2.55,0,2.55,0,1,1,6,6,2,3
2046,10,12,1.397721121,2.55,0,2.55,0,1,1,6,6,3,2
2046,0,5,1.394061597,2.55,0,2.55,0,1,1,6,6,2,2
2046,9,14,1.392213643,2.55,0,2.55,0,1,1,6,6,2,2
2046,42,45,1.517496154,2.55,0,2.55,0,0,0,0,0,1,2
2046,35,37,1.517290301,2.55,0,2.55,0,0,0,0,0,1,2
2046,10,19,1.511251479,2.55,0,2.55,0,1,0,6,4,3,3
2046,4,18,1.508010155,2.55,0,2.55,0,1,0,6,4,3,3
2046,37,38,1.418003565,2.55,0,3.44,1,0,0,0,0,2,2
2046,44,45,1.417762741,3.44,1,2.55,0,0,0,0,0,2,2
2046,11,38,1.359490701,2.55,0,3.44,1,1,0,6,0,3,2
2046,2,44,1.359101563,2.55,0,3.44,1,1,0,6,0,3,2
2047,16,17,1.59381008,2.55,0,2.55,0,0,0,4,4,3,3
2047,17,19,1.55992971,2.55,0,2.55,0,0,0,4,4,3,3
2047,16,18,1.556321278,2.55,0,2.55,0,0,0,4,4,3,3
2047,18,19,1.54734693,2.55,0,2.55,0,0,0,4,4,3,3
2047,19,24,1.541160361,2.55,0,2.55,0,0,0,4,5,3,2
2047,18,22,1.539870501,2.55,0,2.55,0,0,0,4,5,3,2
2047,24,26,1.422376048,2.55,0,3.44,1,0,0,5,5,2,2
2047,9,11,1.418605472,2.55,0,2.55,0,0,0,6,6,3,3
2047,3,4,1.418513854,2.55,0,2.55,0,1,1,6,6,3,3
2047,22,26,1.414996348,2.55,0,3.44,1,0,0,5,5,2,2
2047,10,11,1.403746663,2.55,0,2.55,0,0,0,6,6,2,3
2047,2,3,1.402372263,2.55,0,2.55,0,1,1,6,6,2,3
2047,4,5,1.40165831,2.55,0,2.55,0,1,1,6,6,3,2
2047,8,9,1.40078948,2.55,0,2.55,0,0,0,6,6,2,3
2047,8,13,1.399425749,2.55,0,2.55,0,0,0,6,6,2,2
2047,0,5,1.399134765,2.55,0,2.55,0,1,1,6,6,2,2
2047,10,12,1.398768237,2.55,0,2.55,0,0,0,6,6,2,2
2047,1,2,1.398661651,2.55,0,2.55,0,1,1,6,6,2,2
2047,0,1,1.393241926,2.55,0,2.55,0,1,1,6,6,2,2
2047,12,13,1.392746565,2.55,0,2.55,0,0,0,6,6,2,2
2047,36,37,1.517361477,2.55,0,2.55,0,0,0,0,0,1,2
2047,44,45,1.517357929,2.55,0,2.55,0,0,0,0,0,1,2
2047,4,16,1.514813887,2.55,0,2.55,0,1,0,6,4,3,3
2047,9,17,1.512588691,2.55,0,2.55,0,0,0,6,4,3,3
2047,45,46,1.419956068,2.55,0,3.44,1,0,0,0,0,2,2
2047,35,37,1.419473157,3.44,1,2.55,0,0,0,0,0,2,2
2047,11,35,1.366154098,2.55,0,3.44,1,0,0,6,0,3,2
2047,3,46,1.365515289,2.55,0,3.44,1,1,0,6,0,3,2
2048,14,19,1.591986418,2.55,0,2.55,0,0,0,4,4,4,4
2048,4,7,1.54519507,2.55,0,2.55,0,0,0,6,6,3,2
2048,10,13,1.544993266,2.55,0,2.55,0,0,0,6,6,3,2
2048,8,10,1.542892931,2.55,0,2.55,0,0,0,6,6,2,3
2048,3,4,1.542852577,2.55,0,2.55,0,0,0,6,6,2,3
2048,4,14,1.542253057,2.55,0,2.55,0,0,0,6,4,3,4
2048,0,1,1.541051867,2.55,0,2.55,0,0,0,6,6,3,3
2048,0,8,1.540343325,2.55,0,2.55,0,0,0,6,6,3,2
2048,2,7,1.540148706,2.55,0,2.55,0,0,0,6,6,3,2
2048,2,13,1.540063446,2.55,0,2.55,0,0,0,6,6,3,2
2048,0,3,1.538632931,2.55,0,2.55,0,0,0,6,6,3,2
2048,10,14,1.537474853,2.55,0,2.55,0,0,0,6,4,3,4
2048,1,2,1.5359878,2.55,0,2.55,0,0,0,6,6,3,3
2048,19,40,1.512045865,2.55,0,2.55,0,0,0,4,6,4,3
2048,19,41,1.509659194,2.55,0,2.55,0,0,0,4,6,4,3
2048,20,21,1.470076539,3.44,1,3.44,1,0,0,4,4,2,2
2048,14,20,1.460049188,2.55,0,3.44,1,0,0,4,4,4,2
2048,19,21,1.450218838,2.55,0,3.44,1,0,0,4,4,4,2
2048,41,42,1.404971308,2.55,0,2.55,0,0,0,6,6,3,3
2048,46,47,1.404729706,2.55,0,2.55,0,0,0,6,6,2,3
2048,41,50,1.403966122,2.55,0,2.55,0,0,0,6,6,3,2
2048,40,44,1.40299552,2.55,0,2.55,0,0,0,6,6,3,3
2048,51,52,1.401120957,2.55,0,2.55,0,0,0,6,6,2,2
2048,40,45,1.401115,2.55,0,2.55,0,0,0,6,6,3,2
2048,42,49,1.398904839,2.55,0,2.55,0,0,0,6,6,3,2
2048,47,48,1.397601037,2.55,0,2.55,0,0,0,6,6,3,2
2048,45,46,1.395830024,2.55,0,2.55,0,0,0,6,6,2,2
2048,50,51,1.395154155,2.55,0,2.55,0,0,0,6,6,2,2
2048,44,48,1.394968186,2.55,0,2.55,0,0,0,6,6,3,2
2048,49,52,1.394204945,2.55,0,2.55,0,0,0,6,6,2,2
2048,42,43,1.37243864,2.55,0,3.44,1,0,0,6,6,3,2
2048,43,44,1.370658562,3.44,1,2.55,0,0,0,6,6,2,3
2048,24,25,1.549378754,2.55,0,2.55,0,0,0,0,0,2,3
2048,62,63,1.540909289,2.55,0,2.55,0,0,0,0,0,3,1
2048,25,32,1.530290459,2.55,0,2.55,0,0,0,0,0,3,1
2048,23,24,1.529848382,2.55,0,2.55,0,0,0,0,0,1,2
2048,62,67,1.529293202,2.55,0,2.55,0,0,0,0,0,3,1
2048,25,26,1.524490742,2.55,0,2.55,0,0,0,0,0,3,3
2048,61,62,1.523797777,2.55,0,2.55,0,0,0,0,0,3,3
2048,1,27,1.445053964,2.55,0,3.44,1,0,0,6,0,3,2
2048,47,60,1.38439266,2.55,0,3.44,1,0,0,6,0,3,2
2048,60,61,1.364249064,3.44,1,2.55,0,0,0,0,0,2,3
2048,26,27,1.351318686,2.55,0,3.44,1,0,0,0,0,3,2
2048,26,31,1.20776996,2.55,0,3.44,1,0,0,0,0,3,1
2048,61,72,1.202817589,2.55,0,3.44,1,0,0,0,0,3,1
2049,3,5,1.582737626,2.55,0,2.55,0,0,0,4,4,3,3
2049,4,5,1.571760778,2.55,0,2.55,0,0,0,4,4,3,3
2049,2,4,1.557755371,2.55,0,2.55,0,0,0,4,4,3,3
2049,2,3,1.547535869,2.55,0,2.55,0,0,0,4,4,3,3
2049,28,34,1.404855669,2.55,0,2.55,0,1,1,6,6,3,2
2049,26,35,1.404417173,2.55,0,2.55,0,1,1,6,6,3,2
2049,28,30,1.402840861,2.55,0,2.55,0,1,1,6,6,3,2
2049,26,39,1.400978555,2.55,0,2.55,0,1,1,6,6,3,2
2049,38,39,1.399718324,2.55,0,2.55,0,1,1,6,6,2,2
2049,30,31,1.398681264,2.55,0,2.55,0,1,1,6,6,2,2
2049,33,34,1.397345798,2.55,0,2.55,0,1,1,6,6,2,2
2049,35,36,1.396278091,2.55,0,2.55,0,1,1,6,6,2,2
2049,36,37,1.336741286,2.55,0,3.04,2,1,1,6,6,2,2
2049,32,33,1.335912239,3.04,2,2.55,0,1,1,6,6,2,2
2049,31,32,1.334324132,2.55,0,3.04,2,1,1,6,6,2,2
2049,37,38,1.333864089,3.04,2,2.55,0,1,1,6,6,2,2
2049,4,6,1.515853422,2.55,0,2.55,0,0,0,4,0,3,3
2049,11,14,1.514462733,2.55,0,2.55,0,0,0,0,0,2,1
2049,0,2,1.514415038,2.55,0,2.55,0,0,0,0,4,3,3
2049,10,20,1.514243752,2.55,0,2.55,0,0,0,0,0,2,1
2049,5,28,1.508449716,2.55,0,2.55,0,0,1,4,6,3,3
2049,3,26,1.506941028,2.55,0,2.55,0,0,1,4,6,3,3
2049,1,10,1.442517095,3.44,1,2.55,0,0,0,0,0,2,2
2049,9,11,1.440913125,3.44,1,2.55,0,0,0,0,0,2,2
2049,0,1,1.34146315,2.55,0,3.44,1,0,0,0,0,3,2
2049,6,9,1.335927928,2.55,0,3.44,1,0,0,0,0,3,2
2049,6,8,1.210919137,2.55,0,3.44,1,0,0,0,0,3,1
2049,0,7,1.207461003,2.55,0,3.44,1,0,0,0,0,3,1
2050,16,18,1.566220594,2.55,0,2.55,0,0,0,4,4,3,3
2050,17,19,1.560118728,2.55,0,2.55,0,0,0,4,4,3,3
2050,16,17,1.554794986,2.55,0,2.55,0,0,0,4,4,3,3
2050,18,19,1.552007444,2.55,0,2.55,0,0,0,4,4,3,3
2050,18,22,1.539753679,2.55,0,2.55,0,0,0,4,5,3,2
2050,19,24,1.536419485,2.55,0,2.55,0,0,0,4,5,3,2
2050,22,26,1.42243266,2.55,0,3.44,1,0,0,5,5,2,2
2050,24,26,1.418507736,2.55,0,3.44,1,0,0,5,5,2,2
2050,3,4,1.418189444,2.55,0,2.55,0,1,1,6,6,3,3
2050,9,11,1.418165169,2.55,0,2.55,0,1,1,6,6,3,3
2050,2,3,1.401791391,2.55,0,2.55,0,1,1,6,6,2,3
2050,8,13,1.401626507,2.55,0,2.55,0,1,1,6,6,2,2
2050,10,11,1.401399047,2.55,0,2.55,0,1,1,6,6,2,3
2050,0,5,1.401354287,2.55,0,2.55,0,1,1,6,6,2,2
2050,10,12,1.40095399,2.55,0,2.55,0,1,1,6,6,2,2
2050,1,2,1.400608089,2.55,0,2.55,0,1,1,6,6,2,2
2050,4,5,1.398759128,2.55,0,2.55,0,1,1,6,6,3,2
2050,8,9,1.398318555,2.55,0,2.55,0,1,1,6,6,2,3
2050,12,13,1.392747401,2.55,0,2.55,0,1,1,6,6,2,2
2050,0,1,1.392534223,2.55,0,2.55,0,1,1,6,6,2,2
2050,36,37,1.517230129,2.55,0,2.55,0,0,0,0,0,1,2
2050,44,45,1.517088345,2.55,0,2.55,0,0,0,0,0,1,2
2050,9,17,1.510035361,2.55,0,2.55,0,1,0,6,4,3,3
2050,4,16,1.509715611,2.55,0,2.55,0,1,0,6,4,3,3
2050,45,46,1.420050729,2.55,0,3.44,1,0,0,0,0,2,2
2050,35,37,1.418890658,3.44,1,2.55,0,0,0,0,0,2,2
2050,3,46,1.36322206,2.55,0,3.44,1,1,0,6,0,3,2
2050,11,35,1.362419406,2.55,0,3.44,1,1,0,6,0,3,2
2051,3,5,1.579774661,2.55,0,2.55,0,0,0,4,4,3,3
2051,2,3,1.57561362,2.55,0,2.55,0,0,0,4,4,3,3
2051,4,5,1.560837296,2.55,0,2.55,0,0,0,4,4,3,3
2051,2,4,1.537243614,2.55,0,2.55,0,0,0,4,4,3,3
2051,26,39,1.405275407,2.55,0,2.55,0,1,1,6,6,3,2
2051,28,30,1.404005025,2.55,0,2.55,0,1,1,6,6,3,2
2051,26,35,1.40318747,2.55,0,2.55,0,1,1,6,6,3,2
2051,28,34,1.401518739,2.55,0,2.55,0,1,1,6,6,3,2
2051,33,34,1.39982397,2.55,0,2.55,0,1,1,6,6,2,2
2051,35,36,1.398237916,2.55,0,2.55,0,1,1,6,6,2,2
2051,38,39,1.398038292,2.55,0,2.55,0,1,1,6,6,2,2
2051,30,31,1.396624029,2.55,0,2.55,0,1,1,6,6,2,2
2051,31,32,1.336616901,2.55,0,3.04,2,1,1,6,6,2,2
2051,37,38,1.335825445,3.04,2,2.55,0,1,1,6,6,2,2
2051,36,37,1.334531552,2.55,0,3.04,2,1,1,6,6,2,2
2051,32,33,1.334034176,3.04,2,2.55,0,1,1,6,6,2,2
2051,11,14,1.514462643,2.55,0,2.55,0,0,0,0,0,2,1
2051,10,20,1.514309347,2.55,0,2.55,0,0,0,0,0,2,1
2051,4,6,1.512230944,2.55,0,2.55,0,0,0,4,0,3,3
2051,0,2,1.511988103,2.55,0,2.55,0,0,0,0,4,3,3
2051,3,26,1.510023888,2.55,0,2.55,0,0,1,4,6,3,3
2051,5,28,1.508028775,2.55,0,2.55,0,0,1,4,6,3,3
2051,9,11,1.441782296,3.44,1,2.55,0,0,0,0,0,2,2
2051,1,10,1.441762122,3.44,1,2.55,0,0,0,0,0,2,2
2051,6,9,1.343281124,2.55,0,3.44,1,0,0,0,0,3,2
2051,0,1,1.340021506,2.55,0,3.44,1,0,0,0,0,3,2
2051,6,8,1.208794312,2.55,0,3.44,1,0,0,0,0,3,1
2051,0,7,1.20834543,2.55,0,3.44,1,0,0,0,0,3,1
2052,2,4,1.598087919,2.55,0,2.55,0,0,0,4,4,4,4
2052,4,5,1.561708786,2.55,0,2.55,0,0,0,4,4,4,3
2052,2,3,1.557700141,2.55,0,2.55,0,0,0,4,4,4,3
2052,3,5,1.549134555,2.55,0,2.55,0,0,0,4,4,3,3
2052,4,10,1.543362978,2.55,0,2.55,0,0,0,4,0,4,3
2052,0,2,1.534108702,2.55,0,2.55,0,0,0,0,4,3,4
2052,13,15,1.433464604,3.44,1,2.55,0,0,0,0,0,2,1
2052,1,14,1.431941021,3.44,1,2.55,0,0,0,0,0,2,1
2052,10,13,1.33165812,2.55,0,3.44,1,0,0,0,0,3,2
2052,0,1,1.324919873,2.55,0,3.44,1,0,0,0,0,3,2
2052,0,11,1.209769846,2.55,0,3.44,1,0,0,0,0,3,1
2052,10,12,1.204605667,2.55,0,3.44,1,0,0,0,0,3,1
2053,2,4,1.56625178,2.55,0,2.55,0,0,0,4,4,4,4
2053,3,5,1.5509665,2.55,0,2.55,0,0,0,4,4,2,2
2053,4,5,1.550694489,2.55,0,2.55,0,0,0,4,4,4,2
2053,2,3,1.541039506,2.55,0,2.55,0,0,0,4,4,4,2
2053,4,10,1.530144662,2.55,0,2.55,0,0,0,4,0,4,3
2053,0,2,1.52579804,2.55,0,2.55,0,0,0,0,4,3,4
2053,1,14,1.431876239,3.44,1,2.55,0,0,0,0,0,2,1
2053,13,15,1.429883687,3.44,1,2.55,0,0,0,0,0,2,1
2053,0,1,1.335073256,2.55,0,3.44,1,0,0,0,0,3,2
2053,10,13,1.327715612,2.55,0,3.44,1,0,0,0,0,3,2
2053,10,12,1.209004733,2.55,0,3.44,1,0,0,0,0,3,1
2053,0,11,1.206105693,2.55,0,3.44,1,0,0,0,0,3,1
2054,2,4,1.584842357,2.55,0,2.55,0,0,0,4,4,4,4
2054,4,5,1.559815956,2.55,0,2.55,0,0,0,4,4,4,3
2054,2,3,1.556468242,2.55,0,2.55,0,0,0,4,4,4,3
2054,3,5,1.547081803,2.55,0,2.55,0,0,0,4,4,3,3
2054,4,10,1.531296057,2.55,0,2.55,0,0,0,4,0,4,3
2054,0,2,1.520718335,2.55,0,2.55,0,0,0,0,4,3,4
2054,13,15,1.433443071,3.44,1,2.55,0,0,0,0,0,2,1
2054,1,14,1.432716229,3.44,1,2.55,0,0,0,0,0,2,1
2054,10,13,1.327940038,2.55,0,3.44,1,0,0,0,0,3,2
2054,0,1,1.326637155,2.55,0,3.44,1,0,0,0,0,3,2
2054,0,11,1.209503474,2.55,0,3.44,1,0,0,0,0,3,1
2054,10,12,1.206319786,2.55,0,3.44,1,0,0,0,0,3,1
2055,45,63,1.77688575,2.55,0,2.58,3,0,0,6,6,3,2
2055,54,63,1.774084944,2.55,0,2.58,3,0,0,6,6,3,2
2056,54,62,1.774502848,2.55,0,2.58,3,0,0,6,6,3,2
2056,45,62,1.773886607,2.55,0,2.58,3,0,0,6,6,3,2
2057,4,7,1.583111079,2.55,0,2.55,0,0,0,4,4,3,3
2057,5,6,1.581851188,2.55,0,2.55,0,0,0,4,4,4,3
2057,4,5,1.555639834,2.55,0,2.55,0,0,0,4,4,3,4
2057,6,7,1.53597058,2.55,0,2.55,0,0,0,4,4,3,3
2057,0,5,1.523770524,2.55,0,2.55,0,0,0,6,4,3,4
2057,6,9,1.518750841,2.55,0,2.55,0,0,0,4,6,3,3
2057,3,4,1.445311721,3.04,2,2.55,0,0,0,6,4,3,3
2057,7,12,1.434741711,2.55,0,3.04,2,0,0,4,6,3,3
2057,10,11,1.418982021,3.04,2,2.55,0,0,0,6,6,3,3
2057,1,2,1.413617966,3.04,2,2.55,0,0,0,6,6,3,3
2057,9,10,1.38959284,2.55,0,3.04,2,0,0,6,6,3,3
2057,0,1,1.386614805,2.55,0,3.04,2,0,0,6,6,3,3
2057,2,3,1.377716101,2.55,0,3.04,2,0,0,6,6,3,3
2057,11,12,1.37696528,2.55,0,3.04,2,0,0,6,6,3,3
2057,5,39,1.529145127,2.55,0,2.55,0,0,0,4,0,4,1
2057,16,17,1.526328433,2.55,0,2.55,0,0,0,0,0,2,1
2057,30,31,1.526273362,2.55,0,2.55,0,0,0,0,0,2,1
2057,10,30,1.477722825,3.04,2,2.55,0,0,0,6,0,3,2
2057,1,16,1.47602839,3.04,2,2.55,0,0,0,6,0,3,2
2057,3,23,1.46184592,3.04,2,2.55,0,0,0,6,0,3,1
2057,12,26,1.455994637,3.04,2,2.55,0,0,0,6,0,3,1
2057,2,37,1.217765948,2.55,0,3.44,1,0,0,6,0,3,1
2057,11,38,1.217081979,2.55,0,3.44,1,0,0,6,0,3,1
2057,9,15,1.214526986,2.55,0,3.44,1,0,0,6,0,3,1
2057,0,14,1.213475625,2.55,0,3.44,1,0,0,6,0,3,1
2058,4,7,1.583472246,2.55,0,2.55,0,0,0,4,4,3,3
2058,5,6,1.567827907,2.55,0,2.55,0,0,0,4,4,3,3
2058,4,5,1.545149138,2.55,0,2.55,0,0,0,4,4,3,3
2058,6,7,1.536280853,2.55,0,2.55,0,0,0,4,4,3,3
2058,6,9,1.518975888,2.55,0,2.55,0,0,0,4,6,3,3
2058,0,5,1.510339199,2.55,0,2.55,0,0,0,6,4,3,3
2058,3,4,1.446325794,3.04,2,2.55,0,0,0,6,4,3,3
2058,7,12,1.434053226,2.55,0,3.04,2,0,0,4,6,3,3
2058,10,11,1.418809146,3.04,2,2.55,0,0,0,6,6,3,3
2058,1,2,1.414408472,3.04,2,2.55,0,0,0,6,6,3,3
2058,9,10,1.389178467,2.55,0,3.04,2,0,0,6,6,3,3
2058,0,1,1.38803938,2.55,0,3.04,2,0,0,6,6,3,3
2058,2,3,1.382062398,2.55,0,3.04,2,0,0,6,6,3,3
2058,11,12,1.377772807,2.55,0,3.04,2,0,0,6,6,3,3
2058,16,17,1.526405676,2.55,0,2.55,0,0,0,0,0,2,1
2058,30,31,1.52636268,2.55,0,2.55,0,0,0,0,0,2,1
2058,10,30,1.477801975,3.04,2,2.55,0,0,0,6,0,3,2
2058,1,16,1.475107866,3.04,2,2.55,0,0,0,6,0,3,2
2058,3,23,1.462246389,3.04,2,2.55,0,0,0,6,0,3,1
2058,12,26,1.456201964,3.04,2,2.55,0,0,0,6,0,3,1
2058,2,37,1.217405133,2.55,0,3.44,1,0,0,6,0,3,1
2058,11,38,1.217069343,2.55,0,3.44,1,0,0,6,0,3,1
2058,9,15,1.214213919,2.55,0,3.44,1,0,0,6,0,3,1
2058,0,14,1.212568233,2.55,0,3.44,1,0,0,6,0,3,1
4029,4,6,1.580705415,2.55,0,2.55,0,0,0,4,4,4,3
4029,6,7,1.574627092,2.55,0,2.55,0,0,0,4,4,3,4
4029,5,7,1.570887238,2.55,0,2.55,0,0,0,4,4,3,4
4029,4,5,1.55849421,2.55,0,2.55,0,0,0,4,4,4,3
4029,30,34,1.542713804,2.55,0,2.55,0,0,0,5,5,2,3
4029,7,30,1.536088714,2.55,0,2.55,0,0,0,4,5,4,2
4029,7,29,1.534724008,2.55,0,2.55,0,0,0,4,5,4,2
4029,0,4,1.51169175,2.55,0,2.55,0,0,0,6,4,2,4
4029,3,5,1.508780131,2.55,0,2.55,0,0,0,6,4,3,3
4029,47,49,1.492648172,2.55,0,2.55,0,1,1,6,6,3,3
4029,1,2,1.475244724,2.55,0,2.55,0,0,0,6,6,3,2
4029,49,50,1.462596042,2.55,0,2.55,0,1,1,6,6,3,3
4029,29,31,1.43076498,2.55,0,3.44,1,0,0,5,5,2,2
4029,31,34,1.423597714,3.44,1,2.55,0,0,0,5,5,2,3
4029,8,17,1.412221791,2.55,0,2.55,0,0,0,6,6,3,2
4029,8,19,1.407239927,2.55,0,2.55,0,0,0,6,6,3,2
4029,19,21,1.397448679,2.55,0,2.55,0,0,0,6,6,2,2
4029,18,20,1.396429003,2.55,0,2.55,0,0,0,6,6,2,3
4029,20,21,1.392541478,2.55,0,2.55,0,0,0,6,6,3,2
4029,17,18,1.391818022,2.55,0,2.55,0,0,0,6,6,2,2
4029,37,48,1.376112895,2.55,0,3.44,1,1,1,6,6,3,2
4029,50,51,1.361846862,2.55,0,2.55,0,1,1,6,6,3,3
4029,37,47,1.354305544,2.55,0,2.55,0,1,1,6,6,3,3
4029,0,1,1.349449411,2.55,0,2.55,0,0,0,6,6,2,3
4029,2,3,1.349108199,2.55,0,2.55,0,0,0,6,6,2,3
4029,48,51,1.346087017,3.44,1,2.55,0,1,1,6,6,2,3
4029,4,13,1.53350146,2.55,0,2.55,0,0,0,4,0,4,1
4029,6,8,1.516945697,2.55,0,2.55,0,0,0,4,6,3,3
4029,34,37,1.512510328,2.55,0,2.55,0,0,1,5,6,3,3
4029,1,39,1.506794722,2.55,0,2.55,0,0,0,6,0,3,1
4029,47,58,1.506673566,2.55,0,2.55,0,1,0,6,0,3,1
4029,3,12,1.502451748,2.55,0,2.55,0,0,0,6,0,3,1
4029,50,62,1.500669094,2.55,0,2.55,0,1,0,6,0,3,1
4029,20,26,1.476311723,2.55,0,3.04,2,0,0,6,0,3,3
4029,52,53,1.422857308,3.44,1,2.55,0,0,0,0,0,2,1
4029,51,52,1.33682291,2.55,0,3.44,1,1,0,6,0,3,2
4029,49,57,1.22949616,2.55,0,3.44,1,1,0,6,0,3,1
4029,26,27,1.221380534,3.04,2,3.44,1,0,0,0,0,3,1
4029,26,28,1.220997269,3.04,2,3.44,1,0,0,0,0,3,1
2060,0,1,1.579321981,2.55,0,2.55,0,0,0,4,4,3,3
2060,30,31,1.578660327,2.55,0,2.55,0,0,0,4,4,3,3
2060,1,31,1.576116584,2.55,0,2.55,0,0,0,4,4,3,3
2060,0,30,1.546808839,2.55,0,2.55,0,0,0,4,4,3,3
2060,4,5,1.407412986,2.55,0,2.55,0,1,1,6,6,2,3
2060,32,35,1.407184,2.55,0,2.55,0,1,1,6,6,2,3
2060,3,8,1.406475536,2.55,0,2.55,0,1,1,6,6,3,2
2060,37,41,1.406111672,2.55,0,2.55,0,1,1,6,6,3,2
2060,26,34,1.404556653,2.55,0,2.55,0,1,1,6,6,2,3
2060,2,9,1.404494768,2.55,0,2.55,0,1,1,6,6,3,2
2060,34,43,1.40137166,2.55,0,2.55,0,1,1,6,6,3,2
2060,2,13,1.401321171,2.55,0,2.55,0,1,1,6,6,3,2
2060,43,45,1.400380871,2.55,0,2.55,0,1,1,6,6,2,2
2060,12,13,1.400343713,2.55,0,2.55,0,1,1,6,6,2,2
2060,32,37,1.399364059,2.55,0,2.55,0,1,1,6,6,2,3
2060,3,4,1.3992879,2.55,0,2.55,0,1,1,6,6,3,2
2060,9,10,1.396146212,2.55,0,2.55,0,1,1,6,6,2,2
2060,26,33,1.396127777,2.55,0,2.55,0,1,1,6,6,2,2
2060,41,44,1.394451418,2.55,0,2.55,0,1,1,6,6,2,2
2060,7,8,1.394259133,2.55,0,2.55,0,1,1,6,6,2,2
2060,35,39,1.338222389,2.55,0,3.04,2,1,1,6,6,3,2
2060,5,6,1.338122403,2.55,0,3.04,2,1,1,6,6,3,2
2060,10,11,1.336934868,2.55,0,3.04,2,1,1,6,6,2,2
2060,33,40,1.336871943,2.55,0,3.04,2,1,1,6,6,2,2
2060,6,7,1.336432438,3.04,2,2.55,0,1,1,6,6,2,2
2060,39,44,1.336289685,3.04,2,2.55,0,1,1,6,6,2,2
2060,40,45,1.333381083,3.04,2,2.55,0,1,1,6,6,2,2
2060,11,12,1.333275059,3.04,2,2.55,0,1,1,6,6,2,2
2060,0,2,1.509468482,2.55,0,2.55,0,0,1,4,6,3,3
2060,30,34,1.509458151,2.55,0,2.55,0,0,1,4,6,3,3
2060,5,21,1.509003146,2.55,0,2.55,0,1,0,6,0,3,1
2060,1,3,1.508914522,2.55,0,2.55,0,0,1,4,6,3,3
2060,35,36,1.508877782,2.55,0,2.55,0,1,0,6,0,3,1
2060,31,37,1.508509644,2.55,0,2.55,0,0,1,4,6,3,3
2062,1,2,1.572073978,2.55,0,2.55,0,0,0,4,4,3,3
2062,2,3,1.564068225,2.55,0,2.55,0,0,0,4,4,3,4
2062,0,3,1.557757001,2.55,0,2.55,0,0,0,4,4,2,4
2062,0,1,1.554577871,2.55,0,2.55,0,0,0,4,4,2,3
2062,3,4,1.52963267,2.55,0,2.55,0,0,0,4,6,4,3
2062,2,5,1.496437197,2.55,0,2.55,0,0,1,4,6,3,3
2062,10,11,1.408722641,2.55,0,2.55,0,1,1,6,6,2,3
2062,5,9,1.406348381,2.55,0,2.55,0,1,1,6,6,3,2
2062,11,12,1.400622742,2.55,0,2.55,0,1,1,6,6,3,2
2062,6,12,1.399461933,2.55,0,2.55,0,1,1,6,6,3,2
2062,5,6,1.398407221,2.55,0,2.55,0,1,1,6,6,3,3
2062,9,10,1.389465919,2.55,0,2.55,0,1,1,6,6,2,2
2062,6,7,1.381526393,2.55,0,3.44,1,1,0,6,6,3,2
2062,4,7,1.363758278,2.55,0,3.44,1,0,0,6,6,3,2
2062,26,29,1.529711614,2.55,0,2.55,0,0,0,0,0,2,1
2062,1,17,1.523686703,2.55,0,2.55,0,0,0,4,0,3,2
2062,3,38,1.522502958,2.55,0,2.55,0,0,0,4,0,4,3
2062,25,26,1.519285144,2.55,0,2.55,0,0,0,0,0,2,2
2062,17,18,1.51774577,2.55,0,2.55,0,0,0,0,0,2,3
2062,40,41,1.514134621,2.55,0,2.55,0,0,0,0,0,2,1
2062,39,40,1.441652486,3.44,1,2.55,0,0,0,0,0,2,2
2062,21,25,1.437509675,3.44,1,2.55,0,0,0,0,0,2,2
2062,15,16,1.411738673,3.44,1,2.55,0,0,0,0,0,2,1
2062,11,15,1.354094045,2.55,0,3.44,1,1,0,6,0,3,2
2062,18,21,1.343947482,2.55,0,3.44,1,0,0,0,0,3,2
2062,38,39,1.341402221,2.55,0,3.44,1,0,0,0,0,3,2
2062,18,24,1.207817569,2.55,0,3.44,1,0,0,0,0,3,1
2062,38,44,1.207176192,2.55,0,3.44,1,0,0,0,0,3,1
2062,4,8,1.197210157,2.55,0,3.44,1,0,0,6,0,3,1
2063,0,2,1.570718411,2.55,0,2.55,0,0,0,4,4,3,3
2063,0,1,1.560486907,2.55,0,2.55,0,0,0,4,4,3,3
2063,2,3,1.559443931,2.55,0,2.55,0,0,0,4,4,3,3
2063,1,3,1.542680782,2.55,0,2.55,0,0,0,4,4,3,3
2063,1,37,1.53037884,2.55,0,2.55,0,0,0,4,5,3,2
2063,3,40,1.524279051,2.55,0,2.55,0,0,0,4,5,3,3
2063,37,42,1.43497845,2.55,0,3.44,1,0,0,5,5,2,2
2063,40,42,1.362932523,2.55,0,3.44,1,0,0,5,5,3,2
2063,4,7,1.533984199,2.55,0,2.55,0,0,0,0,0,2,2
2063,6,16,1.533570958,2.55,0,2.55,0,0,0,0,0,2,2
2063,19,22,1.532657746,2.55,0,2.55,0,0,0,0,0,2,2
2063,10,13,1.532553866,2.55,0,2.55,0,0,0,0,0,2,2
2063,7,10,1.532122762,2.55,0,2.55,0,0,0,0,0,2,2
2063,16,19,1.531782821,2.55,0,2.55,0,0,0,0,0,2,2
2063,13,25,1.529804381,2.55,0,2.55,0,0,0,0,0,2,1
2063,22,31,1.529662417,2.55,0,2.55,0,0,0,0,0,2,1
2063,2,6,1.529448193,2.55,0,2.55,0,0,0,4,0,3,2
2063,0,4,1.525401719,2.55,0,2.55,0,0,0,4,0,3,2
2063,40,45,1.198235015,2.55,0,3.44,1,0,0,5,0,3,1
2064,2,3,1.561938709,2.55,0,2.55,0,0,0,4,4,3,3
2064,0,1,1.560592166,2.55,0,2.55,0,0,0,4,4,3,3
2064,0,2,1.55817471,2.55,0,2.55,0,0,0,4,4,3,3
2064,1,3,1.549966451,2.55,0,2.55,0,0,0,4,4,3,3
2064,1,37,1.535080345,2.55,0,2.55,0,0,0,4,5,3,2
2064,3,40,1.526264284,2.55,0,2.55,0,0,0,4,5,3,3
2064,37,42,1.454460347,2.55,0,3.04,2,0,0,5,5,2,3
2064,40,42,1.375918503,2.55,0,3.04,2,0,0,5,5,3,3
2064,6,16,1.533170519,2.55,0,2.55,0,0,0,0,0,2,2
2064,4,7,1.533063021,2.55,0,2.55,0,0,0,0,0,2,2
2064,10,13,1.532525669,2.55,0,2.55,0,0,0,0,0,2,2
2064,19,22,1.532260299,2.55,0,2.55,0,0,0,0,0,2,2
2064,7,10,1.53214345,2.55,0,2.55,0,0,0,0,0,2,2
2064,16,19,1.531795608,2.55,0,2.55,0,0,0,0,0,2,2
2064,22,31,1.5299086,2.55,0,2.55,0,0,0,0,0,2,1
2064,13,25,1.529865483,2.55,0,2.55,0,0,0,0,0,2,1
2064,2,6,1.525302547,2.55,0,2.55,0,0,0,4,0,3,2
2064,0,4,1.524972319,2.55,0,2.55,0,0,0,4,0,3,2
2064,42,46,1.442404987,3.04,2,2.55,0,0,0,5,0,3,1
2064,40,45,1.219043586,2.55,0,3.44,1,0,0,5,0,3,1
2065,2,3,1.573020181,2.55,0,2.55,0,0,0,4,4,3,3
2065,0,2,1.572266013,2.55,0,2.55,0,0,0,4,4,3,3
2065,0,1,1.560769881,2.55,0,2.55,0,0,0,4,4,3,3
2065,1,3,1.550383179,2.55,0,2.55,0,0,0,4,4,3,3
2065,3,38,1.539049466,2.55,0,2.55,0,0,0,4,5,3,2
2065,1,35,1.524663198,2.55,0,2.55,0,0,0,4,5,3,3
2065,38,40,1.456751141,2.55,0,3.04,2,0,0,5,5,2,3
2065,46,53,1.406194198,2.55,0,2.55,0,1,1,6,6,3,2
2065,46,49,1.401516647,2.55,0,2.55,0,1,1,6,6,3,2
2065,51,52,1.400409185,2.55,0,2.55,0,1,1,6,6,2,2
2065,49,50,1.399944789,2.55,0,2.55,0,1,1,6,6,2,2
2065,50,51,1.396963992,2.55,0,2.55,0,1,1,6,6,2,2
2065,52,53,1.396390611,2.55,0,2.55,0,1,1,6,6,2,2
2065,35,40,1.373608091,2.55,0,3.04,2,0,0,5,5,3,3
2065,6,16,1.534841255,2.55,0,2.55,0,0,0,0,0,2,2
2065,4,7,1.533379972,2.55,0,2.55,0,0,0,0,0,2,2
2065,19,22,1.532306188,2.55,0,2.55,0,0,0,0,0,2,2
2065,16,19,1.531972541,2.55,0,2.55,0,0,0,0,0,2,2
2065,2,6,1.530134781,2.55,0,2.55,0,0,0,4,0,3,2
2065,22,29,1.529884253,2.55,0,2.55,0,0,0,0,0,2,1
2065,0,4,1.526771906,2.55,0,2.55,0,0,0,4,0,3,2
2065,7,10,1.526281657,2.55,0,2.55,0,0,0,0,0,2,2
2065,10,13,1.524329199,2.55,0,2.55,0,0,0,0,0,2,3
2065,13,25,1.520261979,2.55,0,2.55,0,0,0,0,0,3,1
2065,45,46,1.519838332,2.55,0,2.55,0,0,1,0,6,2,3
2065,40,45,1.453627969,3.04,2,2.55,0,0,0,5,0,3,2
2065,35,44,1.220912269,2.55,0,3.44,1,0,0,5,0,3,1
2065,13,41,1.21131619,2.55,0,3.44,1,0,0,0,0,3,1
2066,0,25,1.584118045,2.55,0,2.55,0,0,0,4,4,3,3
2066,1,26,1.579984842,2.55,0,2.55,0,0,0,4,4,3,3
2066,0,1,1.571925992,2.55,0,2.55,0,0,0,4,4,3,3
2066,25,26,1.55150051,2.55,0,2.55,0,0,0,4,4,3,3
2066,29,35,1.407275234,2.55,0,2.55,0,1,1,6,6,3,2
2066,33,37,1.406728903,2.55,0,2.55,0,1,1,6,6,3,2
2066,2,13,1.404885594,2.55,0,2.55,0,1,1,6,6,3,2
2066,2,9,1.40449534,2.55,0,2.55,0,1,1,6,6,3,2
2066,27,31,1.403741177,2.55,0,2.55,0,0,0,6,6,3,3
2066,11,12,1.403721245,2.55,0,2.55,0,1,1,6,6,3,2
2066,3,8,1.403489664,2.55,0,2.55,0,1,1,6,6,3,3
2066,10,11,1.403476422,2.55,0,2.55,0,1,1,6,6,2,3
2066,3,4,1.401579121,2.55,0,2.55,0,1,1,6,6,3,3
2066,31,34,1.401548813,2.55,0,2.55,0,0,0,6,6,3,3
2066,22,28,1.400574499,2.55,0,2.55,0,1,1,6,6,2,2
2066,22,29,1.400560324,2.55,0,2.55,0,1,1,6,6,2,3
2066,28,33,1.399937482,2.55,0,2.55,0,1,1,6,6,2,3
2066,34,36,1.399532705,2.55,0,2.55,0,0,0,6,6,3,3
2066,5,6,1.397582626,2.55,0,2.55,0,1,1,6,6,3,3
2066,7,8,1.397562383,2.55,0,2.55,0,1,1,6,6,3,3
2066,30,32,1.39746274,2.55,0,2.55,0,0,0,6,6,3,3
2066,6,7,1.396632852,2.55,0,2.55,0,1,1,6,6,3,3
2066,12,13,1.396270737,2.55,0,2.55,0,1,1,6,6,2,2
2066,9,10,1.396250483,2.55,0,2.55,0,1,1,6,6,2,2
2066,4,5,1.396243446,2.55,0,2.55,0,1,1,6,6,3,3
2066,32,36,1.395263334,2.55,0,2.55,0,0,0,6,6,3,3
2066,27,30,1.394574207,2.55,0,2.55,0,0,0,6,6,3,3
2066,35,37,1.392787118,2.55,0,2.55,0,1,1,6,6,2,2
2066,26,31,1.511222192,2.55,0,2.55,0,0,0,4,6,3,3
2066,25,29,1.510798421,2.55,0,2.55,0,0,1,4,6,3,3
2066,33,52,1.509773643,2.55,0,2.55,0,1,0,6,0,3,1
2066,11,48,1.509705529,2.55,0,2.55,0,1,0,6,0,3,1
2066,0,2,1.508489173,2.55,0,2.55,0,0,1,4,6,3,3
2066,1,3,1.506371098,2.55,0,2.55,0,0,1,4,6,3,3
2067,11,34,1.610860005,2.55,0,2.55,0,0,0,4,4,4,4
2067,10,11,1.599793743,2.55,0,2.55,0,0,0,4,4,3,4
2067,33,34,1.582242755,2.55,0,2.55,0,0,0,4,4,3,4
2067,10,33,1.573131097,2.55,0,2.55,0,0,0,4,4,3,3
2067,35,37,1.422647803,2.55,0,2.55,0,1,1,6,6,3,3
2067,12,14,1.412696582,2.55,0,2.55,0,0,0,6,6,3,3
2067,35,38,1.411922436,2.55,0,2.55,0,1,1,6,6,3,2
2067,26,27,1.410127198,2.55,0,2.55,0,1,1,6,6,3,3
2067,12,15,1.407267775,2.55,0,2.55,0,0,0,6,6,3,2
2067,37,41,1.406129718,2.55,0,2.55,0,1,1,6,6,3,2
2067,14,18,1.406105505,2.55,0,2.55,0,0,0,6,6,3,2
2067,0,3,1.405926789,2.55,0,2.55,0,1,1,6,6,2,3
2067,3,4,1.405906302,2.55,0,2.55,0,1,1,6,6,3,3
2067,23,26,1.404418407,2.55,0,2.55,0,1,1,6,6,2,3
2067,27,28,1.403278486,2.55,0,2.55,0,1,1,6,6,3,2
2067,4,5,1.402855143,2.55,0,2.55,0,1,1,6,6,3,2
2067,25,28,1.396923484,2.55,0,2.55,0,1,1,6,6,2,2
2067,23,24,1.396835624,2.55,0,2.55,0,1,1,6,6,2,2
2067,2,5,1.396689225,2.55,0,2.55,0,1,1,6,6,2,2
2067,0,1,1.396149411,2.55,0,2.55,0,1,1,6,6,2,2
2067,1,2,1.395949094,2.55,0,2.55,0,1,1,6,6,2,2
2067,38,39,1.395895507,2.55,0,2.55,0,1,1,6,6,2,2
2067,16,17,1.395499071,2.55,0,2.55,0,0,0,6,6,2,2
2067,24,25,1.395281185,2.55,0,2.55,0,1,1,6,6,2,2
2067,17,18,1.394609403,2.55,0,2.55,0,0,0,6,6,2,2
2067,15,16,1.39438505,2.55,0,2.55,0,0,0,6,6,2,2
2067,40,41,1.392451382,2.55,0,2.55,0,1,1,6,6,2,2
2067,39,40,1.390431648,2.55,0,2.55,0,1,1,6,6,2,2
2067,13,36,1.603566409,2.55,0,2.55,0,0,0,7,7,3,3
2067,34,35,1.554428672,2.55,0,2.55,0,0,1,4,6,4,3
2067,34,51,1.553064053,2.55,0,2.55,0,0,0,4,0,4,3
2067,11,50,1.548527499,2.55,0,2.55,0,0,0,4,0,4,3
2067,13,14,1.526510962,2.55,0,2.55,0,0,0,7,6,3,3
2067,36,37,1.524608266,2.55,0,2.55,0,0,1,7,6,3,3
2067,27,36,1.522089864,2.55,0,2.55,0,1,0,6,7,3,3
2067,50,56,1.521232363,2.55,0,2.55,0,0,0,0,0,3,1
2067,51,52,1.515696182,2.55,0,2.55,0,0,0,0,0,3,1
2067,11,12,1.514903399,2.55,0,2.55,0,0,0,4,6,4,3
2067,4,13,1.512774853,2.55,0,2.55,0,1,0,6,7,3,3
2067,26,33,1.503068507,2.55,0,2.55,0,1,0,6,4,3,3
2067,3,10,1.502480779,2.55,0,2.55,0,1,0,6,4,3,3
2067,50,60,1.213198997,2.55,0,3.44,1,0,0,0,0,3,1
2067,51,61,1.21138944,2.55,0,3.44,1,0,0,0,0,3,1
2068,0,1,1.565887663,2.55,0,2.55,0,0,0,4,4,3,3
2068,1,4,1.563357071,2.55,0,2.55,0,0,0,4,4,3,3
2068,0,3,1.562198064,2.55,0,2.55,0,0,0,4,4,3,3
2068,3,4,1.550549155,2.55,0,2.55,0,0,0,4,4,3,3
2068,25,26,1.535146906,2.55,0,2.55,0,0,0,0,0,2,2
2068,17,18,1.534760619,2.55,0,2.55,0,0,0,0,0,2,2
2068,39,42,1.532487679,2.55,0,2.55,0,0,0,0,0,2,2
2068,53,56,1.53244438,2.55,0,2.55,0,0,0,0,0,2,2
2068,42,45,1.529893382,2.55,0,2.55,0,0,0,0,0,2,1
2068,56,59,1.529622139,2.55,0,2.55,0,0,0,0,0,2,1
2068,38,39,1.518422891,2.55,0,2.55,0,0,0,0,0,2,2
2068,52,53,1.51837643,2.55,0,2.55,0,0,0,0,0,2,2
2068,1,10,1.518124599,2.55,0,2.55,0,0,0,4,0,3,2
2068,4,8,1.51737474,2.55,0,2.55,0,0,0,4,0,3,2
2068,3,5,1.516078029,2.55,0,2.55,0,0,0,4,0,3,3
2068,16,17,1.514772273,2.55,0,2.55,0,0,0,0,0,3,2
2068,24,25,1.514426511,2.55,0,2.55,0,0,0,0,0,3,2
2068,0,2,1.513581896,2.55,0,2.55,0,0,0,4,0,3,3
2068,18,21,1.463059143,2.55,0,2.55,0,0,0,0,0,2,2
2068,26,29,1.462886279,2.55,0,2.55,0,0,0,0,0,2,2
2068,51,52,1.439264926,3.44,1,2.55,0,0,0,0,0,2,2
2068,37,38,1.439125427,3.44,1,2.55,0,0,0,0,0,2,2
2068,10,15,1.435637294,2.55,0,3.44,1,0,0,0,0,2,2
2068,8,12,1.434345322,2.55,0,3.44,1,0,0,0,0,2,2
2068,15,24,1.348153734,3.44,1,2.55,0,0,0,0,0,2,3
2068,12,16,1.347161215,3.44,1,2.55,0,0,0,0,0,2,3
2068,5,37,1.337395752,2.55,0,3.44,1,0,0,0,0,3,2
2068,2,51,1.337263828,2.55,0,3.44,1,0,0,0,0,3,2
2068,21,32,1.211835724,2.55,0,2.55,0,0,0,0,0,2,1
2068,29,33,1.211665886,2.55,0,2.55,0,0,0,0,0,2,1
2068,2,66,1.211086377,2.55,0,3.44,1,0,0,0,0,3,1
2068,5,65,1.208761536,2.55,0,3.44,1,0,0,0,0,3,1
2068,16,34,1.206885986,2.55,0,3.44,1,0,0,0,0,3,1
2068,24,69,1.20659589,2.55,0,3.44,1,0,0,0,0,3,1
2069,0,15,1.595981817,2.55,0,2.55,0,0,0,4,4,3,3
2069,0,1,1.557463059,2.55,0,2.55,0,0,0,4,4,3,2
2069,15,16,1.548319566,2.55,0,2.55,0,0,0,4,4,3,2
2069,1,16,1.548032361,2.55,0,2.55,0,0,0,4,4,2,2
2069,18,20,1.408953442,2.55,0,2.55,0,1,1,6,6,3,2
2069,2,7,1.407853902,2.55,0,2.55,0,1,1,6,6,3,2
2069,2,3,1.406479912,2.55,0,2.55,0,1,1,6,6,3,2
2069,19,21,1.405103437,2.55,0,2.55,0,1,1,6,6,3,2
2069,5,6,1.403319674,2.55,0,2.55,0,1,1,6,6,3,2
2069,4,5,1.4031257,2.55,0,2.55,0,1,1,6,6,2,3
2069,13,18,1.403089312,2.55,0,2.55,0,1,1,6,6,2,3
2069,17,19,1.40166203,2.55,0,2.55,0,1,1,6,6,2,3
2069,13,17,1.397084986,2.55,0,2.55,0,1,1,6,6,2,2
2069,3,4,1.394569991,2.55,0,2.55,0,1,1,6,6,2,2
2069,6,7,1.393170295,2.55,0,2.55,0,1,1,6,6,2,2
2069,20,21,1.390831128,2.55,0,2.55,0,1,1,6,6,2,2
2069,0,2,1.509753743,2.55,0,2.55,0,0,1,4,6,3,3
2069,15,18,1.508106813,2.55,0,2.55,0,0,1,4,6,3,3
2069,5,26,1.491954486,2.55,0,2.55,0,1,0,6,0,3,3
2069,19,27,1.491734419,2.55,0,2.55,0,1,0,6,0,3,3
2069,32,33,1.42588872,3.44,1,2.55,0,0,0,0,0,2,1
2069,37,38,1.425826032,3.44,1,2.55,0,0,0,0,0,2,1
2069,27,32,1.349306327,2.55,0,3.44,1,0,0,0,0,3,2
2069,26,37,1.349153934,2.55,0,3.44,1,0,0,0,0,3,2
2069,27,42,1.210423127,2.55,0,3.44,1,0,0,0,0,3,1
2069,26,43,1.21041071,2.55,0,3.44,1,0,0,0,0,3,1
2070,0,15,1.58744089,2.55,0,2.55,0,0,0,4,4,3,3
2070,15,16,1.567803617,2.55,0,2.55,0,0,0,4,4,3,3
2070,1,16,1.567479389,2.55,0,2.55,0,0,0,4,4,3,3
2070,0,1,1.553056193,2.55,0,2.55,0,0,0,4,4,3,3
2070,45,46,1.408497296,2.55,0,2.55,0,1,1,6,6,3,2
2070,2,3,1.407904197,2.55,0,2.55,0,1,1,6,6,3,2
2070,13,18,1.407894655,2.55,0,2.55,0,1,1,6,6,2,3
2070,18,20,1.406868292,2.55,0,2.55,0,1,1,6,6,3,2
2070,2,7,1.406417452,2.55,0,2.55,0,1,1,6,6,3,2
2070,45,50,1.405998773,2.55,0,2.55,0,1,1,6,6,3,2
2070,51,52,1.405902313,2.55,0,2.55,0,1,1,6,6,3,2
2070,51,53,1.404910553,2.55,0,2.55,0,1,1,6,6,3,2
2070,4,5,1.404296892,2.55,0,2.55,0,1,1,6,6,2,3
2070,17,19,1.404041158,2.55,0,2.55,0,1,1,6,6,2,3
2070,19,21,1.402656185,2.55,0,2.55,0,1,1,6,6,3,2
2070,5,6,1.401995253,2.55,0,2.55,0,1,1,6,6,3,2
2070,47,48,1.400999357,2.55,0,2.55,0,1,1,6,6,2,2
2070,55,56,1.400209293,2.55,0,2.55,0,1,1,6,6,2,2
2070,54,55,1.398241265,2.55,0,2.55,0,1,1,6,6,2,2
2070,48,49,1.397678083,2.55,0,2.55,0,1,1,6,6,2,2
2070,49,50,1.397597804,2.55,0,2.55,0,1,1,6,6,2,2
2070,53,54,1.397079963,2.55,0,2.55,0,1,1,6,6,2,2
2070,6,7,1.395050791,2.55,0,2.55,0,1,1,6,6,2,2
2070,13,17,1.394599846,2.55,0,2.55,0,1,1,6,6,2,2
2070,52,56,1.394089913,2.55,0,2.55,0,1,1,6,6,2,2
2070,20,21,1.393684594,2.55,0,2.55,0,1,1,6,6,2,2
2070,3,4,1.39326965,2.55,0,2.55,0,1,1,6,6,2,2
2070,46,47,1.39289903,2.55,0,2.55,0,1,1,6,6,2,2
2070,1,42,1.538596679,2.55,0,2.55,0,0,0,4,0,3,3
2070,16,40,1.520754423,2.55,0,2.55,0,0,0,4,0,3,3
2070,0,2,1.510885699,2.55,0,2.55,0,0,1,4,6,3,3
2070,15,18,1.505260957,2.55,0,2.55,0,0,1,4,6,3,3
2070,42,51,1.502718516,2.55,0,2.55,0,0,1,0,6,3,3
2070,40,45,1.501252005,2.55,0,2.55,0,0,1,0,6,3,3
2070,19,27,1.493196785,2.55,0,2.55,0,1,0,6,0,3,3
2070,5,26,1.492540229,2.55,0,2.55,0,1,0,6,0,3,3
2070,28,29,1.426500159,3.44,1,2.55,0,0,0,0,0,2,1
2070,33,34,1.42642447,3.44,1,2.55,0,0,0,0,0,2,1
2070,27,28,1.348635384,2.55,0,3.44,1,0,0,0,0,3,2
2070,26,33,1.348301634,2.55,0,3.44,1,0,0,0,0,3,2
2070,40,44,1.218852591,2.55,0,3.44,1,0,0,0,0,3,1
2070,42,67,1.216747592,2.55,0,3.44,1,0,0,0,0,3,1
2070,26,39,1.210288243,2.55,0,3.44,1,0,0,0,0,3,1
2070,27,38,1.209898342,2.55,0,3.44,1,0,0,0,0,3,1
2071,0,15,1.594656194,2.55,0,2.55,0,0,0,4,4,3,3
2071,15,16,1.572374873,2.55,0,2.55,0,0,0,4,4,3,3
2071,0,1,1.550136444,2.55,0,2.55,0,0,0,4,4,3,2
2071,1,16,1.543866874,2.55,0,2.55,0,0,0,4,4,2,3
2071,43,44,1.408095811,2.55,0,2.55,0,1,1,6,6,3,2
2071,2,3,1.407775581,2.55,0,2.55,0,1,1,6,6,3,2
2071,13,18,1.40759963,2.55,0,2.55,0,1,1,6,6,2,3
2071,18,20,1.407070483,2.55,0,2.55,0,1,1,6,6,3,2
2071,2,7,1.4060662,2.55,0,2.55,0,1,1,6,6,3,2
2071,43,48,1.405601274,2.55,0,2.55,0,1,1,6,6,3,2
2071,4,5,1.404524327,2.55,0,2.55,0,1,1,6,6,2,3
2071,17,19,1.40385154,2.55,0,2.55,0,1,1,6,6,2,3
2071,19,21,1.402785245,2.55,0,2.55,0,1,1,6,6,3,2
2071,5,6,1.401954972,2.55,0,2.55,0,1,1,6,6,3,2
2071,45,46,1.401090839,2.55,0,2.55,0,1,1,6,6,2,2
2071,47,48,1.397681255,2.55,0,2.55,0,1,1,6,6,2,2
2071,46,47,1.397617684,2.55,0,2.55,0,1,1,6,6,2,2
2071,6,7,1.395058742,2.55,0,2.55,0,1,1,6,6,2,2
2071,13,17,1.394627883,2.55,0,2.55,0,1,1,6,6,2,2
2071,20,21,1.393684053,2.55,0,2.55,0,1,1,6,6,2,2
2071,44,45,1.393189961,2.55,0,2.55,0,1,1,6,6,2,2
2071,3,4,1.393044241,2.55,0,2.55,0,1,1,6,6,2,2
2071,16,40,1.525409714,2.55,0,2.55,0,0,0,4,0,3,3
2071,0,2,1.51162717,2.55,0,2.55,0,0,1,4,6,3,3
2071,15,18,1.505587401,2.55,0,2.55,0,0,1,4,6,3,3
2071,40,43,1.50212652,2.55,0,2.55,0,0,1,0,6,3,3
2071,19,27,1.492992617,2.55,0,2.55,0,1,0,6,0,3,3
2071,5,26,1.492279253,2.55,0,2.55,0,1,0,6,0,3,3
2071,28,29,1.42642462,3.44,1,2.55,0,0,0,0,0,2,1
2071,33,34,1.425994285,3.44,1,2.55,0,0,0,0,0,2,1
2071,27,28,1.348567931,2.55,0,3.44,1,0,0,0,0,3,2
2071,26,33,1.348508933,2.55,0,3.44,1,0,0,0,0,3,2
2071,40,42,1.218630929,2.55,0,3.44,1,0,0,0,0,3,1
2071,26,39,1.210325254,2.55,0,3.44,1,0,0,0,0,3,1
2071,27,38,1.209979978,2.55,0,3.44,1,0,0,0,0,3,1
2072,0,14,1.567097462,2.55,0,2.55,0,0,0,4,4,3,3
2072,0,1,1.563361437,2.55,0,2.55,0,0,0,4,4,3,3
2072,14,15,1.555372939,2.55,0,2.55,0,0,0,4,4,3,2
2072,1,15,1.547970485,2.55,0,2.55,0,0,0,4,4,3,2
2072,4,5,1.411364741,2.55,0,2.55,0,1,1,6,6,3,3
2072,5,6,1.410548644,2.55,0,2.55,0,1,1,6,6,3,2
2072,12,17,1.407623825,2.55,0,2.55,0,1,1,6,6,2,3
2072,17,19,1.405907495,2.55,0,2.55,0,1,1,6,6,3,2
2072,2,7,1.405269128,2.55,0,2.55,0,1,1,6,6,3,2
2072,16,18,1.404689741,2.55,0,2.55,0,1,1,6,6,2,3
2072,18,20,1.402552074,2.55,0,2.55,0,1,1,6,6,3,2
2072,3,4,1.401775719,2.55,0,2.55,0,1,1,6,6,2,3
2072,2,3,1.400674874,2.55,0,2.55,0,1,1,6,6,3,2
2072,19,20,1.394361059,2.55,0,2.55,0,1,1,6,6,2,2
2072,12,16,1.39410629,2.55,0,2.55,0,1,1,6,6,2,2
2072,6,7,1.388451515,2.55,0,2.55,0,1,1,6,6,2,2
2072,1,39,1.509514542,2.55,0,2.55,0,0,0,4,0,3,3
2072,0,2,1.508169096,2.55,0,2.55,0,0,1,4,6,3,3
2072,14,17,1.507812142,2.55,0,2.55,0,0,1,4,6,3,3
2072,5,25,1.503754717,2.55,0,2.55,0,1,0,6,0,3,3
2072,18,26,1.493221459,2.55,0,2.55,0,1,0,6,0,3,3
2072,41,46,1.430450578,3.44,1,2.55,0,0,0,0,0,2,1
2072,32,33,1.427028814,3.44,1,2.55,0,0,0,0,0,2,1
2072,27,28,1.426347832,3.44,1,2.55,0,0,0,0,0,2,1
2072,26,27,1.3482388,2.55,0,3.44,1,0,0,0,0,3,2
2072,39,41,1.346613832,2.55,0,3.44,1,0,0,0,0,3,2
2072,25,32,1.337289061,2.55,0,3.44,1,0,0,0,0,3,2
2072,25,38,1.211457047,2.55,0,3.44,1,0,0,0,0,3,1
2072,26,37,1.209979647,2.55,0,3.44,1,0,0,0,0,3,1
2072,39,42,1.208593863,2.55,0,3.44,1,0,0,0,0,3,1
2073,0,13,1.569369573,2.55,0,2.55,0,0,0,4,4,3,3
2073,0,1,1.56179365,2.55,0,2.55,0,0,0,4,4,3,3
2073,1,14,1.556471764,2.55,0,2.55,0,0,0,4,4,3,2
2073,13,14,1.555043151,2.55,0,2.55,0,0,0,4,4,3,2
2073,2,7,1.418137659,2.55,0,2.55,0,1,1,6,6,3,3
2073,11,16,1.407761826,2.55,0,2.55,0,1,1,6,6,2,3
2073,2,3,1.405800281,2.55,0,2.55,0,1,1,6,6,3,2
2073,16,18,1.405341777,2.55,0,2.55,0,1,1,6,6,3,2
2073,15,17,1.404803946,2.55,0,2.55,0,1,1,6,6,2,3
2073,17,19,1.402573843,2.55,0,2.55,0,1,1,6,6,3,2
2073,4,5,1.401589997,2.55,0,2.55,0,1,1,6,6,2,3
2073,5,6,1.401488958,2.55,0,2.55,0,1,1,6,6,3,2
2073,6,7,1.400440652,2.55,0,2.55,0,1,1,6,6,2,3
2073,18,19,1.394185543,2.55,0,2.55,0,1,1,6,6,2,2
2073,11,15,1.393936284,2.55,0,2.55,0,1,1,6,6,2,2
2073,3,4,1.392901655,2.55,0,2.55,0,1,1,6,6,2,2
2073,7,48,1.512852526,2.55,0,2.55,0,1,0,6,0,3,1
2073,1,38,1.509388437,2.55,0,2.55,0,0,0,4,0,3,3
2073,0,2,1.509006072,2.55,0,2.55,0,0,1,4,6,3,3
2073,13,16,1.507190095,2.55,0,2.55,0,0,1,4,6,3,3
2073,17,25,1.492501208,2.55,0,2.55,0,1,0,6,0,3,3
2073,5,24,1.492474897,2.55,0,2.55,0,1,0,6,0,3,3
2073,40,44,1.429412632,3.44,1,2.55,0,0,0,0,0,2,1
2073,26,27,1.426157472,3.44,1,2.55,0,0,0,0,0,2,1
2073,31,32,1.425830119,3.44,1,2.55,0,0,0,0,0,2,1
2073,24,31,1.349414826,2.55,0,3.44,1,0,0,0,0,3,2
2073,25,26,1.348919508,2.55,0,3.44,1,0,0,0,0,3,2
2073,38,40,1.343812835,2.55,0,3.44,1,0,0,0,0,3,2
2073,38,41,1.210485947,2.55,0,3.44,1,0,0,0,0,3,1
2073,24,37,1.210195088,2.55,0,3.44,1,0,0,0,0,3,1
2073,25,36,1.210132525,2.55,0,3.44,1,0,0,0,0,3,1
2074,0,13,1.569089097,2.55,0,2.55,0,0,0,4,4,3,3
2074,0,1,1.561790443,2.55,0,2.55,0,0,0,4,4,3,3
2074,1,14,1.556390424,2.55,0,2.55,0,0,0,4,4,3,2
2074,13,14,1.55489577,2.55,0,2.55,0,0,0,4,4,3,2
2074,2,7,1.418211207,2.55,0,2.55,0,1,1,6,6,3,3
2074,2,3,1.405949475,2.55,0,2.55,0,1,1,6,6,3,2
2074,17,19,1.405555938,2.55,0,2.55,0,1,1,6,6,3,2
2074,16,18,1.405052779,2.55,0,2.55,0,1,1,6,6,3,2
2074,11,16,1.403538853,2.55,0,2.55,0,1,1,6,6,2,3
2074,15,17,1.402974653,2.55,0,2.55,0,1,1,6,6,2,3
2074,4,5,1.401760152,2.55,0,2.55,0,1,1,6,6,2,3
2074,5,6,1.401612481,2.55,0,2.55,0,1,1,6,6,3,2
2074,6,7,1.400388984,2.55,0,2.55,0,1,1,6,6,2,3
2074,11,15,1.398579,2.55,0,2.55,0,1,1,6,6,2,2
2074,18,19,1.394729598,2.55,0,2.55,0,1,1,6,6,2,2
2074,3,4,1.392817894,2.55,0,2.55,0,1,1,6,6,2,2
2074,25,26,1.528393292,2.55,0,2.55,0,0,0,0,0,2,1
2074,17,25,1.519702129,2.55,0,2.55,0,1,0,6,0,3,2
2074,7,43,1.512819695,2.55,0,2.55,0,1,0,6,0,3,1
2074,1,33,1.50885019,2.55,0,2.55,0,0,0,4,0,3,3
2074,0,2,1.508692318,2.55,0,2.55,0,0,1,4,6,3,3
2074,13,16,1.50772909,2.55,0,2.55,0,0,1,4,6,3,3
2074,5,24,1.491910682,2.55,0,2.55,0,1,0,6,0,3,3
2074,35,39,1.428875977,3.44,1,2.55,0,0,0,0,0,2,1
2074,27,28,1.425440915,3.44,1,2.55,0,0,0,0,0,2,1
2074,24,27,1.349945479,2.55,0,3.44,1,0,0,0,0,3,2
2074,33,35,1.344905367,2.55,0,3.44,1,0,0,0,0,3,2
2074,33,36,1.210393815,2.55,0,3.44,1,0,0,0,0,3,1
2074,24,32,1.210369303,2.55,0,3.44,1,0,0,0,0,3,1
2077,0,12,1.57626288,2.55,0,2.55,0,0,0,4,4,3,3
2077,0,1,1.567158026,2.55,0,2.55,0,0,0,4,4,3,3
2077,1,13,1.555945353,2.55,0,2.55,0,0,0,4,4,3,2
2077,12,13,1.555411442,2.55,0,2.55,0,0,0,4,4,3,2
2077,14,16,1.424023706,2.55,0,2.55,0,1,1,6,6,3,3
2077,2,7,1.418232161,2.55,0,2.55,0,1,1,6,6,3,3
2077,11,14,1.405395406,2.55,0,2.55,0,1,1,6,6,2,3
2077,11,15,1.404841774,2.55,0,2.55,0,1,1,6,6,2,3
2077,5,6,1.404822232,2.55,0,2.55,0,1,1,6,6,3,2
2077,16,18,1.403971424,2.55,0,2.55,0,1,1,6,6,3,2
2077,15,17,1.401992172,2.55,0,2.55,0,1,1,6,6,3,2
2077,2,3,1.401742227,2.55,0,2.55,0,1,1,6,6,3,2
2077,6,7,1.400695967,2.55,0,2.55,0,1,1,6,6,2,3
2077,4,5,1.39948552,2.55,0,2.55,0,1,1,6,6,2,3
2077,3,4,1.397722239,2.55,0,2.55,0,1,1,6,6,2,2
2077,17,18,1.392061742,2.55,0,2.55,0,1,1,6,6,2,2
2077,23,26,1.528213997,2.55,0,2.55,0,0,0,0,0,2,1
2077,5,23,1.519676186,2.55,0,2.55,0,1,0,6,0,3,2
2077,7,37,1.513040009,2.55,0,2.55,0,1,0,6,0,3,1
2077,0,2,1.510502399,2.55,0,2.55,0,0,1,4,6,3,3
2077,1,27,1.508584411,2.55,0,2.55,0,0,0,4,0,3,3
2077,12,15,1.508080353,2.55,0,2.55,0,0,1,4,6,3,3
2077,16,24,1.496714348,2.55,0,2.55,0,1,0,6,0,3,3
2077,29,33,1.428929624,3.44,1,2.55,0,0,0,0,0,2,1
2077,25,48,1.424537525,3.44,1,2.55,0,0,0,0,0,2,1
2077,52,53,1.411836922,3.44,1,2.55,0,0,0,0,0,2,1
2077,14,52,1.34862303,2.55,0,3.44,1,1,0,6,0,3,2
2077,27,29,1.343707642,2.55,0,3.44,1,0,0,0,0,3,2
2077,24,25,1.343008624,2.55,0,3.44,1,0,0,0,0,3,2
2077,24,47,1.213699272,2.55,0,3.44,1,0,0,0,0,3,1
2077,27,30,1.212204542,2.55,0,3.44,1,0,0,0,0,3,1
2078,0,1,1.56994541,2.55,0,2.55,0,0,0,4,4,3,3
2078,0,11,1.567337421,2.55,0,2.55,0,0,0,4,4,3,3
2078,11,12,1.55712576,2.55,0,2.55,0,0,0,4,4,3,2
2078,1,12,1.546736171,2.55,0,2.55,0,0,0,4,4,3,2
2078,22,33,1.434765288,2.55,0,3.44,1,0,0,5,5,3,2
2078,21,22,1.432105613,3.44,1,2.55,0,0,0,5,5,2,3
2078,15,17,1.416990131,2.55,0,2.55,0,1,1,6,6,3,3
2078,2,3,1.416920104,2.55,0,2.55,0,1,1,6,6,3,2
2078,6,7,1.409837642,2.55,0,2.55,0,1,1,6,6,2,2
2078,14,16,1.408489835,2.55,0,2.55,0,1,1,6,6,3,2
2078,10,14,1.4072855,2.55,0,2.55,0,1,1,6,6,3,3
2078,10,13,1.406319965,2.55,0,2.55,0,1,1,6,6,3,2
2078,2,7,1.403321553,2.55,0,2.55,0,1,1,6,6,3,2
2078,13,15,1.39948219,2.55,0,2.55,0,1,1,6,6,2,3
2078,4,5,1.396918113,2.55,0,2.55,0,1,1,5,5,3,3
2078,16,17,1.396160768,2.55,0,2.55,0,1,1,6,6,2,3
2078,3,4,1.38305864,2.55,0,2.55,0,1,1,6,5,2,3
2078,5,6,1.38302106,2.55,0,2.55,0,1,1,5,6,3,2
2078,5,21,1.369559485,2.55,0,3.44,1,1,0,5,5,3,2
2078,4,33,1.369049503,2.55,0,3.44,1,1,0,5,5,3,2
2078,34,36,1.528730221,2.55,0,2.55,0,0,0,0,0,2,1
2078,45,46,1.517507223,2.55,0,2.55,0,0,0,0,0,2,1
2078,22,34,1.514914642,2.55,0,2.55,0,0,0,5,0,3,2
2078,0,2,1.511356108,2.55,0,2.55,0,0,1,4,6,3,3
2078,11,14,1.509497049,2.55,0,2.55,0,0,1,4,6,3,3
2078,1,23,1.508297833,2.55,0,2.55,0,0,0,4,0,3,3
2078,25,29,1.427610286,3.44,1,2.55,0,0,0,0,0,2,1
2078,44,45,1.416123689,3.44,1,2.55,0,0,0,0,0,2,2
2078,57,58,1.407220309,3.44,1,2.55,0,0,0,0,0,2,1
2078,52,53,1.405440071,3.44,1,2.55,0,0,0,0,0,2,1
2078,10,57,1.364895851,2.55,0,3.44,1,1,0,6,0,3,2
2078,17,52,1.361420802,2.55,0,3.44,1,1,0,6,0,3,2
2078,15,44,1.35513887,2.55,0,3.44,1,1,0,6,0,3,2
2078,23,25,1.353191379,2.55,0,3.44,1,0,0,0,0,3,2
2078,23,26,1.208523091,2.55,0,3.44,1,0,0,0,0,3,1
2079,13,14,1.598151584,2.55,0,2.55,0,0,0,6,6,4,3
2079,2,3,1.592140196,2.55,0,2.55,0,0,0,4,4,4,3
2079,0,2,1.583644854,2.55,0,2.55,0,0,0,4,4,3,4
2079,6,70,1.583472691,2.55,0,2.55,0,0,0,6,6,4,3
2079,4,6,1.582079138,2.55,0,2.55,0,0,0,6,6,2,4
2079,2,13,1.577692735,2.55,0,2.55,0,0,0,4,6,4,4
2079,14,15,1.571553152,2.55,0,2.55,0,0,0,6,6,3,3
2079,82,97,1.569932231,2.55,0,2.55,0,0,0,5,5,4,3
2079,76,82,1.569380591,2.55,0,2.55,0,0,0,5,5,3,4
2079,13,21,1.5621416,2.55,0,2.55,0,0,0,6,6,4,2
2079,40,45,1.561536468,2.55,0,2.55,0,0,0,5,5,4,3
2079,1,3,1.559511812,2.55,0,2.55,0,0,0,4,4,4,3
2079,70,71,1.557995129,2.55,0,2.55,0,0,0,6,6,3,3
2079,6,9,1.557400451,2.55,0,2.55,0,0,0,6,6,4,3
2079,47,49,1.557317569,2.55,0,2.55,0,0,0,5,5,2,2
2079,45,49,1.557208832,2.55,0,2.55,0,0,0,5,5,3,2
2079,2,20,1.557042061,2.55,0,2.55,0,0,0,4,6,4,2
2079,71,76,1.556187737,2.55,0,2.55,0,0,0,6,5,3,3
2079,94,97,1.554963049,2.55,0,2.55,0,0,0,5,5,2,3
2079,14,35,1.551944996,2.55,0,2.55,0,0,0,6,6,3,2
2079,40,43,1.548113276,2.55,0,2.55,0,0,0,5,5,4,3
2079,76,92,1.547463498,2.55,0,2.55,0,0,0,5,5,3,2
2079,92,94,1.546906291,2.55,0,2.55,0,0,0,5,5,2,2
2079,82,83,1.545306638,2.55,0,2.55,0,0,0,5,6,4,2
2079,70,73,1.542843239,2.55,0,2.55,0,0,0,6,6,3,2
2079,15,16,1.541921447,2.55,0,2.55,0,0,0,6,6,3,2
2079,71,74,1.541590356,2.55,0,2.55,0,0,0,6,6,3,2
2079,15,43,1.5414404,2.55,0,2.55,0,0,0,6,5,3,3
2079,43,47,1.538571148,2.55,0,2.55,0,0,0,5,5,3,2
2079,37,40,1.53793138,2.55,0,2.55,0,0,0,6,5,2,4
2079,35,37,1.537781703,2.55,0,2.55,0,0,0,6,6,2,2
2079,21,23,1.537473599,2.55,0,2.55,0,0,0,6,6,2,2
2079,0,1,1.53670345,2.55,0,2.55,0,0,0,4,4,3,4
2079,74,77,1.535981824,2.55,0,2.55,0,0,0,6,6,2,2
2079,73,83,1.533224337,2.55,0,2.55,0,0,0,6,6,2,2
2079,3,16,1.52948407,2.55,0,2.55,0,0,0,4,6,3,2
2079,0,4,1.516274773,2.55,0,2.55,0,0,0,4,6,3,2
2079,20,26,1.512570171,2.55,0,2.55,0,0,0,6,6,2,3
2079,23,26,1.512396515,2.55,0,2.55,0,0,0,6,6,2,3
2079,9,77,1.509834232,2.55,0,2.55,0,0,0,6,6,3,2
2079,1,11,1.501384584,2.55,0,2.55,0,0,0,4,6,4,2
2079,9,11,1.35278895,2.55,0,2.55,0,0,0,6,6,3,2
2079,6,10,1.552994271,2.55,0,2.55,0,0,0,6,0,4,1
2079,13,22,1.547538086,2.55,0,2.55,0,0,0,6,0,4,1
2079,45,55,1.546504187,2.55,0,2.55,0,0,0,5,0,3,2
2079,82,84,1.542540265,2.55,0,2.55,0,0,0,5,0,4,1
2079,40,46,1.542187428,2.55,0,2.55,0,0,0,5,0,4,1
2079,97,100,1.541173405,2.55,0,2.55,0,0,0,5,0,3,2
2079,55,60,1.534390122,2.55,0,2.55,0,0,0,0,0,2,1
2079,100,102,1.531734928,2.55,0,2.55,0,0,0,0,0,2,1
2079,1,12,1.431191879,2.55,0,3.44,1,0,0,4,0,4,1
2079,26,31,1.212708032,2.55,0,3.44,1,0,0,6,0,3,1
2080,1,3,1.587924215,2.55,0,2.55,0,0,0,4,4,3,3
2080,0,2,1.579643551,2.55,0,2.55,0,0,0,4,4,3,3
2080,0,1,1.568842295,2.55,0,2.55,0,0,0,4,4,3,3
2080,2,3,1.559363687,2.55,0,2.55,0,0,0,4,4,3,3
2080,34,39,1.412526375,2.55,0,2.55,0,1,1,6,6,3,2
2080,29,37,1.411708355,2.55,0,2.55,0,1,1,6,6,3,2
2080,25,29,1.410854209,2.55,0,2.55,0,1,1,6,6,2,3
2080,32,34,1.410086657,2.55,0,2.55,0,1,1,6,6,2,3
2080,10,12,1.407873056,2.55,0,2.55,0,1,1,6,6,3,2
2080,13,14,1.406797954,2.55,0,2.55,0,1,1,6,6,2,3
2080,30,38,1.406501328,2.55,0,2.55,0,1,1,6,6,3,2
2080,41,42,1.406264341,2.55,0,2.55,0,1,1,6,6,3,2
2080,8,9,1.405136436,2.55,0,2.55,0,1,1,6,6,2,3
2080,4,9,1.405119333,2.55,0,2.55,0,1,1,6,6,2,3
2080,6,7,1.403768792,2.55,0,2.55,0,1,1,6,6,3,2
2080,5,6,1.403210831,2.55,0,2.55,0,1,1,6,6,2,3
2080,35,41,1.403115318,2.55,0,2.55,0,1,1,6,6,2,3
2080,26,30,1.403033365,2.55,0,2.55,0,1,1,6,6,2,3
2080,10,11,1.401693678,2.55,0,2.55,0,1,1,6,6,3,2
2080,11,15,1.400904302,2.55,0,2.55,0,1,1,6,6,2,2
2080,14,15,1.400421375,2.55,0,2.55,0,1,1,6,6,3,2
2080,4,5,1.396440902,2.55,0,2.55,0,1,1,6,6,2,2
2080,7,8,1.396161664,2.55,0,2.55,0,1,1,6,6,2,2
2080,32,35,1.393254832,2.55,0,2.55,0,1,1,6,6,2,2
2080,12,13,1.392300522,2.55,0,2.55,0,1,1,6,6,2,2
2080,25,26,1.391935863,2.55,0,2.55,0,1,1,6,6,2,2
2080,37,38,1.390694747,2.55,0,2.55,0,1,1,6,6,2,2
2080,39,42,1.389221659,2.55,0,2.55,0,1,1,6,6,2,2
2080,63,64,1.537162407,2.55,0,2.55,0,0,0,0,0,2,1
2080,70,71,1.527980386,2.55,0,2.55,0,0,0,0,0,2,1
2080,14,70,1.519236968,2.55,0,2.55,0,1,0,6,0,3,2
2080,6,63,1.513953343,2.55,0,2.55,0,1,0,6,0,3,2
2080,1,10,1.511629506,2.55,0,2.55,0,0,1,4,6,3,3
2080,3,9,1.506728449,2.55,0,2.55,0,0,1,4,6,3,3
2080,0,49,1.495410256,2.55,0,2.55,0,0,0,4,0,3,2
2080,2,51,1.491981192,2.55,0,2.55,0,0,0,4,0,3,2
2080,28,30,1.488411897,2.55,0,2.55,0,0,1,0,6,3,3
2080,41,46,1.488138177,2.55,0,2.55,0,1,0,6,0,3,3
2080,29,54,1.470470312,2.55,0,2.55,0,1,0,6,0,3,2
2080,34,53,1.470118092,2.55,0,2.55,0,1,0,6,0,3,2
2080,28,33,1.352081677,2.55,0,3.44,1,0,0,0,0,3,1
2080,40,46,1.351848899,3.44,1,2.55,0,0,0,0,0,1,3
2080,51,54,1.34638285,2.55,0,2.55,0,0,0,0,0,2,2
2080,49,53,1.346301696,2.55,0,2.55,0,0,0,0,0,2,2
2080,46,47,1.210153858,2.55,0,3.44,1,0,0,0,0,3,1
2080,27,28,1.210132825,3.44,1,2.55,0,0,0,0,0,1,3
2081,0,2,1.588566852,2.55,0,2.55,0,0,0,4,4,3,3
2081,1,3,1.574288014,2.55,0,2.55,0,0,0,4,4,3,3
2081,0,1,1.562929447,2.55,0,2.55,0,0,0,4,4,3,3
2081,2,3,1.557293722,2.55,0,2.55,0,0,0,4,4,3,3
2081,18,22,1.410586113,2.55,0,2.55,0,0,0,6,6,2,3
2081,22,30,1.410440974,2.55,0,2.55,0,0,0,6,6,3,2
2081,27,32,1.407396247,2.55,0,2.55,0,0,0,6,6,3,2
2081,23,31,1.406609267,2.55,0,2.55,0,0,0,6,6,3,2
2081,25,27,1.40590696,2.55,0,2.55,0,0,0,6,6,2,3
2081,4,9,1.405888402,2.55,0,2.55,0,1,1,6,6,2,3
2081,5,6,1.404643912,2.55,0,2.55,0,1,1,6,6,2,3
2081,28,34,1.403757806,2.55,0,2.55,0,0,0,6,6,2,3
2081,8,9,1.403441786,2.55,0,2.55,0,1,1,6,6,2,3
2081,34,35,1.403091125,2.55,0,2.55,0,0,0,6,6,3,2
2081,19,23,1.402959678,2.55,0,2.55,0,0,0,6,6,2,3
2081,6,7,1.402819151,2.55,0,2.55,0,1,1,6,6,3,2
2081,7,8,1.398147375,2.55,0,2.55,0,1,1,6,6,2,2
2081,4,5,1.396047598,2.55,0,2.55,0,1,1,6,6,2,2
2081,25,28,1.39497536,2.55,0,2.55,0,0,0,6,6,2,2
2081,32,35,1.393998513,2.55,0,2.55,0,0,0,6,6,2,2
2081,30,31,1.391950018,2.55,0,2.55,0,0,0,6,6,2,2
2081,18,19,1.391803993,2.55,0,2.55,0,0,0,6,6,2,2
2081,51,52,1.537288776,2.55,0,2.55,0,0,0,0,0,2,1
2081,1,10,1.529178395,2.55,0,2.55,0,0,0,4,0,3,3
2081,10,11,1.518019165,2.55,0,2.55,0,0,0,0,0,3,1
2081,6,51,1.51408458,2.55,0,2.55,0,1,0,6,0,3,2
2081,0,27,1.512297174,2.55,0,2.55,0,0,0,4,6,3,3
2081,3,9,1.511838454,2.55,0,2.55,0,0,1,4,6,3,3
2081,34,39,1.504231806,2.55,0,2.55,0,0,0,6,0,3,3
2081,21,23,1.502813959,2.55,0,2.55,0,0,0,0,6,3,3
2081,2,42,1.491914861,2.55,0,2.55,0,0,0,4,0,3,2
2081,22,44,1.470645306,2.55,0,2.55,0,0,0,6,0,3,2
2081,21,26,1.353517633,2.55,0,3.44,1,0,0,0,0,3,1
2081,33,39,1.353086107,3.44,1,2.55,0,0,0,0,0,1,3
2081,42,44,1.346684054,2.55,0,2.55,0,0,0,0,0,2,2
2081,10,12,1.213163906,2.55,0,3.44,1,0,0,0,0,3,1
2081,20,21,1.203049443,3.44,1,2.55,0,0,0,0,0,1,3
2081,39,40,1.202821651,2.55,0,3.44,1,0,0,0,0,3,1
2082,2,3,1.480441151,2.55,0,3.04,2,0,0,4,4,3,3
2082,1,3,1.472835002,2.55,0,3.04,2,0,0,4,4,2,3
2082,0,2,1.462596083,3.04,2,2.55,0,0,0,4,4,3,3
2082,0,1,1.462167132,3.04,2,2.55,0,0,0,4,4,3,2
2082,22,24,1.5363269,2.55,0,2.55,0,0,0,0,0,3,1
2082,2,22,1.535375219,2.55,0,2.55,0,0,0,4,0,3,3
2082,16,18,1.520062272,2.55,0,2.55,0,0,0,0,0,3,1
2082,22,28,1.519906314,2.55,0,2.55,0,0,0,0,0,3,3
2082,6,7,1.516369701,2.55,0,2.55,0,0,0,0,0,2,3
2082,3,6,1.441298019,3.04,2,2.55,0,0,0,4,0,3,2
2082,10,11,1.428757489,3.44,1,2.55,0,0,0,0,0,2,1
2082,30,31,1.428621819,3.44,1,2.55,0,0,0,0,0,2,1
2082,0,16,1.363432796,3.04,2,2.55,0,0,0,4,0,3,3
2082,28,30,1.343089849,2.55,0,3.44,1,0,0,0,0,3,2
2082,7,10,1.342921927,2.55,0,3.44,1,0,0,0,0,3,2
2082,16,17,1.221637445,2.55,0,3.44,1,0,0,0,0,3,1
2082,28,35,1.211368665,2.55,0,3.44,1,0,0,0,0,3,1
2082,7,15,1.207471418,2.55,0,3.44,1,0,0,0,0,3,1
2083,0,28,1.550327396,2.55,0,2.55,0,0,0,4,4,3,2
2083,0,1,1.485095586,2.55,0,3.04,2,0,0,4,4,3,3
2083,28,30,1.471213116,2.55,0,3.04,2,0,0,4,4,2,3
2083,1,30,1.445127298,3.04,2,3.04,2,0,0,4,4,3,3
2083,0,12,1.55302419,2.55,0,2.55,0,0,0,4,0,3,3
2083,12,13,1.53796384,2.55,0,2.55,0,0,0,0,0,3,1
2083,2,3,1.527276711,2.55,0,2.55,0,0,0,0,0,2,3
2083,12,17,1.525973539,2.55,0,2.55,0,0,0,0,0,3,3
2083,26,31,1.518948287,2.55,0,2.55,0,0,0,0,0,1,3
2083,1,2,1.447965716,3.04,2,2.55,0,0,0,4,0,3,2
2083,19,20,1.4318609,3.44,1,2.55,0,0,0,0,0,2,1
2083,6,7,1.426118513,3.44,1,2.55,0,0,0,0,0,2,1
2083,30,31,1.372769945,3.04,2,2.55,0,0,0,4,0,3,3
2083,17,19,1.342958329,2.55,0,3.44,1,0,0,0,0,3,2
2083,3,6,1.337449237,2.55,0,3.44,1,0,0,0,0,3,2
2083,31,32,1.219398231,2.55,0,3.44,1,0,0,0,0,3,1
2083,17,24,1.209614147,2.55,0,3.44,1,0,0,0,0,3,1
2083,3,11,1.205782845,2.55,0,3.44,1,0,0,0,0,3,1
2084,15,25,1.538406829,2.55,0,2.55,0,0,0,6,6,3,2
2084,25,26,1.507955648,2.55,0,2.55,0,0,0,6,6,2,3
2084,15,30,1.483066804,2.55,0,3.04,2,0,0,6,6,3,3
2084,29,32,1.42552409,3.04,2,2.55,0,0,0,6,6,2,3
2084,0,1,1.417030919,2.55,0,2.55,0,0,0,6,6,3,3
2084,0,2,1.406825779,2.55,0,2.55,0,0,0,6,6,3,2
2084,33,34,1.404077323,2.55,0,2.55,0,1,1,6,6,3,2
2084,1,4,1.403625041,2.55,0,2.55,0,0,0,6,6,3,2
2084,6,7,1.403338093,2.55,0,2.55,0,0,0,6,6,3,2
2084,33,35,1.402912882,2.55,0,2.55,0,1,1,6,6,3,2
2084,2,6,1.401627775,2.55,0,2.55,0,0,0,6,6,2,3
2084,36,37,1.397877243,2.55,0,2.55,0,1,1,6,6,2,2
2084,37,38,1.397751471,2.55,0,2.55,0,1,1,6,6,2,2
2084,34,38,1.397078501,2.55,0,2.55,0,1,1,6,6,2,2
2084,35,36,1.396968662,2.55,0,2.55,0,1,1,6,6,2,2
2084,30,32,1.395630896,3.04,2,2.55,0,0,0,6,6,3,3
2084,4,7,1.389930527,2.55,0,2.55,0,0,0,6,6,2,2
2084,26,29,1.267444611,2.55,0,3.04,2,0,0,6,6,3,2
2084,45,46,1.576930182,2.55,0,2.55,0,0,0,0,0,4,4
2084,26,45,1.535644305,2.55,0,2.55,0,0,0,6,0,3,4
2084,1,15,1.522780554,2.55,0,2.55,0,0,0,6,6,3,3
2084,5,8,1.518764051,2.55,0,2.55,0,0,0,0,0,1,3
2084,6,8,1.505978786,2.55,0,2.55,0,0,0,6,0,3,3
2084,16,17,1.459694903,3.04,2,2.55,0,0,0,0,0,3,1
2084,16,21,1.454468016,3.04,2,2.55,0,0,0,0,0,3,1
2084,30,33,1.434843032,3.04,2,2.55,0,0,1,6,6,3,3
2084,0,16,1.427053074,2.55,0,3.04,2,0,0,6,0,3,3
2084,8,9,1.215366109,2.55,0,3.44,1,0,0,0,0,3,1
2084,32,44,1.20970556,2.55,0,3.44,1,0,0,6,0,3,1
2085,40,41,1.864414837,2.58,3,2.55,0,0,0,0,5,2,3
2085,20,40,1.763455599,2.55,0,2.58,3,0,0,5,0,3,2
2086,41,42,1.553524683,2.55,0,2.55,0,0,0,4,4,3,4
2086,40,42,1.542808828,3.04,2,2.55,0,0,0,4,4,3,4
2086,39,40,1.441114897,3.04,2,3.04,2,0,0,4,4,3,3
2086,0,1,1.409368274,2.55,0,2.55,0,1,1,6,6,3,2
2086,31,35,1.407619575,2.55,0,2.55,0,0,0,6,6,3,2
2086,29,34,1.406689934,2.55,0,2.55,0,0,0,6,6,3,2
2086,3,5,1.406237509,2.55,0,2.55,0,1,1,6,6,2,3
2086,44,45,1.405773457,2.55,0,2.55,0,0,0,6,6,3,2
2086,55,64,1.405466045,2.55,0,2.55,0,1,1,6,6,3,2
2086,55,56,1.404060312,2.55,0,2.55,0,1,1,6,6,3,2
2086,28,31,1.402545153,2.55,0,2.55,0,0,0,6,6,2,3
2086,44,53,1.401317553,2.55,0,2.55,0,0,0,6,6,3,2
2086,5,6,1.400950893,2.55,0,2.55,0,1,1,6,6,3,2
2086,25,28,1.400350645,2.55,0,2.55,0,0,0,6,6,2,2
2086,6,8,1.400289231,2.55,0,2.55,0,1,1,6,6,2,2
2086,51,53,1.399636945,2.55,0,2.55,0,0,0,6,6,2,2
2086,47,49,1.39963084,2.55,0,2.55,0,0,0,6,6,2,2
2086,0,8,1.399033624,2.55,0,2.55,0,1,1,6,6,3,2
2086,60,62,1.399006722,2.55,0,2.55,0,1,1,6,6,2,2
2086,56,58,1.398767622,2.55,0,2.55,0,1,1,6,6,2,2
2086,25,29,1.398202454,2.55,0,2.55,0,0,0,6,6,2,3
2086,58,60,1.396847094,2.55,0,2.55,0,1,1,6,6,2,2
2086,49,51,1.396708091,2.55,0,2.55,0,0,0,6,6,2,2
2086,62,64,1.395950582,2.55,0,2.55,0,1,1,6,6,2,2
2086,45,47,1.395739062,2.55,0,2.55,0,0,0,6,6,2,2
2086,34,35,1.3894063,2.55,0,2.55,0,0,0,6,6,2,2
2086,1,3,1.38900915,2.55,0,2.55,0,1,1,6,6,2,2
2086,39,41,1.37623198,3.04,2,2.55,0,0,0,4,4,3,3
2086,42,44,1.523858548,2.55,0,2.55,0,0,0,4,6,4,3
2086,11,12,1.521743913,2.55,0,2.55,0,0,0,0,0,2,2
2086,42,55,1.518722571,2.55,0,2.55,0,0,1,4,6,4,3
2086,26,27,1.517088685,2.55,0,2.55,0,0,0,0,0,2,1
2086,18,19,1.509027599,2.55,0,2.55,0,0,0,0,0,3,1
2086,29,40,1.433403409,2.55,0,3.04,2,0,0,6,4,3,3
2086,12,15,1.430306138,2.55,0,3.44,1,0,0,0,0,2,2
2086,26,30,1.418834587,2.55,0,3.44,1,0,0,0,0,2,2
2086,10,11,1.4103265,3.44,1,2.55,0,0,0,0,0,2,2
2086,0,39,1.406358153,2.55,0,3.04,2,1,0,6,4,3,3
2086,5,10,1.362400972,2.55,0,3.44,1,1,0,6,0,3,2
2086,30,31,1.357639553,3.44,1,2.55,0,0,0,0,6,2,3
2086,15,18,1.357212818,3.44,1,2.55,0,0,0,0,0,2,3
2086,41,43,1.204319236,2.55,0,3.44,1,0,0,4,0,3,1
2086,18,23,1.203733925,2.55,0,3.44,1,0,0,0,0,3,1
2087,47,53,1.55373886,2.55,0,2.55,0,0,0,4,4,3,4
2087,39,53,1.541183578,3.04,2,2.55,0,0,0,4,4,3,4
2087,39,40,1.440345314,3.04,2,3.04,2,0,0,4,4,3,3
2087,29,34,1.409453755,2.55,0,2.55,0,1,1,6,6,3,2
2087,31,35,1.407610642,2.55,0,2.55,0,1,1,6,6,3,2
2087,0,1,1.407577861,2.55,0,2.55,0,0,0,6,6,3,2
2087,3,5,1.406330397,2.55,0,2.55,0,0,0,6,6,2,3
2087,55,56,1.405763065,2.55,0,2.55,0,0,0,6,6,2,3
2087,52,59,1.405351515,2.55,0,2.55,0,1,1,6,6,3,2
2087,49,52,1.404370512,2.55,0,2.55,0,1,1,6,6,2,3
2087,28,31,1.402203505,2.55,0,2.55,0,1,1,6,6,2,3
2087,56,61,1.401185242,2.55,0,2.55,0,0,0,6,6,3,2
2087,6,8,1.4010253,2.55,0,2.55,0,0,0,6,6,2,2
2087,5,6,1.400525649,2.55,0,2.55,0,0,0,6,6,3,2
2087,25,28,1.40046323,2.55,0,2.55,0,1,1,6,6,2,2
2087,60,64,1.399796581,2.55,0,2.55,0,0,0,6,6,2,2
2087,61,66,1.399772542,2.55,0,2.55,0,0,0,6,6,2,2
2087,25,29,1.398735249,2.55,0,2.55,0,1,1,6,6,2,3
2087,51,57,1.398707426,2.55,0,2.55,0,1,1,6,6,2,2
2087,0,8,1.398397695,2.55,0,2.55,0,0,0,6,6,3,2
2087,48,49,1.398380977,2.55,0,2.55,0,1,1,6,6,2,2
2087,48,51,1.397136517,2.55,0,2.55,0,1,1,6,6,2,2
2087,64,66,1.396676865,2.55,0,2.55,0,0,0,6,6,2,2
2087,57,59,1.396132788,2.55,0,2.55,0,1,1,6,6,2,2
2087,55,60,1.395644782,2.55,0,2.55,0,0,0,6,6,2,2
2087,1,3,1.389150752,2.55,0,2.55,0,0,0,6,6,2,2
2087,34,35,1.388783821,2.55,0,2.55,0,1,1,6,6,2,2
2087,40,47,1.376855857,3.04,2,2.55,0,0,0,4,4,3,3
2087,53,56,1.523798645,2.55,0,2.55,0,0,0,4,6,4,3
2087,52,53,1.51829274,2.55,0,2.55,0,1,0,6,4,3,4
2087,11,12,1.518098637,2.55,0,2.55,0,0,0,0,0,2,2
2087,26,27,1.517345538,2.55,0,2.55,0,0,0,0,0,2,1
2087,18,19,1.508899605,2.55,0,2.55,0,0,0,0,0,3,1
2087,0,39,1.430376882,2.55,0,3.04,2,0,0,6,4,3,3
2087,12,15,1.42952682,2.55,0,3.44,1,0,0,0,0,2,2
2087,26,30,1.417913018,2.55,0,3.44,1,0,0,0,0,2,2
2087,10,11,1.410632083,3.44,1,2.55,0,0,0,0,0,2,2
2087,29,40,1.4085375,2.55,0,3.04,2,1,0,6,4,3,3
2087,5,10,1.361809933,2.55,0,3.44,1,0,0,6,0,3,2
2087,30,31,1.358413691,3.44,1,2.55,0,0,1,0,6,2,3
2087,15,18,1.353163751,3.44,1,2.55,0,0,0,0,0,2,3
2087,18,23,1.204408179,2.55,0,3.44,1,0,0,0,0,3,1
2087,44,47,1.204274037,3.44,1,2.55,0,0,0,0,4,1,3
2088,39,57,1.60481825,2.55,0,2.55,0,0,0,4,4,3,4
2088,56,57,1.549944813,2.55,0,2.55,0,0,0,4,4,3,4
2088,39,40,1.47353125,2.55,0,3.04,2,0,0,4,4,3,3
2088,29,34,1.407306547,2.55,0,2.55,0,1,1,6,6,3,2
2088,0,1,1.405951404,2.55,0,2.55,0,1,1,6,6,3,2
2088,48,53,1.40590837,2.55,0,2.55,0,1,1,6,6,2,3
2088,60,63,1.405823664,2.55,0,2.55,0,1,1,6,6,3,2
2088,31,35,1.405216015,2.55,0,2.55,0,1,1,6,6,3,2
2088,3,5,1.404986067,2.55,0,2.55,0,1,1,6,6,2,3
2088,28,31,1.404080769,2.55,0,2.55,0,1,1,6,6,2,3
2088,25,29,1.404024898,2.55,0,2.55,0,1,1,6,6,2,3
2088,52,53,1.4039855,2.55,0,2.55,0,1,1,6,6,2,3
2088,59,60,1.403825331,2.55,0,2.55,0,1,1,6,6,2,3
2088,5,6,1.403581722,2.55,0,2.55,0,1,1,6,6,3,2
2088,0,8,1.400338488,2.55,0,2.55,0,1,1,6,6,3,2
2088,59,61,1.400244598,2.55,0,2.55,0,1,1,6,6,2,2
2088,65,66,1.399630758,2.55,0,2.55,0,1,1,6,6,2,2
2088,49,52,1.398885475,2.55,0,2.55,0,1,1,6,6,2,2
2088,46,47,1.398765322,2.55,0,2.55,0,1,1,6,6,2,2
2088,25,28,1.397918697,2.55,0,2.55,0,1,1,6,6,2,2
2088,6,8,1.397895926,2.55,0,2.55,0,1,1,6,6,2,2
2088,47,49,1.396957209,2.55,0,2.55,0,1,1,6,6,2,2
2088,46,48,1.396760564,2.55,0,2.55,0,1,1,6,6,2,2
2088,61,65,1.395924457,2.55,0,2.55,0,1,1,6,6,2,2
2088,63,66,1.395404318,2.55,0,2.55,0,1,1,6,6,2,2
2088,1,3,1.391560423,2.55,0,2.55,0,1,1,6,6,2,2
2088,34,35,1.391022836,2.55,0,2.55,0,1,1,6,6,2,2
2088,40,56,1.372409404,3.04,2,2.55,0,0,0,4,4,3,3
2088,57,60,1.527925141,2.55,0,2.55,0,0,1,4,6,4,3
2088,53,57,1.527909764,2.55,0,2.55,0,1,0,6,4,3,4
2088,11,12,1.518700719,2.55,0,2.55,0,0,0,0,0,2,2
2088,26,27,1.517342772,2.55,0,2.55,0,0,0,0,0,2,1
2088,18,19,1.508851702,2.55,0,2.55,0,0,0,0,0,3,1
2088,0,39,1.508574079,2.55,0,2.55,0,1,0,6,4,3,3
2088,12,15,1.428981923,2.55,0,3.44,1,0,0,0,0,2,2
2088,26,30,1.41805479,2.55,0,3.44,1,0,0,0,0,2,2
2088,10,11,1.412582089,3.44,1,2.55,0,0,0,0,0,2,2
2088,29,40,1.40741468,2.55,0,3.04,2,1,0,6,4,3,3
2088,30,31,1.358807178,3.44,1,2.55,0,0,1,0,6,2,3
2088,5,10,1.358574865,2.55,0,3.44,1,1,0,6,0,3,2
2088,15,18,1.353775286,3.44,1,2.55,0,0,0,0,0,2,3
2088,54,56,1.211188143,3.44,1,2.55,0,0,0,0,4,1,3
2088,18,23,1.204316662,2.55,0,3.44,1,0,0,0,0,3,1
2089,39,57,1.604689149,2.55,0,2.55,0,0,0,4,4,3,4
2089,56,57,1.55009518,2.55,0,2.55,0,0,0,4,4,3,4
2089,39,40,1.473826781,2.55,0,3.04,2,0,0,4,4,3,3
2089,29,34,1.407290569,2.55,0,2.55,0,1,1,6,6,3,2
2089,0,1,1.407206649,2.55,0,2.55,0,1,1,6,6,3,2
2089,3,5,1.406438577,2.55,0,2.55,0,1,1,6,6,2,3
2089,59,60,1.405818955,2.55,0,2.55,0,1,1,6,6,2,3
2089,52,53,1.405759084,2.55,0,2.55,0,1,1,6,6,2,3
2089,31,35,1.405302269,2.55,0,2.55,0,1,1,6,6,3,2
2089,60,63,1.404194327,2.55,0,2.55,0,1,1,6,6,3,2
2089,28,31,1.404028112,2.55,0,2.55,0,1,1,6,6,2,3
2089,48,53,1.403969726,2.55,0,2.55,0,1,1,6,6,2,3
2089,25,29,1.403866083,2.55,0,2.55,0,1,1,6,6,2,3
2089,5,6,1.402085115,2.55,0,2.55,0,1,1,6,6,3,2
2089,6,8,1.400201137,2.55,0,2.55,0,1,1,6,6,2,2
2089,46,48,1.400036099,2.55,0,2.55,0,1,1,6,6,2,2
2089,47,49,1.399409366,2.55,0,2.55,0,1,1,6,6,2,2
2089,0,8,1.399378913,2.55,0,2.55,0,1,1,6,6,3,2
2089,63,66,1.398747146,2.55,0,2.55,0,1,1,6,6,2,2
2089,61,65,1.398581455,2.55,0,2.55,0,1,1,6,6,2,2
2089,25,28,1.397985886,2.55,0,2.55,0,1,1,6,6,2,2
2089,65,66,1.397009429,2.55,0,2.55,0,1,1,6,6,2,2
2089,59,61,1.396967003,2.55,0,2.55,0,1,1,6,6,2,2
2089,46,47,1.395936713,2.55,0,2.55,0,1,1,6,6,2,2
2089,49,52,1.395443561,2.55,0,2.55,0,1,1,6,6,2,2
2089,34,35,1.390964666,2.55,0,2.55,0,1,1,6,6,2,2
2089,1,3,1.389202836,2.55,0,2.55,0,1,1,6,6,2,2
2089,40,56,1.372063303,3.04,2,2.55,0,0,0,4,4,3,3
2089,53,57,1.528370408,2.55,0,2.55,0,1,0,6,4,3,4
2089,57,60,1.527921451,2.55,0,2.55,0,0,1,4,6,4,3
2089,11,12,1.518337446,2.55,0,2.55,0,0,0,0,0,2,2
2089,26,27,1.517374466,2.55,0,2.55,0,0,0,0,0,2,1
2089,18,19,1.50882529,2.55,0,2.55,0,0,0,0,0,3,1
2089,0,39,1.508424473,2.55,0,2.55,0,1,0,6,4,3,3
2089,12,15,1.429291019,2.55,0,3.44,1,0,0,0,0,2,2
2089,26,30,1.418142083,2.55,0,3.44,1,0,0,0,0,2,2
2089,10,11,1.411928168,3.44,1,2.55,0,0,0,0,0,2,2
2089,29,40,1.40736067,2.55,0,3.04,2,1,0,6,4,3,3
2089,30,31,1.358541836,3.44,1,2.55,0,0,1,0,6,2,3
2089,5,10,1.358537397,2.55,0,3.44,1,1,0,6,0,3,2
2089,15,18,1.353777055,3.44,1,2.55,0,0,0,0,0,2,3
2089,54,56,1.211198776,3.44,1,2.55,0,0,0,0,4,1,3
2089,18,23,1.204259193,2.55,0,3.44,1,0,0,0,0,3,1
2090,24,25,1.806337811,2.58,3,2.55,0,0,0,0,0,4,1
2090,16,18,1.78743414,2.58,3,2.55,0,0,0,0,0,4,1
2090,15,16,1.764521749,3.04,2,2.58,3,0,0,0,0,2,4
2090,9,24,1.759349933,2.55,0,2.58,3,0,0,5,0,3,4
2090,24,30,1.475214042,2.58,3,3.44,1,0,0,0,0,4,1
2090,24,29,1.470256071,2.58,3,3.44,1,0,0,0,0,4,1
2090,16,22,1.466104381,2.58,3,3.44,1,0,0,0,0,4,1
2090,16,23,1.464729146,2.58,3,3.44,1,0,0,0,0,4,1
2091,21,22,1.810327041,2.58,3,2.55,0,0,0,0,6,4,3
2091,15,16,1.786778335,3.04,2,2.58,3,0,0,0,0,2,4
2091,16,18,1.786112426,2.58,3,2.55,0,0,1,0,6,4,3
2091,9,21,1.759206352,2.55,0,2.58,3,1,0,5,0,3,4
2091,21,24,1.470626535,2.58,3,3.44,1,0,0,0,0,4,1
2091,21,23,1.470440537,2.58,3,3.44,1,0,0,0,0,4,1
2091,16,20,1.469602376,2.58,3,3.44,1,0,0,0,0,4,1
2091,16,19,1.457322061,2.58,3,3.44,1,0,0,0,0,4,1
2092,21,22,1.805870962,2.58,3,2.55,0,0,1,0,6,4,3
2092,15,16,1.790049177,3.04,2,2.58,3,0,0,0,0,2,4
2092,16,18,1.780836085,2.58,3,2.55,0,0,1,0,6,4,3
2092,9,21,1.759102496,2.55,0,2.58,3,0,0,5,0,3,4
2092,21,23,1.471285583,2.58,3,3.44,1,0,0,0,0,4,1
2092,21,24,1.471017831,2.58,3,3.44,1,0,0,0,0,4,1
2092,16,20,1.470119412,2.58,3,3.44,1,0,0,0,0,4,1
2092,16,19,1.458469752,2.58,3,3.44,1,0,0,0,0,4,1
2093,21,22,1.804732526,2.58,3,2.55,0,0,0,0,6,4,3
2093,16,18,1.787111508,2.58,3,2.55,0,0,1,0,6,4,3
2093,15,16,1.78104485,3.04,2,2.58,3,0,0,0,0,2,4
2093,9,21,1.762630072,2.55,0,2.58,3,1,0,5,0,3,4
2093,21,23,1.471205333,2.58,3,3.44,1,0,0,0,0,4,1
2093,21,24,1.471153577,2.58,3,3.44,1,0,0,0,0,4,1
2093,16,20,1.468086375,2.58,3,3.44,1,0,0,0,0,4,1
2093,16,19,1.458740823,2.58,3,3.44,1,0,0,0,0,4,1
2094,1,3,1.581093336,2.55,0,2.55,0,0,0,4,4,3,3
2094,2,3,1.563577196,2.55,0,2.55,0,0,0,4,4,3,3
2094,0,2,1.549791865,2.55,0,2.55,0,0,0,4,4,2,3
2094,0,1,1.546859737,2.55,0,2.55,0,0,0,4,4,2,3
2094,34,35,1.537584221,2.55,0,2.55,0,0,0,5,5,3,2
2094,31,34,1.431017556,3.44,1,2.55,0,0,0,5,5,2,3
2094,29,31,1.420931369,2.55,0,3.44,1,0,0,5,5,3,2
2094,32,35,1.413310258,3.44,1,2.55,0,0,0,5,5,2,2
2094,29,32,1.407629323,2.55,0,3.44,1,0,0,5,5,3,2
2094,7,8,1.555863133,2.55,0,2.55,0,0,0,7,7,2,2
2094,11,13,1.548863709,2.55,0,2.55,0,0,0,7,7,2,2
2094,8,16,1.542268248,2.55,0,2.55,0,0,0,7,7,2,2
2094,13,16,1.540744658,2.55,0,2.55,0,0,0,7,7,2,2
2094,38,40,1.528794802,2.55,0,2.55,0,0,0,0,0,2,1
2094,1,11,1.525280686,2.55,0,2.55,0,0,0,4,7,3,2
2094,34,38,1.523580785,2.55,0,2.55,0,0,0,5,0,3,2
2094,23,24,1.522847874,2.55,0,2.55,0,0,0,0,0,3,1
2094,6,23,1.516928457,2.55,0,2.55,0,0,0,7,0,3,3
2094,2,29,1.515997543,2.55,0,2.55,0,0,0,4,5,3,3
2094,6,7,1.514422484,2.55,0,2.55,0,0,0,7,7,3,2
2094,3,4,1.506811827,2.55,0,2.55,0,0,0,4,7,3,2
2094,4,6,1.350338659,2.55,0,2.55,0,0,0,7,7,2,3
2094,23,28,1.21666827,2.55,0,3.44,1,0,0,0,0,3,1
2095,1,3,1.583234463,2.55,0,2.55,0,0,0,4,4,3,3
2095,2,3,1.571762454,2.55,0,2.55,0,0,0,4,4,3,3
2095,34,35,1.545636906,2.55,0,2.55,0,0,0,5,5,3,2
2095,0,1,1.544715689,2.55,0,2.55,0,0,0,4,4,2,3
2095,0,2,1.542919632,2.55,0,2.55,0,0,0,4,4,2,3
2095,31,34,1.431560194,3.44,1,2.55,0,0,0,5,5,2,3
2095,29,31,1.415056276,2.55,0,3.44,1,0,0,5,5,3,2
2095,32,35,1.414036217,3.44,1,2.55,0,0,0,5,5,2,2
2095,29,32,1.409065602,2.55,0,3.44,1,0,0,5,5,3,2
2095,7,8,1.555817909,2.55,0,2.55,0,0,0,7,7,2,2
2095,11,13,1.549173293,2.55,0,2.55,0,0,0,7,7,2,2
2095,8,16,1.543045795,2.55,0,2.55,0,0,0,7,7,2,2
2095,13,16,1.540954078,2.55,0,2.55,0,0,0,7,7,2,2
2095,38,40,1.529560647,2.55,0,2.55,0,0,0,0,0,2,1
2095,1,11,1.525660204,2.55,0,2.55,0,0,0,4,7,3,2
2095,34,38,1.525103458,2.55,0,2.55,0,0,0,5,0,3,2
2095,23,24,1.523507918,2.55,0,2.55,0,0,0,0,0,3,1
2095,2,29,1.516255867,2.55,0,2.55,0,0,0,4,5,3,3
2095,6,23,1.515285179,2.55,0,2.55,0,0,0,7,0,3,3
2095,6,7,1.514626345,2.55,0,2.55,0,0,0,7,7,3,2
2095,3,4,1.508617043,2.55,0,2.55,0,0,0,4,7,3,2
2095,4,6,1.350977984,2.55,0,2.55,0,0,0,7,7,2,3
2095,23,28,1.217697073,2.55,0,3.44,1,0,0,0,0,3,1
2096,0,2,1.608347208,2.55,0,2.55,0,0,0,4,4,4,4
2096,0,1,1.567135093,2.55,0,2.55,0,0,0,4,4,4,3
2096,2,3,1.566964211,2.55,0,2.55,0,0,0,4,4,4,3
2096,2,27,1.551674042,2.55,0,2.55,0,0,0,4,5,4,3
2096,0,26,1.551156304,2.55,0,2.55,0,0,0,4,5,4,3
2096,1,3,1.54671822,2.55,0,2.55,0,0,0,4,4,3,3
2096,0,41,1.514220428,2.55,0,2.55,0,0,1,4,5,4,3
2096,2,28,1.514198608,2.55,0,2.55,0,0,1,4,5,4,3
2096,28,29,1.411077663,2.55,0,2.55,0,1,1,5,5,3,3
2096,41,42,1.410922908,2.55,0,2.55,0,1,1,5,5,3,3
2096,42,43,1.40315533,2.55,0,3.04,2,1,0,5,5,3,2
2096,29,30,1.402768571,2.55,0,3.04,2,1,0,5,5,3,2
2096,33,34,1.402139497,2.55,0,2.55,0,1,1,6,6,2,2
2096,45,47,1.401925897,2.55,0,2.55,0,1,1,6,6,2,2
2096,44,46,1.397992789,2.55,0,2.55,0,1,1,6,6,2,3
2096,31,32,1.397925179,2.55,0,2.55,0,1,1,6,6,2,3
2096,41,44,1.393309646,2.55,0,2.55,0,1,1,5,6,3,2
2096,28,31,1.39318404,2.55,0,2.55,0,1,1,5,6,3,2
2096,46,47,1.392441139,2.55,0,2.55,0,1,1,6,6,3,2
2096,32,33,1.39238528,2.55,0,2.55,0,1,1,6,6,3,2
2096,29,34,1.39096591,2.55,0,2.55,0,1,1,5,6,3,2
2096,42,45,1.390814535,2.55,0,2.55,0,1,1,5,6,3,2
2096,27,30,1.368379938,2.55,0,3.04,2,0,0,5,5,3,2
2096,26,43,1.368024918,2.55,0,3.04,2,0,0,5,5,3,2
2096,18,19,1.5195573,2.55,0,2.55,0,0,0,0,0,2,1
2096,1,4,1.517336063,2.55,0,2.55,0,0,0,4,0,3,3
2096,3,15,1.516820681,2.55,0,2.55,0,0,0,4,0,3,3
2096,8,9,1.514515444,2.55,0,2.55,0,0,0,0,0,2,1
2096,17,18,1.441653668,3.44,1,2.55,0,0,0,0,0,2,2
2096,6,8,1.439337593,3.44,1,2.55,0,0,0,0,0,2,2
2096,15,17,1.342151696,2.55,0,3.44,1,0,0,0,0,3,2
2096,4,6,1.340327805,2.55,0,3.44,1,0,0,0,0,3,2
2096,26,49,1.215963861,2.55,0,3.44,1,0,0,5,0,3,1
2096,27,40,1.21551029,2.55,0,3.44,1,0,0,5,0,3,1
2096,15,25,1.206554221,2.55,0,3.44,1,0,0,0,0,3,1
2096,4,7,1.206529212,2.55,0,3.44,1,0,0,0,0,3,1
2097,0,2,1.610168221,2.55,0,2.55,0,0,0,4,4,4,4
2097,2,3,1.566887285,2.55,0,2.55,0,0,0,4,4,4,3
2097,0,1,1.566842887,2.55,0,2.55,0,0,0,4,4,4,3
2097,2,27,1.552816181,2.55,0,2.55,0,0,0,4,5,4,3
2097,0,26,1.552251484,2.55,0,2.55,0,0,0,4,5,4,3
2097,1,3,1.547825911,2.55,0,2.55,0,0,0,4,4,3,3
2097,2,28,1.514820621,2.55,0,2.55,0,0,1,4,5,4,3
2097,0,41,1.514665586,2.55,0,2.55,0,0,1,4,5,4,3
2097,44,46,1.407017159,2.55,0,2.55,0,1,1,6,6,2,3
2097,31,32,1.406913122,2.55,0,2.55,0,1,1,6,6,2,3
2097,42,43,1.406833968,2.55,0,3.04,2,1,0,5,5,3,2
2097,29,30,1.406351673,2.55,0,3.04,2,1,0,5,5,3,2
2097,28,29,1.405364117,2.55,0,2.55,0,1,1,5,5,3,3
2097,46,47,1.405259019,2.55,0,2.55,0,1,1,6,6,3,2
2097,41,42,1.405202662,2.55,0,2.55,0,1,1,5,5,3,3
2097,32,33,1.405115784,2.55,0,2.55,0,1,1,6,6,3,2
2097,45,47,1.397210424,2.55,0,2.55,0,1,1,6,6,2,2
2097,33,34,1.397133372,2.55,0,2.55,0,1,1,6,6,2,2
2097,28,31,1.395377158,2.55,0,2.55,0,1,1,5,6,3,2
2097,41,44,1.395209897,2.55,0,2.55,0,1,1,5,6,3,2
2097,29,34,1.392272713,2.55,0,2.55,0,1,1,5,6,3,2
2097,42,45,1.392218771,2.55,0,2.55,0,1,1,5,6,3,2
2097,27,30,1.365250665,2.55,0,3.04,2,0,0,5,5,3,2
2097,26,43,1.364877022,2.55,0,3.04,2,0,0,5,5,3,2
2097,18,19,1.519588455,2.55,0,2.55,0,0,0,0,0,2,1
2097,1,4,1.517317125,2.55,0,2.55,0,0,0,4,0,3,3
2097,3,15,1.517311104,2.55,0,2.55,0,0,0,4,0,3,3
2097,8,9,1.514768921,2.55,0,2.55,0,0,0,0,0,2,1
2097,17,18,1.439959235,3.44,1,2.55,0,0,0,0,0,2,2
2097,6,8,1.437411853,3.44,1,2.55,0,0,0,0,0,2,2
2097,53,54,1.41101917,3.44,1,2.55,0,0,0,0,0,2,1
2097,38,58,1.410749027,3.44,1,2.55,0,0,0,0,0,2,1
2097,32,38,1.361188658,2.55,0,3.44,1,1,0,6,0,3,2
2097,46,53,1.361045904,2.55,0,3.44,1,1,0,6,0,3,2
2097,15,17,1.344228859,2.55,0,3.44,1,0,0,0,0,3,2
2097,4,6,1.341844733,2.55,0,3.44,1,0,0,0,0,3,2
2097,26,49,1.218599647,2.55,0,3.44,1,0,0,5,0,3,1
2097,27,40,1.218025462,2.55,0,3.44,1,0,0,5,0,3,1
2097,4,7,1.206937347,2.55,0,3.44,1,0,0,0,0,3,1
2097,15,25,1.206597095,2.55,0,3.44,1,0,0,0,0,3,1
2098,0,2,1.610830651,2.55,0,2.55,0,0,0,4,4,4,4
2098,2,3,1.567374942,2.55,0,2.55,0,0,0,4,4,4,3
2098,0,1,1.56721694,2.55,0,2.55,0,0,0,4,4,4,3
2098,2,27,1.550547128,2.55,0,2.55,0,0,0,4,5,4,3
2098,0,26,1.550075679,2.55,0,2.55,0,0,0,4,5,4,3
2098,1,3,1.546906038,2.55,0,2.55,0,0,0,4,4,3,3
2098,2,28,1.513641026,2.55,0,2.55,0,0,1,4,5,4,3
2098,0,40,1.513293637,2.55,0,2.55,0,0,1,4,5,4,3
2098,28,29,1.410889461,2.55,0,2.55,0,1,1,5,5,3,3
2098,40,41,1.410652374,2.55,0,2.55,0,1,1,5,5,3,3
2098,31,32,1.402811912,2.55,0,2.55,0,1,1,6,6,2,2
2098,43,45,1.402741885,2.55,0,2.55,0,1,1,6,6,2,2
2098,44,46,1.40204465,2.55,0,2.55,0,1,1,6,6,2,3
2098,33,34,1.401952149,2.55,0,2.55,0,1,1,6,6,3,2
2098,41,42,1.39954918,2.55,0,3.04,2,1,0,5,5,3,2
2098,29,30,1.399073269,2.55,0,3.04,2,1,0,5,5,3,2
2098,45,46,1.397075636,2.55,0,2.55,0,1,1,6,6,2,3
2098,32,33,1.39692817,2.55,0,2.55,0,1,1,6,6,2,3
2098,28,31,1.393848076,2.55,0,2.55,0,1,1,5,6,3,2
2098,40,43,1.393771803,2.55,0,2.55,0,1,1,5,6,3,2
2098,41,44,1.390761546,2.55,0,2.55,0,1,1,5,6,3,2
2098,29,34,1.390742871,2.55,0,2.55,0,1,1,5,6,3,2
2098,27,30,1.371100185,2.55,0,3.04,2,0,0,5,5,3,2
2098,26,42,1.370894681,2.55,0,3.04,2,0,0,5,5,3,2
2098,18,19,1.519506879,2.55,0,2.55,0,0,0,0,0,2,1
2098,1,4,1.517712346,2.55,0,2.55,0,0,0,4,0,3,3
2098,3,15,1.517364143,2.55,0,2.55,0,0,0,4,0,3,3
2098,8,9,1.514570514,2.55,0,2.55,0,0,0,0,0,2,1
2098,17,18,1.441276195,3.44,1,2.55,0,0,0,0,0,2,2
2098,6,8,1.438955596,3.44,1,2.55,0,0,0,0,0,2,2
2098,15,17,1.342626399,2.55,0,3.44,1,0,0,0,0,3,2
2098,4,6,1.340267548,2.55,0,3.44,1,0,0,0,0,3,2
2098,26,48,1.215157251,2.55,0,3.44,1,0,0,5,0,3,1
2098,27,39,1.214727298,2.55,0,3.44,1,0,0,5,0,3,1
2098,4,7,1.20672224,2.55,0,3.44,1,0,0,0,0,3,1
2098,15,25,1.206449076,2.55,0,3.44,1,0,0,0,0,3,1
2099,0,2,1.612395363,2.55,0,2.55,0,0,0,4,4,4,4
2099,2,3,1.567835256,2.55,0,2.55,0,0,0,4,4,4,3
2099,0,1,1.567589624,2.55,0,2.55,0,0,0,4,4,4,3
2099,1,3,1.547420057,2.55,0,2.55,0,0,0,4,4,3,3
2099,0,14,1.544673544,2.55,0,2.55,0,0,0,4,5,4,3
2099,2,15,1.544098095,2.55,0,2.55,0,0,0,4,5,4,3
2099,0,27,1.509587549,2.55,0,2.55,0,0,1,4,5,4,3
2099,2,16,1.509258057,2.55,0,2.55,0,0,1,4,5,4,3
2099,17,18,1.416504567,2.55,0,3.04,2,1,0,5,5,3,3
2099,28,29,1.416008981,2.55,0,3.04,2,1,0,5,5,3,3
2099,27,28,1.410019528,2.55,0,2.55,0,1,1,5,5,3,3
2099,16,17,1.409985583,2.55,0,2.55,0,1,1,5,5,3,3
2099,30,32,1.40305258,2.55,0,2.55,0,1,1,6,6,2,2
2099,51,52,1.403000655,2.55,0,2.55,0,0,0,6,6,3,2
2099,19,20,1.402806791,2.55,0,2.55,0,1,1,6,6,2,2
2099,40,41,1.402646893,2.55,0,2.55,0,1,1,6,6,3,2
2099,51,56,1.402023041,2.55,0,2.55,0,0,0,6,6,3,2
2099,31,33,1.401918707,2.55,0,2.55,0,1,1,6,6,2,2
2099,21,22,1.401905568,2.55,0,2.55,0,1,1,6,6,2,2
2099,40,44,1.401567629,2.55,0,2.55,0,1,1,6,6,3,2
2099,42,43,1.398519077,2.55,0,2.55,0,1,1,6,6,2,2
2099,53,54,1.398504995,2.55,0,2.55,0,0,0,6,6,2,2
2099,43,45,1.398373852,2.55,0,2.55,0,1,1,6,6,2,2
2099,54,55,1.398351778,2.55,0,2.55,0,0,0,6,6,2,2
2099,32,33,1.397053421,2.55,0,2.55,0,1,1,6,6,2,2
2099,41,42,1.397025893,2.55,0,2.55,0,1,1,6,6,2,2
2099,20,21,1.396995985,2.55,0,2.55,0,1,1,6,6,2,2
2099,44,45,1.396884034,2.55,0,2.55,0,1,1,6,6,2,2
2099,55,56,1.396877734,2.55,0,2.55,0,0,0,6,6,2,2
2099,52,53,1.396854085,2.55,0,2.55,0,0,0,6,6,2,2
2099,16,19,1.394761502,2.55,0,2.55,0,1,1,5,6,3,2
2099,27,30,1.394600137,2.55,0,2.55,0,1,1,5,6,3,2
2099,17,22,1.393073024,2.55,0,2.55,0,1,1,5,6,3,2
2099,28,31,1.392862769,2.55,0,2.55,0,1,1,5,6,3,2
2099,15,18,1.384018055,2.55,0,3.04,2,0,0,5,5,3,3
2099,14,29,1.383345995,2.55,0,3.04,2,0,0,5,5,3,3
2099,1,4,1.516010079,2.55,0,2.55,0,0,0,4,0,3,3
2099,3,9,1.515492624,2.55,0,2.55,0,0,0,4,0,3,3
2099,6,8,1.427516645,3.44,1,2.55,0,0,0,0,0,2,1
2099,11,12,1.427486848,3.44,1,2.55,0,0,0,0,0,2,1
2099,29,40,1.425756669,3.04,2,2.55,0,0,1,5,6,3,3
2099,18,51,1.425323066,3.04,2,2.55,0,0,0,5,6,3,3
2099,4,6,1.343593565,2.55,0,3.44,1,0,0,0,0,3,2
2099,9,11,1.343127311,2.55,0,3.44,1,0,0,0,0,3,2
2099,14,34,1.215275655,2.55,0,3.44,1,0,0,5,0,3,1
2099,15,26,1.21523576,2.55,0,3.44,1,0,0,5,0,3,1
2099,9,13,1.206050118,2.55,0,3.44,1,0,0,0,0,3,1
2099,4,7,1.206014014,2.55,0,3.44,1,0,0,0,0,3,1
2102,9,11,1.571724906,2.55,0,2.55,0,0,0,5,5,3,3
2102,10,12,1.559683651,2.55,0,2.55,0,0,0,5,5,3,3
2102,11,12,1.552502787,2.55,0,2.55,0,0,0,5,5,3,3
2102,4,9,1.521763994,2.55,0,2.55,0,0,0,5,5,3,3
2102,5,10,1.520068321,2.55,0,2.55,0,0,0,5,5,3,3
2102,11,13,1.505048895,2.55,0,2.55,0,0,0,5,5,3,3
2102,12,15,1.447981493,2.55,0,3.44,1,0,0,5,5,3,2
2102,10,24,1.432061042,2.55,0,3.44,1,0,0,5,5,3,2
2102,9,24,1.432023533,2.55,0,3.44,1,0,0,5,5,3,2
2102,0,1,1.414450458,2.55,0,2.55,0,0,0,6,6,2,3
2102,4,5,1.408833951,2.55,0,2.55,0,0,0,5,5,3,3
2102,2,3,1.405181478,2.55,0,2.55,0,0,0,6,6,2,2
2102,1,2,1.405143449,2.55,0,2.55,0,0,0,6,6,3,2
2102,3,5,1.387592177,2.55,0,2.55,0,0,0,6,5,2,3
2102,0,4,1.383108545,2.55,0,2.55,0,0,0,6,5,2,3
2102,15,17,1.362856935,3.44,1,3.04,2,0,0,5,5,2,2
2102,13,17,1.287271732,2.55,0,3.04,2,0,0,5,5,3,2
2102,27,28,1.51842963,2.55,0,2.55,0,0,0,0,0,3,1
2102,18,19,1.510633519,2.55,0,2.55,0,0,0,0,0,3,1
2102,1,27,1.506514244,2.55,0,2.55,0,0,0,6,0,3,3
2102,13,18,1.488117193,2.55,0,2.55,0,0,0,5,0,3,3
2102,18,23,1.217762085,2.55,0,3.44,1,0,0,0,0,3,1
2102,27,32,1.215548614,2.55,0,3.44,1,0,0,0,0,3,1
2103,9,11,1.587365201,2.55,0,2.55,0,0,0,5,5,4,3
2103,10,12,1.582015717,2.55,0,2.55,0,0,0,5,5,4,3
2103,11,12,1.571032698,2.55,0,2.55,0,0,0,5,5,3,3
2103,4,9,1.529701148,2.55,0,2.55,0,0,0,5,5,3,4
2103,5,10,1.523550354,2.55,0,2.55,0,0,0,5,5,3,4
2103,11,13,1.519052387,2.55,0,2.55,0,0,0,5,5,3,3
2103,12,15,1.453766048,2.55,0,3.04,2,0,0,5,5,3,2
2103,9,23,1.43733087,2.55,0,3.44,1,0,0,5,5,4,2
2103,10,23,1.4331572,2.55,0,3.44,1,0,0,5,5,4,2
2103,0,1,1.414603107,2.55,0,2.55,0,0,0,6,6,2,3
2103,4,5,1.405402316,2.55,0,2.55,0,0,0,5,5,3,3
2103,1,2,1.405024663,2.55,0,2.55,0,0,0,6,6,3,2
2103,2,3,1.404949248,2.55,0,2.55,0,0,0,6,6,2,2
2103,3,5,1.388171339,2.55,0,2.55,0,0,0,6,5,2,3
2103,0,4,1.383488729,2.55,0,2.55,0,0,0,6,5,2,3
2103,15,17,1.33268436,3.04,2,3.04,2,0,0,5,5,2,2
2103,13,17,1.290836999,2.55,0,3.04,2,0,0,5,5,3,2
2103,18,19,1.552708648,2.55,0,2.55,0,0,0,0,0,4,4
2103,26,27,1.51874055,2.55,0,2.55,0,0,0,0,0,3,1
2103,10,25,1.510417251,2.55,0,2.55,0,0,0,5,0,4,1
2103,9,24,1.510411434,2.55,0,2.55,0,0,0,5,0,4,1
2103,1,26,1.505391524,2.55,0,2.55,0,0,0,6,0,3,3
2103,13,18,1.495761168,2.55,0,2.55,0,0,0,5,0,3,4
2103,26,31,1.215894129,2.55,0,3.44,1,0,0,0,0,3,1
2104,0,1,1.548509448,2.55,0,2.55,0,0,0,4,4,3,3
2104,2,3,1.479567543,3.44,1,3.44,1,0,0,4,4,2,2
2104,0,2,1.445410049,2.55,0,3.44,1,0,0,4,4,3,2
2104,1,3,1.445029361,2.55,0,3.44,1,0,0,4,4,3,2
2104,4,5,1.404582957,2.55,0,2.55,0,0,0,6,6,3,2
2104,35,37,1.404514139,2.55,0,2.55,0,1,1,6,6,3,2
2104,27,29,1.404227563,2.55,0,2.55,0,1,1,6,6,2,3
2104,8,9,1.404060083,2.55,0,2.55,0,0,0,6,6,2,3
2104,31,35,1.403961622,2.55,0,2.55,0,1,1,6,6,2,3
2104,4,7,1.403755911,2.55,0,2.55,0,0,0,6,6,3,2
2104,29,34,1.403727381,2.55,0,2.55,0,1,1,6,6,3,2
2104,6,9,1.403716777,2.55,0,2.55,0,0,0,6,6,2,3
2104,7,8,1.395008874,2.55,0,2.55,0,0,0,6,6,2,2
2104,27,31,1.394860037,2.55,0,2.55,0,1,1,6,6,2,2
2104,34,37,1.393509192,2.55,0,2.55,0,1,1,6,6,2,2
2104,5,6,1.393192011,2.55,0,2.55,0,0,0,6,6,2,2
2104,0,35,1.500987005,2.55,0,2.55,0,0,1,4,6,3,3
2104,1,4,1.500940526,2.55,0,2.55,0,0,0,4,6,3,3
2104,28,29,1.495160567,2.55,0,2.55,0,0,1,0,6,3,3
2104,9,15,1.494803261,2.55,0,2.55,0,0,0,6,0,3,3
2104,24,26,1.427225913,2.55,0,3.44,1,0,0,0,0,1,2
2104,17,18,1.427208338,3.44,1,2.55,0,0,0,0,0,2,1
2104,15,17,1.346852746,2.55,0,3.44,1,0,0,0,0,3,2
2104,26,28,1.346775884,3.44,1,2.55,0,0,0,0,0,2,3
2104,15,16,1.209711861,2.55,0,3.44,1,0,0,0,0,3,1
2104,28,33,1.20966707,2.55,0,3.44,1,0,0,0,0,3,1
2105,0,1,1.559772649,2.55,0,2.55,0,0,0,4,4,3,3
2105,2,3,1.474563605,3.44,1,3.44,1,0,0,4,4,2,2
2105,1,3,1.443597695,2.55,0,3.44,1,0,0,4,4,3,2
2105,0,2,1.443428737,2.55,0,3.44,1,0,0,4,4,3,2
2105,4,5,1.404674297,2.55,0,2.55,0,0,0,6,6,3,2
2105,27,29,1.40432677,2.55,0,2.55,0,0,0,6,6,2,3
2105,31,35,1.404173909,2.55,0,2.55,0,0,0,6,6,2,3
2105,6,9,1.404168682,2.55,0,2.55,0,0,0,6,6,2,3
2105,29,34,1.403145418,2.55,0,2.55,0,0,0,6,6,3,2
2105,8,9,1.403138114,2.55,0,2.55,0,0,0,6,6,2,3
2105,35,37,1.40310213,2.55,0,2.55,0,0,0,6,6,3,2
2105,4,7,1.402151518,2.55,0,2.55,0,0,0,6,6,3,2
2105,7,8,1.395699877,2.55,0,2.55,0,0,0,6,6,2,2
2105,34,37,1.394236348,2.55,0,2.55,0,0,0,6,6,2,2
2105,27,31,1.394090182,2.55,0,2.55,0,0,0,6,6,2,2
2105,5,6,1.392554401,2.55,0,2.55,0,0,0,6,6,2,2
2105,1,4,1.50467961,2.55,0,2.55,0,0,0,4,6,3,3
2105,0,35,1.503863633,2.55,0,2.55,0,0,0,4,6,3,3
2105,28,29,1.494656803,2.55,0,2.55,0,0,0,0,6,3,3
2105,9,15,1.494430144,2.55,0,2.55,0,0,0,6,0,3,3
2105,17,18,1.426954845,3.44,1,2.55,0,0,0,0,0,2,1
2105,24,26,1.426926257,2.55,0,3.44,1,0,0,0,0,1,2
2105,26,28,1.347618334,3.44,1,2.55,0,0,0,0,0,2,3
2105,15,17,1.347047416,2.55,0,3.44,1,0,0,0,0,3,2
2105,15,16,1.209891296,2.55,0,3.44,1,0,0,0,0,3,1
2105,28,33,1.20953218,2.55,0,3.44,1,0,0,0,0,3,1
2106,0,1,1.565246083,2.55,0,2.55,0,0,0,4,4,4,4
2106,2,3,1.475980914,3.44,1,3.44,1,0,0,4,4,2,2
2106,0,2,1.462696587,2.55,0,3.44,1,0,0,4,4,4,2
2106,1,3,1.460377897,2.55,0,3.44,1,0,0,4,4,4,2
2106,1,4,1.546927726,2.55,0,2.55,0,0,0,4,0,4,2
2106,7,8,1.534158071,2.55,0,2.55,0,0,0,0,0,2,1
2106,4,5,1.53158112,2.55,0,2.55,0,0,0,0,0,2,1
2106,0,7,1.531229655,2.55,0,2.55,0,0,0,4,0,4,2
2106,0,12,1.528360183,2.55,0,2.55,0,0,0,4,0,4,1
2106,1,6,1.521598836,2.55,0,2.55,0,0,0,4,0,4,1
2107,0,1,1.567685197,2.55,0,2.55,0,0,0,4,4,4,4
2107,7,41,1.549921703,2.55,0,2.55,0,0,0,6,6,3,3
2107,6,7,1.546040435,2.55,0,2.55,0,0,0,6,6,3,3
2107,4,5,1.54473675,2.55,0,2.55,0,0,0,6,6,3,2
2107,45,52,1.544535322,2.55,0,2.55,0,0,0,6,6,3,2
2107,4,46,1.542827496,2.55,0,2.55,0,0,0,6,6,3,2
2107,40,45,1.541961345,2.55,0,2.55,0,0,0,6,6,2,3
2107,6,52,1.54153624,2.55,0,2.55,0,0,0,6,6,3,2
2107,40,41,1.540577487,2.55,0,2.55,0,0,0,6,6,2,3
2107,5,6,1.540495131,2.55,0,2.55,0,0,0,6,6,2,3
2107,41,46,1.539878867,2.55,0,2.55,0,0,0,6,6,3,2
2107,1,4,1.538773931,2.55,0,2.55,0,0,0,4,6,4,3
2107,1,45,1.536008451,2.55,0,2.55,0,0,0,4,6,4,3
2107,2,3,1.469227232,3.44,1,3.44,1,0,0,4,4,2,2
2107,1,3,1.465095069,2.55,0,3.44,1,0,0,4,4,4,2
2107,0,2,1.440257909,2.55,0,3.44,1,0,0,4,4,4,2
2107,19,23,1.408444006,2.55,0,2.55,0,1,1,6,6,2,3
2107,16,18,1.408339869,2.55,0,2.55,0,1,1,6,6,2,3
2107,18,22,1.403263421,2.55,0,2.55,0,1,1,6,6,3,2
2107,22,25,1.400621043,2.55,0,2.55,0,1,1,6,6,2,2
2107,23,25,1.398944507,2.55,0,2.55,0,1,1,6,6,3,2
2107,16,19,1.389120165,2.55,0,2.55,0,1,1,6,6,2,2
2107,7,8,1.523452555,2.55,0,2.55,0,0,0,6,0,3,3
2107,0,23,1.518966081,2.55,0,2.55,0,0,1,4,6,4,3
2107,21,32,1.460387697,2.55,0,2.55,0,0,0,0,0,2,2
2107,35,36,1.459226457,2.55,0,2.55,0,0,0,0,0,2,1
2107,10,11,1.427611321,3.44,1,2.55,0,0,0,0,0,2,1
2107,17,21,1.422661162,3.44,1,2.55,0,0,0,0,0,2,2
2107,27,28,1.419980238,3.44,1,2.55,0,0,0,0,0,2,1
2107,0,27,1.396250703,2.55,0,3.44,1,0,0,4,0,4,2
2107,17,18,1.356032749,3.44,1,2.55,0,0,1,0,6,2,3
2107,8,10,1.349269775,2.55,0,3.44,1,0,0,0,0,3,2
2107,32,35,1.21191707,2.55,0,2.55,0,0,0,0,0,2,2
2107,8,9,1.207884406,2.55,0,3.44,1,0,0,0,0,3,1
2108,0,1,1.568088447,2.55,0,2.55,0,0,0,4,4,4,4
2108,7,30,1.551056605,2.55,0,2.55,0,0,0,6,6,3,3
2108,6,7,1.545683088,2.55,0,2.55,0,0,0,6,6,3,3
2108,4,5,1.54544694,2.55,0,2.55,0,0,0,6,6,3,2
2108,34,41,1.544220219,2.55,0,2.55,0,0,0,6,6,3,2
2108,4,35,1.542853333,2.55,0,2.55,0,0,0,6,6,3,2
2108,29,34,1.542245901,2.55,0,2.55,0,0,0,6,6,2,3
2108,6,41,1.541492533,2.55,0,2.55,0,0,0,6,6,3,2
2108,5,6,1.540689679,2.55,0,2.55,0,0,0,6,6,2,3
2108,29,30,1.540260256,2.55,0,2.55,0,0,0,6,6,2,3
2108,30,35,1.539237822,2.55,0,2.55,0,0,0,6,6,3,2
2108,1,4,1.538480537,2.55,0,2.55,0,0,0,4,6,4,3
2108,1,34,1.53779476,2.55,0,2.55,0,0,0,4,6,4,3
2108,2,3,1.467420172,3.44,1,3.44,1,0,0,4,4,2,2
2108,1,3,1.466643094,2.55,0,3.44,1,0,0,4,4,4,2
2108,0,2,1.427489828,2.55,0,3.44,1,0,0,4,4,4,2
2108,16,17,1.419023833,2.55,0,2.55,0,1,1,6,6,3,3
2108,17,19,1.418725907,2.55,0,2.55,0,1,1,6,6,3,3
2108,20,22,1.413995515,2.55,0,2.55,0,1,1,6,6,3,3
2108,19,22,1.409276944,2.55,0,2.55,0,1,1,6,6,3,3
2108,18,20,1.399287173,2.55,0,2.55,0,1,1,6,6,2,3
2108,16,18,1.395816792,2.55,0,2.55,0,1,1,6,6,3,2
2108,0,20,1.539613251,2.55,0,2.55,0,0,1,4,6,4,3
2108,7,8,1.523253623,2.55,0,2.55,0,0,0,6,0,3,3
2108,51,53,1.49181246,2.55,0,2.55,0,0,0,0,0,2,3
2108,17,50,1.461102416,2.55,0,2.55,0,1,0,6,0,3,2
2108,10,11,1.42792243,3.44,1,2.55,0,0,0,0,0,2,1
2108,21,46,1.427622075,3.44,1,2.55,0,0,0,0,0,2,1
2108,24,25,1.421919248,3.44,1,2.55,0,0,0,0,0,2,1
2108,55,56,1.419774049,3.44,1,2.55,0,0,0,0,0,2,1
2108,0,24,1.396222342,2.55,0,3.44,1,0,0,4,0,4,2
2108,19,21,1.363311258,2.55,0,3.44,1,1,0,6,0,3,2
2108,53,55,1.353921563,2.55,0,3.44,1,0,0,0,0,3,2
2108,15,16,1.352028625,3.44,1,2.55,0,0,1,0,6,1,3
2108,50,51,1.351002118,2.55,0,2.55,0,0,0,0,0,2,2
2108,8,10,1.349146316,2.55,0,3.44,1,0,0,0,0,3,2
2108,53,60,1.208552394,2.55,0,3.44,1,0,0,0,0,3,1
2108,8,9,1.207795467,2.55,0,3.44,1,0,0,0,0,3,1
2109,0,1,1.568086654,2.55,0,2.55,0,0,0,4,4,4,4
2109,7,30,1.550614121,2.55,0,2.55,0,0,0,6,6,3,3
2109,6,7,1.546075876,2.55,0,2.55,0,0,0,6,6,3,3
2109,4,5,1.54507973,2.55,0,2.55,0,0,0,6,6,3,2
2109,34,41,1.544478199,2.55,0,2.55,0,0,0,6,6,3,2
2109,4,35,1.542946995,2.55,0,2.55,0,0,0,6,6,3,2
2109,29,34,1.542012799,2.55,0,2.55,0,0,0,6,6,2,3
2109,6,41,1.541715803,2.55,0,2.55,0,0,0,6,6,3,2
2109,29,30,1.540467923,2.55,0,2.55,0,0,0,6,6,2,3
2109,5,6,1.540431863,2.55,0,2.55,0,0,0,6,6,2,3
2109,30,35,1.539337272,2.55,0,2.55,0,0,0,6,6,3,2
2109,1,4,1.539231378,2.55,0,2.55,0,0,0,4,6,4,3
2109,1,34,1.53677331,2.55,0,2.55,0,0,0,4,6,4,3
2109,2,3,1.467621594,3.44,1,3.44,1,0,0,4,4,2,2
2109,1,3,1.466339912,2.55,0,3.44,1,0,0,4,4,4,2
2109,0,2,1.426009845,2.55,0,3.44,1,0,0,4,4,4,2
2109,16,17,1.422032659,2.55,0,2.55,0,0,0,6,6,3,3
2109,19,22,1.416492902,2.55,0,2.55,0,0,0,6,6,3,3
2109,17,19,1.414105923,2.55,0,2.55,0,0,0,6,6,3,3
2109,18,20,1.409724635,2.55,0,2.55,0,0,0,6,6,2,3
2109,20,22,1.40460164,2.55,0,2.55,0,0,0,6,6,3,3
2109,16,18,1.392717574,2.55,0,2.55,0,0,0,6,6,3,2
2109,0,20,1.538550521,2.55,0,2.55,0,0,0,4,6,4,3
2109,7,8,1.523394497,2.55,0,2.55,0,0,0,6,0,3,3
2109,47,49,1.491647109,2.55,0,2.55,0,0,0,0,0,2,3
2109,17,46,1.459358484,2.55,0,2.55,0,0,0,6,0,3,2
2109,10,11,1.428095874,3.44,1,2.55,0,0,0,0,0,2,1
2109,24,25,1.421980767,3.44,1,2.55,0,0,0,0,0,2,1
2109,51,52,1.418577978,3.44,1,2.55,0,0,0,0,0,2,1
2109,15,57,1.413509205,3.44,1,2.55,0,0,0,0,0,2,1
2109,0,24,1.399254492,2.55,0,3.44,1,0,0,4,0,4,2
2109,49,51,1.356958177,2.55,0,3.44,1,0,0,0,0,3,2
2109,46,47,1.356453881,2.55,0,2.55,0,0,0,0,0,2,2
2109,15,16,1.351822784,3.44,1,2.55,0,0,0,0,6,2,3
2109,8,10,1.349603758,2.55,0,3.44,1,0,0,0,0,3,2
2109,19,21,1.347248079,2.55,0,3.44,1,0,0,6,0,3,1
2109,8,9,1.20763259,2.55,0,3.44,1,0,0,0,0,3,1
2109,49,56,1.206283,2.55,0,3.44,1,0,0,0,0,3,1
2110,14,19,1.593813556,2.55,0,2.55,0,0,0,4,4,4,4
2110,4,7,1.546034349,2.55,0,2.55,0,0,0,6,6,3,2
2110,10,13,1.54544186,2.55,0,2.55,0,0,0,6,6,3,2
2110,3,4,1.543578124,2.55,0,2.55,0,0,0,6,6,2,3
2110,10,14,1.542182322,2.55,0,2.55,0,0,0,6,4,3,4
2110,8,10,1.54170256,2.55,0,2.55,0,0,0,6,6,2,3
2110,2,13,1.54099834,2.55,0,2.55,0,0,0,6,6,3,2
2110,2,7,1.539936043,2.55,0,2.55,0,0,0,6,6,3,2
2110,0,8,1.539918455,2.55,0,2.55,0,0,0,6,6,3,2
2110,0,1,1.539295537,2.55,0,2.55,0,0,0,6,6,3,3
2110,0,3,1.539060791,2.55,0,2.55,0,0,0,6,6,3,2
2110,1,2,1.536150367,2.55,0,2.55,0,0,0,6,6,3,3
2110,4,14,1.536135775,2.55,0,2.55,0,0,0,6,4,3,4
2110,19,29,1.514158967,2.55,0,2.55,0,0,0,4,6,4,3
2110,19,28,1.508356614,2.55,0,2.55,0,0,0,4,6,4,3
2110,20,21,1.469709317,3.44,1,3.44,1,0,0,4,4,2,2
2110,14,20,1.461191197,2.55,0,3.44,1,0,0,4,4,4,2
2110,19,21,1.451394605,2.55,0,3.44,1,0,0,4,4,4,2
2110,28,32,1.41462501,2.55,0,2.55,0,0,0,6,6,3,3
2110,29,30,1.413514741,2.55,0,2.55,0,0,0,6,6,3,3
2110,30,31,1.410111183,2.55,0,3.04,2,0,0,6,6,3,3
2110,30,37,1.409535179,2.55,0,2.55,0,0,0,6,6,3,2
2110,32,36,1.408744467,2.55,0,2.55,0,0,0,6,6,3,2
2110,31,32,1.406933134,3.04,2,2.55,0,0,0,6,6,3,3
2110,29,38,1.400883762,2.55,0,2.55,0,0,0,6,6,3,2
2110,28,33,1.400804812,2.55,0,2.55,0,0,0,6,6,3,2
2110,39,40,1.397478098,2.55,0,2.55,0,0,0,6,6,2,2
2110,34,35,1.397162898,2.55,0,2.55,0,0,0,6,6,2,2
2110,33,34,1.395742135,2.55,0,2.55,0,0,0,6,6,2,2
2110,35,36,1.395392781,2.55,0,2.55,0,0,0,6,6,2,2
2110,38,39,1.395053194,2.55,0,2.55,0,0,0,6,6,2,2
2110,37,40,1.394886405,2.55,0,2.55,0,0,0,6,6,2,2
2110,54,55,1.530066005,2.55,0,2.55,0,0,0,0,0,2,3
2110,59,60,1.514038165,2.55,0,2.55,0,0,0,0,0,2,1
2110,22,23,1.512750034,2.55,0,2.55,0,0,0,0,0,1,3
2110,1,24,1.44779883,2.55,0,3.44,1,0,0,6,0,3,2
2110,58,59,1.443844037,3.44,1,2.55,0,0,0,0,0,2,2
2110,31,54,1.443239156,3.04,2,2.55,0,0,0,6,0,3,2
2110,23,24,1.347697232,2.55,0,3.44,1,0,0,0,0,3,2
2110,55,58,1.33994364,2.55,0,3.44,1,0,0,0,0,3,2
2110,23,27,1.207048838,2.55,0,3.44,1,0,0,0,0,3,1
2110,55,66,1.204576517,2.55,0,3.44,1,0,0,0,0,3,1
2111,0,1,1.593409006,2.55,0,2.55,0,0,0,5,5,3,4
2111,34,40,1.576204921,2.55,0,2.55,0,0,0,6,6,4,3
2111,3,4,1.572707461,2.55,0,2.55,0,0,0,5,5,3,4
2111,1,14,1.555512815,2.55,0,2.55,0,0,0,5,5,4,2
2111,1,15,1.552679228,2.55,0,2.55,0,0,0,5,6,4,3
2111,4,14,1.54785802,2.55,0,2.55,0,0,0,5,5,4,2
2111,0,3,1.542194915,2.55,0,2.55,0,0,0,5,5,3,3
2111,1,2,1.541032281,2.55,0,2.55,0,0,0,5,5,4,3
2111,15,35,1.537516396,2.55,0,2.55,0,0,0,6,6,3,2
2111,4,5,1.525141807,2.55,0,2.55,0,0,0,5,5,4,2
2111,2,34,1.523573249,2.55,0,2.55,0,0,0,5,6,3,4
2111,0,7,1.523459775,2.55,0,2.55,0,0,0,5,5,3,3
2111,3,10,1.514807764,2.55,0,2.55,0,0,0,5,5,3,3
2111,39,40,1.507220035,2.55,0,2.55,0,0,0,6,6,2,3
2111,35,36,1.501197646,2.55,0,2.55,0,0,0,6,6,2,2
2111,15,51,1.427668008,2.55,0,3.44,1,0,0,6,6,3,2
2111,40,51,1.425128792,2.55,0,3.44,1,0,0,6,6,3,2
2111,7,9,1.415098264,2.55,0,3.04,2,0,0,5,5,3,3
2111,9,10,1.406127908,3.04,2,2.55,0,0,0,5,5,3,3
2111,16,20,1.404795985,2.55,0,2.55,0,1,1,6,6,3,2
2111,22,23,1.40422777,2.55,0,2.55,0,1,1,6,6,2,3
2111,19,23,1.404182231,2.55,0,2.55,0,1,1,6,6,2,3
2111,16,19,1.396889734,2.55,0,2.55,0,1,1,6,6,3,2
2111,21,22,1.396747166,2.55,0,2.55,0,1,1,6,6,2,2
2111,20,21,1.395395937,2.55,0,2.55,0,1,1,6,6,2,2
2111,2,5,1.346329948,2.55,0,2.55,0,0,0,5,5,3,2
2111,36,39,1.334998801,2.55,0,2.55,0,0,0,6,6,2,2
2111,34,41,1.545443844,2.55,0,2.55,0,0,0,6,0,4,1
2111,34,45,1.54256894,2.55,0,2.55,0,0,0,6,0,4,1
2111,4,54,1.521666162,2.55,0,2.55,0,0,0,5,0,4,2
2111,28,29,1.518469007,2.55,0,2.55,0,0,0,0,0,3,1
2111,58,59,1.508968282,2.55,0,2.55,0,0,0,0,0,3,1
2111,23,28,1.506815182,2.55,0,2.55,0,1,0,6,0,3,3
2111,54,55,1.435284094,2.55,0,3.44,1,0,0,0,0,2,2
2111,9,16,1.429434289,3.04,2,2.55,0,0,1,5,6,3,3
2111,55,58,1.351797502,3.44,1,2.55,0,0,0,0,0,2,3
2111,28,33,1.215148838,2.55,0,3.44,1,0,0,0,0,3,1
2111,10,13,1.20866719,2.55,0,3.44,1,0,0,5,0,3,1
2111,58,63,1.206360969,2.55,0,3.44,1,0,0,0,0,3,1
2111,7,12,1.205808558,2.55,0,3.44,1,0,0,5,0,3,1
2112,0,1,1.553090315,2.55,0,2.55,0,0,0,4,4,3,3
2112,0,2,1.55040936,2.55,0,2.55,0,0,0,4,4,3,3
2112,8,9,1.541411273,2.55,0,2.55,0,0,0,6,6,3,2
2112,9,10,1.539958337,2.55,0,2.55,0,0,0,6,6,2,2
2112,1,5,1.457465548,2.55,0,3.04,2,0,0,4,4,3,3
2112,5,10,1.4468537,3.04,2,2.55,0,0,0,4,6,3,2
2112,6,8,1.434752192,3.44,1,2.55,0,0,0,6,6,2,3
2112,1,6,1.404002846,2.55,0,3.44,1,0,0,4,6,3,2
2112,2,5,1.384181899,2.55,0,3.04,2,0,0,4,4,3,3
2112,22,24,1.538267045,2.55,0,2.55,0,0,0,0,0,2,2
2112,24,27,1.531525121,2.55,0,2.55,0,0,0,0,0,2,1
2112,3,15,1.530331284,2.55,0,2.55,0,0,0,0,0,2,1
2112,8,22,1.526897947,2.55,0,2.55,0,0,0,6,0,3,2
2112,0,3,1.525268159,2.55,0,2.55,0,0,0,4,0,3,2
2112,2,21,1.203276801,2.55,0,3.44,1,0,0,4,0,3,1
2113,0,1,1.626043281,2.55,0,2.55,0,0,0,5,5,4,4
2113,3,4,1.615332278,2.55,0,2.55,0,0,0,5,5,4,3
2113,0,3,1.566688368,2.55,0,2.55,0,0,0,5,5,4,4
2113,3,9,1.542690034,2.55,0,2.55,0,0,0,5,5,4,3
2113,0,6,1.541192639,2.55,0,2.55,0,0,0,5,5,4,3
2113,1,2,1.525781679,2.55,0,2.55,0,0,0,5,5,4,2
2113,4,5,1.519429557,2.55,0,2.55,0,0,0,5,5,3,2
2113,1,13,1.420821837,2.55,0,3.44,1,0,0,5,5,4,2
2113,4,13,1.415749448,2.55,0,3.44,1,0,0,5,5,3,2
2113,8,9,1.395151994,3.04,2,2.55,0,0,0,5,5,3,3
2113,6,8,1.389667584,2.55,0,3.04,2,0,0,5,5,3,3
2113,2,5,1.337635528,2.55,0,2.55,0,0,0,5,5,2,2
2113,15,16,1.526467194,2.55,0,2.55,0,0,0,0,0,2,2
2113,25,27,1.513961611,2.55,0,2.55,0,0,0,0,0,3,1
2113,1,14,1.513638258,2.55,0,2.55,0,0,0,5,0,4,2
2113,18,19,1.507465643,2.55,0,2.55,0,0,0,0,0,3,1
2113,8,15,1.459206054,3.04,2,2.55,0,0,0,5,0,3,2
2113,0,7,1.458969822,2.55,0,2.55,0,0,0,5,0,4,2
2113,3,10,1.458791418,2.55,0,2.55,0,0,0,5,0,4,2
2113,16,17,1.426506804,2.55,0,3.44,1,0,0,0,0,2,2
2113,14,24,1.416276514,2.55,0,3.44,1,0,0,0,0,2,2
2113,24,25,1.368703387,3.44,1,2.55,0,0,0,0,0,2,3
2113,17,18,1.357701749,3.44,1,2.55,0,0,0,0,0,2,3
2113,6,11,1.203867852,2.55,0,3.44,1,0,0,5,0,3,1
2113,18,23,1.203326151,2.55,0,3.44,1,0,0,0,0,3,1
2113,9,12,1.201695743,2.55,0,3.44,1,0,0,5,0,3,1
2113,25,26,1.197848312,2.55,0,3.44,1,0,0,0,0,3,1
2113,7,31,1.158667135,2.55,0,3.04,2,0,0,0,0,2,1
2113,10,32,1.15829629,2.55,0,3.04,2,0,0,0,0,2,1
2114,18,21,1.609586567,2.55,0,2.55,0,0,0,6,5,4,4
2114,19,20,1.57021176,2.55,0,2.55,0,0,0,6,5,4,3
2114,14,18,1.555436803,2.55,0,2.55,0,0,0,6,6,3,4
2114,20,21,1.554420348,2.55,0,2.55,0,0,0,5,5,3,4
2114,8,18,1.544208157,2.55,0,2.55,0,0,0,6,6,3,4
2114,21,26,1.534761105,2.55,0,2.55,0,0,0,5,5,4,3
2114,0,19,1.530105848,2.55,0,2.55,0,0,0,6,6,3,4
2114,13,19,1.525345898,2.55,0,2.55,0,0,0,6,6,3,4
2114,20,24,1.523088904,2.55,0,2.55,0,0,0,5,5,3,3
2114,0,8,1.411118496,2.55,0,2.55,0,0,0,6,6,3,3
2114,13,14,1.409973536,2.55,0,2.55,0,0,0,6,6,3,3
2114,6,8,1.399696012,2.55,0,2.55,0,0,0,6,6,2,3
2114,15,17,1.399650829,2.55,0,2.55,0,0,0,6,6,2,2
2114,4,6,1.399339393,2.55,0,2.55,0,0,0,6,6,2,2
2114,14,15,1.399174939,2.55,0,2.55,0,0,0,6,6,3,2
2114,1,3,1.398537285,2.55,0,2.55,0,0,0,6,6,2,2
2114,10,11,1.398296875,2.55,0,2.55,0,0,0,6,6,2,2
2114,0,1,1.39788635,2.55,0,2.55,0,0,0,6,6,3,2
2114,11,13,1.397377324,2.55,0,2.55,0,0,0,6,6,2,3
2114,3,4,1.394495583,2.55,0,2.55,0,0,0,6,6,2,2
2114,10,17,1.394449871,2.55,0,2.55,0,0,0,6,6,2,2
2114,24,28,1.381689818,2.55,0,3.44,1,0,0,5,5,3,2
2114,26,28,1.37803272,2.55,0,3.44,1,0,0,5,5,3,2
2114,18,32,1.57208959,2.55,0,2.55,0,0,0,6,0,4,3
2114,32,47,1.557092844,2.55,0,2.55,0,0,0,0,0,3,4
2114,21,27,1.544387591,2.55,0,2.55,0,0,0,5,0,4,1
2114,19,31,1.527981637,2.55,0,2.55,0,0,0,6,0,4,1
2114,40,41,1.517435677,2.55,0,2.55,0,0,0,0,0,2,1
2114,39,40,1.427938284,3.44,1,2.55,0,0,0,0,0,2,2
2114,32,39,1.404626448,2.55,0,3.44,1,0,0,0,0,3,2
2114,26,30,1.193768871,2.55,0,3.44,1,0,0,5,0,3,1
2114,24,29,1.192888154,2.55,0,3.44,1,0,0,5,0,3,1
2115,16,19,1.624521523,2.55,0,2.55,0,0,0,6,5,4,4
2115,19,24,1.567511692,2.55,0,2.55,0,0,0,5,5,4,3
2115,18,19,1.559335406,2.55,0,2.55,0,0,0,5,5,3,4
2115,13,16,1.557969476,2.55,0,2.55,0,0,0,6,6,3,4
2115,17,18,1.553810419,2.55,0,2.55,0,0,0,6,5,3,3
2115,8,16,1.548760167,2.55,0,2.55,0,1,0,6,6,3,4
2115,18,22,1.520498109,2.55,0,2.55,0,0,0,5,5,3,3
2115,0,17,1.510725937,2.55,0,2.55,0,1,0,6,6,3,3
2115,12,17,1.50724032,2.55,0,2.55,0,0,0,6,6,3,3
2115,24,26,1.418701194,2.55,0,3.44,1,0,0,5,5,3,2
2115,0,8,1.410378329,2.55,0,2.55,0,1,1,6,6,3,3
2115,12,13,1.406720935,2.55,0,2.55,0,0,0,6,6,3,3
2115,4,6,1.400703157,2.55,0,2.55,0,1,1,6,6,2,2
2115,14,15,1.400469667,2.55,0,2.55,0,0,0,6,6,2,2
2115,6,8,1.399600362,2.55,0,2.55,0,1,1,6,6,2,3
2115,13,14,1.399198178,2.55,0,2.55,0,0,0,6,6,3,2
2115,1,3,1.398557718,2.55,0,2.55,0,1,1,6,6,2,2
2115,10,11,1.398201796,2.55,0,2.55,0,0,0,6,6,2,2
2115,3,4,1.396169359,2.55,0,2.55,0,1,1,6,6,2,2
2115,10,15,1.395662297,2.55,0,2.55,0,0,0,6,6,2,2
2115,0,1,1.39535396,2.55,0,2.55,0,1,1,6,6,3,2
2115,11,12,1.394911577,2.55,0,2.55,0,0,0,6,6,2,3
2115,22,26,1.358909928,2.55,0,3.44,1,0,0,5,5,3,2
2115,16,30,1.575877923,2.55,0,2.55,0,0,0,6,0,4,3
2115,30,42,1.547610673,2.55,0,2.55,0,0,0,0,0,3,4
2115,19,25,1.542245197,2.55,0,2.55,0,0,0,5,0,4,1
2115,35,36,1.522957597,2.55,0,2.55,0,0,0,0,0,2,1
2115,47,48,1.504937059,2.55,0,2.55,0,0,0,0,0,3,1
2115,34,35,1.434480459,3.44,1,2.55,0,0,0,0,0,2,2
2115,24,28,1.412386095,2.55,0,3.44,1,0,0,5,0,3,2
2115,30,34,1.403146531,2.55,0,3.44,1,0,0,0,0,3,2
2115,28,47,1.367781606,3.44,1,2.55,0,0,0,0,0,2,3
2115,47,53,1.201928494,2.55,0,3.44,1,0,0,0,0,3,1
2115,22,27,1.196702872,2.55,0,3.44,1,0,0,5,0,3,1
2116,0,1,1.585798232,2.55,0,2.55,0,0,0,5,5,3,4
2116,3,4,1.582364651,2.55,0,2.55,0,0,0,5,5,3,3
2116,0,3,1.538781634,2.55,0,2.55,0,0,0,5,5,3,3
2116,1,2,1.531636083,2.55,0,2.55,0,0,0,5,5,4,2
2116,4,5,1.523004703,2.55,0,2.55,0,0,0,5,5,3,2
2116,3,9,1.520747254,2.55,0,2.55,0,0,0,5,5,3,3
2116,0,6,1.519037353,2.55,0,2.55,0,0,0,5,5,3,3
2116,1,13,1.440279709,2.55,0,3.44,1,0,0,5,5,4,2
2116,4,13,1.426609746,2.55,0,3.44,1,0,0,5,5,3,2
2116,6,8,1.40028762,2.55,0,3.04,2,0,0,5,5,3,3
2116,8,9,1.399167588,3.04,2,2.55,0,0,0,5,5,3,3
2116,2,5,1.339330717,2.55,0,2.55,0,0,0,5,5,2,2
2116,15,16,1.538010546,2.55,0,2.55,0,0,0,0,0,2,3
2116,24,25,1.536111036,2.55,0,2.55,0,0,0,0,0,2,2
2116,16,47,1.528572018,2.55,0,2.55,0,0,0,0,0,3,1
2116,1,14,1.522071494,2.55,0,2.55,0,0,0,5,0,4,2
2116,18,19,1.518396986,2.55,0,2.55,0,0,0,0,0,2,1
2116,23,24,1.455949233,3.04,2,2.55,0,0,0,0,0,2,2
2116,25,36,1.455498451,2.55,0,3.04,2,0,0,0,0,2,3
2116,8,15,1.455024207,3.04,2,2.55,0,0,0,5,0,3,2
2116,36,39,1.450628424,3.04,2,2.55,0,0,0,0,0,3,1
2116,36,43,1.450176716,3.04,2,2.55,0,0,0,0,0,3,1
2116,14,23,1.44912754,2.55,0,3.04,2,0,0,0,0,2,2
2116,16,17,1.417073289,2.55,0,3.44,1,0,0,0,0,3,2
2116,17,18,1.412783717,3.44,1,2.55,0,0,0,0,0,2,2
2116,6,11,1.209139854,2.55,0,3.44,1,0,0,5,0,3,1
2116,9,12,1.209043069,2.55,0,3.44,1,0,0,5,0,3,1
2117,17,20,1.619676762,2.55,0,2.55,0,0,0,6,5,4,4
2117,20,25,1.569692509,2.55,0,2.55,0,0,0,5,5,4,3
2117,18,19,1.565256518,2.55,0,2.55,0,0,0,6,5,4,3
2117,19,20,1.561857848,2.55,0,2.55,0,0,0,5,5,3,4
2117,13,17,1.556757419,2.55,0,2.55,0,1,0,6,6,3,4
2117,8,17,1.548054115,2.55,0,2.55,0,1,0,6,6,3,4
2117,0,18,1.530967189,2.55,0,2.55,0,1,0,6,6,3,4
2117,19,23,1.525043383,2.55,0,2.55,0,0,0,5,5,3,3
2117,12,18,1.522353495,2.55,0,2.55,0,1,0,6,6,3,4
2117,25,27,1.417504413,2.55,0,3.44,1,0,0,5,5,3,2
2117,0,8,1.410754706,2.55,0,2.55,0,1,1,6,6,3,3
2117,12,13,1.407702181,2.55,0,2.55,0,1,1,6,6,3,3
2117,13,14,1.39993989,2.55,0,2.55,0,1,1,6,6,3,2
2117,4,6,1.399755708,2.55,0,2.55,0,1,1,6,6,2,2
2117,6,8,1.399462112,2.55,0,2.55,0,1,1,6,6,2,3
2117,14,16,1.399022996,2.55,0,2.55,0,1,1,6,6,2,2
2117,1,3,1.398908942,2.55,0,2.55,0,1,1,6,6,2,2
2117,11,12,1.397707675,2.55,0,2.55,0,1,1,6,6,2,3
2117,0,1,1.397579059,2.55,0,2.55,0,1,1,6,6,3,2
2117,10,11,1.397186049,2.55,0,2.55,0,1,1,6,6,2,2
2117,10,16,1.395236679,2.55,0,2.55,0,1,1,6,6,2,2
2117,3,4,1.394248739,2.55,0,2.55,0,1,1,6,6,2,2
2117,23,27,1.357899869,2.55,0,3.44,1,0,0,5,5,3,2
2117,17,31,1.572319024,2.55,0,2.55,0,0,0,6,0,4,3
2117,20,26,1.54619046,2.55,0,2.55,0,0,0,5,0,4,1
2117,31,43,1.543691882,2.55,0,2.55,0,0,0,0,0,3,4
2117,18,30,1.528654006,2.55,0,2.55,0,0,0,6,0,4,1
2117,36,37,1.517759827,2.55,0,2.55,0,0,0,0,0,2,1
2117,49,50,1.50590823,2.55,0,2.55,0,0,0,0,0,3,1
2117,35,36,1.426662728,3.44,1,2.55,0,0,0,0,0,2,2
2117,25,29,1.4116517,2.55,0,3.44,1,0,0,5,0,3,2
2117,31,35,1.404040047,2.55,0,3.44,1,0,0,0,0,3,2
2117,29,49,1.373424956,3.44,1,2.55,0,0,0,0,0,2,3
2117,49,54,1.19915953,2.55,0,3.44,1,0,0,0,0,3,1
2117,23,28,1.197731456,2.55,0,3.44,1,0,0,5,0,3,1
2118,0,1,1.584942166,2.55,0,2.55,0,0,0,5,5,3,4
2118,3,4,1.579567664,2.55,0,2.55,0,0,0,5,5,4,3
2118,0,3,1.538578987,2.55,0,2.55,0,0,0,5,5,3,4
2118,3,9,1.533816149,2.55,0,2.55,0,0,0,5,5,4,3
2118,1,2,1.531233764,2.55,0,2.55,0,0,0,5,5,4,2
2118,4,5,1.525826756,2.55,0,2.55,0,0,0,5,5,3,2
2118,0,6,1.516869505,2.55,0,2.55,0,0,0,5,5,3,3
2118,1,13,1.43045214,2.55,0,3.44,1,0,0,5,5,4,2
2118,4,13,1.425039687,2.55,0,3.44,1,0,0,5,5,3,2
2118,8,9,1.399143095,3.04,2,2.55,0,0,0,5,5,3,3
2118,6,8,1.397175413,2.55,0,3.04,2,0,0,5,5,3,3
2118,2,5,1.337645156,2.55,0,2.55,0,0,0,5,5,2,2
2118,15,16,1.526051094,2.55,0,2.55,0,0,0,0,0,2,2
2118,25,27,1.515829968,2.55,0,2.55,0,0,0,0,0,3,1
2118,1,14,1.511017742,2.55,0,2.55,0,0,0,5,0,4,2
2118,18,19,1.508189565,2.55,0,2.55,0,0,0,0,0,3,1
2118,8,15,1.455354275,3.04,2,2.55,0,0,0,5,0,3,2
2118,16,17,1.428409426,2.55,0,3.44,1,0,0,0,0,2,2
2118,14,24,1.41814165,2.55,0,3.44,1,0,0,0,0,2,2
2118,24,25,1.364089729,3.44,1,2.55,0,0,0,0,0,2,3
2118,17,18,1.354861334,3.44,1,2.55,0,0,0,0,0,2,3
2118,6,11,1.208724077,2.55,0,3.44,1,0,0,5,0,3,1
2118,18,23,1.204228047,2.55,0,3.44,1,0,0,0,0,3,1
2118,9,12,1.203931429,2.55,0,3.44,1,0,0,5,0,3,1
2118,25,26,1.198904803,2.55,0,3.44,1,0,0,0,0,3,1
2119,3,4,1.598683309,2.55,0,2.55,0,0,0,5,5,4,3
2119,0,1,1.588835722,2.55,0,2.55,0,0,0,5,5,3,4
2119,0,3,1.55598484,2.55,0,2.55,0,0,0,5,5,3,4
2119,3,9,1.54745483,2.55,0,2.55,0,0,0,5,5,4,3
2119,1,2,1.527412984,2.55,0,2.55,0,0,0,5,5,4,2
2119,0,6,1.523636952,2.55,0,2.55,0,0,0,5,5,3,3
2119,4,5,1.520636917,2.55,0,2.55,0,0,0,5,5,3,2
2119,1,13,1.435053403,2.55,0,3.44,1,0,0,5,5,4,2
2119,4,13,1.419277087,2.55,0,3.44,1,0,0,5,5,3,2
2119,6,8,1.393015847,2.55,0,3.04,2,0,0,5,5,3,3
2119,8,9,1.391191074,3.04,2,2.55,0,0,0,5,5,3,3
2119,2,5,1.337181044,2.55,0,2.55,0,0,0,5,5,2,2
2119,15,16,1.525931346,2.55,0,2.55,0,0,0,0,0,2,2
2119,1,14,1.516283129,2.55,0,2.55,0,0,0,5,0,4,2
2119,25,27,1.514747775,2.55,0,2.55,0,0,0,0,0,3,1
2119,18,19,1.507870519,2.55,0,2.55,0,0,0,0,0,3,1
2119,3,10,1.457929617,2.55,0,2.55,0,0,0,5,0,4,2
2119,8,15,1.45664156,3.04,2,2.55,0,0,0,5,0,3,2
2119,16,17,1.427983938,2.55,0,3.44,1,0,0,0,0,2,2
2119,14,24,1.418497632,2.55,0,3.44,1,0,0,0,0,2,2
2119,24,25,1.366030994,3.44,1,2.55,0,0,0,0,0,2,3
2119,17,18,1.355512058,3.44,1,2.55,0,0,0,0,0,2,3
2119,6,11,1.208655096,2.55,0,3.44,1,0,0,5,0,3,1
2119,18,23,1.204198348,2.55,0,3.44,1,0,0,0,0,3,1
2119,9,12,1.202580149,2.55,0,3.44,1,0,0,5,0,3,1
2119,25,26,1.198559979,2.55,0,3.44,1,0,0,0,0,3,1
2119,10,40,1.159046679,2.55,0,3.04,2,0,0,0,0,2,1
2120,8,17,1.541881401,2.55,0,2.55,0,1,0,6,6,3,4
2120,13,17,1.538798078,2.55,0,2.55,0,1,0,6,6,3,4
2120,12,18,1.51984457,2.55,0,2.55,0,1,0,6,6,3,3
2120,0,18,1.514585379,2.55,0,2.55,0,1,0,6,6,3,3
2120,17,20,1.508307408,2.55,0,3.04,2,0,0,6,5,4,3
2120,18,19,1.483108363,2.55,0,3.04,2,0,0,6,5,3,3
2120,19,20,1.419661924,3.04,2,3.04,2,0,0,5,5,3,3
2120,12,13,1.411078333,2.55,0,2.55,0,1,1,6,6,3,3
2120,24,25,1.409265949,2.55,0,3.04,2,0,0,5,5,3,3
2120,23,25,1.407473857,2.55,0,3.04,2,0,0,5,5,3,3
2120,0,8,1.407293926,2.55,0,2.55,0,1,1,6,6,3,3
2120,38,39,1.405963346,2.55,0,2.55,0,1,1,6,6,2,3
2120,36,37,1.403405573,2.55,0,2.55,0,1,1,6,6,3,2
2120,4,6,1.402824037,2.55,0,2.55,0,1,1,6,6,2,2
2120,14,16,1.402418216,2.55,0,2.55,0,1,1,6,6,2,2
2120,39,40,1.401808268,2.55,0,2.55,0,1,1,6,6,3,2
2120,10,11,1.401682056,2.55,0,2.55,0,1,1,6,6,2,2
2120,1,3,1.401492353,2.55,0,2.55,0,1,1,6,6,2,2
2120,36,41,1.39925702,2.55,0,2.55,0,1,1,6,6,3,2
2120,40,41,1.397729903,2.55,0,2.55,0,1,1,6,6,2,2
2120,10,16,1.397113266,2.55,0,2.55,0,1,1,6,6,2,2
2120,3,4,1.396446394,2.55,0,2.55,0,1,1,6,6,2,2
2120,13,14,1.394868493,2.55,0,2.55,0,1,1,6,6,3,2
2120,6,8,1.394629979,2.55,0,2.55,0,1,1,6,6,2,3
2120,37,38,1.393146642,2.55,0,2.55,0,1,1,6,6,2,2
2120,11,12,1.392957096,2.55,0,2.55,0,1,1,6,6,2,3
2120,20,24,1.392873181,3.04,2,2.55,0,0,0,5,5,3,3
2120,0,1,1.391640911,2.55,0,2.55,0,1,1,6,6,3,2
2120,19,23,1.385572064,3.04,2,2.55,0,0,0,5,5,3,3
2120,17,28,1.529804121,2.55,0,2.55,0,0,0,6,0,4,2
2120,42,43,1.528038653,2.55,0,2.55,0,0,0,0,0,2,1
2120,39,42,1.519241274,2.55,0,2.55,0,1,0,6,0,3,2
2120,30,31,1.508901277,2.55,0,2.55,0,0,0,0,0,3,1
2120,28,29,1.432599151,2.55,0,3.44,1,0,0,0,0,2,2
2120,25,36,1.428280992,3.04,2,2.55,0,0,1,5,6,3,3
2120,29,30,1.356910104,3.44,1,2.55,0,0,0,0,0,2,3
2120,24,27,1.210609539,2.55,0,3.44,1,0,0,5,0,3,1
2120,23,26,1.210061177,2.55,0,3.44,1,0,0,5,0,3,1
2120,30,55,1.203277237,2.55,0,3.44,1,0,0,0,0,3,1
2121,19,20,1.594001377,2.55,0,2.55,0,0,0,6,5,4,3
2121,18,21,1.564696484,2.55,0,2.55,0,0,0,6,5,3,3
2121,20,21,1.545019362,2.55,0,2.55,0,0,0,5,5,3,3
2121,13,19,1.540237366,2.55,0,2.55,0,1,0,6,6,3,4
2121,0,19,1.539051666,2.55,0,2.55,0,1,0,6,6,3,4
2121,20,24,1.530118456,2.55,0,2.55,0,0,0,5,5,3,3
2121,21,26,1.525109177,2.55,0,2.55,0,0,0,5,5,3,3
2121,8,18,1.516885421,2.55,0,2.55,0,1,0,6,6,3,3
2121,14,18,1.516632574,2.55,0,2.55,0,1,0,6,6,3,3
2121,43,44,1.412087781,2.55,0,2.55,0,1,1,6,6,3,3
2121,43,50,1.41147669,2.55,0,2.55,0,1,1,6,6,3,2
2121,0,8,1.407686624,2.55,0,2.55,0,1,1,6,6,3,3
2121,13,14,1.407496131,2.55,0,2.55,0,1,1,6,6,3,3
2121,10,11,1.402326665,2.55,0,2.55,0,1,1,6,6,2,2
2121,15,17,1.401757863,2.55,0,2.55,0,1,1,6,6,2,2
2121,1,3,1.401539659,2.55,0,2.55,0,1,1,6,6,2,2
2121,4,6,1.401056861,2.55,0,2.55,0,1,1,6,6,2,2
2121,47,48,1.399338776,2.55,0,2.55,0,1,1,6,6,2,2
2121,3,4,1.397789387,2.55,0,2.55,0,1,1,6,6,2,2
2121,24,28,1.397437781,2.55,0,3.04,2,0,0,5,5,3,3
2121,44,45,1.397235455,2.55,0,2.55,0,1,1,6,6,3,2
2121,10,17,1.397228508,2.55,0,2.55,0,1,1,6,6,2,2
2121,45,47,1.397101578,2.55,0,2.55,0,1,1,6,6,2,2
2121,6,8,1.395412945,2.55,0,2.55,0,1,1,6,6,2,3
2121,26,28,1.395187614,2.55,0,3.04,2,0,0,5,5,3,3
2121,0,1,1.394757275,2.55,0,2.55,0,1,1,6,6,3,2
2121,14,15,1.394559779,2.55,0,2.55,0,1,1,6,6,3,2
2121,11,13,1.393917005,2.55,0,2.55,0,1,1,6,6,2,3
2121,48,50,1.393025373,2.55,0,2.55,0,1,1,6,6,2,2
2121,71,72,1.550481497,2.55,0,2.55,0,0,0,0,0,4,2
2121,40,53,1.549272956,2.55,0,2.55,0,0,0,0,0,4,2
2121,71,84,1.547693679,2.55,0,2.55,0,0,0,0,0,4,1
2121,40,54,1.545552512,2.55,0,2.55,0,0,0,0,0,4,1
2121,40,55,1.545134905,2.55,0,2.55,0,0,0,0,0,4,1
2121,71,80,1.543560944,2.55,0,2.55,0,0,0,0,0,4,1
2121,39,40,1.537715035,2.55,0,2.55,0,0,0,0,0,3,4
2121,70,71,1.536283986,2.55,0,2.55,0,0,0,0,0,3,4
2121,53,56,1.530570309,2.55,0,2.55,0,0,0,0,0,2,1
2121,72,74,1.530364413,2.55,0,2.55,0,0,0,0,0,2,1
2121,32,33,1.525662077,2.55,0,2.55,0,0,0,0,0,2,2
2121,19,31,1.459728786,2.55,0,2.55,0,0,0,6,0,4,2
2121,28,32,1.453577834,3.04,2,2.55,0,0,0,5,0,3,2
2121,42,43,1.4304624,2.55,0,2.55,0,0,1,0,6,2,3
2121,33,36,1.429373321,2.55,0,3.44,1,0,0,0,0,2,2
2121,44,69,1.383594633,2.55,0,3.44,1,1,0,6,0,3,2
2121,69,70,1.371091859,3.44,1,2.55,0,0,0,0,0,2,3
2121,36,39,1.353284047,3.44,1,2.55,0,0,0,0,0,2,3
2121,31,42,1.215001552,2.55,0,2.55,0,0,0,0,0,2,2
2121,24,29,1.208060519,2.55,0,3.44,1,0,0,5,0,3,1
2121,26,30,1.207850196,2.55,0,3.44,1,0,0,5,0,3,1
2121,39,41,1.206329816,2.55,0,3.44,1,0,0,0,0,3,1
2121,70,73,1.201291554,2.55,0,3.44,1,0,0,0,0,3,1
2122,19,20,1.59309235,2.55,0,2.55,0,0,0,6,5,4,3
2122,18,21,1.564558757,2.55,0,2.55,0,0,0,6,5,3,3
2122,20,21,1.544987195,2.55,0,2.55,0,0,0,5,5,3,3
2122,13,19,1.541181728,2.55,0,2.55,0,1,0,6,6,3,4
2122,0,19,1.538964802,2.55,0,2.55,0,1,0,6,6,3,4
2122,20,24,1.530963086,2.55,0,2.55,0,0,0,5,5,3,3
2122,21,26,1.525427004,2.55,0,2.55,0,0,0,5,5,3,3
2122,8,18,1.517095867,2.55,0,2.55,0,1,0,6,6,3,3
2122,14,18,1.516508204,2.55,0,2.55,0,1,0,6,6,3,3
2122,43,44,1.411278788,2.55,0,2.55,0,1,1,6,6,3,2
2122,43,49,1.409012536,2.55,0,2.55,0,1,1,6,6,3,2
2122,0,8,1.407958116,2.55,0,2.55,0,1,1,6,6,3,3
2122,13,14,1.407487201,2.55,0,2.55,0,1,1,6,6,3,3
2122,10,11,1.402099186,2.55,0,2.55,0,1,1,6,6,2,2
2122,45,46,1.402015761,2.55,0,2.55,0,1,1,6,6,3,2
2122,15,17,1.401720942,2.55,0,2.55,0,1,1,6,6,2,2
2122,1,3,1.401499598,2.55,0,2.55,0,1,1,6,6,2,2
2122,4,6,1.40112248,2.55,0,2.55,0,1,1,6,6,2,2
2122,24,28,1.398370882,2.55,0,3.04,2,0,0,5,5,3,3
2122,44,45,1.398091802,2.55,0,2.55,0,1,1,6,6,2,3
2122,3,4,1.397826792,2.55,0,2.55,0,1,1,6,6,2,2
2122,10,17,1.397255932,2.55,0,2.55,0,1,1,6,6,2,2
2122,47,49,1.39535682,2.55,0,2.55,0,1,1,6,6,2,2
2122,6,8,1.395297691,2.55,0,2.55,0,1,1,6,6,2,3
2122,46,47,1.39495384,2.55,0,2.55,0,1,1,6,6,2,2
2122,26,28,1.394788321,2.55,0,3.04,2,0,0,5,5,3,3
2122,14,15,1.394585618,2.55,0,2.55,0,1,1,6,6,3,2
2122,0,1,1.394535929,2.55,0,2.55,0,1,1,6,6,3,2
2122,11,13,1.393832036,2.55,0,2.55,0,1,1,6,6,2,3
2122,75,77,1.550093683,2.55,0,2.55,0,0,0,0,0,2,4
2122,40,52,1.549498073,2.55,0,2.55,0,0,0,0,0,4,2
2122,40,53,1.545717227,2.55,0,2.55,0,0,0,0,0,4,1
2122,77,81,1.545536425,2.55,0,2.55,0,0,0,0,0,4,1
2122,40,54,1.545292374,2.55,0,2.55,0,0,0,0,0,4,1
2122,71,77,1.545172773,2.55,0,2.55,0,0,0,0,0,1,4
2122,77,83,1.539539314,2.55,0,2.55,0,0,0,0,0,4,3
2122,39,40,1.537692293,2.55,0,2.55,0,0,0,0,0,3,4
2122,73,75,1.530524248,2.55,0,2.55,0,0,0,0,0,1,2
2122,52,55,1.530407892,2.55,0,2.55,0,0,0,0,0,2,1
2122,32,33,1.525534643,2.55,0,2.55,0,0,0,0,0,2,2
2122,19,31,1.459754221,2.55,0,2.55,0,0,0,6,0,4,2
2122,28,32,1.453670598,3.04,2,2.55,0,0,0,5,0,3,2
2122,42,43,1.433038009,2.55,0,2.55,0,0,1,0,6,2,3
2122,33,36,1.42997869,2.55,0,3.44,1,0,0,0,0,2,2
2122,45,82,1.387266018,2.55,0,3.44,1,1,0,6,0,3,2
2122,82,83,1.361908763,3.44,1,2.55,0,0,0,0,0,2,3
2122,36,39,1.353342475,3.44,1,2.55,0,0,0,0,0,2,3
2122,31,42,1.214779967,2.55,0,2.55,0,0,0,0,0,2,2
2122,26,30,1.208137555,2.55,0,3.44,1,0,0,5,0,3,1
2122,24,29,1.207727475,2.55,0,3.44,1,0,0,5,0,3,1
2122,39,41,1.206388634,2.55,0,3.44,1,0,0,0,0,3,1
2122,83,84,1.203780916,2.55,0,3.44,1,0,0,0,0,3,1
2123,19,20,1.593462515,2.55,0,2.55,0,0,1,6,5,4,3
2123,18,21,1.564325697,2.55,0,2.55,0,0,1,6,5,3,3
2123,20,21,1.544723887,2.55,0,2.55,0,1,1,5,5,3,3
2123,13,19,1.540303634,2.55,0,2.55,0,1,0,6,6,3,4
2123,0,19,1.539033586,2.55,0,2.55,0,1,0,6,6,3,4
2123,20,24,1.53113747,2.55,0,2.55,0,1,1,5,5,3,3
2123,21,26,1.524853491,2.55,0,2.55,0,1,1,5,5,3,3
2123,8,18,1.517167329,2.55,0,2.55,0,1,0,6,6,3,3
2123,14,18,1.516638595,2.55,0,2.55,0,1,0,6,6,3,3
2123,43,49,1.411883936,2.55,0,2.55,0,1,1,6,6,3,2
2123,43,44,1.408726429,2.55,0,2.55,0,1,1,6,6,3,2
2123,0,8,1.407890536,2.55,0,2.55,0,1,1,6,6,3,3
2123,13,14,1.407565378,2.55,0,2.55,0,1,1,6,6,3,3
2123,10,11,1.402166562,2.55,0,2.55,0,1,1,6,6,2,2
2123,15,17,1.401711647,2.55,0,2.55,0,1,1,6,6,2,2
2123,1,3,1.4015547,2.55,0,2.55,0,1,1,6,6,2,2
2123,4,6,1.401137014,2.55,0,2.55,0,1,1,6,6,2,2
2123,45,46,1.399701852,2.55,0,2.55,0,1,1,6,6,2,3
2123,46,47,1.399493898,2.55,0,2.55,0,1,1,6,6,3,2
2123,3,4,1.397819753,2.55,0,2.55,0,1,1,6,6,2,2
2123,24,28,1.397686223,2.55,0,3.04,2,1,1,5,5,3,3
2123,10,17,1.397280861,2.55,0,2.55,0,1,1,6,6,2,2
2123,6,8,1.395388529,2.55,0,2.55,0,1,1,6,6,2,3
2123,26,28,1.39525952,2.55,0,3.04,2,1,1,5,5,3,3
2123,44,45,1.394864167,2.55,0,2.55,0,1,1,6,6,2,2
2123,14,15,1.394521453,2.55,0,2.55,0,1,1,6,6,3,2
2123,0,1,1.394496576,2.55,0,2.55,0,1,1,6,6,3,2
2123,11,13,1.393739726,2.55,0,2.55,0,1,1,6,6,2,3
2123,47,49,1.391596993,2.55,0,2.55,0,1,1,6,6,2,2
2123,75,82,1.549961342,2.55,0,2.55,0,0,0,0,0,4,2
2123,40,52,1.549399124,2.55,0,2.55,0,0,0,0,0,4,2
2123,40,53,1.545737401,2.55,0,2.55,0,0,0,0,0,4,1
2123,75,76,1.545565611,2.55,0,2.55,0,0,0,0,0,4,1
2123,69,75,1.545446661,2.55,0,2.55,0,0,0,0,0,1,4
2123,40,54,1.544603812,2.55,0,2.55,0,0,0,0,0,4,1
2123,39,40,1.537417669,2.55,0,2.55,0,0,0,0,0,3,4
2123,74,75,1.536883207,2.55,0,2.55,0,0,0,0,0,3,4
2123,52,55,1.530616395,2.55,0,2.55,0,0,0,0,0,2,1
2123,81,82,1.530598978,2.55,0,2.55,0,0,0,0,0,1,2
2123,32,33,1.525700078,2.55,0,2.55,0,0,0,0,0,2,2
2123,19,31,1.459740288,2.55,0,2.55,0,0,0,6,0,4,2
2123,28,32,1.453809707,3.04,2,2.55,0,1,0,5,0,3,2
2123,42,43,1.431673573,2.55,0,2.55,0,0,1,0,6,2,3
2123,33,36,1.429698999,2.55,0,3.44,1,0,0,0,0,2,2
2123,46,73,1.38621672,2.55,0,3.44,1,1,0,6,0,3,2
2123,73,74,1.368727797,3.44,1,2.55,0,0,0,0,0,2,3
2123,36,39,1.353369352,3.44,1,2.55,0,0,0,0,0,2,3
2123,31,42,1.21518629,2.55,0,2.55,0,0,0,0,0,2,2
2123,24,29,1.208172111,2.55,0,3.44,1,1,0,5,0,3,1
2123,26,30,1.207875513,2.55,0,3.44,1,1,0,5,0,3,1
2123,39,41,1.20636601,2.55,0,3.44,1,0,0,0,0,3,1
2123,74,77,1.201618786,2.55,0,3.44,1,0,0,0,0,3,1
2124,17,20,1.590586021,2.55,0,2.55,0,0,0,6,5,4,3
2124,18,19,1.583869086,2.55,0,2.55,0,0,0,6,5,3,4
2124,19,20,1.562146781,2.55,0,2.55,0,0,0,5,5,4,3
2124,19,23,1.547971762,2.55,0,2.55,0,0,0,5,5,4,3
2124,8,17,1.538692861,2.55,0,2.55,0,0,0,6,6,3,4
2124,13,17,1.536254056,2.55,0,2.55,0,0,0,6,6,3,4
2124,57,58,1.532593331,2.55,0,2.55,0,0,0,6,6,2,2
2124,61,62,1.531842654,2.55,0,2.55,0,0,0,6,6,2,2
2124,58,65,1.530154422,2.55,0,2.55,0,0,0,6,6,2,2
2124,62,65,1.530084265,2.55,0,2.55,0,0,0,6,6,2,2
2124,20,24,1.52618571,2.55,0,2.55,0,0,0,5,5,3,3
2124,12,18,1.521739724,2.55,0,2.55,0,0,0,6,6,3,3
2124,0,18,1.512569156,2.55,0,2.55,0,0,0,6,6,3,3
2124,56,57,1.469750134,3.04,2,2.55,0,0,0,6,6,3,2
2124,56,61,1.46611697,3.04,2,2.55,0,0,0,6,6,3,2
2124,12,13,1.409639923,2.55,0,2.55,0,0,0,6,6,3,3
2124,0,8,1.408263697,2.55,0,2.55,0,0,0,6,6,3,3
2124,36,37,1.406723476,2.55,0,2.55,0,1,1,6,6,2,3
2124,24,25,1.403259277,2.55,0,3.04,2,0,0,5,5,3,3
2124,34,35,1.402326581,2.55,0,2.55,0,1,1,6,6,3,2
2124,4,6,1.402089043,2.55,0,2.55,0,0,0,6,6,2,2
2124,23,25,1.401981358,2.55,0,3.04,2,0,0,5,5,3,3
2124,37,38,1.40178648,2.55,0,2.55,0,1,1,6,6,3,2
2124,14,16,1.401621195,2.55,0,2.55,0,0,0,6,6,2,2
2124,10,11,1.400717394,2.55,0,2.55,0,0,0,6,6,2,2
2124,1,3,1.400079819,2.55,0,2.55,0,0,0,6,6,2,2
2124,38,39,1.398318611,2.55,0,2.55,0,1,1,6,6,2,2
2124,34,39,1.397850462,2.55,0,2.55,0,1,1,6,6,3,2
2124,6,8,1.397578965,2.55,0,2.55,0,0,0,6,6,2,3
2124,10,16,1.397367656,2.55,0,2.55,0,0,0,6,6,2,2
2124,3,4,1.397202581,2.55,0,2.55,0,0,0,6,6,2,2
2124,13,14,1.396827713,2.55,0,2.55,0,0,0,6,6,3,2
2124,0,1,1.395626907,2.55,0,2.55,0,0,0,6,6,3,2
2124,11,12,1.395147604,2.55,0,2.55,0,0,0,6,6,2,3
2124,35,36,1.392690623,2.55,0,2.55,0,1,1,6,6,2,2
2124,30,31,1.538662658,2.55,0,2.55,0,0,0,0,0,3,3
2124,31,32,1.533491906,2.55,0,2.55,0,0,0,0,0,3,2
2124,40,41,1.527895935,2.55,0,2.55,0,0,0,0,0,2,1
2124,17,28,1.527844343,2.55,0,2.55,0,0,0,6,0,4,2
2124,32,76,1.527503289,2.55,0,2.55,0,0,0,0,0,2,1
2124,31,72,1.52367041,2.55,0,2.55,0,0,0,0,0,3,1
2124,37,40,1.519215616,2.55,0,2.55,0,1,0,6,0,3,2
2124,19,56,1.471344065,2.55,0,3.04,2,0,0,5,6,4,3
2124,28,29,1.439564658,2.55,0,3.44,1,0,0,0,0,2,2
2124,25,34,1.431977787,3.04,2,2.55,0,0,1,5,6,3,3
2124,29,30,1.343520623,3.44,1,2.55,0,0,0,0,0,2,3
2124,24,27,1.20843936,2.55,0,3.44,1,0,0,5,0,3,1
2124,30,53,1.205125319,2.55,0,3.44,1,0,0,0,0,3,1
2124,23,26,1.20478488,2.55,0,3.44,1,0,0,5,0,3,1
2125,17,20,1.605848373,2.55,0,2.55,0,0,0,6,5,4,3
2125,18,19,1.583031702,2.55,0,2.55,0,0,0,6,5,3,4
2125,19,20,1.564140272,2.55,0,2.55,0,0,0,5,5,4,3
2125,19,23,1.549532774,2.55,0,2.55,0,0,0,5,5,4,3
2125,8,17,1.543901419,2.55,0,2.55,0,0,0,6,6,3,4
2125,13,17,1.542873502,2.55,0,2.55,0,0,0,6,6,3,4
2125,41,42,1.533184906,2.55,0,2.55,0,0,0,6,6,2,2
2125,45,46,1.532257469,2.55,0,2.55,0,0,0,6,6,2,2
2125,46,49,1.529756835,2.55,0,2.55,0,0,0,6,6,2,2
2125,42,49,1.52950092,2.55,0,2.55,0,0,0,6,6,2,2
2125,20,24,1.5255851,2.55,0,2.55,0,0,0,5,5,3,3
2125,12,18,1.5117164,2.55,0,2.55,0,0,0,6,6,3,3
2125,0,18,1.506505714,2.55,0,2.55,0,0,0,6,6,3,3
2125,40,41,1.466053191,3.04,2,2.55,0,0,0,6,6,3,2
2125,40,45,1.463028106,3.04,2,2.55,0,0,0,6,6,3,2
2125,0,8,1.411315766,2.55,0,2.55,0,0,0,6,6,3,3
2125,12,13,1.410433405,2.55,0,2.55,0,0,0,6,6,3,3
2125,4,6,1.402514651,2.55,0,2.55,0,0,0,6,6,2,2
2125,14,16,1.401136353,2.55,0,2.55,0,0,0,6,6,2,2
2125,1,3,1.399890479,2.55,0,2.55,0,0,0,6,6,2,2
2125,10,11,1.399204401,2.55,0,2.55,0,0,0,6,6,2,2
2125,6,8,1.39919118,2.55,0,2.55,0,0,0,6,6,2,3
2125,13,14,1.398601155,2.55,0,2.55,0,0,0,6,6,3,2
2125,10,16,1.396881119,2.55,0,2.55,0,0,0,6,6,2,2
2125,3,4,1.396233591,2.55,0,2.55,0,0,0,6,6,2,2
2125,11,12,1.395859502,2.55,0,2.55,0,0,0,6,6,2,3
2125,0,1,1.39483714,2.55,0,2.55,0,0,0,6,6,3,2
2125,24,25,1.391657405,2.55,0,3.04,2,0,0,5,5,3,3
2125,23,25,1.387080722,2.55,0,3.04,2,0,0,5,5,3,3
2125,17,28,1.560197195,2.55,0,2.55,0,0,0,6,0,4,2
2125,33,34,1.535447433,2.55,0,2.55,0,0,0,0,0,2,2
2125,32,33,1.53360327,2.55,0,2.55,0,0,0,0,0,2,2
2125,34,35,1.532131887,2.55,0,2.55,0,0,0,0,0,2,1
2125,65,69,1.529264046,2.55,0,2.55,0,0,0,7,7,2,2
2125,30,66,1.529237447,2.55,0,2.55,0,0,0,7,7,2,2
2125,96,97,1.525203538,2.55,0,2.55,0,0,0,7,7,2,2
2125,92,93,1.525053705,2.55,0,2.55,0,0,0,7,7,2,2
2125,82,83,1.523265015,2.55,0,2.55,0,0,0,7,7,2,2
2125,78,79,1.522866234,2.55,0,2.55,0,0,0,7,7,2,2
2125,19,40,1.479745263,2.55,0,3.04,2,0,0,5,6,4,3
2125,28,29,1.469360971,2.55,0,3.04,2,0,0,0,7,2,3
2125,29,30,1.467418777,3.04,2,2.55,0,0,0,7,7,3,2
2125,29,65,1.462941654,3.04,2,2.55,0,0,0,7,7,3,2
2125,25,32,1.459930086,3.04,2,2.55,0,0,0,5,0,3,2
2125,97,100,1.459108284,2.55,0,3.04,2,0,0,7,7,2,3
2125,93,100,1.458469359,2.55,0,3.04,2,0,0,7,7,2,3
2125,100,103,1.455375415,3.04,2,2.55,0,0,0,7,0,3,1
2125,69,75,1.420107424,2.55,0,3.44,1,0,0,7,7,2,2
2125,66,72,1.416923605,2.55,0,3.44,1,0,0,7,7,2,2
2125,86,92,1.413580612,3.44,1,2.55,0,0,0,7,7,2,2
2125,89,96,1.412276327,3.44,1,2.55,0,0,0,7,7,2,2
2125,72,78,1.409351858,3.44,1,2.55,0,0,0,7,7,2,2
2125,75,82,1.408733822,3.44,1,2.55,0,0,0,7,7,2,2
2125,83,89,1.407992867,2.55,0,3.44,1,0,0,7,7,2,2
2125,79,86,1.407898993,2.55,0,3.44,1,0,0,7,7,2,2
2125,24,27,1.210813593,2.55,0,3.44,1,0,0,5,0,3,1
2125,23,26,1.210424481,2.55,0,3.44,1,0,0,5,0,3,1
2126,19,20,1.592819858,2.55,0,2.55,0,0,1,6,5,4,3
2126,18,21,1.564022465,2.55,0,2.55,0,0,1,6,5,3,3
2126,20,21,1.544821341,2.55,0,2.55,0,1,1,5,5,3,3
2126,13,19,1.541259998,2.55,0,2.55,0,1,0,6,6,3,4
2126,0,19,1.539498404,2.55,0,2.55,0,1,0,6,6,3,4
2126,20,24,1.531801503,2.55,0,2.55,0,1,1,5,5,3,3
2126,21,26,1.525893274,2.55,0,2.55,0,1,1,5,5,3,3
2126,8,18,1.516847525,2.55,0,2.55,0,1,0,6,6,3,3
2126,14,18,1.516304119,2.55,0,2.55,0,1,0,6,6,3,3
2126,40,47,1.41481133,2.55,0,2.55,0,1,1,6,6,3,2
2126,44,45,1.408739264,2.55,0,2.55,0,1,1,6,6,3,2
2126,0,8,1.407860269,2.55,0,2.55,0,1,1,6,6,3,3
2126,13,14,1.407566606,2.55,0,2.55,0,1,1,6,6,3,3
2126,40,41,1.406434932,2.55,0,2.55,0,1,1,6,6,3,2
2126,42,44,1.405434517,2.55,0,2.55,0,1,1,6,6,2,3
2126,10,11,1.402120409,2.55,0,2.55,0,1,1,6,6,2,2
2126,15,17,1.401715374,2.55,0,2.55,0,1,1,6,6,2,2
2126,1,3,1.401421348,2.55,0,2.55,0,1,1,6,6,2,2
2126,4,6,1.401151502,2.55,0,2.55,0,1,1,6,6,2,2
2126,3,4,1.397831332,2.55,0,2.55,0,1,1,6,6,2,2
2126,10,17,1.397264531,2.55,0,2.55,0,1,1,6,6,2,2
2126,24,28,1.397004769,2.55,0,3.04,2,1,1,5,5,3,3
2126,41,42,1.396541419,2.55,0,2.55,0,1,1,6,6,2,2
2126,6,8,1.395349923,2.55,0,2.55,0,1,1,6,6,2,3
2126,14,15,1.394569957,2.55,0,2.55,0,1,1,6,6,3,2
2126,0,1,1.394433534,2.55,0,2.55,0,1,1,6,6,3,2
2126,11,13,1.393802149,2.55,0,2.55,0,1,1,6,6,2,3
2126,26,28,1.391938221,2.55,0,3.04,2,1,1,5,5,3,3
2126,45,47,1.387680414,2.55,0,2.55,0,1,1,6,6,2,2
2126,32,33,1.533007373,2.55,0,2.55,0,0,0,0,0,2,2
2126,33,36,1.528929143,2.55,0,2.55,0,0,0,0,0,2,1
2126,54,57,1.523796194,2.55,0,2.55,0,0,0,0,0,1,2
2126,19,31,1.460084147,2.55,0,2.55,0,0,0,6,0,4,2
2126,28,32,1.457830148,3.04,2,2.55,0,1,0,5,0,3,2
2126,39,40,1.430924884,2.55,0,2.55,0,0,1,0,6,2,3
2126,57,58,1.422799793,2.55,0,3.44,1,0,0,0,0,2,2
2126,44,58,1.355800127,2.55,0,3.44,1,1,0,6,0,3,2
2126,31,39,1.215726395,2.55,0,2.55,0,0,0,0,0,2,2
2126,26,30,1.209324821,2.55,0,3.44,1,1,0,5,0,3,1
2126,24,29,1.208163577,2.55,0,3.44,1,1,0,5,0,3,1
2127,35,36,1.723498898,2.58,3,2.55,0,0,0,5,5,2,3
2127,53,56,1.714635397,2.55,0,2.58,3,0,0,5,5,3,2
2127,34,35,1.700781112,2.55,0,2.58,3,0,0,5,5,3,2
2127,55,56,1.696325281,2.55,0,2.58,3,0,0,5,5,3,2
2128,17,20,1.586861639,2.55,0,2.55,0,0,0,6,5,4,3
2128,18,19,1.565832924,2.55,0,2.55,0,0,0,6,5,3,3
2128,19,20,1.547385452,2.55,0,2.55,0,0,0,5,5,3,3
2128,8,17,1.539626511,2.55,0,2.55,0,0,0,6,6,3,4
2128,13,17,1.535999556,2.55,0,2.55,0,1,0,6,6,3,4
2128,20,24,1.529707917,2.55,0,2.55,0,0,0,5,5,3,3
2128,19,23,1.522747283,2.55,0,2.55,0,0,0,5,5,3,3
2128,12,18,1.515448777,2.55,0,2.55,0,1,0,6,6,3,3
2128,0,18,1.514890532,2.55,0,2.55,0,0,0,6,6,3,3
2128,12,13,1.409777473,2.55,0,2.55,0,1,1,6,6,3,3
2128,0,8,1.409051113,2.55,0,2.55,0,0,0,6,6,3,3
2128,23,25,1.40394903,2.55,0,3.04,2,0,0,5,5,3,3
2128,4,6,1.402523004,2.55,0,2.55,0,0,0,6,6,2,2
2128,14,16,1.401300133,2.55,0,2.55,0,1,1,6,6,2,2
2128,1,3,1.400826107,2.55,0,2.55,0,0,0,6,6,2,2
2128,10,11,1.400106117,2.55,0,2.55,0,1,1,6,6,2,2
2128,24,25,1.399034967,2.55,0,3.04,2,0,0,5,5,3,3
2128,13,14,1.397914062,2.55,0,2.55,0,1,1,6,6,3,2
2128,6,8,1.397746224,2.55,0,2.55,0,0,0,6,6,2,3
2128,10,16,1.397165348,2.55,0,2.55,0,1,1,6,6,2,2
2128,3,4,1.39646471,2.55,0,2.55,0,0,0,6,6,2,2
2128,11,12,1.395296536,2.55,0,2.55,0,1,1,6,6,2,3
2128,0,1,1.394262361,2.55,0,2.55,0,0,0,6,6,3,2
2128,17,28,1.531007091,2.55,0,2.55,0,0,0,6,0,4,2
2128,38,39,1.520136643,2.55,0,2.55,0,0,0,0,0,3,1
2128,32,48,1.493445664,2.55,0,2.55,0,0,0,0,0,2,1
2128,30,31,1.481116067,2.55,0,2.55,0,0,0,0,0,3,2
2128,37,38,1.480737977,2.55,0,2.55,0,0,0,0,0,2,3
2128,25,34,1.446259051,3.04,2,2.55,0,0,0,5,0,3,2
2128,28,29,1.434051762,2.55,0,3.44,1,0,0,0,0,2,2
2128,34,35,1.413021003,2.55,0,3.44,1,0,0,0,0,2,2
2128,29,30,1.354486489,3.44,1,2.55,0,0,0,0,0,2,3
2128,35,36,1.347299372,3.44,1,2.55,0,0,0,0,0,2,2
2128,36,37,1.346700913,2.55,0,2.55,0,0,0,0,0,2,2
2128,31,32,1.342356645,2.55,0,2.55,0,0,0,0,0,2,2
2128,38,54,1.219724712,2.55,0,3.44,1,0,0,0,0,3,1
2128,30,45,1.211677917,2.55,0,3.44,1,0,0,0,0,3,1
2128,24,27,1.209418805,2.55,0,3.44,1,0,0,5,0,3,1
2128,23,26,1.204890798,2.55,0,3.44,1,0,0,5,0,3,1
2129,10,11,1.560929515,2.55,0,2.55,0,0,0,6,5,3,3
2129,9,12,1.559424986,2.55,0,2.55,0,0,0,6,5,3,3
2129,11,12,1.549814929,2.55,0,2.55,0,0,0,5,5,3,3
2129,11,14,1.530941952,2.55,0,2.55,0,0,0,5,5,3,3
2129,12,15,1.527260359,2.55,0,2.55,0,0,0,5,5,3,3
2129,0,10,1.526245633,2.55,0,2.55,0,1,0,6,6,3,3
2129,8,9,1.522208615,2.55,0,2.55,0,1,0,6,6,3,3
2129,0,8,1.414948867,2.55,0,2.55,0,1,1,6,6,3,3
2129,20,21,1.406515065,2.55,0,2.55,0,0,0,6,6,3,3
2129,15,16,1.406166791,2.55,0,3.04,2,0,0,5,5,3,3
2129,0,1,1.401488525,2.55,0,2.55,0,1,1,6,6,3,2
2129,6,8,1.40100133,2.55,0,2.55,0,1,1,6,6,2,3
2129,14,16,1.400403687,2.55,0,3.04,2,0,0,5,5,3,3
2129,20,30,1.399294258,2.55,0,2.55,0,0,0,6,6,3,2
2129,1,3,1.398797815,2.55,0,2.55,0,1,1,6,6,2,2
2129,4,6,1.398336244,2.55,0,2.55,0,1,1,6,6,2,2
2129,21,22,1.398241906,2.55,0,2.55,0,0,0,6,6,3,2
2129,23,28,1.397815322,2.55,0,2.55,0,0,0,6,6,2,2
2129,22,23,1.396301229,2.55,0,2.55,0,0,0,6,6,2,2
2129,28,30,1.394805889,2.55,0,2.55,0,0,0,6,6,2,2
2129,3,4,1.394204183,2.55,0,2.55,0,1,1,6,6,2,2
2129,10,42,1.540412718,2.55,0,2.55,0,0,0,6,0,3,2
2129,42,44,1.535459212,2.55,0,2.55,0,0,0,0,0,2,2
2129,9,19,1.530853081,2.55,0,2.55,0,0,0,6,0,3,1
2129,44,47,1.529954668,2.55,0,2.55,0,0,0,0,0,2,1
2129,34,35,1.50471772,2.55,0,2.55,0,0,0,0,0,3,1
2129,16,20,1.427349133,3.04,2,2.55,0,0,0,5,6,3,3
2129,21,33,1.378946654,2.55,0,3.44,1,0,0,6,0,3,2
2129,33,34,1.376845759,3.44,1,2.55,0,0,0,0,0,2,3
2129,14,17,1.209338083,2.55,0,3.44,1,0,0,5,0,3,1
2129,15,18,1.206641615,2.55,0,3.44,1,0,0,5,0,3,1
2129,34,39,1.197780098,2.55,0,3.44,1,0,0,0,0,3,1
2130,10,11,1.562946341,2.55,0,2.55,0,0,0,6,5,3,3
2130,9,12,1.557721185,2.55,0,2.55,0,0,0,6,5,3,3
2130,11,12,1.547693869,2.55,0,2.55,0,0,0,5,5,3,3
2130,12,15,1.528532936,2.55,0,2.55,0,0,0,5,5,3,3
2130,11,14,1.528186474,2.55,0,2.55,0,0,0,5,5,3,3
2130,0,10,1.526736484,2.55,0,2.55,0,1,0,6,6,3,3
2130,8,9,1.521901534,2.55,0,2.55,0,1,0,6,6,3,3
2130,0,8,1.414971265,2.55,0,2.55,0,1,1,6,6,3,3
2130,14,16,1.406029506,2.55,0,3.04,2,0,0,5,5,3,3
2130,15,16,1.406007718,2.55,0,3.04,2,0,0,5,5,3,3
2130,0,1,1.401507198,2.55,0,2.55,0,1,1,6,6,3,2
2130,20,29,1.401285355,2.55,0,2.55,0,1,1,6,6,3,2
2130,20,21,1.40120319,2.55,0,2.55,0,1,1,6,6,3,2
2130,6,8,1.401043002,2.55,0,2.55,0,1,1,6,6,2,3
2130,1,3,1.398769963,2.55,0,2.55,0,1,1,6,6,2,2
2130,4,6,1.398298718,2.55,0,2.55,0,1,1,6,6,2,2
2130,22,23,1.397349968,2.55,0,2.55,0,1,1,6,6,3,2
2130,21,22,1.396413816,2.55,0,2.55,0,1,1,6,6,2,3
2130,27,29,1.396046585,2.55,0,2.55,0,1,1,6,6,2,2
2130,23,27,1.395528665,2.55,0,2.55,0,1,1,6,6,2,2
2130,3,4,1.394201848,2.55,0,2.55,0,1,1,6,6,2,2
2130,10,34,1.539632829,2.55,0,2.55,0,0,0,6,0,3,2
2130,34,36,1.535749207,2.55,0,2.55,0,0,0,0,0,2,2
2130,9,19,1.531502572,2.55,0,2.55,0,0,0,6,0,3,1
2130,36,39,1.529922096,2.55,0,2.55,0,0,0,0,0,2,1
2130,48,49,1.507336881,2.55,0,2.55,0,0,0,0,0,3,1
2130,16,20,1.43089522,3.04,2,2.55,0,0,1,5,6,3,3
2130,22,50,1.387530936,2.55,0,3.44,1,1,0,6,0,3,2
2130,48,50,1.368337801,2.55,0,3.44,1,0,0,0,0,3,2
2130,14,17,1.208231982,2.55,0,3.44,1,0,0,5,0,3,1
2130,15,18,1.207529746,2.55,0,3.44,1,0,0,5,0,3,1
2130,47,48,1.200224056,3.44,1,2.55,0,0,0,0,0,1,3
2131,10,11,1.562464318,2.55,0,2.55,0,0,0,6,5,3,3
2131,9,12,1.558558661,2.55,0,2.55,0,0,0,6,5,3,3
2131,11,12,1.548725661,2.55,0,2.55,0,0,0,5,5,3,3
2131,11,14,1.528603922,2.55,0,2.55,0,0,0,5,5,3,3
2131,12,15,1.528411038,2.55,0,2.55,0,0,0,5,5,3,3
2131,0,10,1.52655818,2.55,0,2.55,0,1,0,6,6,3,3
2131,8,9,1.521751269,2.55,0,2.55,0,1,0,6,6,3,3
2131,0,8,1.414730333,2.55,0,2.55,0,1,1,6,6,3,3
2131,14,16,1.405816621,2.55,0,3.04,2,0,0,5,5,3,3
2131,15,16,1.404899534,2.55,0,3.04,2,0,0,5,5,3,3
2131,20,28,1.402568407,2.55,0,2.55,0,1,1,6,6,3,2
2131,0,1,1.401525842,2.55,0,2.55,0,1,1,6,6,3,2
2131,6,8,1.401062398,2.55,0,2.55,0,1,1,6,6,2,3
2131,23,27,1.401027824,2.55,0,2.55,0,1,1,6,6,3,2
2131,22,23,1.400680434,2.55,0,2.55,0,1,1,6,6,2,3
2131,20,21,1.399340554,2.55,0,2.55,0,1,1,6,6,3,2
2131,1,3,1.398688336,2.55,0,2.55,0,1,1,6,6,2,2
2131,4,6,1.398264212,2.55,0,2.55,0,1,1,6,6,2,2
2131,21,22,1.397718575,2.55,0,2.55,0,1,1,6,6,2,2
2131,3,4,1.394304642,2.55,0,2.55,0,1,1,6,6,2,2
2131,27,28,1.391412365,2.55,0,2.55,0,1,1,6,6,2,2
2131,10,33,1.539106165,2.55,0,2.55,0,0,0,6,0,3,2
2131,33,35,1.536019956,2.55,0,2.55,0,0,0,0,0,2,2
2131,9,19,1.531245895,2.55,0,2.55,0,0,0,6,0,3,1
2131,35,38,1.529896581,2.55,0,2.55,0,0,0,0,0,2,1
2131,48,50,1.5087585,2.55,0,2.55,0,0,0,0,0,1,3
2131,16,20,1.430652402,3.04,2,2.55,0,0,1,5,6,3,3
2131,23,47,1.385604578,2.55,0,3.44,1,1,0,6,0,3,2
2131,47,50,1.362499012,3.44,1,2.55,0,0,0,0,0,2,3
2131,14,17,1.208268389,2.55,0,3.44,1,0,0,5,0,3,1
2131,15,18,1.208169804,2.55,0,3.44,1,0,0,5,0,3,1
2131,50,52,1.202151736,2.55,0,3.44,1,0,0,0,0,3,1
2132,10,11,1.562096778,2.55,0,2.55,0,0,0,6,5,3,3
2132,9,12,1.557165106,2.55,0,2.55,0,0,0,6,5,3,3
2132,11,12,1.549994738,2.55,0,2.55,0,0,0,5,5,3,3
2132,12,15,1.531054152,2.55,0,2.55,0,0,0,5,5,3,3
2132,11,14,1.530006435,2.55,0,2.55,0,0,0,5,5,3,3
2132,0,10,1.526497059,2.55,0,2.55,0,1,0,6,6,3,3
2132,8,9,1.522017008,2.55,0,2.55,0,1,0,6,6,3,3
2132,23,55,1.438286235,2.55,0,2.55,0,1,1,6,6,3,2
2132,28,51,1.438278764,2.55,0,2.55,0,1,1,6,6,3,2
2132,53,54,1.438238784,2.55,0,2.55,0,1,1,6,6,3,2
2132,56,57,1.437499285,2.55,0,2.55,0,1,1,6,6,2,3
2132,27,28,1.432209155,2.55,0,2.55,0,1,1,6,6,3,3
2132,27,52,1.431730049,2.55,0,2.55,0,1,1,6,6,3,3
2132,52,57,1.430882282,2.55,0,2.55,0,1,1,6,6,3,3
2132,52,53,1.430756883,2.55,0,2.55,0,1,1,6,6,3,3
2132,23,27,1.429479902,2.55,0,2.55,0,1,1,6,6,3,3
2132,0,8,1.41507959,2.55,0,2.55,0,1,1,6,6,3,3
2132,22,23,1.413764017,2.55,0,2.55,0,1,1,6,6,3,3
2132,20,28,1.409536783,2.55,0,2.55,0,1,1,6,6,3,3
2132,57,60,1.407715237,2.55,0,2.55,0,1,1,6,6,3,2
2132,53,58,1.406886952,2.55,0,2.55,0,1,1,6,6,3,2
2132,15,16,1.403577774,2.55,0,3.04,2,0,0,5,5,3,3
2132,14,16,1.403561167,2.55,0,3.04,2,0,0,5,5,3,3
2132,0,1,1.40154773,2.55,0,2.55,0,1,1,6,6,3,2
2132,6,8,1.401101492,2.55,0,2.55,0,1,1,6,6,2,3
2132,1,3,1.398698631,2.55,0,2.55,0,1,1,6,6,2,2
2132,4,6,1.398317659,2.55,0,2.55,0,1,1,6,6,2,2
2132,20,21,1.396480222,2.55,0,2.55,0,1,1,6,6,3,2
2132,58,59,1.396334318,2.55,0,2.55,0,1,1,6,6,2,2
2132,59,60,1.395473488,2.55,0,2.55,0,1,1,6,6,2,2
2132,21,22,1.394681157,2.55,0,2.55,0,1,1,6,6,2,3
2132,3,4,1.39426286,2.55,0,2.55,0,1,1,6,6,2,2
2132,55,56,1.364381277,2.55,0,2.55,0,1,1,6,6,2,2
2132,51,54,1.363584561,2.55,0,2.55,0,1,1,6,6,2,2
2132,10,31,1.539486784,2.55,0,2.55,0,0,0,6,0,3,2
2132,31,33,1.535665417,2.55,0,2.55,0,0,0,0,0,2,2
2132,9,19,1.531609577,2.55,0,2.55,0,0,0,6,0,3,1
2132,33,36,1.529917633,2.55,0,2.55,0,0,0,0,0,2,1
2132,45,46,1.50790323,2.55,0,2.55,0,0,0,0,0,3,1
2132,16,20,1.432304926,3.04,2,2.55,0,0,1,5,6,3,3
2132,22,47,1.384228936,2.55,0,3.44,1,1,0,6,0,3,2
2132,45,47,1.366939146,2.55,0,3.44,1,0,0,0,0,3,2
2132,14,17,1.207280604,2.55,0,3.44,1,0,0,5,0,3,1
2132,15,18,1.206431815,2.55,0,3.44,1,0,0,5,0,3,1
2132,44,45,1.200882283,3.44,1,2.55,0,0,0,0,0,1,3
2133,27,36,1.560022543,2.55,0,2.55,0,0,0,6,6,3,3
2133,25,27,1.548526725,2.55,0,2.55,0,0,0,6,6,3,3
2133,24,25,1.540114141,2.55,0,2.55,0,0,0,6,6,3,3
2133,33,36,1.539633412,2.55,0,2.55,0,0,0,6,6,2,3
2133,25,28,1.539473064,2.55,0,2.55,0,0,0,6,6,3,2
2133,28,30,1.53311442,2.55,0,2.55,0,0,0,6,6,2,2
2133,30,33,1.531542126,2.55,0,2.55,0,0,0,6,6,2,2
2133,19,27,1.509196274,2.55,0,2.55,0,0,0,6,6,3,3
2133,23,24,1.454694708,3.44,1,2.55,0,0,0,6,6,2,3
2133,19,20,1.453521192,2.55,0,2.55,0,0,0,6,6,3,3
2133,16,18,1.45342453,2.55,0,2.55,0,0,0,6,6,3,3
2133,3,4,1.411874452,2.55,0,2.55,0,1,1,6,6,3,2
2133,1,3,1.409088668,2.55,0,2.55,0,1,1,6,6,2,3
2133,20,21,1.406705316,2.55,0,3.04,2,0,0,6,6,3,2
2133,0,8,1.405841418,2.55,0,2.55,0,1,1,6,6,2,3
2133,6,8,1.405261478,2.55,0,2.55,0,1,1,6,6,2,3
2133,0,1,1.393940676,2.55,0,2.55,0,1,1,6,6,2,2
2133,4,6,1.390823687,2.55,0,2.55,0,1,1,6,6,2,2
2133,18,19,1.38179698,2.55,0,2.55,0,0,0,6,6,3,3
2133,16,17,1.372477268,2.55,0,2.55,0,0,0,6,6,3,2
2133,17,21,1.357866277,2.55,0,3.04,2,0,0,6,6,2,2
2133,18,23,1.346091198,2.55,0,3.44,1,0,0,6,6,3,2
2133,36,40,1.532052514,2.55,0,2.55,0,0,0,6,0,3,1
2133,10,11,1.519390781,2.55,0,2.55,0,0,0,0,0,3,1
2133,8,10,1.501306295,2.55,0,2.55,0,1,0,6,0,3,3
2133,24,26,1.501283354,2.55,0,2.55,0,0,0,6,0,3,2
2133,45,46,1.499059643,2.55,0,2.55,0,0,0,0,0,2,1
2133,3,16,1.48414607,2.55,0,2.55,0,1,0,6,6,3,3
2133,26,45,1.338307271,2.55,0,2.55,0,0,0,0,0,2,2
2133,20,53,1.226099294,2.55,0,3.44,1,0,0,6,0,3,1
2133,10,15,1.216881337,2.55,0,3.44,1,0,0,0,0,3,1
2134,6,12,1.533699498,2.55,0,2.55,0,0,0,6,6,3,4
2134,12,13,1.533290345,2.55,0,2.55,0,0,0,6,6,4,3
2134,7,11,1.528472202,2.55,0,2.55,0,0,0,6,6,3,4
2134,11,14,1.526349359,2.55,0,2.55,0,0,0,6,6,4,3
2134,0,12,1.471084516,3.44,1,2.55,0,0,0,6,6,2,4
2134,0,1,1.456825653,3.44,1,3.44,1,0,0,6,6,2,2
2134,1,11,1.445581252,3.44,1,2.55,0,0,0,6,6,2,4
2134,6,7,1.411440267,2.55,0,2.55,0,0,0,6,6,3,3
2134,13,14,1.411099762,2.55,0,2.55,0,0,0,6,6,3,3
2134,16,17,1.407491838,2.55,0,2.55,0,0,0,6,6,3,2
2134,16,23,1.404839499,2.55,0,2.55,0,0,0,6,6,3,2
2134,18,20,1.404115554,2.55,0,2.55,0,0,0,6,6,2,3
2134,20,21,1.403273625,2.55,0,2.55,0,0,0,6,6,3,2
2134,3,4,1.402723012,2.55,0,2.55,0,0,0,6,6,2,2
2134,28,29,1.402150968,2.55,0,2.55,0,0,0,6,6,2,2
2134,8,10,1.402016513,2.55,0,2.55,0,0,0,6,6,2,2
2134,30,31,1.401494372,2.55,0,2.55,0,0,0,6,6,2,2
2134,13,28,1.395903251,2.55,0,2.55,0,0,0,6,6,3,2
2134,21,23,1.395900866,2.55,0,2.55,0,0,0,6,6,2,2
2134,4,6,1.39544689,2.55,0,2.55,0,0,0,6,6,2,3
2134,29,30,1.395236928,2.55,0,2.55,0,0,0,6,6,2,2
2134,3,10,1.394617382,2.55,0,2.55,0,0,0,6,6,2,2
2134,7,8,1.394097441,2.55,0,2.55,0,0,0,6,6,3,2
2134,14,31,1.394088799,2.55,0,2.55,0,0,0,6,6,3,2
2134,17,18,1.392377028,2.55,0,2.55,0,0,0,6,6,2,2
2134,12,16,1.525852058,2.55,0,2.55,0,0,0,6,6,4,3
2134,11,36,1.52018623,2.55,0,2.55,0,0,0,6,0,4,2
2134,25,26,1.518113382,2.55,0,2.55,0,0,0,0,0,1,3
2134,20,26,1.505853355,2.55,0,2.55,0,0,0,6,0,3,3
2134,42,45,1.493628181,2.55,0,2.55,0,0,0,0,0,2,1
2134,40,41,1.481036547,2.55,0,2.55,0,0,0,0,0,3,2
2134,36,37,1.423380305,2.55,0,3.44,1,0,0,0,0,2,2
2134,37,40,1.355679779,3.44,1,2.55,0,0,0,0,0,2,3
2134,41,42,1.342166394,2.55,0,2.55,0,0,0,0,0,2,2
2134,26,53,1.215495088,2.55,0,3.44,1,0,0,0,0,3,1
2134,40,43,1.210125595,2.55,0,3.44,1,0,0,0,0,3,1
2135,0,1,1.590074921,2.55,0,2.55,0,0,0,5,5,4,3
2135,3,4,1.586866988,2.55,0,2.55,0,0,0,5,5,3,4
2135,17,18,1.560117555,2.55,0,2.55,0,0,0,6,6,2,2
2135,0,3,1.554151232,2.55,0,2.55,0,0,0,5,5,4,3
2135,7,18,1.546941773,2.55,0,2.55,0,0,0,6,6,2,2
2135,3,7,1.546521219,2.55,0,2.55,0,0,0,5,6,3,2
2135,0,6,1.546285636,2.55,0,2.55,0,0,0,5,5,4,3
2135,36,37,1.538887818,2.55,0,2.55,0,0,0,5,5,3,2
2135,4,5,1.536533952,2.55,0,2.55,0,0,0,5,5,4,2
2135,1,2,1.533778453,2.55,0,2.55,0,0,0,5,5,3,2
2135,0,36,1.526320364,2.55,0,2.55,0,0,0,5,5,4,3
2135,6,17,1.521299877,2.55,0,2.55,0,0,0,5,6,3,2
2135,4,9,1.485044283,2.55,0,3.04,2,0,0,5,5,4,3
2135,1,9,1.470672603,2.55,0,3.04,2,0,0,5,5,3,3
2135,6,34,1.464708625,2.55,0,3.04,2,0,0,5,5,3,3
2135,34,37,1.460106609,3.04,2,2.55,0,0,0,5,5,3,2
2135,2,5,1.338507671,2.55,0,2.55,0,0,0,5,5,2,2
2135,40,41,1.533059156,2.55,0,2.55,0,0,0,0,0,2,2
2135,4,12,1.52083775,2.55,0,2.55,0,0,0,5,0,4,2
2135,47,48,1.509623226,2.55,0,2.55,0,0,0,0,0,3,1
2135,28,29,1.508637781,2.55,0,2.55,0,0,0,0,0,3,1
2135,9,13,1.455405115,3.04,2,2.55,0,0,0,5,0,3,1
2135,34,40,1.448579967,3.04,2,2.55,0,0,0,5,0,3,2
2135,12,25,1.437475688,2.55,0,3.44,1,0,0,0,0,2,2
2135,41,44,1.433750995,2.55,0,3.44,1,0,0,0,0,2,2
2135,25,28,1.353031882,3.44,1,2.55,0,0,0,0,0,2,3
2135,44,47,1.351128918,3.44,1,2.55,0,0,0,0,0,2,3
2135,28,33,1.206004964,2.55,0,3.44,1,0,0,0,0,3,1
2135,47,52,1.205383547,2.55,0,3.44,1,0,0,0,0,3,1
2135,36,53,1.204804346,2.55,0,3.44,1,0,0,5,0,3,1
2136,0,1,1.606659801,2.55,0,2.55,0,0,0,5,5,4,3
2136,3,4,1.58568519,2.55,0,2.55,0,0,0,5,5,3,4
2136,13,14,1.561332943,2.55,0,2.55,0,0,0,6,6,2,2
2136,7,14,1.551038153,2.55,0,2.55,0,0,0,6,6,2,2
2136,3,7,1.543820648,2.55,0,2.55,0,0,0,5,6,3,2
2136,0,3,1.542183994,2.55,0,2.55,0,0,0,5,5,4,3
2136,32,33,1.540910399,2.55,0,2.55,0,0,0,5,5,3,2
2136,0,6,1.535234915,2.55,0,2.55,0,0,0,5,5,4,3
2136,4,5,1.529439277,2.55,0,2.55,0,0,0,5,5,4,2
2136,0,32,1.526908175,2.55,0,2.55,0,0,0,5,5,4,3
2136,6,13,1.522396381,2.55,0,2.55,0,0,0,5,6,3,2
2136,1,2,1.52012628,2.55,0,2.55,0,0,0,5,5,3,2
2136,6,30,1.464913638,2.55,0,3.04,2,0,0,5,5,3,3
2136,30,33,1.463206295,3.04,2,2.55,0,0,0,5,5,3,2
2136,4,9,1.43441832,2.55,0,3.44,1,0,0,5,5,4,2
2136,1,9,1.423876046,2.55,0,3.44,1,0,0,5,5,3,2
2136,2,5,1.338802418,2.55,0,2.55,0,0,0,5,5,2,2
2136,36,37,1.532918044,2.55,0,2.55,0,0,0,0,0,2,2
2136,4,12,1.51218476,2.55,0,2.55,0,0,0,5,0,4,2
2136,43,44,1.50950704,2.55,0,2.55,0,0,0,0,0,3,1
2136,24,25,1.508519356,2.55,0,2.55,0,0,0,0,0,3,1
2136,30,36,1.449895344,3.04,2,2.55,0,0,0,5,0,3,2
2136,37,40,1.433139167,2.55,0,3.44,1,0,0,0,0,2,2
2136,12,21,1.429466952,2.55,0,3.44,1,0,0,0,0,2,2
2136,21,24,1.35755895,3.44,1,2.55,0,0,0,0,0,2,3
2136,40,43,1.351801086,3.44,1,2.55,0,0,0,0,0,2,3
2136,43,48,1.205342053,2.55,0,3.44,1,0,0,0,0,3,1
2136,24,29,1.203041337,2.55,0,3.44,1,0,0,0,0,3,1
2136,32,49,1.202589841,2.55,0,3.44,1,0,0,5,0,3,1
2137,0,1,1.602237037,2.55,0,2.55,0,0,0,5,5,4,3
2137,3,4,1.587922912,2.55,0,2.55,0,0,0,5,5,3,4
2137,13,14,1.559933401,2.55,0,2.55,0,0,0,6,6,2,2
2137,0,3,1.552370679,2.55,0,2.55,0,0,0,5,5,4,3
2137,4,9,1.550561553,2.55,0,2.55,0,0,0,5,5,4,2
2137,7,14,1.549951462,2.55,0,2.55,0,0,0,6,6,2,2
2137,1,9,1.54856002,2.55,0,2.55,0,0,0,5,5,3,2
2137,3,7,1.546170464,2.55,0,2.55,0,0,0,5,6,3,2
2137,0,6,1.541405048,2.55,0,2.55,0,0,0,5,5,4,3
2137,32,33,1.537883758,2.55,0,2.55,0,0,0,5,5,3,2
2137,0,32,1.528847274,2.55,0,2.55,0,0,0,5,5,4,3
2137,4,5,1.526291322,2.55,0,2.55,0,0,0,5,5,4,2
2137,6,13,1.521314051,2.55,0,2.55,0,0,0,5,6,3,2
2137,1,2,1.518035694,2.55,0,2.55,0,0,0,5,5,3,2
2137,6,30,1.463296538,2.55,0,3.04,2,0,0,5,5,3,3
2137,30,33,1.459931479,3.04,2,2.55,0,0,0,5,5,3,2
2137,2,5,1.342427092,2.55,0,2.55,0,0,0,5,5,2,2
2137,36,37,1.533320254,2.55,0,2.55,0,0,0,0,0,2,2
2137,4,12,1.520257402,2.55,0,2.55,0,0,0,5,0,4,2
2137,24,25,1.509818265,2.55,0,2.55,0,0,0,0,0,3,1
2137,43,44,1.509596536,2.55,0,2.55,0,0,0,0,0,3,1
2137,30,36,1.449560678,3.04,2,2.55,0,0,0,5,0,3,2
2137,12,21,1.437151328,2.55,0,3.44,1,0,0,0,0,2,2
2137,37,40,1.433282809,2.55,0,3.44,1,0,0,0,0,2,2
2137,21,24,1.35227538,3.44,1,2.55,0,0,0,0,0,2,3
2137,40,43,1.351499068,3.44,1,2.55,0,0,0,0,0,2,3
2137,32,49,1.205859017,2.55,0,3.44,1,0,0,5,0,3,1
2137,43,48,1.205457465,2.55,0,3.44,1,0,0,0,0,3,1
2137,24,29,1.205383701,2.55,0,3.44,1,0,0,0,0,3,1
2138,9,12,1.621508318,2.55,0,2.55,0,0,0,6,6,4,3
2138,10,11,1.592227109,2.55,0,2.55,0,0,0,6,6,3,3
2138,11,12,1.570243172,2.55,0,2.55,0,0,0,6,6,3,3
2138,5,9,1.531253108,2.55,0,2.55,0,0,0,6,6,3,4
2138,1,9,1.523710423,2.55,0,2.55,0,0,0,6,6,2,4
2138,4,10,1.512643816,2.55,0,2.55,0,0,0,6,6,3,3
2138,0,10,1.509457266,2.55,0,2.55,0,0,0,6,6,2,3
2138,12,38,1.501575451,2.55,0,2.55,0,0,0,6,6,3,2
2138,11,41,1.501086571,2.55,0,2.55,0,0,0,6,6,3,2
2138,39,40,1.487118907,2.55,0,2.55,0,1,1,6,6,3,3
2138,45,46,1.476348689,2.55,0,2.55,0,1,1,6,6,3,3
2138,51,52,1.449747922,2.55,0,2.55,0,1,1,6,6,3,2
2138,45,50,1.449401343,2.55,0,2.55,0,1,1,6,6,3,2
2138,46,53,1.448215462,2.55,0,2.55,0,1,1,6,6,3,2
2138,40,47,1.446125956,2.55,0,2.55,0,1,1,6,6,3,2
2138,39,44,1.446112894,2.55,0,2.55,0,1,1,6,6,3,2
2138,2,8,1.434975252,2.55,0,2.55,0,1,1,6,6,3,3
2138,4,5,1.430020701,2.55,0,2.55,0,0,0,6,6,3,3
2138,6,8,1.42703808,2.55,0,2.55,0,0,1,6,6,2,3
2138,2,3,1.425508987,2.55,0,2.55,0,1,0,6,6,3,2
2138,8,25,1.422655064,2.55,0,2.55,0,1,1,6,6,3,2
2138,2,22,1.422372832,2.55,0,2.55,0,1,1,6,6,3,2
2138,23,24,1.417468844,2.55,0,2.55,0,1,1,6,6,2,2
2138,22,23,1.380533918,2.55,0,2.55,0,1,1,6,6,2,2
2138,24,25,1.380475829,2.55,0,2.55,0,1,1,6,6,2,2
2138,5,6,1.377647433,2.55,0,2.55,0,0,0,6,6,3,2
2138,3,4,1.37513603,2.55,0,2.55,0,0,0,6,6,2,3
2138,44,45,1.373391922,2.55,0,2.55,0,1,1,6,6,2,3
2138,46,47,1.371730468,2.55,0,2.55,0,1,1,6,6,3,2
2138,50,51,1.36337749,2.55,0,2.55,0,1,1,6,6,2,3
2138,38,39,1.361766934,2.55,0,2.55,0,0,1,6,6,2,3
2138,40,41,1.359898335,2.55,0,2.55,0,1,0,6,6,3,2
2138,52,53,1.357543056,2.55,0,2.55,0,1,1,6,6,2,2
2138,0,1,1.338565783,2.55,0,2.55,0,0,0,6,6,2,2
2138,9,13,1.536548284,2.55,0,2.55,0,0,0,6,0,4,2
2138,13,33,1.524151414,2.55,0,2.55,0,0,0,0,0,2,2
2138,15,16,1.510196312,2.55,0,2.55,0,0,0,0,0,3,1
2138,57,60,1.509148377,2.55,0,2.55,0,0,0,0,0,1,3
2138,14,33,1.437839407,3.44,1,2.55,0,0,0,0,0,2,2
2138,51,59,1.386495597,2.55,0,3.44,1,1,0,6,0,3,2
2138,59,60,1.361447802,3.44,1,2.55,0,0,0,0,0,2,3
2138,14,15,1.349768713,3.44,1,2.55,0,0,0,0,0,2,3
2138,15,18,1.205847343,2.55,0,3.44,1,0,0,0,0,3,1
2138,60,62,1.202580791,2.55,0,3.44,1,0,0,0,0,3,1
2139,9,59,1.613858162,2.55,0,2.55,0,0,0,6,6,4,3
2139,10,56,1.586766184,2.55,0,2.55,0,0,0,6,6,3,3
2139,56,59,1.565708259,2.55,0,2.55,0,0,0,6,6,3,3
2139,5,9,1.532195329,2.55,0,2.55,0,0,0,6,6,3,4
2139,1,9,1.525414587,2.55,0,2.55,0,0,0,6,6,2,4
2139,51,56,1.524493887,2.55,0,2.55,0,0,0,6,6,3,3
2139,4,10,1.512984406,2.55,0,2.55,0,0,0,6,6,3,3
2139,0,10,1.511884852,2.55,0,2.55,0,0,0,6,6,2,3
2139,58,59,1.498738278,2.55,0,2.55,0,0,0,6,6,2,3
2139,50,54,1.469489447,2.55,0,2.55,0,0,0,6,6,3,3
2139,2,8,1.435330131,2.55,0,2.55,0,1,1,6,6,3,3
2139,50,51,1.43406699,2.55,0,2.55,0,0,0,6,6,3,3
2139,43,44,1.433007231,2.55,0,2.55,0,1,1,6,6,3,3
2139,4,5,1.429128624,2.55,0,2.55,0,0,0,6,6,3,3
2139,6,8,1.427198332,2.55,0,2.55,0,0,1,6,6,2,3
2139,2,3,1.425450735,2.55,0,2.55,0,1,0,6,6,3,2
2139,40,44,1.423599141,2.55,0,2.55,0,1,1,6,6,2,3
2139,8,22,1.422849233,2.55,0,2.55,0,1,1,6,6,3,2
2139,43,45,1.422705442,2.55,0,2.55,0,1,0,6,6,3,2
2139,2,19,1.422615315,2.55,0,2.55,0,1,1,6,6,3,2
2139,39,43,1.422245871,2.55,0,2.55,0,1,1,6,6,2,3
2139,44,47,1.419018618,2.55,0,2.55,0,1,0,6,6,3,2
2139,36,38,1.418490165,2.55,0,2.55,0,1,1,6,6,2,2
2139,20,21,1.417657754,2.55,0,2.55,0,1,1,6,6,2,2
2139,47,50,1.386484816,2.55,0,2.55,0,0,0,6,6,2,3
2139,45,51,1.38079326,2.55,0,2.55,0,0,0,6,6,2,3
2139,36,39,1.380694993,2.55,0,2.55,0,1,1,6,6,2,2
2139,21,22,1.380541629,2.55,0,2.55,0,1,1,6,6,2,2
2139,19,20,1.380485819,2.55,0,2.55,0,1,1,6,6,2,2
2139,38,40,1.380002858,2.55,0,2.55,0,1,1,6,6,2,2
2139,5,6,1.377493103,2.55,0,2.55,0,0,0,6,6,3,2
2139,3,4,1.375493807,2.55,0,2.55,0,0,0,6,6,2,3
2139,54,58,1.342643805,2.55,0,2.55,0,0,0,6,6,3,2
2139,0,1,1.337284777,2.55,0,2.55,0,0,0,6,6,2,2
2139,9,11,1.537882747,2.55,0,2.55,0,0,0,6,0,4,2
2139,11,30,1.524506112,2.55,0,2.55,0,0,0,0,0,2,2
2139,13,14,1.510201077,2.55,0,2.55,0,0,0,0,0,3,1
2139,52,57,1.509011816,2.55,0,2.55,0,0,0,0,0,1,3
2139,12,30,1.437364372,3.44,1,2.55,0,0,0,0,0,2,2
2139,53,54,1.391326018,3.44,1,2.55,0,0,0,0,6,2,3
2139,53,57,1.364747949,3.44,1,2.55,0,0,0,0,0,2,3
2139,12,13,1.34928952,3.44,1,2.55,0,0,0,0,0,2,3
2139,13,16,1.206154365,2.55,0,3.44,1,0,0,0,0,3,1
2139,57,60,1.201671094,2.55,0,3.44,1,0,0,0,0,3,1
2140,9,49,1.61273659,2.55,0,2.55,0,0,0,6,6,4,3
2140,10,46,1.581864791,2.55,0,2.55,0,0,0,6,6,3,3
2140,46,49,1.567144645,2.55,0,2.55,0,0,0,6,6,3,3
2140,1,9,1.534551724,2.55,0,2.55,0,0,0,6,6,3,4
2140,5,9,1.533473711,2.55,0,2.55,0,0,0,6,6,3,4
2140,41,46,1.524683051,2.55,0,2.55,0,0,0,6,6,3,3
2140,4,10,1.510063162,2.55,0,2.55,0,0,0,6,6,3,3
2140,0,10,1.509689873,2.55,0,2.55,0,0,0,6,6,3,3
2140,48,49,1.500411667,2.55,0,2.55,0,0,0,6,6,2,3
2140,40,44,1.470917213,2.55,0,2.55,0,0,0,6,6,3,3
2140,40,41,1.433250055,2.55,0,2.55,0,0,0,6,6,3,3
2140,33,34,1.432793159,2.55,0,2.55,0,1,1,6,6,3,3
2140,30,34,1.423689583,2.55,0,2.55,0,1,1,6,6,2,3
2140,33,35,1.42240022,2.55,0,2.55,0,1,0,6,6,3,2
2140,29,33,1.422287593,2.55,0,2.55,0,1,1,6,6,2,3
2140,34,37,1.41888387,2.55,0,2.55,0,1,0,6,6,3,2
2140,26,28,1.418616076,2.55,0,2.55,0,1,1,6,6,2,2
2140,4,5,1.408244193,2.55,0,2.55,0,0,0,6,6,3,3
2140,0,1,1.407632419,2.55,0,2.55,0,0,0,6,6,3,3
2140,58,61,1.402208296,2.55,0,2.55,0,0,0,6,6,2,2
2140,6,8,1.401830523,2.55,0,2.55,0,0,0,6,6,2,2
2140,59,60,1.400540886,2.55,0,2.55,0,0,0,6,6,2,2
2140,2,3,1.399987034,2.55,0,2.55,0,0,0,6,6,2,2
2140,5,6,1.399148625,2.55,0,2.55,0,0,0,6,6,3,2
2140,1,58,1.398625917,2.55,0,2.55,0,0,0,6,6,3,2
2140,2,8,1.396817336,2.55,0,2.55,0,0,0,6,6,2,2
2140,60,61,1.396332369,2.55,0,2.55,0,0,0,6,6,2,2
2140,3,4,1.395286032,2.55,0,2.55,0,0,0,6,6,2,3
2140,0,59,1.394919468,2.55,0,2.55,0,0,0,6,6,3,2
2140,37,40,1.386714933,2.55,0,2.55,0,0,0,6,6,2,3
2140,35,41,1.381071945,2.55,0,2.55,0,0,0,6,6,2,3
2140,26,29,1.380599717,2.55,0,2.55,0,1,1,6,6,2,2
2140,28,30,1.379994558,2.55,0,2.55,0,1,1,6,6,2,2
2140,44,48,1.344045872,2.55,0,2.55,0,0,0,6,6,3,2
2140,9,11,1.538997725,2.55,0,2.55,0,0,0,6,0,4,2
2140,11,20,1.537346006,2.55,0,2.55,0,0,0,0,0,2,2
2140,13,14,1.510061765,2.55,0,2.55,0,0,0,0,0,3,1
2140,42,47,1.509647891,2.55,0,2.55,0,0,0,0,0,1,3
2140,12,20,1.441293775,3.44,1,2.55,0,0,0,0,0,2,2
2140,43,44,1.391269013,3.44,1,2.55,0,0,0,0,6,2,3
2140,43,47,1.360312102,3.44,1,2.55,0,0,0,0,0,2,3
2140,12,13,1.350680373,3.44,1,2.55,0,0,0,0,0,2,3
2140,13,16,1.205852018,2.55,0,3.44,1,0,0,0,0,3,1
2140,47,50,1.203102751,2.55,0,3.44,1,0,0,0,0,3,1
2141,42,44,1.789391145,2.55,0,2.58,3,0,0,5,5,3,2
2141,26,44,1.773497795,2.55,0,2.58,3,0,0,5,5,3,2
2142,35,37,1.788221511,2.55,0,2.58,3,0,0,5,5,3,2
2142,26,37,1.776502968,2.55,0,2.58,3,0,0,5,5,3,2
2143,26,43,1.776053993,2.55,0,2.58,3,0,0,5,5,3,2
2143,42,43,1.775063186,2.55,0,2.58,3,0,0,5,5,2,2
2144,26,36,1.77818595,2.55,0,2.58,3,0,0,5,5,3,2
2144,35,36,1.774444824,2.55,0,2.58,3,0,0,5,5,2,2
2145,9,14,1.857374845,2.55,0,2.58,3,0,0,6,6,2,2
2145,11,14,1.855194752,2.55,0,2.58,3,0,0,6,6,2,2
2146,26,39,1.784083724,2.55,0,2.58,3,0,0,5,5,3,2
2146,38,39,1.778207108,2.55,0,2.58,3,1,0,5,5,3,2
2147,4,5,1.575501807,2.55,0,2.55,0,0,0,5,5,3,4
2147,3,4,1.565638409,2.55,0,2.55,0,0,0,5,5,2,3
2147,2,3,1.563483608,2.55,0,2.55,0,0,0,5,5,3,2
2147,5,7,1.551048047,2.55,0,2.55,0,0,0,5,5,4,2
2147,28,29,1.548278663,2.55,0,2.55,0,0,0,6,6,3,3
2147,33,36,1.548056516,2.55,0,2.55,0,0,0,6,6,3,2
2147,32,36,1.54619807,2.55,0,2.55,0,0,0,6,6,2,2
2147,28,30,1.545430941,2.55,0,2.55,0,0,0,6,6,3,2
2147,2,7,1.542777621,2.55,0,2.55,0,0,0,5,5,3,2
2147,29,32,1.541019108,2.55,0,2.55,0,0,0,6,6,3,2
2147,30,33,1.534272516,2.55,0,2.55,0,0,0,6,6,2,3
2147,0,5,1.528795314,2.55,0,2.55,0,0,0,5,5,2,4
2147,1,2,1.522625792,2.55,0,2.55,0,0,0,5,5,2,3
2147,0,1,1.341807768,2.55,0,2.55,0,0,0,5,5,2,2
2147,29,44,1.573519241,2.55,0,2.55,0,0,0,6,0,3,4
2147,44,54,1.556562568,2.55,0,2.55,0,0,0,0,0,4,2
2147,44,50,1.546558816,2.55,0,2.55,0,0,0,0,0,4,1
2147,44,46,1.543259696,2.55,0,2.55,0,0,0,0,0,4,1
2147,54,55,1.533490185,2.55,0,2.55,0,0,0,0,0,2,1
2147,33,38,1.531072518,2.55,0,2.55,0,0,0,6,0,3,1
2147,4,25,1.519079154,2.55,0,2.55,0,0,0,5,0,3,3
2147,5,12,1.518304744,2.55,0,2.55,0,0,0,5,0,4,2
2147,16,17,1.518213885,2.55,0,2.55,0,0,0,0,0,2,1
2147,27,28,1.454006814,3.44,1,2.55,0,0,0,0,6,2,3
2147,12,13,1.409377968,2.55,0,3.44,1,0,0,0,0,2,2
2147,13,16,1.408648209,3.44,1,2.55,0,0,0,0,0,2,2
2147,25,27,1.34704484,2.55,0,3.44,1,0,0,0,0,3,2
2147,25,43,1.21017868,2.55,0,3.44,1,0,0,0,0,3,1
2148,2,4,1.574193238,2.55,0,2.55,0,0,0,4,5,3,3
2148,3,8,1.573801861,2.55,0,2.55,0,0,0,4,5,3,4
2148,2,3,1.563813017,2.55,0,2.55,0,0,0,4,4,3,3
2148,8,12,1.557286119,2.55,0,2.55,0,0,0,5,5,4,2
2148,1,3,1.556526065,2.55,0,2.55,0,0,0,4,4,3,3
2148,4,12,1.552200904,2.55,0,2.55,0,0,0,5,5,3,2
2148,0,1,1.550706489,2.55,0,2.55,0,0,0,4,4,3,3
2148,0,2,1.536622102,2.55,0,2.55,0,0,0,4,4,3,3
2148,7,8,1.530370228,2.55,0,2.55,0,0,0,5,5,2,4
2148,4,6,1.521069532,2.55,0,2.55,0,0,0,5,5,3,2
2148,6,7,1.342651176,2.55,0,2.55,0,0,0,5,5,2,2
2148,8,24,1.520407018,2.55,0,2.55,0,0,0,5,0,4,2
2148,28,29,1.509562334,2.55,0,2.55,0,0,0,0,0,3,1
2148,18,20,1.507164749,2.55,0,2.55,0,0,0,0,0,3,1
2148,24,25,1.437094972,2.55,0,3.44,1,0,0,0,0,2,2
2148,1,17,1.420724966,2.55,0,3.44,1,0,0,4,0,3,2
2148,17,18,1.354234919,3.44,1,2.55,0,0,0,0,0,2,3
2148,25,28,1.350601361,3.44,1,2.55,0,0,0,0,0,2,3
2148,18,19,1.206703784,2.55,0,3.44,1,0,0,0,0,3,1
2148,28,33,1.206693917,2.55,0,3.44,1,0,0,0,0,3,1
2148,0,16,1.197046267,2.55,0,3.44,1,0,0,4,0,3,1
2149,2,3,1.565367884,2.55,0,2.55,0,0,0,4,4,3,3
2149,8,12,1.562887378,2.55,0,2.55,0,0,0,6,6,4,2
2149,1,3,1.560823441,2.55,0,2.55,0,0,0,4,4,3,3
2149,4,31,1.556480868,2.55,0,2.55,0,0,0,6,6,3,2
2149,3,8,1.555177117,2.55,0,2.55,0,0,0,4,6,3,4
2149,12,31,1.553794086,2.55,0,2.55,0,0,0,6,6,2,2
2149,2,4,1.549904211,2.55,0,2.55,0,0,0,4,6,3,3
2149,0,1,1.54567131,2.55,0,2.55,0,0,0,4,4,3,3
2149,0,2,1.535163041,2.55,0,2.55,0,0,0,4,4,3,3
2149,7,8,1.520449783,2.55,0,2.55,0,0,0,6,6,2,4
2149,4,6,1.511750153,2.55,0,2.55,0,0,0,6,6,3,2
2149,6,7,1.34163912,2.55,0,2.55,0,0,0,6,6,2,2
2149,8,21,1.528371725,2.55,0,2.55,0,0,0,6,0,4,2
2149,25,26,1.509835157,2.55,0,2.55,0,0,0,0,0,3,1
2149,15,17,1.506938595,2.55,0,2.55,0,0,0,0,0,3,1
2149,21,22,1.437649567,2.55,0,3.44,1,0,0,0,0,2,2
2149,1,14,1.420092071,2.55,0,3.44,1,0,0,4,0,3,2
2149,14,15,1.355412883,3.44,1,2.55,0,0,0,0,0,2,3
2149,22,25,1.352987487,3.44,1,2.55,0,0,0,0,0,2,3
2149,15,16,1.206166317,2.55,0,3.44,1,0,0,0,0,3,1
2149,25,30,1.205397752,2.55,0,3.44,1,0,0,0,0,3,1
2149,0,13,1.197196531,2.55,0,3.44,1,0,0,4,0,3,1
2150,1,3,1.562674114,2.55,0,2.55,0,0,0,4,4,3,3
2150,2,3,1.562046235,2.55,0,2.55,0,0,0,4,4,3,3
2150,3,8,1.550352326,2.55,0,2.55,0,0,0,4,6,3,4
2150,2,4,1.547811521,2.55,0,2.55,0,0,0,4,6,3,3
2150,0,1,1.537529611,2.55,0,2.55,0,0,0,4,4,3,3
2150,0,2,1.53666159,2.55,0,2.55,0,0,0,4,4,3,3
2150,7,8,1.52486571,2.55,0,2.55,0,0,0,6,6,2,4
2150,4,6,1.516114035,2.55,0,2.55,0,0,0,6,6,3,2
2150,6,7,1.341409815,2.55,0,2.55,0,0,0,6,6,2,2
2150,8,12,1.569523325,2.55,0,2.55,0,0,0,6,7,4,2
2150,4,31,1.558305257,2.55,0,2.55,0,0,0,6,7,3,2
2150,31,33,1.538512292,2.55,0,2.55,0,0,0,7,7,2,2
2150,12,33,1.538393962,2.55,0,2.55,0,0,0,7,7,2,2
2150,8,21,1.532267577,2.55,0,2.55,0,0,0,6,0,4,2
2150,25,26,1.50976555,2.55,0,2.55,0,0,0,0,0,3,1
2150,15,17,1.506454389,2.55,0,2.55,0,0,0,0,0,3,1
2150,21,22,1.436144249,2.55,0,3.44,1,0,0,0,0,2,2
2150,1,14,1.417080469,2.55,0,3.44,1,0,0,4,0,3,2
2150,14,15,1.358378814,3.44,1,2.55,0,0,0,0,0,2,3
2150,22,25,1.352385123,3.44,1,2.55,0,0,0,0,0,2,3
2150,15,16,1.205312878,2.55,0,3.44,1,0,0,0,0,3,1
2150,25,30,1.204961061,2.55,0,3.44,1,0,0,0,0,3,1
2150,0,13,1.198104836,2.55,0,3.44,1,0,0,4,0,3,1
2151,5,18,1.554477292,2.55,0,2.55,0,0,0,5,5,4,2
2151,2,18,1.548600508,2.55,0,2.55,0,0,0,5,5,3,2
2151,4,5,1.53614777,2.55,0,2.55,0,0,0,5,5,2,4
2151,2,3,1.526248847,2.55,0,2.55,0,0,0,5,5,3,2
2151,1,5,1.509717205,3.04,2,2.55,0,0,0,5,5,3,4
2151,0,2,1.491685312,3.04,2,2.55,0,0,0,5,5,3,3
2151,0,1,1.426920427,3.04,2,3.04,2,0,0,5,5,3,3
2151,23,24,1.418555941,2.55,0,3.04,2,0,0,5,5,3,3
2151,22,24,1.416089822,2.55,0,3.04,2,0,0,5,5,3,3
2151,25,26,1.40631067,2.55,0,2.55,0,1,1,6,6,3,2
2151,27,28,1.404836574,2.55,0,2.55,0,1,1,6,6,2,3
2151,28,29,1.404659859,2.55,0,2.55,0,1,1,6,6,3,2
2151,25,30,1.404305065,2.55,0,2.55,0,1,1,6,6,3,2
2151,29,30,1.393768071,2.55,0,2.55,0,1,1,6,6,2,2
2151,26,27,1.391517946,2.55,0,2.55,0,1,1,6,6,2,2
2151,1,22,1.387882826,3.04,2,2.55,0,0,0,5,5,3,3
2151,0,23,1.384536078,3.04,2,2.55,0,0,0,5,5,3,3
2151,3,4,1.340424814,2.55,0,2.55,0,0,0,5,5,2,2
2151,5,8,1.523081386,2.55,0,2.55,0,0,0,5,0,4,2
2151,34,35,1.518934142,2.55,0,2.55,0,0,0,0,0,3,1
2151,12,13,1.507459073,2.55,0,2.55,0,0,0,0,0,3,1
2151,28,34,1.502912492,2.55,0,2.55,0,1,0,6,0,3,3
2151,8,9,1.432689665,2.55,0,3.44,1,0,0,0,0,2,2
2151,24,25,1.423879941,3.04,2,2.55,0,0,1,5,6,3,3
2151,9,12,1.357435766,3.44,1,2.55,0,0,0,0,0,2,3
2151,34,39,1.21618123,2.55,0,3.44,1,0,0,0,0,3,1
2151,22,40,1.210393472,2.55,0,3.44,1,0,0,5,0,3,1
2151,23,41,1.207776547,2.55,0,3.44,1,0,0,5,0,3,1
2151,12,17,1.204997491,2.55,0,3.44,1,0,0,0,0,3,1
2152,2,7,1.550916643,2.55,0,2.55,0,0,0,5,5,3,2
2152,5,7,1.549597207,2.55,0,2.55,0,0,0,5,5,3,2
2152,4,5,1.532610621,2.55,0,2.55,0,0,0,5,5,3,3
2152,2,3,1.525189604,2.55,0,2.55,0,0,0,5,5,3,2
2152,0,2,1.496908205,3.04,2,2.55,0,0,0,5,5,3,3
2152,1,5,1.493977343,3.04,2,2.55,0,0,0,5,5,3,3
2152,0,1,1.430338148,3.04,2,3.04,2,0,0,5,5,3,3
2152,12,13,1.41931132,2.55,0,3.04,2,0,0,5,5,3,3
2152,11,13,1.415860865,2.55,0,3.04,2,0,0,5,5,3,3
2152,14,15,1.406287013,2.55,0,2.55,0,1,1,6,6,3,2
2152,16,17,1.404891705,2.55,0,2.55,0,1,1,6,6,2,3
2152,17,18,1.40478292,2.55,0,2.55,0,1,1,6,6,3,2
2152,14,19,1.404237828,2.55,0,2.55,0,1,1,6,6,3,2
2152,18,19,1.393783003,2.55,0,2.55,0,1,1,6,6,2,2
2152,15,16,1.391505375,2.55,0,2.55,0,1,1,6,6,2,2
2152,1,11,1.391031331,3.04,2,2.55,0,0,0,5,5,3,3
2152,0,12,1.388173409,3.04,2,2.55,0,0,0,5,5,3,3
2152,3,4,1.343742023,2.55,0,2.55,0,0,0,5,5,2,3
2152,23,24,1.519010487,2.55,0,2.55,0,0,0,0,0,3,1
2152,33,36,1.508015145,2.55,0,2.55,0,0,0,0,0,1,3
2152,17,23,1.503033896,2.55,0,2.55,0,1,0,6,0,3,3
2152,4,37,1.488499552,2.55,0,2.55,0,0,0,5,0,3,2
2152,35,37,1.425843115,3.44,1,2.55,0,0,0,0,0,2,2
2152,13,14,1.423790969,3.04,2,2.55,0,0,1,5,6,3,3
2152,35,36,1.355285306,3.44,1,2.55,0,0,0,0,0,2,3
2152,23,28,1.216117791,2.55,0,3.44,1,0,0,0,0,3,1
2152,11,29,1.207683536,2.55,0,3.44,1,0,0,5,0,3,1
2152,12,30,1.207218457,2.55,0,3.44,1,0,0,5,0,3,1
2152,36,38,1.204283363,2.55,0,3.44,1,0,0,0,0,3,1
2153,1,5,1.570054965,2.55,0,2.55,0,1,0,5,6,3,4
2153,5,40,1.559574453,2.55,0,2.55,0,0,0,6,6,4,2
2153,0,2,1.556820401,2.55,0,2.55,0,1,0,5,6,3,3
2153,2,7,1.552754098,2.55,0,2.55,0,0,0,6,6,3,2
2153,7,40,1.552365713,2.55,0,2.55,0,0,0,6,6,2,2
2153,0,1,1.547730129,2.55,0,2.55,0,1,1,5,5,3,3
2153,1,9,1.529815576,2.55,0,2.55,0,1,1,5,5,3,3
2153,4,5,1.52226331,2.55,0,2.55,0,0,0,6,6,2,4
2153,0,10,1.522165575,2.55,0,2.55,0,1,1,5,5,3,3
2153,2,3,1.51222343,2.55,0,2.55,0,0,0,6,6,3,2
2153,9,11,1.399384294,2.55,0,3.04,2,1,1,5,5,3,3
2153,10,11,1.394543643,2.55,0,3.04,2,1,1,5,5,3,3
2153,3,4,1.339762525,2.55,0,2.55,0,0,0,6,6,2,2
2153,12,14,1.53500916,2.55,0,2.55,0,0,0,0,0,2,2
2153,5,26,1.527035382,2.55,0,2.55,0,0,0,6,0,4,2
2153,15,16,1.517383289,2.55,0,2.55,0,0,0,0,0,3,1
2153,28,29,1.509415122,2.55,0,2.55,0,0,0,0,0,3,1
2153,11,12,1.453601132,3.04,2,2.55,0,1,0,5,0,3,2
2153,26,27,1.435088032,2.55,0,3.44,1,0,0,0,0,2,2
2153,13,14,1.419212138,3.44,1,2.55,0,0,0,0,0,2,2
2153,13,15,1.367320035,3.44,1,2.55,0,0,0,0,0,2,3
2153,27,28,1.353226394,3.44,1,2.55,0,0,0,0,0,2,3
2153,10,21,1.211087176,2.55,0,3.44,1,1,0,5,0,3,1
2153,9,20,1.208666285,2.55,0,3.44,1,1,0,5,0,3,1
2153,28,30,1.204484852,2.55,0,3.44,1,0,0,0,0,3,1
2153,15,24,1.199629138,2.55,0,3.44,1,0,0,0,0,3,1
2154,1,5,1.568492421,2.55,0,2.55,0,0,0,5,6,3,4
2154,0,2,1.553933997,2.55,0,2.55,0,0,0,5,6,3,3
2154,0,1,1.544622436,2.55,0,2.55,0,0,0,5,5,3,3
2154,1,9,1.52883863,2.55,0,2.55,0,0,0,5,5,3,3
2154,4,5,1.52571765,2.55,0,2.55,0,0,0,6,6,2,4
2154,0,10,1.522653439,2.55,0,2.55,0,0,0,5,5,3,3
2154,2,3,1.516539876,2.55,0,2.55,0,0,0,6,6,3,2
2154,9,11,1.398453569,2.55,0,3.04,2,0,0,5,5,3,3
2154,10,11,1.394604292,2.55,0,3.04,2,0,0,5,5,3,3
2154,3,4,1.339762191,2.55,0,2.55,0,0,0,6,6,2,2
2154,5,40,1.566041395,2.55,0,2.55,0,0,0,6,7,4,2
2154,2,7,1.558593831,2.55,0,2.55,0,0,0,6,7,3,2
2154,40,41,1.536569756,2.55,0,2.55,0,0,0,7,7,2,2
2154,5,26,1.536443494,2.55,0,2.55,0,0,0,6,0,4,2
2154,7,41,1.536329933,2.55,0,2.55,0,0,0,7,7,2,2
2154,12,14,1.535100786,2.55,0,2.55,0,0,0,0,0,2,2
2154,15,16,1.517377838,2.55,0,2.55,0,0,0,0,0,3,1
2154,28,29,1.509469257,2.55,0,2.55,0,0,0,0,0,3,1
2154,11,12,1.453257488,3.04,2,2.55,0,0,0,5,0,3,2
2154,26,27,1.434008602,2.55,0,3.44,1,0,0,0,0,2,2
2154,13,14,1.418841818,3.44,1,2.55,0,0,0,0,0,2,2
2154,13,15,1.366994623,3.44,1,2.55,0,0,0,0,0,2,3
2154,27,28,1.353817793,3.44,1,2.55,0,0,0,0,0,2,3
2154,10,21,1.211269324,2.55,0,3.44,1,0,0,5,0,3,1
2154,9,20,1.208915001,2.55,0,3.44,1,0,0,5,0,3,1
2154,28,30,1.204464404,2.55,0,3.44,1,0,0,0,0,3,1
2154,15,24,1.199652648,2.55,0,3.44,1,0,0,0,0,3,1
2155,28,29,1.55438392,2.55,0,2.55,0,0,0,6,6,2,2
2155,2,28,1.552213716,2.55,0,2.55,0,0,0,6,6,3,2
2155,5,29,1.550279611,2.55,0,2.55,0,0,0,6,6,4,2
2155,4,5,1.521612679,2.55,0,2.55,0,0,0,6,6,2,4
2155,2,3,1.515720453,2.55,0,2.55,0,0,0,6,6,3,2
2155,1,5,1.492928511,3.04,2,2.55,0,0,0,5,6,3,4
2155,0,2,1.471866296,3.04,2,2.55,0,0,0,5,6,3,3
2155,7,9,1.419965966,2.55,0,3.04,2,0,0,5,5,3,3
2155,8,9,1.416663976,2.55,0,3.04,2,0,0,5,5,3,3
2155,0,1,1.4092177,3.04,2,3.04,2,0,0,5,5,3,3
2155,10,11,1.407155113,2.55,0,2.55,0,1,1,6,6,3,2
2155,12,13,1.405831251,2.55,0,2.55,0,1,1,6,6,2,3
2155,10,15,1.404104996,2.55,0,2.55,0,1,1,6,6,3,2
2155,13,14,1.403948527,2.55,0,2.55,0,1,1,6,6,3,2
2155,14,15,1.394857218,2.55,0,2.55,0,1,1,6,6,2,2
2155,11,12,1.39040948,2.55,0,2.55,0,1,1,6,6,2,2
2155,1,7,1.379186566,3.04,2,2.55,0,0,0,5,5,3,3
2155,0,8,1.376991315,3.04,2,2.55,0,0,0,5,5,3,3
2155,3,4,1.337905148,2.55,0,2.55,0,0,0,6,6,2,2
2155,19,20,1.519285508,2.55,0,2.55,0,0,0,0,0,3,1
2155,13,19,1.502359856,2.55,0,2.55,0,1,0,6,0,3,3
2155,34,36,1.500928369,2.55,0,2.55,0,0,0,0,0,1,3
2155,9,10,1.423701569,3.04,2,2.55,0,0,1,5,6,3,3
2155,5,38,1.398562546,2.55,0,3.44,1,0,0,6,0,4,2
2155,36,38,1.378532715,2.55,0,3.44,1,0,0,0,0,3,2
2155,19,24,1.216347541,2.55,0,3.44,1,0,0,0,0,3,1
2155,7,25,1.212253066,2.55,0,3.44,1,0,0,5,0,3,1
2155,8,26,1.211803161,2.55,0,3.44,1,0,0,5,0,3,1
2155,36,37,1.198827216,2.55,0,3.44,1,0,0,0,0,3,1
2156,4,5,1.523368773,2.55,0,2.55,0,0,0,6,6,2,4
2156,2,3,1.516882766,2.55,0,2.55,0,0,0,6,6,3,2
2156,48,49,1.495814887,2.55,0,2.55,0,1,0,5,5,3,3
2156,46,47,1.492998592,2.55,0,2.55,0,0,1,5,5,3,3
2156,1,5,1.473301431,3.04,2,2.55,0,0,0,5,6,3,4
2156,0,2,1.457647988,3.04,2,2.55,0,0,0,5,6,3,3
2156,7,9,1.419581842,2.55,0,3.04,2,0,0,5,5,3,3
2156,8,9,1.417928743,2.55,0,3.04,2,0,0,5,5,3,3
2156,44,46,1.415075506,3.04,2,2.55,0,0,0,5,5,3,3
2156,10,11,1.407025407,2.55,0,2.55,0,1,1,6,6,3,2
2156,12,13,1.405477522,2.55,0,2.55,0,1,1,6,6,2,3
2156,10,15,1.404355565,2.55,0,2.55,0,1,1,6,6,3,2
2156,13,14,1.40426946,2.55,0,2.55,0,1,1,6,6,3,2
2156,44,49,1.403631988,3.04,2,2.55,0,0,0,5,5,3,3
2156,51,52,1.403477745,2.55,0,2.55,0,1,1,6,6,2,2
2156,52,53,1.403402864,2.55,0,2.55,0,1,1,6,6,2,2
2156,50,51,1.403349566,2.55,0,2.55,0,1,1,6,6,2,2
2156,47,48,1.397769146,2.55,0,2.55,0,1,1,5,5,3,3
2156,14,15,1.394614312,2.55,0,2.55,0,1,1,6,6,2,2
2156,0,1,1.393820176,3.04,2,3.04,2,0,0,5,5,3,3
2156,11,12,1.390463417,2.55,0,2.55,0,1,1,6,6,2,2
2156,48,53,1.390421217,2.55,0,2.55,0,1,1,5,6,3,2
2156,47,50,1.390371837,2.55,0,2.55,0,1,1,5,6,3,2
2156,1,7,1.374811695,3.04,2,2.55,0,0,0,5,5,3,3
2156,0,8,1.370490768,3.04,2,2.55,0,0,0,5,5,3,3
2156,3,4,1.335719239,2.55,0,2.55,0,0,0,6,6,2,2
2156,5,29,1.589352591,2.55,0,2.55,0,0,0,6,7,4,3
2156,2,28,1.55770662,2.55,0,2.55,0,0,0,6,7,3,2
2156,29,39,1.542512105,2.55,0,2.55,0,0,0,7,7,3,2
2156,28,39,1.541094169,2.55,0,2.55,0,0,0,7,7,2,2
2156,19,20,1.519347013,2.55,0,2.55,0,0,0,0,0,3,1
2156,13,19,1.501854028,2.55,0,2.55,0,1,0,6,0,3,3
2156,32,34,1.501602323,2.55,0,2.55,0,0,0,0,0,1,3
2156,29,44,1.453578222,2.55,0,3.04,2,0,0,7,5,3,3
2156,9,10,1.423612379,3.04,2,2.55,0,0,1,5,6,3,3
2156,5,36,1.407190523,2.55,0,3.44,1,0,0,6,0,4,2
2156,34,36,1.376733828,2.55,0,3.44,1,0,0,0,0,3,2
2156,19,24,1.216531434,2.55,0,3.44,1,0,0,0,0,3,1
2156,8,26,1.212862333,2.55,0,3.44,1,0,0,5,0,3,1
2156,7,25,1.212637509,2.55,0,3.44,1,0,0,5,0,3,1
2156,49,59,1.211056318,2.55,0,3.44,1,0,0,5,0,3,1
2156,46,58,1.206449083,2.55,0,3.44,1,0,0,5,0,3,1
2156,34,35,1.198912765,2.55,0,3.44,1,0,0,0,0,3,1
2157,1,5,1.589970077,2.55,0,2.55,0,0,0,5,5,3,4
2157,0,2,1.58342275,2.55,0,2.55,0,0,0,5,5,3,3
2157,0,1,1.539259019,2.55,0,2.55,0,0,0,5,5,3,3
2157,4,5,1.532434176,2.55,0,2.55,0,0,0,5,5,2,4
2157,2,3,1.523093112,2.55,0,2.55,0,0,0,5,5,3,2
2157,0,10,1.520043223,2.55,0,2.55,0,0,0,5,5,3,3
2157,1,9,1.518535643,2.55,0,2.55,0,0,0,5,5,3,3
2157,5,7,1.438218226,2.55,0,3.44,1,0,0,5,5,4,2
2157,2,7,1.424635422,2.55,0,3.44,1,0,0,5,5,3,2
2157,48,49,1.406124596,2.55,0,2.55,0,1,1,6,6,2,3
2157,49,50,1.404368306,2.55,0,2.55,0,1,1,6,6,3,2
2157,43,47,1.404201376,2.55,0,2.55,0,1,1,6,6,3,2
2157,43,46,1.40264451,2.55,0,2.55,0,1,1,6,6,3,2
2157,10,11,1.400803255,2.55,0,3.04,2,0,0,5,5,3,3
2157,9,11,1.400232452,2.55,0,3.04,2,0,0,5,5,3,3
2157,46,50,1.394178314,2.55,0,2.55,0,1,1,6,6,2,2
2157,47,48,1.394146746,2.55,0,2.55,0,1,1,6,6,2,2
2157,3,4,1.338824049,2.55,0,2.55,0,0,0,5,5,2,2
2157,17,19,1.529492721,2.55,0,2.55,0,0,0,0,0,2,1
2157,12,13,1.525341324,2.55,0,2.55,0,0,0,0,0,2,2
2157,32,34,1.523131026,2.55,0,2.55,0,0,0,0,0,2,2
2157,55,56,1.519043352,2.55,0,2.55,0,0,0,0,0,3,1
2157,5,17,1.515322978,2.55,0,2.55,0,0,0,5,0,4,2
2157,31,32,1.513537867,2.55,0,2.55,0,0,0,0,0,3,2
2157,34,37,1.513108517,2.55,0,2.55,0,0,0,0,0,2,3
2157,42,43,1.509196689,2.55,0,2.55,0,0,1,0,6,2,3
2157,49,55,1.503821431,2.55,0,2.55,0,1,0,6,0,3,3
2157,11,12,1.452627823,3.04,2,2.55,0,0,0,5,0,3,2
2157,13,14,1.431110627,2.55,0,3.44,1,0,0,0,0,2,2
2157,40,42,1.428485314,3.44,1,2.55,0,0,0,0,0,2,2
2157,37,40,1.348900232,2.55,0,3.44,1,0,0,0,0,3,2
2157,14,31,1.347903598,3.44,1,2.55,0,0,0,0,0,2,3
2157,55,60,1.215868712,2.55,0,3.44,1,0,0,0,0,3,1
2157,9,15,1.209121628,2.55,0,3.44,1,0,0,5,0,3,1
2157,10,16,1.208326235,2.55,0,3.44,1,0,0,5,0,3,1
2157,37,41,1.206774233,2.55,0,3.44,1,0,0,0,0,3,1
2157,31,33,1.206436555,2.55,0,3.44,1,0,0,0,0,3,1
2158,2,13,1.530180855,2.55,0,3.04,2,0,0,6,6,4,2
2158,5,12,1.527665729,2.55,0,3.04,2,0,0,6,6,4,2
2158,0,2,1.521549159,3.04,2,2.55,0,0,0,6,6,2,4
2158,1,5,1.520082779,3.04,2,2.55,0,0,0,6,6,2,4
2158,2,3,1.507388689,2.55,0,2.55,0,0,0,6,6,4,3
2158,4,5,1.506675655,2.55,0,2.55,0,0,0,6,6,3,4
2158,3,4,1.353560403,2.55,0,2.55,0,0,0,6,6,3,3
2158,0,1,1.221923885,3.04,2,3.04,2,0,0,6,6,2,2
2158,12,13,1.219642374,3.04,2,3.04,2,0,0,6,6,2,2
2158,5,7,1.514971975,2.55,0,2.55,0,0,0,6,0,4,2
2158,2,14,1.509761496,2.55,0,2.55,0,0,0,6,0,4,1
2158,24,25,1.506216643,2.55,0,2.55,0,0,0,0,0,3,1
2158,30,31,1.505643805,2.55,0,2.55,0,0,0,0,0,3,1
2158,3,6,1.500299553,2.55,0,2.55,0,0,0,6,0,3,1
2158,4,8,1.498166822,2.55,0,2.55,0,0,0,6,0,3,2
2158,8,21,1.441234057,2.55,0,3.44,1,0,0,0,0,2,2
2158,7,9,1.427418357,2.55,0,3.44,1,0,0,0,0,2,2
2158,9,30,1.356352251,3.44,1,2.55,0,0,0,0,0,2,3
2158,21,24,1.353806418,3.44,1,2.55,0,0,0,0,0,2,3
2158,24,29,1.208017332,2.55,0,3.44,1,0,0,0,0,3,1
2158,30,35,1.206814526,2.55,0,3.44,1,0,0,0,0,3,1
2159,14,40,1.749813657,2.55,0,2.58,3,1,1,5,5,3,2
2159,33,40,1.747103905,2.55,0,2.58,3,1,1,5,5,3,2
2160,14,25,1.760015745,2.55,0,2.58,3,1,1,5,5,3,2
2160,8,25,1.755350089,2.55,0,2.58,3,1,1,5,5,3,2
2161,14,25,1.761144404,2.55,0,2.58,3,1,1,5,5,3,2
2161,8,25,1.75559342,2.55,0,2.58,3,1,1,5,5,3,2
2162,14,25,1.760006035,2.55,0,2.58,3,1,1,5,5,3,2
2162,8,25,1.75546461,2.55,0,2.58,3,1,1,5,5,3,2
2163,14,25,1.763511637,2.55,0,2.58,3,1,1,5,5,3,2
2163,8,25,1.756804833,2.55,0,2.58,3,1,1,5,5,3,2
2164,1,5,1.594928698,2.55,0,2.55,0,0,0,5,5,3,4
2164,0,2,1.580183336,2.55,0,2.55,0,0,0,5,5,3,3
2164,0,1,1.535328505,2.55,0,2.55,0,0,0,5,5,3,3
2164,2,3,1.524044614,2.55,0,2.55,0,0,0,5,5,3,2
2164,4,5,1.521471358,2.55,0,2.55,0,0,0,5,5,2,4
2164,1,9,1.521329896,2.55,0,2.55,0,0,0,5,5,3,3
2164,0,10,1.519881311,2.55,0,2.55,0,0,0,5,5,3,3
2164,5,7,1.436817797,2.55,0,3.44,1,0,0,5,5,4,2
2164,2,7,1.431550345,2.55,0,3.44,1,0,0,5,5,3,2
2164,9,11,1.415745422,2.55,0,3.04,2,0,0,5,5,3,3
2164,10,11,1.407531508,2.55,0,3.04,2,0,0,5,5,3,3
2164,21,22,1.404463006,2.55,0,2.55,0,1,1,6,6,2,3
2164,22,36,1.402967137,2.55,0,2.55,0,1,1,6,6,3,2
2164,12,20,1.401989998,2.55,0,2.55,0,1,1,6,6,3,2
2164,12,35,1.400586705,2.55,0,2.55,0,1,1,6,6,3,2
2164,35,36,1.395991199,2.55,0,2.55,0,1,1,6,6,2,2
2164,20,21,1.394541411,2.55,0,2.55,0,1,1,6,6,2,2
2164,3,4,1.339262358,2.55,0,2.55,0,0,0,5,5,2,2
2164,5,15,1.523604588,2.55,0,2.55,0,0,0,5,0,4,3
2164,22,23,1.509359326,2.55,0,2.55,0,1,0,6,0,3,1
2164,17,29,1.44783725,3.04,2,2.55,0,0,0,0,0,2,1
2164,11,12,1.431275478,3.04,2,2.55,0,0,1,5,6,3,3
2164,15,17,1.358720996,2.55,0,3.04,2,0,0,0,0,3,2
2164,15,33,1.218037941,2.55,0,3.44,1,0,0,0,0,3,1
2164,10,14,1.206839108,2.55,0,3.44,1,0,0,5,0,3,1
2164,9,13,1.203230449,2.55,0,3.44,1,0,0,5,0,3,1
2165,1,5,1.580763262,2.55,0,2.55,0,0,0,5,5,3,4
2165,0,2,1.579115051,2.55,0,2.55,0,0,0,5,5,3,3
2165,0,1,1.568432228,2.55,0,2.55,0,0,0,5,5,3,3
2165,5,7,1.555577481,2.55,0,2.55,0,0,0,5,5,4,2
2165,1,9,1.548190403,2.55,0,2.55,0,0,0,5,5,3,2
2165,2,7,1.545185678,2.55,0,2.55,0,0,0,5,5,3,2
2165,4,5,1.529269457,2.55,0,2.55,0,0,0,5,5,2,4
2165,2,3,1.51924556,2.55,0,2.55,0,0,0,5,5,3,2
2165,9,11,1.518487652,2.55,0,2.55,0,0,0,5,5,2,3
2165,0,10,1.504260029,2.55,0,2.55,0,0,0,5,5,3,2
2165,10,11,1.344060516,2.55,0,2.55,0,0,0,5,5,2,3
2165,3,4,1.342127962,2.55,0,2.55,0,0,0,5,5,2,2
2165,13,15,1.533841911,2.55,0,2.55,0,0,0,0,0,2,2
2165,12,22,1.530812919,2.55,0,2.55,0,0,0,0,0,2,2
2165,15,18,1.530191032,2.55,0,2.55,0,0,0,0,0,2,1
2165,22,23,1.52998107,2.55,0,2.55,0,0,0,0,0,2,1
2165,5,13,1.527970074,2.55,0,2.55,0,0,0,5,0,4,2
2165,11,12,1.50305922,2.55,0,2.55,0,0,0,5,0,3,2
2166,1,5,1.584504395,2.55,0,2.55,0,0,0,5,5,3,4
2166,0,2,1.575573846,2.55,0,2.55,0,0,0,5,5,3,3
2166,0,1,1.574768318,2.55,0,2.55,0,0,0,5,5,3,3
2166,1,9,1.554398734,2.55,0,2.55,0,0,0,5,5,3,2
2166,5,7,1.554240243,2.55,0,2.55,0,0,0,5,5,4,2
2166,2,7,1.543110359,2.55,0,2.55,0,0,0,5,5,3,2
2166,4,5,1.532671907,2.55,0,2.55,0,0,0,5,5,2,4
2166,2,3,1.521261974,2.55,0,2.55,0,0,0,5,5,3,2
2166,9,11,1.516296611,2.55,0,2.55,0,0,0,5,5,2,3
2166,0,10,1.504900372,2.55,0,2.55,0,0,0,5,5,3,2
2166,10,11,1.343278823,2.55,0,2.55,0,0,0,5,5,2,3
2166,3,4,1.341196092,2.55,0,2.55,0,0,0,5,5,2,2
2166,13,15,1.534838329,2.55,0,2.55,0,0,0,0,0,2,2
2166,12,22,1.531048866,2.55,0,2.55,0,0,0,0,0,2,2
2166,15,18,1.530268707,2.55,0,2.55,0,0,0,0,0,2,1
2166,22,23,1.529918742,2.55,0,2.55,0,0,0,0,0,2,1
2166,5,13,1.529394527,2.55,0,2.55,0,0,0,5,0,4,2
2166,11,12,1.503311891,2.55,0,2.55,0,0,0,5,0,3,2
2167,1,5,1.591442423,2.55,0,2.55,0,0,0,6,6,3,4
2167,0,2,1.564982008,2.55,0,2.55,0,0,0,6,6,3,3
2167,5,36,1.562552223,2.55,0,2.55,0,0,0,6,6,4,2
2167,0,1,1.556265554,2.55,0,2.55,0,0,0,6,6,3,3
2167,7,36,1.546363732,2.55,0,2.55,0,0,0,6,6,2,2
2167,2,7,1.546090488,2.55,0,2.55,0,0,0,6,6,3,2
2167,0,15,1.527700228,2.55,0,2.55,0,0,0,6,6,3,3
2167,1,19,1.524403908,2.55,0,2.55,0,0,0,6,6,3,3
2167,4,5,1.515838822,2.55,0,2.55,0,0,0,6,6,2,4
2167,2,3,1.50952296,2.55,0,2.55,0,0,0,6,6,3,2
2167,18,19,1.502101321,2.55,0,2.55,0,0,0,6,6,3,3
2167,15,17,1.474606526,2.55,0,2.55,0,0,0,6,6,3,2
2167,17,18,1.353206038,2.55,0,2.55,0,0,0,6,6,2,3
2167,3,4,1.340666222,2.55,0,2.55,0,0,0,6,6,2,2
2167,5,9,1.532272022,2.55,0,2.55,0,0,0,6,0,4,2
2167,12,32,1.515967194,2.55,0,2.55,0,0,0,0,0,3,1
2167,23,24,1.504417002,2.55,0,2.55,0,0,0,0,0,3,1
2167,9,11,1.429130037,2.55,0,3.44,1,0,0,0,0,2,2
2167,22,23,1.377795282,3.44,1,2.55,0,0,0,0,0,2,3
2167,18,22,1.362309917,2.55,0,3.44,1,0,0,6,0,3,2
2167,11,12,1.360668454,3.44,1,2.55,0,0,0,0,0,2,3
2167,15,29,1.217955752,2.55,0,3.44,1,0,0,6,0,3,1
2167,19,30,1.214846254,2.55,0,3.44,1,0,0,6,0,3,1
2167,12,31,1.200733046,2.55,0,3.44,1,0,0,0,0,3,1
2167,23,28,1.198448829,2.55,0,3.44,1,0,0,0,0,3,1
2168,1,5,1.591378841,2.55,0,2.55,0,0,0,6,6,3,4
2168,0,2,1.564567527,2.55,0,2.55,0,0,0,6,6,3,3
2168,5,28,1.563024466,2.55,0,2.55,0,0,0,6,6,4,2
2168,0,1,1.559559295,2.55,0,2.55,0,0,0,6,6,3,3
2168,7,28,1.545988681,2.55,0,2.55,0,0,0,6,6,2,2
2168,2,7,1.545609079,2.55,0,2.55,0,0,0,6,6,3,2
2168,0,15,1.529937854,2.55,0,2.55,0,0,0,6,6,3,3
2168,1,19,1.528087009,2.55,0,2.55,0,0,0,6,6,3,3
2168,4,5,1.516030639,2.55,0,2.55,0,0,0,6,6,2,4
2168,2,3,1.50987216,2.55,0,2.55,0,0,0,6,6,3,2
2168,18,19,1.492395744,2.55,0,2.55,0,1,0,6,6,3,3
2168,15,17,1.487791975,2.55,0,2.55,0,0,1,6,6,3,3
2168,17,18,1.408438706,2.55,0,2.55,0,1,1,6,6,3,3
2168,40,41,1.40711522,2.55,0,2.55,0,1,1,6,6,3,2
2168,17,42,1.404561896,2.55,0,2.55,0,1,1,6,6,3,2
2168,18,43,1.401014002,2.55,0,2.55,0,1,1,6,6,3,2
2168,40,43,1.393873296,2.55,0,2.55,0,1,1,6,6,3,2
2168,41,42,1.391387429,2.55,0,2.55,0,1,1,6,6,2,2
2168,3,4,1.34054095,2.55,0,2.55,0,0,0,6,6,2,2
2168,5,9,1.532690139,2.55,0,2.55,0,0,0,6,0,4,2
2168,12,24,1.516064068,2.55,0,2.55,0,0,0,0,0,3,1
2168,35,36,1.505782066,2.55,0,2.55,0,0,0,0,0,3,1
2168,9,11,1.430143494,2.55,0,3.44,1,0,0,0,0,2,2
2168,38,40,1.380115906,3.44,1,2.55,0,0,1,0,6,2,3
2168,35,38,1.37346212,2.55,0,3.44,1,0,0,0,0,3,2
2168,11,12,1.359708848,3.44,1,2.55,0,0,0,0,0,2,3
2168,19,22,1.220009775,2.55,0,3.44,1,0,0,6,0,3,1
2168,15,21,1.21763245,2.55,0,3.44,1,0,0,6,0,3,1
2168,12,23,1.201112784,2.55,0,3.44,1,0,0,0,0,3,1
2168,33,35,1.199227556,3.44,1,2.55,0,0,0,0,0,1,3
2169,1,5,1.580594432,2.55,0,2.55,0,0,0,5,5,3,4
2169,33,34,1.573256879,2.55,0,2.55,0,0,0,6,6,3,4
2169,0,2,1.56699191,2.55,0,2.55,0,0,0,5,5,3,3
2169,34,35,1.557765803,2.55,0,2.55,0,0,0,6,6,4,2
2169,26,35,1.551525288,2.55,0,2.55,0,0,0,6,6,4,2
2169,30,33,1.548652968,2.55,0,2.55,0,0,0,6,6,3,3
2169,71,77,1.548645684,2.55,0,2.55,0,0,0,6,6,4,2
2169,71,76,1.547146631,2.55,0,2.55,0,0,0,6,6,4,2
2169,26,29,1.546718073,2.55,0,2.55,0,0,0,6,6,4,2
2169,0,1,1.545531742,2.55,0,2.55,0,0,0,5,5,3,3
2169,29,30,1.540081702,2.55,0,2.55,0,0,0,6,6,2,3
2169,77,78,1.538615275,2.55,0,2.55,0,0,0,6,6,2,3
2169,76,82,1.537298259,2.55,0,2.55,0,0,0,6,6,2,3
2169,78,81,1.537006664,2.55,0,2.55,0,0,0,6,6,3,2
2169,81,82,1.536485461,2.55,0,2.55,0,0,0,6,6,2,3
2169,4,5,1.530057329,2.55,0,2.55,0,0,0,5,5,2,4
2169,0,19,1.527046187,2.55,0,2.55,0,0,0,5,5,3,3
2169,1,17,1.526077773,2.55,0,2.55,0,0,0,5,5,3,3
2169,2,3,1.523045214,2.55,0,2.55,0,0,0,5,5,3,2
2169,5,15,1.446670215,2.55,0,3.44,1,0,0,5,5,4,2
2169,2,15,1.436615982,2.55,0,3.44,1,0,0,5,5,3,2
2169,19,21,1.400284746,2.55,0,3.04,2,0,0,5,5,3,3
2169,17,21,1.392234158,2.55,0,3.04,2,0,0,5,5,3,3
2169,3,4,1.33817532,2.55,0,2.55,0,0,0,5,5,2,2
2169,70,71,1.555502151,2.55,0,2.55,0,0,0,0,6,2,4
2169,22,26,1.554808622,2.55,0,2.55,0,0,0,0,6,2,4
2169,34,49,1.544988278,2.55,0,2.55,0,0,0,6,0,4,1
2169,34,53,1.544041782,2.55,0,2.55,0,0,0,6,0,4,1
2169,33,39,1.54160126,2.55,0,2.55,0,0,0,6,0,3,3
2169,26,38,1.541146588,2.55,0,2.55,0,0,0,6,0,4,1
2169,71,96,1.538588253,2.55,0,2.55,0,0,0,6,0,4,1
2169,61,62,1.533953449,2.55,0,2.55,0,0,0,0,0,2,2
2169,78,87,1.532555594,2.55,0,2.55,0,0,0,6,0,3,1
2169,5,7,1.522191697,2.55,0,2.55,0,0,0,5,0,4,2
2169,39,41,1.5168504,2.55,0,2.55,0,0,0,0,0,3,1
2169,21,61,1.456606607,3.04,2,2.55,0,0,0,5,0,3,2
2169,14,22,1.452258502,3.04,2,2.55,0,0,0,0,0,2,2
2169,30,57,1.452224842,2.55,0,3.04,2,0,0,6,0,3,2
2169,69,70,1.450535272,3.04,2,2.55,0,0,0,0,0,2,2
2169,82,92,1.444380827,2.55,0,3.04,2,0,0,6,0,3,2
2169,62,65,1.424802065,2.55,0,3.44,1,0,0,0,0,2,2
2169,7,9,1.419458529,2.55,0,3.44,1,0,0,0,0,2,2
2169,9,10,1.375215019,3.44,1,2.55,0,0,0,0,0,2,3
2169,10,14,1.369012318,2.55,0,3.04,2,0,0,0,0,3,2
2169,65,68,1.364492451,3.44,1,2.55,0,0,0,0,0,2,3
2169,68,69,1.36081158,2.55,0,3.04,2,0,0,0,0,3,2
2169,39,45,1.214007712,2.55,0,3.44,1,0,0,0,0,3,1
2169,68,74,1.211980184,2.55,0,3.44,1,0,0,0,0,3,1
2169,17,23,1.210082657,2.55,0,3.44,1,0,0,5,0,3,1
2169,10,13,1.206153227,2.55,0,3.44,1,0,0,0,0,3,1
2169,19,24,1.205013912,2.55,0,3.44,1,0,0,5,0,3,1
2169,57,59,1.203859005,3.04,2,2.55,0,0,0,0,0,2,2
2169,92,94,1.201691884,3.04,2,2.55,0,0,0,0,0,2,2
2169,94,95,1.176142701,2.55,0,3.44,1,0,0,0,0,2,1
2169,59,60,1.174994542,2.55,0,3.44,1,0,0,0,0,2,1
2170,5,8,1.568923971,2.55,0,2.55,0,0,0,6,6,3,4
2170,1,8,1.560385207,2.55,0,2.55,0,0,0,6,6,3,4
2170,8,22,1.556193082,2.55,0,2.55,0,0,0,6,6,4,3
2170,0,9,1.526690307,2.55,0,2.55,0,0,0,6,6,3,3
2170,9,20,1.5247982,2.55,0,2.55,0,0,0,6,6,3,3
2170,4,9,1.51446984,2.55,0,2.55,0,0,0,6,6,3,3
2170,19,21,1.499037685,2.55,0,2.55,0,0,0,6,6,2,3
2170,21,22,1.496821013,2.55,0,2.55,0,0,0,6,6,3,3
2170,6,7,1.49679668,2.55,0,2.55,0,0,0,6,6,3,2
2170,5,6,1.492009334,2.55,0,2.55,0,0,0,6,6,3,3
2170,3,4,1.488733629,2.55,0,2.55,0,0,0,6,6,3,3
2170,17,18,1.485673933,2.55,0,2.55,0,0,0,6,6,2,3
2170,18,20,1.485265441,2.55,0,2.55,0,0,0,6,6,3,3
2170,2,3,1.484507508,2.55,0,2.55,0,0,0,6,6,2,3
2170,26,29,1.404623524,2.55,0,2.55,0,0,0,6,6,2,3
2170,0,1,1.401641047,2.55,0,2.55,0,0,0,6,6,3,3
2170,27,28,1.400629045,2.55,0,2.55,0,0,0,6,6,2,2
2170,28,29,1.395832771,2.55,0,2.55,0,0,0,6,6,2,3
2170,1,26,1.391240202,2.55,0,2.55,0,0,0,6,6,3,2
2170,0,27,1.391136278,2.55,0,2.55,0,0,0,6,6,3,2
2170,4,5,1.354508971,2.55,0,2.55,0,0,0,6,6,3,3
2170,20,22,1.353933501,2.55,0,2.55,0,0,0,6,6,3,3
2170,17,19,1.34370851,2.55,0,2.55,0,0,0,6,6,2,2
2170,2,7,1.342994073,2.55,0,2.55,0,0,0,6,6,2,2
2170,11,14,1.519020457,2.55,0,2.55,0,0,0,0,0,2,2
2170,13,40,1.510402498,2.55,0,2.55,0,0,0,0,0,3,1
2170,47,48,1.506907434,2.55,0,2.55,0,0,0,0,0,3,1
2170,11,12,1.433026906,2.55,0,3.44,1,0,0,0,0,2,2
2170,10,14,1.424332912,3.44,1,2.55,0,0,0,0,0,2,2
2170,29,49,1.386761631,2.55,0,3.44,1,0,0,6,0,3,2
2170,8,10,1.383559213,2.55,0,3.44,1,0,0,6,0,4,2
2170,47,49,1.36834329,2.55,0,3.44,1,0,0,0,0,3,2
2170,12,13,1.349574624,3.44,1,2.55,0,0,0,0,0,2,3
2170,18,32,1.219773351,2.55,0,3.44,1,0,0,6,0,3,1
2170,3,36,1.218763891,2.55,0,3.44,1,0,0,6,0,3,1
2170,6,37,1.21851836,2.55,0,3.44,1,0,0,6,0,3,1
2170,21,33,1.214858951,2.55,0,3.44,1,0,0,6,0,3,1
2170,13,44,1.20520943,2.55,0,3.44,1,0,0,0,0,3,1
2170,46,47,1.200878572,3.44,1,2.55,0,0,0,0,0,1,3
2171,43,45,1.580186675,2.55,0,2.55,0,0,0,5,5,4,4
2171,44,45,1.580056042,2.55,0,2.55,0,0,0,5,5,4,4
2171,19,44,1.56839994,2.55,0,2.55,0,0,0,5,5,3,4
2171,5,8,1.568289372,2.55,0,2.55,0,0,0,6,6,3,4
2171,17,19,1.566871772,2.55,0,2.55,0,0,0,5,5,3,3
2171,17,43,1.561896622,2.55,0,2.55,0,0,0,5,5,3,4
2171,1,8,1.558788566,2.55,0,2.55,0,0,0,6,6,3,4
2171,8,22,1.552439275,2.55,0,2.55,0,0,0,6,6,4,3
2171,19,21,1.532009061,2.55,0,2.55,0,0,0,5,6,3,3
2171,17,18,1.528795859,2.55,0,2.55,0,0,0,5,6,3,3
2171,9,20,1.527882862,2.55,0,2.55,0,0,0,6,6,3,3
2171,43,46,1.525533184,2.55,0,2.55,0,0,0,5,5,4,3
2171,0,9,1.525022291,2.55,0,2.55,0,0,0,6,6,3,3
2171,44,48,1.523855892,2.55,0,2.55,0,0,0,5,5,4,3
2171,4,9,1.516168859,2.55,0,2.55,0,0,0,6,6,3,3
2171,6,7,1.49618855,2.55,0,2.55,0,0,0,6,6,3,2
2171,5,6,1.492660392,2.55,0,2.55,0,0,0,6,6,3,3
2171,21,22,1.492575678,2.55,0,2.55,0,0,0,6,6,3,3
2171,3,4,1.488860982,2.55,0,2.55,0,0,0,6,6,3,3
2171,2,3,1.484461909,2.55,0,2.55,0,0,0,6,6,2,3
2171,18,20,1.48047098,2.55,0,2.55,0,0,0,6,6,3,3
2171,26,29,1.404410953,2.55,0,2.55,0,0,0,6,6,2,3
2171,0,1,1.401140242,2.55,0,2.55,0,0,0,6,6,3,3
2171,27,28,1.400140607,2.55,0,2.55,0,0,0,6,6,2,2
2171,28,29,1.39651249,2.55,0,2.55,0,0,0,6,6,2,3
2171,0,27,1.391640436,2.55,0,2.55,0,0,0,6,6,3,2
2171,1,26,1.391561935,2.55,0,2.55,0,0,0,6,6,3,2
2171,4,5,1.355678325,2.55,0,2.55,0,0,0,6,6,3,3
2171,20,22,1.353730674,2.55,0,2.55,0,0,0,6,6,3,3
2171,46,48,1.346428934,2.55,0,2.55,0,0,0,5,5,3,3
2171,2,7,1.342957003,2.55,0,2.55,0,0,0,6,6,2,2
2171,11,14,1.518753227,2.55,0,2.55,0,0,0,0,0,2,2
2171,13,38,1.510434903,2.55,0,2.55,0,0,0,0,0,3,1
2171,65,69,1.506784685,2.55,0,2.55,0,0,0,0,0,3,1
2171,11,12,1.432885851,2.55,0,3.44,1,0,0,0,0,2,2
2171,52,53,1.42629946,3.44,1,2.55,0,0,0,0,0,2,1
2171,10,14,1.425062469,3.44,1,2.55,0,0,0,0,0,2,2
2171,57,58,1.424522657,3.44,1,2.55,0,0,0,0,0,2,1
2171,45,52,1.390484771,2.55,0,3.44,1,0,0,5,0,4,2
2171,29,68,1.386694524,2.55,0,3.44,1,0,0,6,0,3,2
2171,8,10,1.384205227,2.55,0,3.44,1,0,0,6,0,4,2
2171,45,57,1.376234797,2.55,0,3.44,1,0,0,5,0,4,2
2171,65,68,1.368443431,2.55,0,3.44,1,0,0,0,0,3,2
2171,12,13,1.34969234,3.44,1,2.55,0,0,0,0,0,2,3
2171,3,34,1.218729455,2.55,0,3.44,1,0,0,6,0,3,1
2171,6,35,1.218209285,2.55,0,3.44,1,0,0,6,0,3,1
2171,18,32,1.213909982,2.55,0,3.44,1,0,0,6,0,3,1
2171,21,33,1.208384952,2.55,0,3.44,1,0,0,6,0,3,1
2171,13,42,1.205113209,2.55,0,3.44,1,0,0,0,0,3,1
2171,64,65,1.200862055,3.44,1,2.55,0,0,0,0,0,1,3
2172,39,41,1.582921921,2.55,0,2.55,0,0,0,5,5,4,4
2172,70,74,1.582625806,2.55,0,2.55,0,0,0,5,5,4,4
2172,63,70,1.580897089,2.55,0,2.55,0,0,0,5,5,4,4
2172,40,41,1.580616954,2.55,0,2.55,0,0,0,5,5,4,4
2172,74,78,1.580452182,2.55,0,2.55,0,0,0,5,5,4,3
2172,15,39,1.579564262,2.55,0,2.55,0,0,0,5,5,3,4
2172,4,6,1.577272559,2.55,0,2.55,0,0,0,6,6,3,4
2172,63,72,1.574478572,2.55,0,2.55,0,0,0,5,5,4,3
2172,17,40,1.571774361,2.55,0,2.55,0,0,0,5,5,3,4
2172,1,6,1.560809866,2.55,0,2.55,0,0,0,6,6,3,4
2172,15,17,1.558346144,2.55,0,2.55,0,0,0,5,5,3,3
2172,6,20,1.557880607,2.55,0,2.55,0,0,0,6,6,4,3
2172,72,78,1.55592995,2.55,0,2.55,0,0,0,5,5,3,3
2172,17,19,1.533457446,2.55,0,2.55,0,0,0,5,6,3,3
2172,5,72,1.530846716,2.55,0,2.55,0,0,0,6,5,3,3
2172,0,7,1.523647415,2.55,0,2.55,0,0,0,6,6,3,3
2172,15,16,1.522828242,2.55,0,2.55,0,0,0,5,6,3,3
2172,7,18,1.521928472,2.55,0,2.55,0,0,0,6,6,3,3
2172,62,63,1.521263424,2.55,0,2.55,0,0,0,5,5,3,4
2172,2,78,1.521167285,2.55,0,2.55,0,0,0,6,5,3,3
2172,40,44,1.521147517,2.55,0,2.55,0,0,0,5,5,4,3
2172,39,42,1.519394619,2.55,0,2.55,0,0,0,5,5,4,3
2172,67,74,1.518605025,2.55,0,2.55,0,0,0,5,5,3,4
2172,3,7,1.518164176,2.55,0,2.55,0,0,0,6,6,3,3
2172,19,20,1.494205341,2.55,0,2.55,0,0,0,6,6,3,3
2172,4,5,1.485882143,2.55,0,2.55,0,0,0,6,6,3,3
2172,2,3,1.485482998,2.55,0,2.55,0,0,0,6,6,3,3
2172,16,18,1.481431312,2.55,0,2.55,0,0,0,6,6,3,3
2172,22,25,1.404660812,2.55,0,2.55,0,0,0,6,6,2,3
2172,0,1,1.401832978,2.55,0,2.55,0,0,0,6,6,3,3
2172,23,24,1.398312519,2.55,0,2.55,0,0,0,6,6,2,2
2172,24,25,1.396623932,2.55,0,2.55,0,0,0,6,6,2,3
2172,1,22,1.393428784,2.55,0,2.55,0,0,0,6,6,3,2
2172,0,23,1.391649617,2.55,0,2.55,0,0,0,6,6,3,2
2172,3,4,1.357503209,2.55,0,2.55,0,0,0,6,6,3,3
2172,18,20,1.355448701,2.55,0,2.55,0,0,0,6,6,3,3
2172,62,67,1.344823728,2.55,0,2.55,0,0,0,5,5,3,3
2172,42,44,1.344728579,2.55,0,2.55,0,0,0,5,5,3,3
2172,9,12,1.519671673,2.55,0,2.55,0,0,0,0,0,2,2
2172,11,34,1.510963696,2.55,0,2.55,0,0,0,0,0,3,1
2172,85,86,1.50754377,2.55,0,2.55,0,0,0,0,0,1,3
2172,9,10,1.434211291,2.55,0,3.44,1,0,0,0,0,2,2
2172,73,76,1.427248616,2.55,0,3.44,1,0,0,0,0,1,2
2172,53,54,1.427111288,3.44,1,2.55,0,0,0,0,0,2,1
2172,64,69,1.425428276,3.44,1,2.55,0,0,0,0,0,2,1
2172,8,12,1.425071258,3.44,1,2.55,0,0,0,0,0,2,2
2172,48,49,1.424930011,3.44,1,2.55,0,0,0,0,0,2,1
2172,25,84,1.387406466,2.55,0,3.44,1,0,0,6,0,3,2
2172,41,53,1.386602842,2.55,0,3.44,1,0,0,5,0,4,2
2172,70,76,1.386460356,2.55,0,3.44,1,0,0,5,0,4,2
2172,6,8,1.382391989,2.55,0,3.44,1,0,0,6,0,4,2
2172,41,48,1.377055909,2.55,0,3.44,1,0,0,5,0,4,2
2172,64,70,1.376683127,3.44,1,2.55,0,0,0,0,5,2,4
2172,84,86,1.366313722,3.44,1,2.55,0,0,0,0,0,2,3
2172,10,11,1.348194503,3.44,1,2.55,0,0,0,0,0,2,3
2172,16,28,1.214936836,2.55,0,3.44,1,0,0,6,0,3,1
2172,5,31,1.214310112,2.55,0,3.44,1,0,0,6,0,3,1
2172,2,30,1.214186641,2.55,0,3.44,1,0,0,6,0,3,1
2172,19,29,1.209657495,2.55,0,3.44,1,0,0,6,0,3,1
2172,11,38,1.205385585,2.55,0,3.44,1,0,0,0,0,3,1
2172,86,89,1.201382166,2.55,0,3.44,1,0,0,0,0,3,1
2173,0,1,1.587844607,2.55,0,2.55,0,0,0,5,5,3,4
2173,3,4,1.582696128,2.55,0,2.55,0,0,0,5,5,3,3
2173,0,3,1.532478137,2.55,0,2.55,0,0,0,5,5,3,3
2173,1,2,1.52879317,2.55,0,2.55,0,0,0,5,5,4,2
2173,4,5,1.522683685,2.55,0,2.55,0,0,0,5,5,3,2
2173,3,9,1.519758246,2.55,0,2.55,0,0,0,5,5,3,3
2173,0,6,1.516598771,2.55,0,2.55,0,0,0,5,5,3,3
2173,1,13,1.438737976,2.55,0,3.44,1,0,0,5,5,4,2
2173,91,93,1.437710978,2.55,0,2.55,0,1,1,5,5,2,2
2173,4,13,1.42910954,2.55,0,3.44,1,0,0,5,5,3,2
2173,8,9,1.413384808,3.04,2,2.55,0,0,0,5,5,3,3
2173,6,8,1.409053088,2.55,0,3.04,2,0,0,5,5,3,3
2173,25,26,1.406620892,2.55,0,2.55,0,1,1,6,6,3,2
2173,15,22,1.403287904,2.55,0,2.55,0,1,1,6,6,3,2
2173,24,25,1.401578964,2.55,0,2.55,0,1,1,6,6,2,3
2173,15,23,1.398611874,2.55,0,2.55,0,1,1,6,6,3,2
2173,23,24,1.398202022,2.55,0,2.55,0,1,1,6,6,2,2
2173,22,26,1.392449331,2.55,0,2.55,0,1,1,6,6,2,2
2173,89,91,1.369560159,2.55,0,2.55,0,1,1,5,5,3,2
2173,89,94,1.36490761,2.55,0,3.44,1,1,1,5,5,3,2
2173,90,93,1.364707946,2.55,0,2.55,0,1,1,5,5,2,2
2173,90,94,1.360995264,2.55,0,3.44,1,1,1,5,5,2,2
2173,2,5,1.339037032,2.55,0,2.55,0,0,0,5,5,2,2
2173,88,92,1.538881376,2.55,0,2.55,0,0,0,0,0,2,2
2173,73,74,1.538157592,2.55,0,2.55,0,0,0,0,0,4,1
2173,106,107,1.537667594,2.55,0,2.55,0,0,0,0,0,4,1
2173,106,115,1.537023348,2.55,0,2.55,0,0,0,0,0,4,1
2173,73,78,1.536979559,2.55,0,2.55,0,0,0,0,0,4,1
2173,56,68,1.536059235,2.55,0,2.55,0,0,0,0,0,3,2
2173,51,95,1.533631296,2.55,0,2.55,0,0,0,0,0,3,2
2173,51,52,1.533607035,2.55,0,2.55,0,0,0,0,0,3,2
2173,73,82,1.532100821,2.55,0,2.55,0,0,0,0,0,4,1
2173,106,111,1.531695154,2.55,0,2.55,0,0,0,0,0,4,1
2173,88,95,1.53029048,2.55,0,2.55,0,0,0,0,0,2,2
2173,56,57,1.528997102,2.55,0,2.55,0,0,0,0,0,3,2
2173,48,49,1.528487275,2.55,0,2.55,0,0,0,0,0,3,2
2173,31,32,1.527994333,2.55,0,2.55,0,0,0,0,0,2,1
2173,38,39,1.526017531,2.55,0,2.55,0,0,0,0,0,2,3
2173,39,42,1.524816756,2.55,0,2.55,0,0,0,0,0,3,2
2173,1,14,1.519084693,2.55,0,2.55,0,0,0,5,0,4,2
2173,25,31,1.519070927,2.55,0,2.55,0,1,0,6,0,3,2
2173,119,120,1.517913906,2.55,0,2.55,0,0,0,0,0,2,1
2173,61,62,1.517877324,2.55,0,2.55,0,0,0,0,0,2,1
2173,89,92,1.492668032,2.55,0,2.55,0,1,0,5,0,3,2
2173,104,106,1.444295457,3.44,1,2.55,0,0,0,0,0,2,4
2173,70,73,1.435830178,3.44,1,2.55,0,0,0,0,0,2,4
2173,8,15,1.431103767,3.04,2,2.55,0,0,1,5,6,3,3
2173,16,38,1.421635071,3.44,1,2.55,0,0,0,0,0,2,2
2173,50,51,1.421339801,3.44,1,2.55,0,0,0,0,0,2,3
2173,53,56,1.420834409,3.44,1,2.55,0,0,0,0,0,2,3
2173,43,119,1.415500563,3.44,1,2.55,0,0,0,0,0,2,2
2173,39,43,1.415449588,2.55,0,3.44,1,0,0,0,0,3,2
2173,42,45,1.413986591,2.55,0,3.44,1,0,0,0,0,2,2
2173,49,50,1.411043029,2.55,0,3.44,1,0,0,0,0,2,2
2173,58,61,1.410350982,3.44,1,2.55,0,0,0,0,0,2,2
2173,52,53,1.410317122,2.55,0,3.44,1,0,0,0,0,2,2
2173,48,104,1.40844843,2.55,0,3.44,1,0,0,0,0,3,2
2173,68,70,1.404509673,2.55,0,3.44,1,0,0,0,0,2,2
2173,14,16,1.403846417,2.55,0,3.44,1,0,0,0,0,2,2
2173,57,58,1.402498461,2.55,0,3.44,1,0,0,0,0,2,2
2173,45,48,1.395943056,3.44,1,2.55,0,0,0,0,0,2,3
2173,6,11,1.20776103,2.55,0,3.44,1,0,0,5,0,3,1
2173,9,12,1.205815024,2.55,0,3.44,1,0,0,5,0,3,1
2174,9,13,1.576821778,2.55,0,2.55,0,0,0,6,5,4,3
2174,10,12,1.567002813,2.55,0,2.55,0,0,0,6,5,3,3
2174,1,9,1.543029475,2.55,0,2.55,0,1,0,6,6,3,4
2174,5,9,1.540406132,2.55,0,2.55,0,0,0,6,6,3,4
2174,12,13,1.53747253,2.55,0,2.55,0,0,0,5,5,3,3
2174,13,24,1.529137367,2.55,0,2.55,0,0,0,5,5,3,3
2174,12,26,1.524216962,2.55,0,2.55,0,0,0,5,5,3,3
2174,4,10,1.517327752,2.55,0,2.55,0,0,0,6,6,3,3
2174,0,10,1.513931589,2.55,0,2.55,0,1,0,6,6,3,3
2174,64,67,1.419517039,2.55,0,2.55,0,1,1,6,6,2,3
2174,24,28,1.419411095,2.55,0,3.04,2,0,0,5,5,3,3
2174,26,28,1.417074134,2.55,0,3.04,2,0,0,5,5,3,3
2174,67,72,1.416003607,2.55,0,2.55,0,1,1,6,6,3,2
2174,4,5,1.413061389,2.55,0,2.55,0,0,0,6,6,3,3
2174,71,75,1.408939131,2.55,0,2.55,0,1,1,6,6,2,3
2174,0,1,1.407525718,2.55,0,2.55,0,1,1,6,6,3,3
2174,75,77,1.406558141,2.55,0,2.55,0,1,1,6,6,3,2
2174,37,38,1.401824223,2.55,0,2.55,0,1,1,6,6,3,2
2174,16,19,1.40165019,2.55,0,2.55,0,1,1,6,6,2,2
2174,36,37,1.401414321,2.55,0,2.55,0,1,1,6,6,2,3
2174,6,8,1.401197031,2.55,0,2.55,0,0,0,6,6,2,2
2174,17,18,1.400906952,2.55,0,2.55,0,1,1,6,6,2,2
2174,2,3,1.399382283,2.55,0,2.55,0,0,0,6,6,2,2
2174,5,6,1.397913049,2.55,0,2.55,0,0,0,6,6,3,2
2174,38,39,1.397646795,2.55,0,2.55,0,1,1,6,6,2,2
2174,34,35,1.397065017,2.55,0,2.55,0,1,1,6,6,3,2
2174,18,19,1.396776657,2.55,0,2.55,0,1,1,6,6,2,2
2174,2,8,1.396381774,2.55,0,2.55,0,0,0,6,6,2,2
2174,1,16,1.395738403,2.55,0,2.55,0,1,1,6,6,3,2
2174,3,4,1.395366909,2.55,0,2.55,0,0,0,6,6,2,3
2174,0,17,1.394469747,2.55,0,2.55,0,1,1,6,6,3,2
2174,34,39,1.393660393,2.55,0,2.55,0,1,1,6,6,3,2
2174,35,36,1.393550133,2.55,0,2.55,0,1,1,6,6,2,2
2174,72,77,1.393399108,2.55,0,2.55,0,1,1,6,6,2,2
2174,64,71,1.389973151,2.55,0,2.55,0,1,1,6,6,2,2
2174,61,66,1.537042203,2.55,0,2.55,0,0,0,0,0,2,2
2174,52,56,1.533339127,2.55,0,2.55,0,0,0,0,0,1,2
2174,9,65,1.532999714,2.55,0,2.55,0,0,0,6,0,4,3
2174,45,46,1.508784645,2.55,0,2.55,0,0,0,0,0,3,1
2174,78,81,1.499460194,2.55,0,2.55,0,0,0,0,0,2,1
2174,75,79,1.469661482,2.55,0,2.55,0,1,0,6,0,3,2
2174,56,62,1.460292522,2.55,0,3.04,2,0,0,0,0,2,3
2174,62,66,1.44964293,3.04,2,2.55,0,0,0,0,0,3,2
2174,61,68,1.442031596,2.55,0,3.44,1,0,0,0,0,2,2
2174,28,29,1.428122884,3.04,2,2.55,0,0,0,5,0,3,3
2174,62,67,1.39405048,3.04,2,2.55,0,0,1,0,6,3,3
2174,33,34,1.393741579,3.44,1,2.55,0,0,1,0,6,2,3
2174,37,44,1.386422099,2.55,0,3.44,1,1,0,6,0,3,2
2174,44,45,1.36199736,3.44,1,2.55,0,0,0,0,0,2,3
2174,78,79,1.345562448,2.55,0,2.55,0,0,0,0,0,2,2
2174,65,68,1.340949776,2.55,0,3.44,1,0,0,0,0,3,2
2174,29,33,1.339951055,2.55,0,3.44,1,0,0,0,0,3,2
2174,60,65,1.20676099,3.44,1,2.55,0,0,0,0,0,1,3
2174,45,50,1.20234531,2.55,0,3.44,1,0,0,0,0,3,1
2174,26,31,1.201619717,2.55,0,3.44,1,0,0,5,0,3,1
2174,24,30,1.199840146,2.55,0,3.44,1,0,0,5,0,3,1
2174,29,32,1.194585477,2.55,0,3.44,1,0,0,0,0,3,1
2175,5,8,1.571822195,2.55,0,2.55,0,0,0,6,6,3,4
2175,8,9,1.571443649,2.55,0,2.55,0,0,0,6,6,4,2
2175,8,16,1.566024521,2.55,0,2.55,0,0,0,6,6,4,3
2175,16,18,1.56413387,2.55,0,2.55,0,0,0,6,6,3,3
2175,22,25,1.54696369,2.55,0,2.55,0,0,0,6,6,2,2
2175,1,2,1.546688532,2.55,0,2.55,0,0,0,6,6,2,2
2175,16,19,1.546634946,2.55,0,2.55,0,0,0,6,6,3,2
2175,2,5,1.545209261,2.55,0,2.55,0,0,0,6,6,2,3
2175,18,28,1.54439028,2.55,0,2.55,0,0,0,6,6,3,2
2175,25,28,1.542229301,2.55,0,2.55,0,0,0,6,6,2,2
2175,0,1,1.540683291,2.55,0,2.55,0,0,0,6,6,2,2
2175,0,9,1.533238951,2.55,0,2.55,0,0,0,6,6,2,2
2175,19,22,1.532962558,2.55,0,2.55,0,0,0,6,6,2,2
2175,5,14,1.512688118,2.55,0,2.55,0,0,0,6,6,3,3
2175,18,21,1.497057289,2.55,0,2.55,0,0,0,6,6,3,2
2175,14,21,1.347442525,2.55,0,2.55,0,0,0,6,6,3,2
2175,8,17,1.546778728,2.55,0,2.55,0,0,0,6,0,4,3
2175,17,34,1.523685015,2.55,0,2.55,0,0,0,0,0,3,1
2175,40,41,1.521465019,2.55,0,2.55,0,0,0,0,0,3,1
2175,14,40,1.496918336,2.55,0,2.55,0,0,0,6,0,3,3
2175,40,45,1.220525175,2.55,0,3.44,1,0,0,0,0,3,1
2175,17,38,1.214243979,2.55,0,3.44,1,0,0,0,0,3,1
2177,28,37,1.778496514,2.55,0,2.58,3,0,0,5,5,3,2
2177,36,37,1.777501391,2.55,0,2.58,3,0,0,5,5,2,2
2178,12,71,1.775604619,2.58,3,2.55,0,0,0,5,5,2,2
2178,3,12,1.76723219,2.55,0,2.58,3,0,0,5,5,3,2
2179,8,27,1.610903486,2.55,0,2.55,0,0,0,6,6,4,3
2179,9,24,1.574690512,2.55,0,2.55,0,0,0,6,6,3,3
2179,24,27,1.57227978,2.55,0,2.55,0,0,0,6,6,3,3
2179,1,8,1.539817476,2.55,0,2.55,0,1,0,6,6,3,4
2179,5,8,1.533090436,2.55,0,2.55,0,1,0,6,6,3,4
2179,4,9,1.511929073,2.55,0,2.55,0,1,0,6,6,3,3
2179,0,9,1.510692238,2.55,0,2.55,0,1,0,6,6,3,3
2179,26,27,1.510241964,2.55,0,2.55,0,0,0,6,6,2,3
2179,20,24,1.507731869,2.55,0,2.55,0,0,0,6,6,2,3
2179,19,23,1.471527454,2.55,0,2.55,0,0,0,6,6,2,3
2179,4,5,1.40919408,2.55,0,2.55,0,1,1,6,6,3,3
2179,0,1,1.408333892,2.55,0,2.55,0,1,1,6,6,3,3
2179,34,37,1.402397443,2.55,0,2.55,0,1,1,6,6,2,2
2179,6,7,1.401461432,2.55,0,2.55,0,1,1,6,6,2,2
2179,35,36,1.400906561,2.55,0,2.55,0,1,1,6,6,2,2
2179,2,3,1.400119802,2.55,0,2.55,0,1,1,6,6,2,2
2179,1,34,1.398806277,2.55,0,2.55,0,1,1,6,6,3,2
2179,5,6,1.398411047,2.55,0,2.55,0,1,1,6,6,3,2
2179,2,7,1.396593824,2.55,0,2.55,0,1,1,6,6,2,2
2179,36,37,1.39606438,2.55,0,2.55,0,1,1,6,6,2,2
2179,3,4,1.394724283,2.55,0,2.55,0,1,1,6,6,2,3
2179,0,35,1.39460333,2.55,0,2.55,0,1,1,6,6,3,2
2179,23,26,1.343700146,2.55,0,2.55,0,0,0,6,6,3,2
2179,19,20,1.340195172,2.55,0,2.55,0,0,0,6,6,2,2
2179,8,18,1.528371487,2.55,0,2.55,0,0,0,6,0,4,2
2179,21,46,1.509662047,2.55,0,2.55,0,0,0,0,0,3,1
2179,11,12,1.50918465,2.55,0,2.55,0,0,0,0,0,3,1
2179,22,23,1.505232338,2.55,0,2.55,0,0,0,0,6,2,3
2179,10,18,1.43205404,3.44,1,2.55,0,0,0,0,0,2,2
2179,22,25,1.430686323,2.55,0,3.44,1,0,0,0,0,2,2
2179,21,25,1.354068561,2.55,0,3.44,1,0,0,0,0,3,2
2179,10,11,1.352210047,3.44,1,2.55,0,0,0,0,0,2,3
2179,11,14,1.205522184,2.55,0,3.44,1,0,0,0,0,3,1
2179,21,50,1.204725665,2.55,0,3.44,1,0,0,0,0,3,1
2180,8,11,1.573323132,2.55,0,2.55,0,0,0,6,6,3,3
2180,2,11,1.55789311,2.55,0,2.55,0,0,0,6,6,2,3
2180,3,8,1.556310848,2.55,0,2.55,0,0,0,6,6,2,3
2180,5,8,1.510885132,2.55,0,2.55,0,0,0,6,6,2,3
2180,10,11,1.507362298,2.55,0,2.55,0,0,0,6,6,2,3
2180,1,2,1.507300096,2.55,0,2.55,0,1,0,6,6,3,2
2180,0,3,1.505519657,2.55,0,2.55,0,1,0,6,6,3,2
2180,4,7,1.47230333,2.55,0,2.55,0,0,0,6,6,2,3
2180,0,1,1.410026357,2.55,0,2.55,0,1,1,6,6,3,3
2180,13,16,1.409372575,2.55,0,2.55,0,1,1,6,6,2,3
2180,29,30,1.408581104,2.55,0,2.55,0,1,1,6,6,3,2
2180,29,31,1.403702427,2.55,0,2.55,0,1,1,6,6,3,2
2180,15,16,1.402596012,2.55,0,2.55,0,1,1,6,6,2,3
2180,14,15,1.401662028,2.55,0,2.55,0,1,1,6,6,2,2
2180,31,32,1.401526092,2.55,0,2.55,0,1,1,6,6,2,2
2180,33,34,1.399736839,2.55,0,2.55,0,1,1,6,6,2,2
2180,1,13,1.395290963,2.55,0,2.55,0,1,1,6,6,3,2
2180,0,14,1.39500532,2.55,0,2.55,0,1,1,6,6,3,2
2180,32,33,1.394992833,2.55,0,2.55,0,1,1,6,6,2,2
2180,30,34,1.39480455,2.55,0,2.55,0,1,1,6,6,2,2
2180,7,10,1.350792838,2.55,0,2.55,0,0,0,6,6,3,2
2180,4,5,1.340110309,2.55,0,2.55,0,0,0,6,6,2,2
2180,28,52,1.567266961,2.55,0,2.55,0,0,0,0,0,4,2
2180,28,40,1.56416438,2.55,0,2.55,0,0,0,0,0,4,2
2180,52,53,1.557661694,2.55,0,2.55,0,0,0,0,0,2,3
2180,16,28,1.554711833,2.55,0,2.55,0,1,0,6,0,3,4
2180,28,29,1.548293089,2.55,0,2.55,0,0,1,0,6,4,3
2180,53,56,1.544819748,2.55,0,2.55,0,0,0,0,0,3,2
2180,40,41,1.543141749,2.55,0,2.55,0,0,0,0,0,2,2
2180,53,63,1.537197789,2.55,0,2.55,0,0,0,0,0,3,1
2180,56,57,1.53253743,2.55,0,2.55,0,0,0,0,0,2,1
2180,41,44,1.532407031,2.55,0,2.55,0,0,0,0,0,2,2
2180,6,9,1.520622921,2.55,0,2.55,0,0,0,0,0,3,1
2180,6,7,1.499878907,2.55,0,2.55,0,0,0,0,6,3,3
2180,44,47,1.459994674,2.55,0,3.04,2,0,0,0,0,2,1
2180,6,71,1.21741612,2.55,0,3.44,1,0,0,0,0,3,1
2181,0,1,1.582217045,2.55,0,2.55,0,0,0,5,5,3,4
2181,2,3,1.575544979,2.55,0,2.55,0,0,0,5,5,3,4
2181,0,2,1.566250844,2.55,0,2.55,0,0,0,5,5,3,3
2181,1,5,1.531136302,2.55,0,2.55,0,0,0,5,5,4,2
2181,3,4,1.52963193,2.55,0,2.55,0,0,0,5,5,4,2
2181,1,12,1.521971668,2.55,0,2.55,0,0,0,5,6,4,2
2181,0,7,1.51855852,2.55,0,2.55,0,0,0,5,6,3,3
2181,6,12,1.513603099,2.55,0,2.55,0,0,0,6,6,3,2
2181,1,17,1.430666245,2.55,0,3.44,1,0,0,5,5,4,2
2181,3,17,1.414225804,2.55,0,3.44,1,0,0,5,5,4,2
2181,7,8,1.385878667,2.55,0,3.44,1,0,0,6,6,3,2
2181,6,8,1.38238786,2.55,0,3.44,1,0,0,6,6,3,2
2181,4,5,1.335822183,2.55,0,2.55,0,0,0,5,5,2,2
2181,19,20,1.504744613,2.55,0,2.55,0,0,0,0,0,3,1
2181,26,27,1.503025404,2.55,0,2.55,0,0,0,0,0,3,1
2181,2,16,1.4112469,2.55,0,3.44,1,0,0,5,0,3,2
2181,3,18,1.394812395,2.55,0,3.44,1,0,0,5,0,4,2
2181,16,26,1.367463519,3.44,1,2.55,0,0,0,0,0,2,3
2181,18,19,1.35909624,3.44,1,2.55,0,0,0,0,0,2,3
2181,19,21,1.204319881,2.55,0,3.44,1,0,0,0,0,3,1
2181,26,31,1.201774151,2.55,0,3.44,1,0,0,0,0,3,1
2181,6,9,1.192850001,2.55,0,3.44,1,0,0,6,0,3,1
2181,7,10,1.192514604,2.55,0,3.44,1,0,0,6,0,3,1
2182,0,2,1.588605858,2.55,0,2.55,0,0,0,5,5,3,4
2182,1,5,1.571442547,2.55,0,2.55,0,0,0,5,5,3,3
2182,29,33,1.564578089,2.55,0,2.55,0,0,0,6,6,4,2
2182,33,39,1.561735774,2.55,0,2.55,0,0,0,6,6,2,4
2182,76,79,1.554291321,2.55,0,2.55,0,0,0,6,6,4,2
2182,68,79,1.551137018,2.55,0,2.55,0,0,0,6,6,4,2
2182,75,76,1.548695823,2.55,0,2.55,0,0,0,6,6,2,4
2182,32,35,1.546697044,2.55,0,2.55,0,0,0,6,6,2,3
2182,35,38,1.546693539,2.55,0,2.55,0,0,0,6,6,3,2
2182,68,71,1.546044591,2.55,0,2.55,0,0,0,6,6,4,2
2182,0,1,1.545632428,2.55,0,2.55,0,0,0,5,5,3,3
2182,38,39,1.542317256,2.55,0,2.55,0,0,0,6,6,2,4
2182,29,32,1.541573951,2.55,0,2.55,0,0,0,6,6,4,2
2182,72,75,1.53999954,2.55,0,2.55,0,0,0,6,6,3,2
2182,71,72,1.539001283,2.55,0,2.55,0,0,0,6,6,2,3
2182,2,3,1.531916881,2.55,0,2.55,0,0,0,5,5,4,2
2182,0,9,1.525766859,2.55,0,2.55,0,0,0,5,5,3,3
2182,1,8,1.525026073,2.55,0,2.55,0,0,0,5,5,3,3
2182,4,5,1.524132169,2.55,0,2.55,0,0,0,5,5,2,3
2182,2,7,1.433095849,2.55,0,3.44,1,0,0,5,5,4,2
2182,5,7,1.427499602,2.55,0,3.44,1,0,0,5,5,3,2
2182,8,10,1.399266514,2.55,0,3.04,2,0,0,5,5,3,3
2182,9,10,1.39294439,2.55,0,3.04,2,0,0,5,5,3,3
2182,3,4,1.337389371,2.55,0,2.55,0,0,0,5,5,2,2
2182,66,68,1.559200567,2.55,0,2.55,0,0,0,0,6,2,4
2182,27,29,1.556531297,2.55,0,2.55,0,0,0,0,6,2,4
2182,39,44,1.544489763,2.55,0,2.55,0,0,0,6,0,4,1
2182,29,34,1.543619304,2.55,0,2.55,0,0,0,6,0,4,1
2182,76,81,1.543230447,2.55,0,2.55,0,0,0,6,0,4,1
2182,76,80,1.542978396,2.55,0,2.55,0,0,0,6,0,4,1
2182,68,84,1.542681508,2.55,0,2.55,0,0,0,6,0,4,1
2182,39,48,1.540458452,2.55,0,2.55,0,0,0,6,0,4,1
2182,11,19,1.533065051,2.55,0,2.55,0,0,0,0,0,2,2
2182,2,59,1.510626624,2.55,0,2.55,0,0,0,5,0,4,2
2182,10,11,1.455477137,3.04,2,2.55,0,0,0,5,0,3,2
2182,72,94,1.453591447,2.55,0,3.04,2,0,0,6,0,3,2
2182,18,27,1.452752119,3.04,2,2.55,0,0,0,0,0,2,2
2182,64,66,1.45158104,3.04,2,2.55,0,0,0,0,0,2,2
2182,35,52,1.449703077,2.55,0,3.04,2,0,0,6,0,3,2
2182,19,20,1.427766627,2.55,0,3.44,1,0,0,0,0,2,2
2182,59,60,1.425989439,2.55,0,3.44,1,0,0,0,0,2,2
2182,63,64,1.364004539,2.55,0,3.04,2,0,0,0,0,3,2
2182,17,18,1.363943678,2.55,0,3.04,2,0,0,0,0,3,2
2182,17,20,1.361002123,2.55,0,3.44,1,0,0,0,0,3,2
2182,60,63,1.360942992,3.44,1,2.55,0,0,0,0,0,2,3
2182,17,26,1.212561426,2.55,0,3.44,1,0,0,0,0,3,1
2182,63,65,1.211695229,2.55,0,3.44,1,0,0,0,0,3,1
2182,9,13,1.210004632,2.55,0,3.44,1,0,0,5,0,3,1
2182,8,12,1.205556553,2.55,0,3.44,1,0,0,5,0,3,1
2182,52,54,1.201950589,3.04,2,2.55,0,0,0,0,0,2,2
2182,94,96,1.201731043,3.04,2,2.55,0,0,0,0,0,2,2
2182,54,55,1.176685289,2.55,0,3.44,1,0,0,0,0,2,1
2182,96,97,1.176496775,2.55,0,3.44,1,0,0,0,0,2,1
2183,18,52,2.078391988,2.58,3,2.58,3,0,0,0,0,2,2
2183,51,52,1.847574232,2.55,0,2.58,3,0,0,0,0,2,2
2183,17,18,1.84705549,2.55,0,2.58,3,0,0,0,0,2,2
2184,0,2,1.569375023,2.55,0,2.55,0,0,0,5,5,3,3
2184,0,1,1.54419579,2.55,0,2.55,0,0,0,5,5,3,3
2184,1,7,1.528114562,2.55,0,2.55,0,0,0,5,5,3,3
2184,2,3,1.520464493,2.55,0,2.55,0,0,0,5,5,3,3
2184,0,8,1.52016304,2.55,0,2.55,0,0,0,5,5,3,3
2184,1,5,1.512755618,2.55,0,3.04,2,0,0,5,5,3,3
2184,4,37,1.494677384,2.55,0,2.55,0,0,0,5,5,3,3
2184,2,6,1.491901687,2.55,0,3.04,2,0,0,5,5,3,3
2184,3,36,1.489018752,2.55,0,2.55,0,0,0,5,5,3,3
2184,5,6,1.470240383,3.04,2,3.04,2,0,0,5,5,3,3
2184,4,5,1.447374752,2.55,0,3.04,2,0,0,5,5,3,3
2184,36,40,1.429744872,2.55,0,3.04,2,0,0,5,5,3,3
2184,37,40,1.426811487,2.55,0,3.04,2,0,0,5,5,3,3
2184,8,9,1.415667824,2.55,0,3.04,2,0,0,5,5,3,3
2184,7,9,1.414647163,2.55,0,3.04,2,0,0,5,5,3,3
2184,25,30,1.406603918,2.55,0,2.55,0,1,1,6,6,3,2
2184,41,42,1.405642536,2.55,0,2.55,0,1,1,6,6,3,2
2184,25,26,1.405625447,2.55,0,2.55,0,1,1,6,6,3,2
2184,43,44,1.405204124,2.55,0,2.55,0,1,1,6,6,2,3
2184,19,20,1.40485738,2.55,0,2.55,0,1,1,6,6,3,2
2184,10,17,1.404826934,2.55,0,2.55,0,1,1,6,6,3,2
2184,44,45,1.404384639,2.55,0,2.55,0,1,1,6,6,3,2
2184,18,19,1.403928981,2.55,0,2.55,0,1,1,6,6,2,3
2184,41,46,1.40339113,2.55,0,2.55,0,1,1,6,6,3,2
2184,10,15,1.402325714,2.55,0,2.55,0,1,1,6,6,3,2
2184,28,29,1.398222568,2.55,0,2.55,0,1,1,6,6,2,2
2184,27,28,1.397583329,2.55,0,2.55,0,1,1,6,6,2,2
2184,26,27,1.397023695,2.55,0,2.55,0,1,1,6,6,2,2
2184,29,30,1.396165742,2.55,0,2.55,0,1,1,6,6,2,2
2184,15,18,1.394611312,2.55,0,2.55,0,1,1,6,6,2,2
2184,45,46,1.39453159,2.55,0,2.55,0,1,1,6,6,2,2
2184,17,20,1.391719386,2.55,0,2.55,0,1,1,6,6,2,2
2184,42,43,1.390971018,2.55,0,2.55,0,1,1,6,6,2,2
2184,3,4,1.336763485,2.55,0,2.55,0,0,0,5,5,3,3
2184,51,52,1.51855,2.55,0,2.55,0,0,0,0,0,3,1
2184,57,58,1.517991707,2.55,0,2.55,0,0,0,0,0,3,1
2184,19,57,1.506515791,2.55,0,2.55,0,1,0,6,0,3,3
2184,44,51,1.504061349,2.55,0,2.55,0,1,0,6,0,3,3
2184,9,10,1.431679598,3.04,2,2.55,0,0,1,5,6,3,3
2184,40,41,1.424582629,3.04,2,2.55,0,0,1,5,6,3,3
2184,6,25,1.417654446,3.04,2,2.55,0,0,1,5,6,3,3
2184,51,56,1.215710427,2.55,0,3.44,1,0,0,0,0,3,1
2184,57,62,1.215034604,2.55,0,3.44,1,0,0,0,0,3,1
2184,8,12,1.203658464,2.55,0,3.44,1,0,0,5,0,3,1
2184,36,38,1.202998016,2.55,0,3.44,1,0,0,5,0,3,1
2184,7,11,1.201795052,2.55,0,3.44,1,0,0,5,0,3,1
2184,37,39,1.201642444,2.55,0,3.44,1,0,0,5,0,3,1
2185,11,14,1.581684415,2.55,0,2.55,0,0,0,5,5,3,4
2185,18,19,1.567636917,2.55,0,2.55,0,0,0,5,5,4,2
2185,11,19,1.556159575,2.55,0,2.55,0,0,0,5,5,3,2
2185,34,35,1.538771456,2.55,0,2.55,0,0,0,5,5,2,3
2185,0,1,1.5386315,2.55,0,2.55,0,0,0,5,5,2,3
2185,35,38,1.533584832,2.55,0,2.55,0,0,0,5,5,3,3
2185,1,2,1.533262956,2.55,0,2.55,0,0,0,5,5,3,3
2185,17,18,1.532252068,2.55,0,2.55,0,0,0,5,5,2,4
2185,14,15,1.530759579,2.55,0,2.55,0,0,0,5,5,4,2
2185,0,3,1.522876234,2.55,0,2.55,0,0,0,5,5,2,3
2185,33,34,1.522620257,2.55,0,2.55,0,0,0,5,5,3,2
2185,14,26,1.437191744,2.55,0,3.44,1,0,0,5,5,4,2
2185,18,26,1.431658392,2.55,0,3.44,1,0,0,5,5,4,2
2185,3,4,1.39708215,2.55,0,3.04,2,0,0,5,5,3,3
2185,30,38,1.396279879,3.04,2,2.55,0,0,0,5,5,3,3
2185,30,33,1.393331808,3.04,2,2.55,0,0,0,5,5,3,3
2185,2,4,1.393062664,2.55,0,3.04,2,0,0,5,5,3,3
2185,15,17,1.337994623,2.55,0,2.55,0,0,0,5,5,2,2
2185,35,39,1.538268269,2.55,0,2.55,0,0,0,5,0,3,2
2185,5,8,1.535773926,2.55,0,2.55,0,0,0,0,0,2,2
2185,1,57,1.535750303,2.55,0,2.55,0,0,0,5,0,3,2
2185,8,11,1.52922649,2.55,0,2.55,0,0,0,0,5,2,3
2185,39,43,1.522015083,2.55,0,2.55,0,0,0,0,0,2,2
2185,57,59,1.521978467,2.55,0,2.55,0,0,0,0,0,2,2
2185,18,29,1.521794577,2.55,0,2.55,0,0,0,5,0,4,2
2185,14,16,1.512030541,2.55,0,2.55,0,0,0,5,0,4,1
2185,49,50,1.510494931,2.55,0,2.55,0,0,0,0,0,3,1
2185,65,67,1.510186419,2.55,0,2.55,0,0,0,0,0,3,1
2185,4,5,1.460829362,3.04,2,2.55,0,0,0,5,0,3,2
2185,29,30,1.454562146,2.55,0,3.04,2,0,0,0,5,2,3
2185,43,46,1.436161241,2.55,0,3.44,1,0,0,0,0,2,2
2185,59,62,1.435252869,2.55,0,3.44,1,0,0,0,0,2,2
2185,62,65,1.350870408,3.44,1,2.55,0,0,0,0,0,2,3
2185,46,49,1.349770723,3.44,1,2.55,0,0,0,0,0,2,3
2185,2,6,1.210765698,2.55,0,3.44,1,0,0,5,0,3,1
2185,33,41,1.209087555,2.55,0,3.44,1,0,0,5,0,3,1
2185,38,42,1.207499932,2.55,0,3.44,1,0,0,5,0,3,1
2185,3,7,1.207439927,2.55,0,3.44,1,0,0,5,0,3,1
2185,49,54,1.205474773,2.55,0,3.44,1,0,0,0,0,3,1
2185,65,66,1.205213678,2.55,0,3.44,1,0,0,0,0,3,1
2187,0,31,1.592807697,2.55,0,2.55,0,0,0,5,5,4,3
2187,4,34,1.575985519,2.55,0,2.55,0,0,0,5,5,3,3
2187,31,34,1.549122281,2.55,0,2.55,0,0,0,5,5,3,3
2187,0,5,1.546164856,2.55,0,2.55,0,0,0,5,5,4,3
2187,0,1,1.533128943,2.55,0,2.55,0,0,0,5,5,4,2
2187,30,31,1.527558453,2.55,0,2.55,0,0,0,5,5,3,3
2187,4,5,1.527343273,2.55,0,2.55,0,0,0,5,5,3,3
2187,3,4,1.520896902,2.55,0,2.55,0,0,0,5,5,2,3
2187,33,34,1.519635933,2.55,0,2.55,0,0,0,5,5,3,3
2187,7,13,1.408238557,2.55,0,2.55,0,0,0,6,6,3,2
2187,7,9,1.407292088,2.55,0,2.55,0,0,0,6,6,3,2
2187,8,19,1.4071967,2.55,0,2.55,0,0,0,6,6,3,2
2187,8,21,1.40516616,2.55,0,2.55,0,0,0,6,6,3,2
2187,20,23,1.399729786,2.55,0,2.55,0,0,0,6,6,2,2
2187,11,12,1.399137441,2.55,0,2.55,0,0,0,6,6,2,2
2187,21,22,1.39906401,2.55,0,2.55,0,0,0,6,6,2,2
2187,32,33,1.398434858,3.04,2,2.55,0,0,0,5,5,3,3
2187,9,10,1.398078789,2.55,0,2.55,0,0,0,6,6,2,2
2187,30,32,1.397848538,2.55,0,3.04,2,0,0,5,5,3,3
2187,10,11,1.39774668,2.55,0,2.55,0,0,0,6,6,2,2
2187,22,23,1.397114696,2.55,0,2.55,0,0,0,6,6,2,2
2187,19,20,1.396537077,2.55,0,2.55,0,0,0,6,6,2,2
2187,12,13,1.396158751,2.55,0,2.55,0,0,0,6,6,2,2
2187,1,3,1.342630503,2.55,0,2.55,0,0,0,5,5,2,2
2187,48,49,1.525930522,2.55,0,2.55,0,0,0,0,0,2,2
2187,0,2,1.522397157,2.55,0,2.55,0,0,0,5,0,4,2
2187,55,56,1.50909577,2.55,0,2.55,0,0,0,0,0,3,1
2187,40,41,1.50531946,2.55,0,2.55,0,0,0,0,0,3,1
2187,6,8,1.499839349,2.55,0,2.55,0,0,0,0,6,3,3
2187,6,7,1.498886878,2.55,0,2.55,0,0,0,0,6,3,3
2187,32,48,1.453731333,3.04,2,2.55,0,0,0,5,0,3,2
2187,2,37,1.432551572,2.55,0,3.44,1,0,0,0,0,2,2
2187,49,52,1.430176578,2.55,0,3.44,1,0,0,0,0,2,2
2187,37,40,1.358973339,3.44,1,2.55,0,0,0,0,0,2,3
2187,52,55,1.353090235,3.44,1,2.55,0,0,0,0,0,2,3
2187,5,6,1.347997147,2.55,0,2.55,0,0,0,5,0,3,3
2187,29,30,1.209688696,3.44,1,2.55,0,0,0,0,5,1,3
2187,33,35,1.20808189,2.55,0,3.44,1,0,0,5,0,3,1
2187,40,45,1.205394476,2.55,0,3.44,1,0,0,0,0,3,1
2187,55,60,1.204624599,2.55,0,3.44,1,0,0,0,0,3,1
2189,19,20,1.591779808,2.55,0,2.55,0,0,0,6,5,4,3
2189,18,21,1.565093254,2.55,0,2.55,0,0,0,6,5,3,3
2189,20,24,1.546337939,2.55,0,2.55,0,0,0,5,5,3,3
2189,20,21,1.542657787,2.55,0,2.55,0,0,0,5,5,3,3
2189,13,19,1.541680522,2.55,0,2.55,0,1,0,6,6,3,4
2189,0,19,1.537957681,2.55,0,2.55,0,1,0,6,6,3,4
2189,21,26,1.527426328,2.55,0,2.55,0,0,0,5,5,3,3
2189,8,18,1.51658197,2.55,0,2.55,0,1,0,6,6,3,3
2189,14,18,1.515552145,2.55,0,2.55,0,1,0,6,6,3,3
2189,24,28,1.438116462,2.55,0,3.44,1,0,0,5,5,3,2
2189,33,39,1.414516276,2.55,0,2.55,0,1,1,6,6,3,2
2189,36,37,1.408226015,2.55,0,2.55,0,1,1,6,6,3,2
2189,13,14,1.40808094,2.55,0,2.55,0,1,1,6,6,3,3
2189,0,8,1.407539915,2.55,0,2.55,0,1,1,6,6,3,3
2189,33,34,1.40718159,2.55,0,2.55,0,1,1,6,6,3,2
2189,35,36,1.40506709,2.55,0,2.55,0,1,1,6,6,2,3
2189,10,11,1.402448398,2.55,0,2.55,0,1,1,6,6,2,2
2189,15,17,1.401740411,2.55,0,2.55,0,1,1,6,6,2,2
2189,1,3,1.401451374,2.55,0,2.55,0,1,1,6,6,2,2
2189,4,6,1.400747863,2.55,0,2.55,0,1,1,6,6,2,2
2189,3,4,1.39742964,2.55,0,2.55,0,1,1,6,6,2,2
2189,10,17,1.397214396,2.55,0,2.55,0,1,1,6,6,2,2
2189,34,35,1.396471594,2.55,0,2.55,0,1,1,6,6,2,2
2189,0,1,1.394784617,2.55,0,2.55,0,1,1,6,6,3,2
2189,6,8,1.394713552,2.55,0,2.55,0,1,1,6,6,2,3
2189,14,15,1.39447809,2.55,0,2.55,0,1,1,6,6,3,2
2189,11,13,1.393815794,2.55,0,2.55,0,1,1,6,6,2,3
2189,37,39,1.387891258,2.55,0,2.55,0,1,1,6,6,2,2
2189,26,28,1.354836387,2.55,0,3.44,1,0,0,5,5,3,2
2189,24,29,1.52843293,2.55,0,2.55,0,0,0,5,0,3,2
2189,47,48,1.517197779,2.55,0,2.55,0,0,0,0,0,2,1
2189,56,58,1.516845933,2.55,0,2.55,0,0,0,0,0,2,1
2189,19,31,1.461602543,2.55,0,2.55,0,0,0,6,0,4,2
2189,32,33,1.43174417,2.55,0,2.55,0,0,1,0,6,2,3
2189,55,56,1.420871575,3.44,1,2.55,0,0,0,0,0,2,2
2189,44,47,1.412773959,3.44,1,2.55,0,0,0,0,0,2,2
2189,29,44,1.400377998,2.55,0,3.44,1,0,0,0,0,2,2
2189,36,55,1.353633346,2.55,0,3.44,1,1,0,6,0,3,2
2189,31,32,1.216624618,2.55,0,2.55,0,0,0,0,0,2,2
2189,26,30,1.198565966,2.55,0,3.44,1,0,0,5,0,3,1
2190,19,20,1.590597735,2.55,0,2.55,0,0,0,6,5,4,3
2190,18,21,1.564993385,2.55,0,2.55,0,0,0,6,5,3,3
2190,20,24,1.547906195,2.55,0,2.55,0,0,0,5,5,3,3
2190,20,21,1.542526434,2.55,0,2.55,0,0,0,5,5,3,3
2190,13,19,1.540275369,2.55,0,2.55,0,1,0,6,6,3,4
2190,0,19,1.539321714,2.55,0,2.55,0,1,0,6,6,3,4
2190,21,26,1.526862295,2.55,0,2.55,0,0,0,5,5,3,3
2190,8,18,1.516370331,2.55,0,2.55,0,1,0,6,6,3,3
2190,14,18,1.516343797,2.55,0,2.55,0,1,0,6,6,3,3
2190,24,28,1.436579736,2.55,0,3.44,1,0,0,5,5,3,2
2190,33,39,1.414126989,2.55,0,2.55,0,1,1,6,6,3,2
2190,36,37,1.408443825,2.55,0,2.55,0,1,1,6,6,3,2
2190,13,14,1.408004673,2.55,0,2.55,0,1,1,6,6,3,3
2190,33,34,1.407878797,2.55,0,2.55,0,1,1,6,6,3,2
2190,0,8,1.40733114,2.55,0,2.55,0,1,1,6,6,3,3
2190,35,36,1.405648081,2.55,0,2.55,0,1,1,6,6,2,3
2190,10,11,1.402273251,2.55,0,2.55,0,1,1,6,6,2,2
2190,15,17,1.401815324,2.55,0,2.55,0,1,1,6,6,2,2
2190,1,3,1.401523335,2.55,0,2.55,0,1,1,6,6,2,2
2190,4,6,1.400805881,2.55,0,2.55,0,1,1,6,6,2,2
2190,3,4,1.397493748,2.55,0,2.55,0,1,1,6,6,2,2
2190,10,17,1.397149464,2.55,0,2.55,0,1,1,6,6,2,2
2190,34,35,1.396751319,2.55,0,2.55,0,1,1,6,6,2,2
2190,0,1,1.394939473,2.55,0,2.55,0,1,1,6,6,3,2
2190,6,8,1.394773798,2.55,0,2.55,0,1,1,6,6,2,3
2190,14,15,1.394517844,2.55,0,2.55,0,1,1,6,6,3,2
2190,11,13,1.393613133,2.55,0,2.55,0,1,1,6,6,2,3
2190,37,39,1.387686215,2.55,0,2.55,0,1,1,6,6,2,2
2190,26,28,1.357167432,2.55,0,3.44,1,0,0,5,5,3,2
2190,24,29,1.526659895,2.55,0,2.55,0,0,0,5,0,3,2
2190,54,56,1.51675076,2.55,0,2.55,0,0,0,0,0,2,1
2190,47,48,1.50789842,2.55,0,2.55,0,0,0,0,0,3,1
2190,19,31,1.461588875,2.55,0,2.55,0,0,0,6,0,4,2
2190,32,33,1.431874725,2.55,0,2.55,0,0,1,0,6,2,3
2190,29,44,1.428316351,2.55,0,3.44,1,0,0,0,0,2,2
2190,53,54,1.421350108,3.44,1,2.55,0,0,0,0,0,2,2
2190,44,47,1.356744072,3.44,1,2.55,0,0,0,0,0,2,3
2190,36,53,1.352784589,2.55,0,3.44,1,1,0,6,0,3,2
2190,31,32,1.216674156,2.55,0,2.55,0,0,0,0,0,2,2
2190,47,61,1.204148938,2.55,0,3.44,1,0,0,0,0,3,1
2190,26,30,1.19752704,2.55,0,3.44,1,0,0,5,0,3,1
2191,0,2,1.607410063,2.55,0,2.55,0,0,0,5,5,3,4
2191,1,5,1.568062898,2.55,0,2.55,0,0,0,5,5,3,3
2191,0,1,1.54480642,2.55,0,2.55,0,0,0,5,5,3,3
2191,2,3,1.53204838,2.55,0,2.55,0,0,0,5,5,4,2
2191,1,8,1.525843401,2.55,0,2.55,0,0,0,5,5,3,3
2191,0,9,1.523693313,2.55,0,2.55,0,0,0,5,5,3,3
2191,4,5,1.523082478,2.55,0,2.55,0,0,0,5,5,2,3
2191,2,7,1.435574861,2.55,0,3.44,1,0,0,5,5,4,2
2191,32,33,1.432833701,2.55,0,2.55,0,1,1,5,5,2,2
2191,28,29,1.428729351,2.55,0,2.55,0,1,1,5,5,2,2
2191,5,7,1.425862678,2.55,0,3.44,1,0,0,5,5,3,2
2191,9,10,1.404475626,2.55,0,3.04,2,0,0,5,5,3,3
2191,8,10,1.398343882,2.55,0,3.04,2,0,0,5,5,3,3
2191,29,30,1.376601316,2.55,0,2.55,0,1,1,5,5,2,3
2191,31,32,1.373030151,2.55,0,2.55,0,1,1,5,5,3,2
2191,31,44,1.371168466,2.55,0,3.44,1,1,1,5,5,3,2
2191,21,28,1.370715239,2.55,0,2.55,0,1,1,5,5,3,2
2191,33,34,1.370134902,2.55,0,2.55,0,1,1,5,5,2,3
2191,21,42,1.361432693,2.55,0,3.44,1,1,1,5,5,3,2
2191,30,42,1.358842295,2.55,0,3.44,1,1,1,5,5,3,2
2191,34,44,1.347504973,2.55,0,3.44,1,1,1,5,5,3,2
2191,3,4,1.33761596,2.55,0,2.55,0,0,0,5,5,2,2
2191,22,24,1.50801562,2.55,0,2.55,0,0,0,0,0,3,1
2191,36,37,1.504775788,2.55,0,2.55,0,0,0,0,0,3,1
2191,2,21,1.482529758,2.55,0,2.55,0,0,1,5,5,4,3
2191,30,31,1.438974654,2.55,0,2.55,0,1,1,5,5,3,3
2191,10,11,1.432312128,3.04,2,2.55,0,0,0,5,0,3,2
2191,11,17,1.431786293,2.55,0,3.44,1,0,0,0,0,2,2
2191,35,36,1.373832391,3.44,1,2.55,0,0,0,0,0,2,3
2191,17,22,1.353499182,3.44,1,2.55,0,0,0,0,0,2,3
2191,34,35,1.353063036,2.55,0,3.44,1,1,0,5,0,3,2
2191,8,12,1.205547556,2.55,0,3.44,1,0,0,5,0,3,1
2191,22,23,1.205362036,2.55,0,3.44,1,0,0,0,0,3,1
2191,9,13,1.204045796,2.55,0,3.44,1,0,0,5,0,3,1
2191,36,47,1.199143276,2.55,0,3.44,1,0,0,0,0,3,1
2192,33,34,1.75260075,2.55,0,2.58,3,1,1,5,5,3,2
2192,31,34,1.734288874,2.55,0,2.58,3,1,1,5,5,3,2
2193,30,33,1.855851154,2.55,0,2.58,3,0,0,5,5,4,2
2193,32,33,1.763050431,2.55,0,2.58,3,0,0,5,5,3,2
2195,1,5,1.594567267,2.55,0,2.55,0,0,0,5,5,3,4
2195,0,2,1.594144143,2.55,0,2.55,0,0,0,5,5,3,4
2195,0,1,1.545384687,2.55,0,2.55,0,0,0,5,5,3,3
2195,2,3,1.53428136,2.55,0,2.55,0,0,0,5,5,4,2
2195,4,5,1.53319073,2.55,0,2.55,0,0,0,5,5,2,4
2195,0,8,1.524878502,2.55,0,2.55,0,0,0,5,5,3,3
2195,1,7,1.524424508,2.55,0,2.55,0,0,0,5,5,3,3
2195,20,21,1.438418494,2.55,0,2.55,0,1,1,5,5,2,2
2195,29,31,1.436416285,2.55,0,2.55,0,1,1,5,5,2,2
2195,5,6,1.428227351,2.55,0,3.44,1,0,0,5,5,4,2
2195,2,6,1.428203642,2.55,0,3.44,1,0,0,5,5,4,2
2195,7,9,1.401579373,2.55,0,3.04,2,0,0,5,5,3,3
2195,8,9,1.401233111,2.55,0,3.04,2,0,0,5,5,3,3
2195,21,22,1.367403785,2.55,0,2.55,0,1,1,5,5,2,3
2195,16,26,1.367275436,2.55,0,3.44,1,1,1,5,5,3,2
2195,28,29,1.365691264,2.55,0,2.55,0,1,1,5,5,3,2
2195,31,32,1.364410731,2.55,0,2.55,0,1,1,5,5,2,2
2195,16,20,1.363181841,2.55,0,2.55,0,1,1,5,5,3,2
2195,30,32,1.360499671,3.44,1,2.55,0,1,1,5,5,2,2
2195,28,30,1.358627658,2.55,0,3.44,1,1,1,5,5,3,2
2195,22,26,1.350217872,2.55,0,3.44,1,1,1,5,5,3,2
2195,3,4,1.335238319,2.55,0,2.55,0,0,0,5,5,2,2
2195,17,19,1.508149168,2.55,0,2.55,0,0,0,0,0,3,1
2195,24,25,1.506864745,2.55,0,2.55,0,0,0,0,0,3,1
2195,5,28,1.486065603,2.55,0,2.55,0,0,1,5,5,4,3
2195,2,16,1.48495752,2.55,0,2.55,0,0,1,5,5,4,3
2195,9,10,1.432835349,3.04,2,2.55,0,0,0,5,0,3,2
2195,10,15,1.431585536,2.55,0,3.44,1,0,0,0,0,2,2
2195,23,24,1.371102719,3.44,1,2.55,0,0,0,0,0,2,3
2195,22,23,1.354669911,2.55,0,3.44,1,1,0,5,0,3,2
2195,15,17,1.353601285,3.44,1,2.55,0,0,0,0,0,2,3
2195,17,18,1.205235092,2.55,0,3.44,1,0,0,0,0,3,1
2195,8,12,1.205025523,2.55,0,3.44,1,0,0,5,0,3,1
2195,7,11,1.204605653,2.55,0,3.44,1,0,0,5,0,3,1
2195,24,27,1.199893947,2.55,0,3.44,1,0,0,0,0,3,1
2196,0,2,1.570458301,2.55,0,2.55,0,0,0,5,5,3,4
2196,1,5,1.553477826,2.55,0,2.55,0,0,0,5,5,3,3
2196,2,3,1.553109867,2.55,0,2.55,0,0,0,5,5,4,2
2196,4,5,1.548159941,2.55,0,2.55,0,0,0,5,5,2,3
2196,2,7,1.4412333,2.55,0,3.44,1,0,0,5,5,4,2
2196,15,16,1.431390888,2.55,0,2.55,0,1,1,5,5,2,2
2196,11,12,1.428630324,2.55,0,2.55,0,1,1,5,5,2,2
2196,5,7,1.426837725,2.55,0,3.44,1,0,0,5,5,3,2
2196,12,13,1.37632785,2.55,0,2.55,0,1,1,5,5,2,3
2196,14,15,1.375795342,2.55,0,2.55,0,1,1,5,5,3,2
2196,10,11,1.36954509,2.55,0,2.55,0,1,1,5,5,3,2
2196,16,17,1.367034789,2.55,0,2.55,0,1,1,5,5,2,2
2196,10,19,1.364232259,2.55,0,3.44,1,1,1,5,5,3,2
2196,14,21,1.361322264,2.55,0,3.44,1,1,1,5,5,3,2
2196,13,19,1.359057806,2.55,0,3.44,1,1,1,5,5,3,2
2196,17,21,1.358072625,2.55,0,3.44,1,1,1,5,5,2,2
2196,0,1,1.344527152,2.55,0,2.55,0,0,0,5,5,3,3
2196,3,4,1.334634624,2.55,0,2.55,0,0,0,5,5,2,2
2196,0,25,1.483887562,2.55,0,2.55,0,0,0,5,0,3,3
2196,2,10,1.480516352,2.55,0,2.55,0,0,1,5,5,4,3
2196,1,26,1.47688343,2.55,0,2.55,0,0,0,5,0,3,3
2196,13,14,1.441296251,2.55,0,2.55,0,1,1,5,5,3,3
2196,28,29,1.429554493,3.44,1,2.55,0,0,0,0,0,2,1
2196,27,33,1.427159054,3.44,1,2.55,0,0,0,0,0,2,1
2196,26,27,1.352769749,2.55,0,3.44,1,0,0,0,0,3,2
2196,25,28,1.333377149,2.55,0,3.44,1,0,0,0,0,3,2
2196,25,37,1.209812462,2.55,0,3.44,1,0,0,0,0,3,1
2196,26,38,1.208439696,2.55,0,3.44,1,0,0,0,0,3,1
2198,14,18,1.575313669,2.55,0,2.55,0,0,0,6,6,3,3
2198,14,15,1.571328409,2.55,0,2.55,0,0,0,6,6,3,3
2198,15,73,1.549627764,2.55,0,2.55,0,0,0,6,6,3,2
2198,18,21,1.507899512,2.55,0,2.55,0,0,1,6,5,3,3
2198,16,73,1.496717813,2.55,0,2.55,0,1,0,5,6,3,2
2198,21,48,1.444438194,2.55,0,2.55,0,1,1,5,5,3,3
2198,4,9,1.436332586,2.55,0,2.55,0,1,1,5,5,3,2
2198,4,5,1.427112336,2.55,0,2.55,0,1,1,5,5,3,3
2198,48,49,1.423664144,2.55,0,2.55,0,1,1,5,5,3,3
2198,1,2,1.411431329,2.55,0,2.55,0,1,1,6,6,2,2
2198,51,53,1.410957723,2.55,0,2.55,0,1,1,6,6,2,2
2198,17,22,1.408760666,2.55,0,2.55,0,0,0,6,6,3,2
2198,0,4,1.408676833,2.55,0,2.55,0,1,1,6,5,2,3
2198,48,50,1.407919482,2.55,0,2.55,0,1,1,5,6,3,2
2198,20,38,1.406448306,2.55,0,2.55,0,0,0,6,6,3,2
2198,23,24,1.40533362,2.55,0,2.55,0,0,0,6,6,2,3
2198,17,26,1.404921759,2.55,0,2.55,0,0,0,6,6,3,2
2198,3,5,1.404217205,2.55,0,2.55,0,1,1,6,5,2,3
2198,24,25,1.403983468,2.55,0,2.55,0,0,0,6,6,3,2
2198,49,52,1.402851437,2.55,0,2.55,0,1,1,5,6,3,2
2198,20,37,1.402846053,2.55,0,2.55,0,0,0,6,6,3,2
2198,37,39,1.398717174,2.55,0,2.55,0,0,0,6,6,2,2
2198,40,41,1.398356709,2.55,0,2.55,0,0,0,6,6,2,2
2198,39,40,1.397513382,2.55,0,2.55,0,0,0,6,6,2,2
2198,38,41,1.396780261,2.55,0,2.55,0,0,0,6,6,2,2
2198,25,26,1.396683681,2.55,0,2.55,0,0,0,6,6,2,2
2198,52,53,1.394560474,2.55,0,2.55,0,1,1,6,6,2,2
2198,2,3,1.39361006,2.55,0,2.55,0,1,1,6,6,2,2
2198,50,51,1.39286361,2.55,0,2.55,0,1,1,6,6,2,2
2198,5,12,1.392682043,2.55,0,3.04,2,1,1,5,5,3,3
2198,22,23,1.391945664,2.55,0,2.55,0,0,0,6,6,2,2
2198,16,47,1.391729894,2.55,0,3.04,2,1,1,5,5,3,3
2198,0,1,1.391258206,2.55,0,2.55,0,1,1,6,6,2,2
2198,47,49,1.389710165,3.04,2,2.55,0,1,1,5,5,3,3
2198,10,12,1.389525241,2.55,0,3.04,2,1,1,5,5,2,3
2198,16,21,1.378161923,2.55,0,2.55,0,1,1,5,5,3,3
2198,9,10,1.372069154,2.55,0,2.55,0,1,1,5,5,2,2
2198,58,60,1.534768651,2.55,0,2.55,0,0,0,0,0,2,2
2198,18,20,1.531279037,2.55,0,2.55,0,0,0,6,6,3,3
2198,15,17,1.525512595,2.55,0,2.55,0,0,0,6,6,3,3
2198,31,32,1.519093966,2.55,0,2.55,0,0,0,0,0,3,1
2198,66,67,1.507346642,2.55,0,2.55,0,0,0,0,0,3,1
2198,24,31,1.503614722,2.55,0,2.55,0,0,0,6,0,3,3
2198,12,14,1.455039765,3.04,2,2.55,0,1,0,5,6,3,3
2198,47,58,1.447691409,3.04,2,2.55,0,1,0,5,0,3,2
2198,60,63,1.431866238,2.55,0,3.44,1,0,0,0,0,2,2
2198,63,66,1.354559467,3.44,1,2.55,0,0,0,0,0,2,3
2198,31,36,1.215946444,2.55,0,3.44,1,0,0,0,0,3,1
2198,66,71,1.206639169,2.55,0,3.44,1,0,0,0,0,3,1
2199,3,4,1.622462822,2.55,0,2.55,0,1,0,5,5,4,4
2199,0,1,1.608167461,2.55,0,2.55,0,1,0,5,5,4,3
2199,0,3,1.568649157,2.55,0,2.55,0,1,1,5,5,4,4
2199,0,6,1.543281277,2.55,0,2.55,0,1,1,5,5,4,3
2199,3,9,1.542331587,2.55,0,2.55,0,1,1,5,5,4,3
2199,4,5,1.523540024,2.55,0,2.55,0,0,0,5,5,4,3
2199,1,2,1.513488891,2.55,0,2.55,0,0,0,5,5,3,3
2199,4,13,1.427224489,2.55,0,3.44,1,0,0,5,5,4,2
2199,1,13,1.421287895,2.55,0,3.44,1,0,0,5,5,3,2
2199,38,39,1.404378322,2.55,0,2.55,0,0,0,6,6,2,2
2199,40,41,1.404292741,2.55,0,2.55,0,0,0,6,6,2,2
2199,2,5,1.402350067,2.55,0,2.55,0,0,0,5,5,3,3
2199,39,40,1.400700551,2.55,0,2.55,0,0,0,6,6,2,2
2199,6,8,1.393198827,2.55,0,3.04,2,1,1,5,5,3,3
2199,2,38,1.389747354,2.55,0,2.55,0,0,0,5,6,3,2
2199,5,41,1.389646655,2.55,0,2.55,0,0,0,5,6,3,2
2199,8,9,1.386977128,3.04,2,2.55,0,1,1,5,5,3,3
2199,14,15,1.527615796,2.55,0,2.55,0,0,0,0,0,2,2
2199,4,34,1.5147574,2.55,0,2.55,0,0,0,5,0,4,2
2199,31,33,1.514420673,2.55,0,2.55,0,0,0,0,0,3,1
2199,17,18,1.503873845,2.55,0,2.55,0,0,0,0,0,3,1
2199,8,14,1.462070436,3.04,2,2.55,0,1,0,5,0,3,2
2199,3,10,1.459715153,2.55,0,2.55,0,1,0,5,0,4,2
2199,0,7,1.459319622,2.55,0,2.55,0,1,0,5,0,4,2
2199,15,16,1.426836484,2.55,0,3.44,1,0,0,0,0,2,2
2199,34,35,1.415394322,2.55,0,3.44,1,0,0,0,0,2,2
2199,31,35,1.368682116,2.55,0,3.44,1,0,0,0,0,3,2
2199,16,17,1.360851086,3.44,1,2.55,0,0,0,0,0,2,3
2199,17,22,1.205038151,2.55,0,3.44,1,0,0,0,0,3,1
2199,9,12,1.204763176,2.55,0,3.44,1,1,0,5,0,3,1
2199,6,11,1.202353779,2.55,0,3.44,1,1,0,5,0,3,1
2199,30,31,1.197899874,3.44,1,2.55,0,0,0,0,0,1,3
2199,10,27,1.158679746,2.55,0,3.04,2,0,0,0,0,2,1
2199,7,28,1.158316897,2.55,0,3.04,2,0,0,0,0,2,1
2200,0,1,1.629967622,2.55,0,2.55,0,0,0,6,6,4,4
2200,1,11,1.626171861,2.55,0,2.55,0,0,0,6,6,4,4
2200,0,12,1.601802705,2.55,0,2.55,0,0,0,6,6,4,3
2200,11,14,1.539269335,2.55,0,2.55,0,0,0,6,6,4,3
2200,7,11,1.535883929,2.55,0,2.55,0,0,0,6,6,3,4
2200,12,13,1.507310047,2.55,0,2.55,0,0,0,6,6,3,3
2200,6,12,1.507219575,2.55,0,2.55,0,0,0,6,6,3,3
2200,6,7,1.406430139,2.55,0,2.55,0,0,0,6,6,3,3
2200,13,14,1.40567431,2.55,0,2.55,0,0,0,6,6,3,3
2200,17,19,1.401183655,2.55,0,2.55,0,0,0,6,6,2,2
2200,8,10,1.401176153,2.55,0,2.55,0,0,0,6,6,2,2
2200,14,17,1.399408073,2.55,0,2.55,0,0,0,6,6,3,2
2200,7,8,1.39919961,2.55,0,2.55,0,0,0,6,6,3,2
2200,3,4,1.399055838,2.55,0,2.55,0,0,0,6,6,2,2
2200,16,18,1.398917392,2.55,0,2.55,0,0,0,6,6,2,2
2200,18,19,1.396954207,2.55,0,2.55,0,0,0,6,6,2,2
2200,3,10,1.396872738,2.55,0,2.55,0,0,0,6,6,2,2
2200,4,6,1.394912085,2.55,0,2.55,0,0,0,6,6,2,3
2200,13,16,1.394829957,2.55,0,2.55,0,0,0,6,6,3,2
2200,1,30,1.545233325,2.55,0,2.55,0,0,0,6,0,4,1
2200,11,31,1.542931629,2.55,0,2.55,0,0,0,6,0,4,2
2200,31,32,1.54182246,2.55,0,2.55,0,0,0,0,0,2,2
2200,32,35,1.529843378,2.55,0,2.55,0,0,0,0,0,2,3
2200,35,38,1.515732667,2.55,0,2.55,0,0,0,0,0,3,1
2200,0,25,1.475937304,2.55,0,2.55,0,0,0,6,0,4,2
2200,0,24,1.475080934,2.55,0,2.55,0,0,0,6,0,4,2
2200,1,28,1.47256913,2.55,0,2.55,0,0,0,6,0,4,2
2200,35,42,1.211812334,2.55,0,3.44,1,0,0,0,0,3,1
2200,28,29,1.158750977,2.55,0,3.04,2,0,0,0,0,2,1
2200,25,27,1.15820466,2.55,0,3.04,2,0,0,0,0,2,1
2200,24,26,1.158038762,2.55,0,3.04,2,0,0,0,0,2,1
2201,15,18,1.584159519,2.55,0,2.55,0,0,0,6,5,4,3
2201,16,17,1.561092162,2.55,0,2.55,0,0,0,6,5,3,3
2201,17,18,1.542129583,2.55,0,2.55,0,0,0,5,5,3,3
2201,7,15,1.539601238,2.55,0,2.55,0,1,0,6,6,3,4
2201,11,15,1.534598406,2.55,0,2.55,0,1,0,6,6,3,4
2201,18,20,1.530899616,2.55,0,2.55,0,0,0,5,5,3,3
2201,17,19,1.522950784,2.55,0,2.55,0,0,0,5,5,3,3
2201,10,16,1.514931589,2.55,0,2.55,0,1,0,6,6,3,3
2201,0,16,1.514049819,2.55,0,2.55,0,1,0,6,6,3,3
2201,8,14,1.435574351,2.55,0,2.55,0,1,1,6,6,3,3
2201,3,4,1.435056904,2.55,0,2.55,0,1,1,6,6,3,3
2201,10,11,1.431112218,2.55,0,2.55,0,1,1,6,6,3,3
2201,0,7,1.430538894,2.55,0,2.55,0,1,1,6,6,3,3
2201,4,5,1.426595704,2.55,0,2.55,0,1,1,6,6,3,2
2201,12,14,1.425819494,2.55,0,2.55,0,1,1,6,6,2,3
2201,1,3,1.425080712,2.55,0,2.55,0,1,1,6,6,2,3
2201,8,9,1.424788458,2.55,0,2.55,0,1,1,6,6,3,2
2201,14,66,1.423137432,2.55,0,2.55,0,1,1,6,6,3,2
2201,4,58,1.423081317,2.55,0,2.55,0,1,1,6,6,3,2
2201,8,63,1.422968019,2.55,0,2.55,0,1,1,6,6,3,2
2201,3,55,1.422481924,2.55,0,2.55,0,1,1,6,6,3,2
2201,64,65,1.418040587,2.55,0,2.55,0,1,1,6,6,2,2
2201,56,57,1.417787645,2.55,0,2.55,0,1,1,6,6,2,2
2201,40,41,1.406502527,2.55,0,2.55,0,1,1,6,6,2,3
2201,19,21,1.406421617,2.55,0,3.04,2,0,0,5,5,3,3
2201,20,21,1.405279727,2.55,0,3.04,2,0,0,5,5,3,3
2201,29,30,1.4024471,2.55,0,2.55,0,1,1,6,6,3,2
2201,41,42,1.401797012,2.55,0,2.55,0,1,1,6,6,3,2
2201,29,43,1.398121366,2.55,0,2.55,0,1,1,6,6,3,2
2201,42,43,1.397993747,2.55,0,2.55,0,1,1,6,6,2,2
2201,30,40,1.392677077,2.55,0,2.55,0,1,1,6,6,2,2
2201,55,56,1.380264613,2.55,0,2.55,0,1,1,6,6,2,2
2201,57,58,1.380178496,2.55,0,2.55,0,1,1,6,6,2,2
2201,63,64,1.380066631,2.55,0,2.55,0,1,1,6,6,2,2
2201,65,66,1.379981062,2.55,0,2.55,0,1,1,6,6,2,2
2201,5,7,1.3778322,2.55,0,2.55,0,1,1,6,6,2,3
2201,11,12,1.377791268,2.55,0,2.55,0,1,1,6,6,3,2
2201,9,10,1.376418995,2.55,0,2.55,0,1,1,6,6,2,3
2201,0,1,1.375307542,2.55,0,2.55,0,1,1,6,6,3,2
2201,48,49,1.527802561,2.55,0,2.55,0,0,0,0,0,2,1
2201,15,24,1.527589831,2.55,0,2.55,0,0,0,6,0,4,2
2201,41,48,1.519091304,2.55,0,2.55,0,1,0,6,0,3,2
2201,26,27,1.509690493,2.55,0,2.55,0,0,0,0,0,3,1
2201,24,25,1.435690319,2.55,0,3.44,1,0,0,0,0,2,2
2201,21,29,1.431898874,3.04,2,2.55,0,0,1,5,6,3,3
2201,25,26,1.353131769,3.44,1,2.55,0,0,0,0,0,2,3
2201,20,23,1.207697036,2.55,0,3.44,1,0,0,5,0,3,1
2201,19,22,1.205840638,2.55,0,3.44,1,0,0,5,0,3,1
2201,26,33,1.204932698,2.55,0,3.44,1,0,0,0,0,3,1
2202,0,1,1.577000227,2.55,0,2.55,0,0,0,5,5,3,3
2202,3,4,1.558528929,2.55,0,2.55,0,0,0,5,5,3,4
2202,0,3,1.531886615,2.55,0,2.55,0,0,0,5,5,3,3
2202,1,2,1.528158607,2.55,0,2.55,0,0,0,5,5,3,3
2202,4,5,1.527620351,2.55,0,2.55,0,0,0,5,5,4,3
2202,0,6,1.521315519,2.55,0,2.55,0,0,0,5,5,3,3
2202,3,9,1.514366123,2.55,0,2.55,0,0,0,5,5,3,3
2202,4,13,1.462041787,2.55,0,3.44,1,0,0,5,5,4,2
2202,1,13,1.439334033,2.55,0,3.44,1,0,0,5,5,3,2
2202,8,9,1.42165797,3.04,2,2.55,0,0,0,5,5,3,3
2202,6,8,1.420916639,2.55,0,3.04,2,0,0,5,5,3,3
2202,2,5,1.409301967,2.55,0,2.55,0,0,0,5,5,3,3
2202,36,37,1.407015633,2.55,0,2.55,0,0,0,6,6,2,2
2202,38,39,1.406499177,2.55,0,2.55,0,0,0,6,6,2,2
2202,37,38,1.397718048,2.55,0,2.55,0,0,0,6,6,2,2
2202,5,39,1.387389394,2.55,0,2.55,0,0,0,5,6,3,2
2202,2,36,1.387218961,2.55,0,2.55,0,0,0,5,6,3,2
2202,14,15,1.521971694,2.55,0,2.55,0,0,0,0,0,2,2
2202,29,31,1.516524978,2.55,0,2.55,0,0,0,0,0,3,1
2202,4,32,1.512026931,2.55,0,2.55,0,0,0,5,0,4,2
2202,17,18,1.509102078,2.55,0,2.55,0,0,0,0,0,3,1
2202,8,14,1.455270352,3.04,2,2.55,0,0,0,5,0,3,2
2202,15,16,1.432797686,2.55,0,3.44,1,0,0,0,0,2,2
2202,32,33,1.417257417,2.55,0,3.44,1,0,0,0,0,2,2
2202,29,33,1.363045778,2.55,0,3.44,1,0,0,0,0,3,2
2202,16,17,1.353641328,3.44,1,2.55,0,0,0,0,0,2,3
2202,17,22,1.204443424,2.55,0,3.44,1,0,0,0,0,3,1
2202,6,11,1.204414275,2.55,0,3.44,1,0,0,5,0,3,1
2202,9,12,1.203806984,2.55,0,3.44,1,0,0,5,0,3,1
2202,28,29,1.19904372,3.44,1,2.55,0,0,0,0,0,1,3
2203,1,2,1.491726345,2.55,0,2.55,0,0,0,3,3,3,3
2203,0,1,1.428465749,3.44,1,2.55,0,0,0,3,3,2,3
2203,0,2,1.427654361,3.44,1,2.55,0,0,0,3,3,2,3
2203,12,13,1.498818567,2.55,0,2.55,0,0,0,0,0,2,1
2203,7,8,1.49878576,2.55,0,2.55,0,0,0,0,0,2,1
2203,2,3,1.480303413,2.55,0,2.55,0,0,0,3,0,3,2
2203,1,6,1.480126943,2.55,0,2.55,0,0,0,3,0,3,2
2203,6,7,1.340420729,2.55,0,2.55,0,0,0,0,0,2,2
2203,3,12,1.34040686,2.55,0,2.55,0,0,0,0,0,2,2
2204,1,2,1.51449887,2.55,0,2.55,0,0,0,3,3,3,3
2204,0,1,1.465679763,3.04,2,2.55,0,0,0,3,3,2,3
2204,0,2,1.465370523,3.04,2,2.55,0,0,0,3,3,2,3
2204,7,8,1.500025697,2.55,0,2.55,0,0,0,0,0,2,1
2204,12,13,1.499944236,2.55,0,2.55,0,0,0,0,0,2,1
2204,1,6,1.481995493,2.55,0,2.55,0,0,0,3,0,3,2
2204,2,3,1.481966658,2.55,0,2.55,0,0,0,3,0,3,2
2204,3,12,1.34007396,2.55,0,2.55,0,0,0,0,0,2,2
2204,6,7,1.340071211,2.55,0,2.55,0,0,0,0,0,2,2
2205,1,2,1.590062495,2.55,0,2.55,0,0,0,3,3,3,3
2205,0,1,1.485128088,2.55,0,2.55,0,0,0,3,3,4,3
2205,0,2,1.484975315,2.55,0,2.55,0,0,0,3,3,4,3
2205,7,8,1.49938335,2.55,0,2.55,0,0,0,0,0,2,1
2205,12,13,1.49930952,2.55,0,2.55,0,0,0,0,0,2,1
2205,1,6,1.479354514,2.55,0,2.55,0,0,0,3,0,3,2
2205,2,3,1.479108662,2.55,0,2.55,0,0,0,3,0,3,2
2205,6,7,1.340903583,2.55,0,2.55,0,0,0,0,0,2,2
2205,3,12,1.340825656,2.55,0,2.55,0,0,0,0,0,2,2
2207,0,1,1.857434845,2.58,3,2.55,0,0,0,3,3,2,3
2207,0,2,1.856264402,2.58,3,2.55,0,0,0,3,3,2,3
2208,1,2,1.541092727,2.55,0,2.55,0,0,0,3,3,3,3
2208,0,2,1.49432902,2.55,0,2.55,0,0,0,3,3,4,3
2208,0,1,1.494202734,2.55,0,2.55,0,0,0,3,3,4,3
2208,3,8,1.531826912,2.55,0,2.55,0,0,0,0,0,2,1
2208,6,7,1.531808246,2.55,0,2.55,0,0,0,0,0,2,1
2208,2,3,1.516801527,2.55,0,2.55,0,0,0,3,0,3,2
2208,1,6,1.516689037,2.55,0,2.55,0,0,0,3,0,3,2
2209,1,2,1.556057378,2.55,0,2.55,0,0,0,3,3,3,3
2209,0,2,1.506379692,2.55,0,2.55,0,0,0,3,3,4,3
2209,0,1,1.505937159,2.55,0,2.55,0,0,0,3,3,4,3
2209,12,13,1.500545618,2.55,0,2.55,0,0,0,0,0,2,1
2209,7,8,1.499208763,2.55,0,2.55,0,0,0,0,0,2,1
2209,2,3,1.481634844,2.55,0,2.55,0,0,0,3,0,3,2
2209,1,6,1.480647452,2.55,0,2.55,0,0,0,3,0,3,2
2209,3,12,1.34388847,2.55,0,2.55,0,0,0,0,0,2,2
2209,6,7,1.340993951,2.55,0,2.55,0,0,0,0,0,2,2
2210,1,2,1.557662936,2.55,0,2.55,0,0,0,3,3,3,3
2210,0,2,1.506409006,2.55,0,2.55,0,0,0,3,3,4,3
2210,0,1,1.505880366,2.55,0,2.55,0,0,0,3,3,4,3
2210,7,8,1.500650829,2.55,0,2.55,0,0,0,0,0,2,1
2210,12,13,1.500612074,2.55,0,2.55,0,0,0,0,0,2,1
2210,1,6,1.481455712,2.55,0,2.55,0,0,0,3,0,3,2
2210,2,3,1.481119323,2.55,0,2.55,0,0,0,3,0,3,2
2210,3,12,1.343845819,2.55,0,2.55,0,0,0,0,0,2,2
2210,6,7,1.343798059,2.55,0,2.55,0,0,0,0,0,2,2
2211,1,2,1.588764456,2.55,0,2.55,0,0,0,3,3,3,3
2211,0,1,1.493178015,2.55,0,2.55,0,0,0,3,3,4,3
2211,0,2,1.493002717,2.55,0,2.55,0,0,0,3,3,4,3
2211,12,13,1.458701323,2.55,0,2.55,0,0,0,0,0,2,1
2211,7,8,1.458694007,2.55,0,2.55,0,0,0,0,0,2,1
2211,2,3,1.436731465,2.55,0,2.55,0,0,0,3,0,3,2
2211,1,6,1.436674672,2.55,0,2.55,0,0,0,3,0,3,2
2211,3,12,1.213331284,2.55,0,2.55,0,0,0,0,0,2,2
2211,6,7,1.213313948,2.55,0,2.55,0,0,0,0,0,2,2
2212,1,2,1.553707663,2.55,0,2.55,0,0,0,3,3,3,3
2212,0,2,1.515253447,2.55,0,2.55,0,0,0,3,3,4,3
2212,0,1,1.515054385,2.55,0,2.55,0,0,0,3,3,4,3
2212,12,13,1.458532385,2.55,0,2.55,0,0,0,0,0,2,1
2212,7,8,1.458413094,2.55,0,2.55,0,0,0,0,0,2,1
2212,2,3,1.437731728,2.55,0,2.55,0,0,0,3,0,3,2
2212,1,6,1.43754537,2.55,0,2.55,0,0,0,3,0,3,2
2212,3,12,1.21334507,2.55,0,2.55,0,0,0,0,0,2,2
2212,6,7,1.213267697,2.55,0,2.55,0,0,0,0,0,2,2
2216,1,2,1.552708381,2.55,0,2.55,0,0,0,3,3,3,3
2216,0,2,1.514061769,2.55,0,2.55,0,0,0,3,3,4,3
2216,0,1,1.508365931,2.55,0,2.55,0,0,0,3,3,4,3
2216,7,8,1.499057249,2.55,0,2.55,0,0,0,0,0,2,1
2216,1,6,1.479916157,2.55,0,2.55,0,0,0,3,0,3,2
2216,12,13,1.459011559,2.55,0,2.55,0,0,0,0,0,2,1
2216,2,3,1.439515168,2.55,0,2.55,0,0,0,3,0,3,2
2216,6,7,1.340716609,2.55,0,2.55,0,0,0,0,0,2,2
2216,3,12,1.213677413,2.55,0,2.55,0,0,0,0,0,2,2
2217,1,2,1.554783488,2.55,0,2.55,0,0,0,3,3,3,3
2217,0,2,1.506660353,2.55,0,2.55,0,0,0,3,3,4,3
2217,0,1,1.494047514,2.55,0,2.55,0,0,0,3,3,4,3
2217,7,15,1.499925164,2.55,0,2.55,0,0,0,0,0,2,1
2217,1,6,1.494225469,2.55,0,2.55,0,0,0,3,0,3,2
2217,8,9,1.459105247,2.55,0,2.55,0,0,0,0,0,2,1
2217,2,3,1.440137742,2.55,0,2.55,0,0,0,3,0,3,2
2217,6,7,1.340771035,2.55,0,2.55,0,0,0,0,0,2,2
2217,3,8,1.213743963,2.55,0,2.55,0,0,0,0,0,2,2
2218,1,2,1.553398745,2.55,0,2.55,0,0,0,3,3,3,3
2218,0,2,1.509411737,2.55,0,2.55,0,0,0,3,3,4,3
2218,0,1,1.488667142,2.55,0,2.55,0,0,0,3,3,4,3
2218,6,7,1.534303464,2.55,0,2.55,0,0,0,0,0,2,2
2218,7,15,1.529383609,2.55,0,2.55,0,0,0,0,0,2,1
2218,1,6,1.512932111,2.55,0,2.55,0,0,0,3,0,3,2
2218,8,9,1.459326418,2.55,0,2.55,0,0,0,0,0,2,1
2218,2,3,1.439819306,2.55,0,2.55,0,0,0,3,0,3,2
2218,3,8,1.213867678,2.55,0,2.55,0,0,0,0,0,2,2
2219,1,2,1.542252316,2.55,0,2.55,0,0,0,3,3,3,3
2219,0,2,1.519946323,2.55,0,2.55,0,0,0,3,3,4,3
2219,0,1,1.504005377,2.55,0,2.55,0,0,0,3,3,4,3
2219,15,18,1.405837376,2.55,0,2.55,0,1,1,6,6,2,3
2219,6,7,1.405264896,2.55,0,2.55,0,1,1,6,6,3,2
2219,17,18,1.402152787,2.55,0,2.55,0,1,1,6,6,2,3
2219,6,16,1.400960521,2.55,0,2.55,0,1,1,6,6,3,2
2219,16,17,1.398429113,2.55,0,2.55,0,1,1,6,6,2,2
2219,7,15,1.394257389,2.55,0,2.55,0,1,1,6,6,2,2
2219,18,23,1.509861644,2.55,0,2.55,0,1,0,6,0,3,1
2219,1,6,1.498731594,2.55,0,2.55,0,0,1,3,6,3,3
2219,8,9,1.458845178,2.55,0,2.55,0,0,0,0,0,2,1
2219,2,3,1.440257351,2.55,0,2.55,0,0,0,3,0,3,2
2219,3,8,1.213556617,2.55,0,2.55,0,0,0,0,0,2,2
2220,1,2,1.539570513,2.55,0,2.55,0,0,0,3,3,3,3
2220,0,2,1.517869566,2.55,0,2.55,0,0,0,3,3,4,3
2220,0,1,1.503815589,2.55,0,2.55,0,0,0,3,3,4,3
2220,3,26,1.407850958,2.55,0,2.55,0,1,1,6,6,3,2
2220,3,22,1.405930604,2.55,0,2.55,0,1,1,6,6,3,2
2220,10,13,1.405185054,2.55,0,2.55,0,1,1,6,6,2,3
2220,6,7,1.404825064,2.55,0,2.55,0,1,1,6,6,3,2
2220,24,25,1.404668887,2.55,0,2.55,0,1,1,6,6,3,2
2220,6,11,1.402646587,2.55,0,2.55,0,1,1,6,6,3,2
2220,12,13,1.402577956,2.55,0,2.55,0,1,1,6,6,2,3
2220,23,24,1.401776278,2.55,0,2.55,0,1,1,6,6,2,3
2220,11,12,1.397655481,2.55,0,2.55,0,1,1,6,6,2,2
2220,22,23,1.396405207,2.55,0,2.55,0,1,1,6,6,2,2
2220,7,10,1.395428485,2.55,0,2.55,0,1,1,6,6,2,2
2220,25,26,1.395027516,2.55,0,2.55,0,1,1,6,6,2,2
2220,13,18,1.509743806,2.55,0,2.55,0,1,0,6,0,3,1
2220,24,31,1.509385284,2.55,0,2.55,0,1,0,6,0,3,1
2220,1,6,1.500786022,2.55,0,2.55,0,0,1,3,6,3,3
2220,2,3,1.496819385,2.55,0,2.55,0,0,1,3,6,3,3
2221,1,2,1.540840215,2.55,0,2.55,0,0,0,3,3,3,3
2221,0,2,1.516211216,2.55,0,2.55,0,0,0,3,3,4,3
2221,0,1,1.503257265,2.55,0,2.55,0,0,0,3,3,4,3
2221,18,19,1.409790132,2.55,0,2.55,0,1,1,6,6,3,3
2221,3,17,1.409100861,2.55,0,2.55,0,1,1,6,6,3,2
2221,6,11,1.404198128,2.55,0,2.55,0,1,1,6,6,3,2
2221,3,21,1.404097191,2.55,0,2.55,0,1,1,6,6,3,2
2221,7,10,1.403956058,2.55,0,2.55,0,1,1,6,6,2,3
2221,10,13,1.403503319,2.55,0,2.55,0,1,1,6,6,3,2
2221,6,7,1.402945958,2.55,0,2.55,0,1,1,6,6,3,2
2221,19,20,1.398832135,2.55,0,2.55,0,1,1,6,6,3,2
2221,12,13,1.39778005,2.55,0,2.55,0,1,1,6,6,2,2
2221,17,18,1.397120729,2.55,0,2.55,0,1,1,6,6,2,3
2221,11,12,1.39636434,2.55,0,2.55,0,1,1,6,6,2,2
2221,20,21,1.396274877,2.55,0,2.55,0,1,1,6,6,2,2
2221,10,30,1.510511881,2.55,0,2.55,0,1,0,6,0,3,1
2221,18,26,1.506359522,2.55,0,2.55,0,1,0,6,0,3,1
2221,1,6,1.500686682,2.55,0,2.55,0,0,1,3,6,3,3
2221,2,3,1.496001289,2.55,0,2.55,0,0,1,3,6,3,3
2221,19,34,1.36164585,2.55,0,3.44,1,1,0,6,0,3,1
2222,1,2,1.550908206,2.55,0,2.55,0,0,0,3,3,4,3
2222,0,1,1.5026975,2.55,0,2.55,0,0,0,3,3,4,4
2222,0,2,1.485979788,2.55,0,2.55,0,0,0,3,3,4,3
2222,6,7,1.535506816,2.55,0,2.55,0,0,0,0,0,2,1
2222,3,10,1.532642575,2.55,0,2.55,0,0,0,0,0,2,1
2222,1,6,1.524889638,2.55,0,2.55,0,0,0,3,0,4,2
2222,2,3,1.515699952,2.55,0,2.55,0,0,0,3,0,3,2
2222,5,21,1.415961361,3.44,1,2.55,0,0,0,0,0,2,1
2222,1,5,1.397048189,2.55,0,3.44,1,0,0,3,0,4,2
2223,0,1,1.51987249,2.55,0,2.55,0,0,0,3,3,4,3
2223,1,2,1.515346354,2.55,0,2.55,0,0,0,3,3,3,3
2223,0,2,1.511232894,2.55,0,2.55,0,0,0,3,3,4,3
2223,3,9,1.53084448,2.55,0,2.55,0,0,0,0,0,2,1
2223,6,15,1.52351056,2.55,0,2.55,0,0,0,0,0,2,1
2223,2,3,1.517309044,2.55,0,2.55,0,0,0,3,0,3,2
2223,5,6,1.428431118,3.44,1,2.55,0,0,0,0,0,2,2
2223,1,5,1.376907852,2.55,0,3.44,1,0,0,3,0,3,2
2224,1,2,1.542541282,2.55,0,2.55,0,0,0,3,3,3,3
2224,0,1,1.496804987,2.55,0,2.55,0,0,0,3,3,4,3
2224,0,2,1.488382097,2.55,0,2.55,0,0,0,3,3,4,3
2224,3,9,1.53105866,2.55,0,2.55,0,0,0,0,0,2,1
2224,6,15,1.523776988,2.55,0,2.55,0,0,0,0,0,2,1
2224,2,3,1.517689172,2.55,0,2.55,0,0,0,3,0,3,2
2224,5,6,1.427065426,3.44,1,2.55,0,0,0,0,0,2,2
2224,1,5,1.381543035,2.55,0,3.44,1,0,0,3,0,3,2
2225,0,1,1.520790366,2.55,0,2.55,0,0,0,3,3,4,3
2225,0,2,1.513997588,2.55,0,2.55,0,0,0,3,3,4,3
2225,1,2,1.506287332,2.55,0,2.55,0,0,0,3,3,3,3
2225,3,9,1.53060558,2.55,0,2.55,0,0,0,0,0,2,1
2225,6,15,1.52311424,2.55,0,2.55,0,0,0,0,0,2,1
2225,2,3,1.517131501,2.55,0,2.55,0,0,0,3,0,3,2
2225,5,6,1.425334295,3.44,1,2.55,0,0,0,0,0,2,2
2225,1,5,1.376798727,2.55,0,3.44,1,0,0,3,0,3,2
2226,1,2,1.562430196,2.55,0,2.55,0,0,0,3,3,3,3
2226,11,12,1.558823784,2.55,0,2.55,0,0,0,5,5,2,3
2226,15,16,1.556361997,2.55,0,2.55,0,0,0,5,5,3,2
2226,10,11,1.553245531,2.55,0,2.55,0,0,0,5,5,2,2
2226,16,17,1.552924047,2.55,0,2.55,0,0,0,5,5,2,2
2226,3,17,1.552324032,2.55,0,2.55,0,0,0,5,5,3,2
2226,6,10,1.549579906,2.55,0,2.55,0,0,0,5,5,3,2
2226,9,12,1.54300032,2.55,0,2.55,0,0,0,5,5,2,3
2226,14,15,1.54234497,2.55,0,2.55,0,0,0,5,5,2,3
2226,3,14,1.540646167,2.55,0,2.55,0,0,0,5,5,3,2
2226,6,9,1.540004465,2.55,0,2.55,0,0,0,5,5,3,2
2226,0,1,1.483653428,2.55,0,2.55,0,0,0,3,3,4,3
2226,0,2,1.483145019,2.55,0,2.55,0,0,0,3,3,4,3
2226,2,3,1.515197642,2.55,0,2.55,0,0,0,3,5,3,3
2226,1,6,1.515079391,2.55,0,2.55,0,0,0,3,5,3,3
2226,12,13,1.502839196,2.55,0,2.55,0,0,0,5,0,3,2
2226,15,18,1.502625694,2.55,0,2.55,0,0,0,5,0,3,2
2226,35,36,1.502296328,2.55,0,2.55,0,0,0,0,0,2,1
2226,42,43,1.502220936,2.55,0,2.55,0,0,0,0,0,2,1
2226,13,35,1.342384969,2.55,0,2.55,0,0,0,0,0,2,2
2226,18,42,1.342382825,2.55,0,2.55,0,0,0,0,0,2,2
2227,2,3,1.552007665,2.55,0,2.55,0,1,1,3,5,4,3
2227,2,24,1.537974635,2.55,0,2.55,0,1,1,3,5,4,2
2227,1,2,1.532757732,2.55,0,2.55,0,0,1,3,3,3,4
2227,0,2,1.521051574,2.55,0,2.55,0,0,1,3,3,4,4
2227,0,1,1.498936742,2.55,0,2.55,0,0,0,3,3,4,3
2227,24,26,1.456384926,2.55,0,3.04,2,1,1,5,5,2,3
2227,3,25,1.453960771,2.55,0,2.55,0,1,1,5,5,3,3
2227,30,31,1.415713321,2.55,0,2.55,0,1,1,5,5,2,2
2227,31,32,1.403267769,2.55,0,2.55,0,1,1,5,5,2,3
2227,5,8,1.40276995,2.55,0,2.55,0,1,1,6,6,3,2
2227,10,12,1.400035214,2.55,0,2.55,0,1,1,6,6,2,3
2227,11,12,1.399474469,2.55,0,2.55,0,1,1,6,6,2,3
2227,9,10,1.399219489,2.55,0,2.55,0,1,1,6,6,2,2
2227,5,11,1.399019812,2.55,0,2.55,0,1,1,6,6,3,2
2227,8,9,1.395012084,2.55,0,2.55,0,1,1,6,6,2,2
2227,25,30,1.392914565,2.55,0,2.55,0,1,1,5,5,3,2
2227,25,26,1.380558251,2.55,0,3.04,2,1,1,5,5,3,3
2227,26,32,1.352436815,3.04,2,2.55,0,1,1,5,5,3,3
2227,17,18,1.509042029,2.55,0,2.55,0,0,0,0,0,3,1
2227,36,37,1.505316616,2.55,0,2.55,0,0,0,0,0,3,1
2227,1,5,1.503136908,2.55,0,2.55,0,0,1,3,6,3,3
2227,12,19,1.388001414,2.55,0,3.44,1,1,0,6,0,3,2
2227,35,36,1.374821223,3.44,1,2.55,0,0,0,0,0,2,3
2227,32,35,1.363307093,2.55,0,3.44,1,1,0,5,0,3,2
2227,17,19,1.362200036,2.55,0,3.44,1,0,0,0,0,3,2
2227,3,29,1.210597957,2.55,0,3.44,1,1,0,5,0,3,1
2227,17,20,1.202018844,2.55,0,3.44,1,0,0,0,0,3,1
2227,36,41,1.198175073,2.55,0,3.44,1,0,0,0,0,3,1
2228,2,3,1.548890149,2.55,0,2.55,0,0,0,3,5,4,3
2228,2,24,1.534092721,2.55,0,2.55,0,0,0,3,5,4,2
2228,1,2,1.529249272,2.55,0,2.55,0,0,0,3,3,3,4
2228,0,2,1.520247288,2.55,0,2.55,0,0,0,3,3,4,4
2228,0,1,1.495704051,2.55,0,2.55,0,0,0,3,3,4,3
2228,24,26,1.459404406,2.55,0,3.04,2,0,1,5,5,2,3
2228,3,25,1.45019644,2.55,0,2.55,0,0,1,5,5,3,3
2228,30,31,1.41475844,2.55,0,2.55,0,1,1,5,5,2,2
2228,5,8,1.404293997,2.55,0,2.55,0,1,1,6,6,3,2
2228,31,32,1.404173785,2.55,0,2.55,0,1,1,5,5,2,3
2228,10,12,1.403382881,2.55,0,2.55,0,1,1,6,6,3,3
2228,5,11,1.401931227,2.55,0,2.55,0,1,1,6,6,3,2
2228,9,10,1.39648143,2.55,0,2.55,0,1,1,6,6,2,3
2228,8,9,1.395925103,2.55,0,2.55,0,1,1,6,6,2,2
2228,11,12,1.394481879,2.55,0,2.55,0,1,1,6,6,2,3
2228,25,30,1.393364982,2.55,0,2.55,0,1,1,5,5,3,2
2228,25,26,1.382640157,2.55,0,3.04,2,1,1,5,5,3,3
2228,26,32,1.351389283,3.04,2,2.55,0,1,1,5,5,3,3
2228,36,37,1.504941122,2.55,0,2.55,0,0,0,0,0,3,1
2228,17,18,1.50442355,2.55,0,2.55,0,0,0,0,0,3,1
2228,1,5,1.498591681,2.55,0,2.55,0,0,1,3,6,3,3
2228,12,19,1.379770271,2.55,0,3.44,1,1,0,6,0,3,2
2228,17,19,1.378364094,2.55,0,3.44,1,0,0,0,0,3,2
2228,35,36,1.375782318,3.44,1,2.55,0,0,0,0,0,2,3
2228,32,35,1.362450398,2.55,0,3.44,1,1,0,5,0,3,2
2228,3,29,1.212207871,2.55,0,3.44,1,0,0,5,0,3,1
2228,36,41,1.198128816,2.55,0,3.44,1,0,0,0,0,3,1
2228,17,20,1.19727947,2.55,0,3.44,1,0,0,0,0,3,1
2229,2,3,1.548819479,2.55,0,2.55,0,0,0,3,5,4,3
2229,1,2,1.536294654,2.55,0,2.55,0,0,0,3,3,3,4
2229,2,16,1.536274553,2.55,0,2.55,0,0,0,3,5,4,2
2229,0,2,1.520153197,2.55,0,2.55,0,0,0,3,3,4,4
2229,0,1,1.497770933,2.55,0,2.55,0,0,0,3,3,4,3
2229,16,18,1.456975259,2.55,0,3.04,2,0,1,5,5,2,3
2229,3,17,1.455491653,2.55,0,2.55,0,0,1,5,5,3,3
2229,22,23,1.416415406,2.55,0,2.55,0,1,1,5,5,2,2
2229,9,10,1.406504612,2.55,0,2.55,0,1,1,6,6,2,3
2229,5,8,1.406151612,2.55,0,2.55,0,1,1,6,6,3,2
2229,10,12,1.402821661,2.55,0,2.55,0,1,1,6,6,3,2
2229,23,24,1.402555505,2.55,0,2.55,0,1,1,5,5,2,3
2229,11,12,1.399634051,2.55,0,2.55,0,1,1,6,6,2,2
2229,5,11,1.398974494,2.55,0,2.55,0,1,1,6,6,3,2
2229,17,22,1.39200741,2.55,0,2.55,0,1,1,5,5,3,2
2229,8,9,1.389430046,2.55,0,2.55,0,1,1,6,6,2,2
2229,17,18,1.381030944,2.55,0,3.04,2,1,1,5,5,3,3
2229,18,24,1.352663464,3.04,2,2.55,0,1,1,5,5,3,3
2229,28,29,1.505540089,2.55,0,2.55,0,0,0,0,0,3,1
2229,1,5,1.500994551,2.55,0,2.55,0,0,1,3,6,3,3
2229,35,36,1.409560896,3.44,1,2.55,0,0,0,0,0,2,1
2229,27,28,1.373764585,3.44,1,2.55,0,0,0,0,0,2,3
2229,24,27,1.36428653,2.55,0,3.44,1,1,0,5,0,3,2
2229,10,35,1.356737665,2.55,0,3.44,1,1,0,6,0,3,2
2229,3,21,1.210356838,2.55,0,3.44,1,0,0,5,0,3,1
2229,28,33,1.198510529,2.55,0,3.44,1,0,0,0,0,3,1
2230,21,23,1.881941569,2.58,3,2.55,0,0,0,5,5,2,4
2230,18,21,1.840258201,2.55,0,2.58,3,0,0,4,5,3,2
2232,9,10,1.555621667,2.55,0,2.55,0,0,0,6,6,2,2
2232,3,10,1.544741236,2.55,0,2.55,0,0,0,6,6,3,2
2232,6,9,1.543542237,2.55,0,2.55,0,0,0,6,6,2,2
2232,1,2,1.532848419,2.55,0,2.55,0,0,0,3,3,4,3
2232,1,6,1.529883048,2.55,0,2.55,0,0,0,3,6,4,2
2232,2,3,1.526329861,2.55,0,2.55,0,0,0,3,6,3,3
2232,0,1,1.516720818,2.55,0,2.55,0,0,0,3,3,4,4
2232,0,2,1.504271122,2.55,0,2.55,0,0,0,3,3,4,3
2232,3,12,1.53117263,2.55,0,2.55,0,0,0,6,0,3,1
2232,1,5,1.518496111,2.55,0,2.55,0,0,0,3,0,4,1
2233,9,10,1.552383311,2.55,0,2.55,0,0,0,6,6,2,2
2233,1,2,1.551519753,2.55,0,2.55,0,0,0,3,3,4,4
2233,2,3,1.546670874,2.55,0,2.55,0,0,0,3,6,4,3
2233,1,6,1.546393319,2.55,0,2.55,0,0,0,3,6,4,3
2233,3,10,1.544189458,2.55,0,2.55,0,0,0,6,6,3,2
2233,6,9,1.544163457,2.55,0,2.55,0,0,0,6,6,3,2
2233,0,2,1.517400778,2.55,0,2.55,0,0,0,3,3,4,4
2233,0,1,1.517285076,2.55,0,2.55,0,0,0,3,3,4,4
2233,3,12,1.532620448,2.55,0,2.55,0,0,0,6,0,3,1
2233,6,13,1.53248828,2.55,0,2.55,0,0,0,6,0,3,1
2233,2,4,1.521493302,2.55,0,2.55,0,0,0,3,0,4,1
2233,1,5,1.521352845,2.55,0,2.55,0,0,0,3,0,4,1
2234,1,2,1.534774085,2.55,0,2.55,0,0,0,3,3,4,4
2234,0,2,1.533020372,2.55,0,2.55,0,0,0,3,3,4,4
2234,0,1,1.531946145,2.55,0,2.55,0,0,0,3,3,4,4
2234,9,10,1.515677304,2.55,0,2.55,0,0,0,6,6,2,2
2234,6,9,1.42460921,3.44,1,2.55,0,0,0,6,6,2,2
2234,3,10,1.419146316,3.44,1,2.55,0,0,0,6,6,2,2
2234,2,3,1.397878523,2.55,0,3.44,1,0,0,3,6,4,2
2234,1,6,1.396108268,2.55,0,3.44,1,0,0,3,6,4,2
2234,2,4,1.512042269,2.55,0,2.55,0,0,0,3,0,4,1
2234,1,5,1.511720192,2.55,0,2.55,0,0,0,3,0,4,1
2235,1,2,1.536877448,2.55,0,2.55,0,0,0,3,3,3,3
2235,0,1,1.520100693,2.55,0,2.55,0,0,0,3,3,4,3
2235,0,2,1.503962949,2.55,0,2.55,0,0,0,3,3,4,3
2235,11,12,1.404411775,2.55,0,2.55,0,1,1,6,6,3,2
2235,10,11,1.403513801,2.55,0,2.55,0,1,1,6,6,2,3
2235,3,13,1.40286299,2.55,0,2.55,0,1,1,6,6,3,2
2235,3,9,1.402860554,2.55,0,2.55,0,1,1,6,6,3,2
2235,9,10,1.396369909,2.55,0,2.55,0,1,1,6,6,2,2
2235,12,13,1.395618399,2.55,0,2.55,0,1,1,6,6,2,2
2235,11,18,1.509538594,2.55,0,2.55,0,1,0,6,0,3,1
2235,2,3,1.4998081,2.55,0,2.55,0,0,1,3,6,3,3
2235,1,6,1.443505434,2.55,0,2.55,0,0,0,3,0,3,2
2235,6,22,1.159710759,2.55,0,3.04,2,0,0,0,0,2,1
2236,1,2,1.527156415,2.55,0,2.55,0,0,0,3,3,3,3
2236,0,2,1.509529493,2.55,0,2.55,0,0,0,3,3,4,3
2236,0,1,1.504841703,2.55,0,2.55,0,0,0,3,3,4,3
2236,3,9,1.417572,2.55,0,2.55,0,0,0,6,6,3,3
2236,10,11,1.407762458,2.55,0,2.55,0,0,0,6,6,2,3
2236,12,13,1.401506876,2.55,0,2.55,0,0,0,6,6,2,2
2236,9,10,1.398063253,2.55,0,2.55,0,0,0,6,6,3,2
2236,11,12,1.397694938,2.55,0,2.55,0,0,0,6,6,3,2
2236,3,13,1.395808184,2.55,0,2.55,0,0,0,6,6,3,2
2236,1,6,1.523450215,2.55,0,2.55,0,0,0,3,0,3,3
2236,11,17,1.510126622,2.55,0,2.55,0,0,0,6,0,3,1
2236,2,3,1.497374643,2.55,0,2.55,0,0,0,3,6,3,3
2236,27,28,1.448930455,3.04,2,2.55,0,0,0,0,0,2,1
2236,21,22,1.409086748,3.44,1,2.55,0,0,0,0,0,2,1
2236,9,21,1.358941166,2.55,0,3.44,1,0,0,6,0,3,2
2236,6,27,1.358570625,2.55,0,3.04,2,0,0,0,0,3,2
2236,6,26,1.221944244,2.55,0,3.44,1,0,0,0,0,3,1
2237,1,2,1.549304037,2.55,0,2.55,0,0,0,3,3,3,3
2237,0,1,1.513040377,2.55,0,2.55,0,0,0,3,3,4,3
2237,0,2,1.503550348,2.55,0,2.55,0,0,0,3,3,4,3
2237,3,9,1.420679055,2.55,0,2.55,0,1,1,6,6,3,3
2237,10,11,1.40316266,2.55,0,2.55,0,1,1,6,6,2,3
2237,3,13,1.402086093,2.55,0,2.55,0,1,1,6,6,3,2
2237,9,10,1.401241402,2.55,0,2.55,0,1,1,6,6,3,2
2237,11,12,1.399572831,2.55,0,2.55,0,1,1,6,6,3,2
2237,12,13,1.396807547,2.55,0,2.55,0,1,1,6,6,2,2
2237,11,17,1.509882558,2.55,0,2.55,0,1,0,6,0,3,1
2237,1,6,1.498123661,2.55,0,2.55,0,0,0,3,0,3,3
2237,2,3,1.496276954,2.55,0,2.55,0,0,1,3,6,3,3
2237,27,28,1.428268867,2.55,0,3.44,1,0,0,0,0,1,2
2237,21,22,1.409475485,3.44,1,2.55,0,0,0,0,0,2,1
2237,9,21,1.362959397,2.55,0,3.44,1,1,0,6,0,3,2
2237,6,28,1.347921236,2.55,0,3.44,1,0,0,0,0,3,2
2237,6,26,1.207313266,2.55,0,3.44,1,0,0,0,0,3,1
2238,1,2,1.5296423,2.55,0,2.55,0,0,0,3,3,3,3
2238,0,1,1.506249415,2.55,0,2.55,0,0,0,3,3,4,3
2238,0,2,1.505554039,2.55,0,2.55,0,0,0,3,3,4,3
2238,30,31,1.393323964,2.55,0,2.55,0,1,1,6,6,2,3
2238,27,30,1.389862188,2.55,0,2.55,0,1,1,6,6,3,2
2238,32,33,1.38763884,3.04,2,2.55,0,1,1,6,6,3,3
2238,27,32,1.38505776,2.55,0,3.04,2,1,1,6,6,3,3
2238,33,34,1.322554107,2.55,0,3.04,2,1,1,6,6,3,2
2238,31,34,1.313072973,2.55,0,3.04,2,1,1,6,6,3,2
2238,21,24,1.542214244,2.55,0,2.55,0,0,0,0,0,2,2
2238,6,9,1.534272427,2.55,0,2.55,0,0,0,0,0,2,2
2238,15,18,1.532051511,2.55,0,2.55,0,0,0,0,0,2,2
2238,9,15,1.531939556,2.55,0,2.55,0,0,0,0,0,2,2
2238,18,21,1.53154852,2.55,0,2.55,0,0,0,0,0,2,2
2238,1,6,1.516531989,2.55,0,2.55,0,0,0,3,0,3,2
2238,2,3,1.513072645,2.55,0,2.55,0,0,0,3,0,3,1
2238,24,27,1.495616036,2.55,0,2.55,0,0,1,0,6,2,3
2238,33,36,1.488856227,2.55,0,2.55,0,1,0,6,0,3,1
2238,32,40,1.273951551,3.04,2,3.44,1,1,0,6,0,3,1
2240,0,1,1.532934744,2.55,0,2.55,0,0,0,3,3,4,4
2240,0,2,1.528322825,2.55,0,2.55,0,0,0,3,3,4,3
2240,1,2,1.507660652,2.55,0,2.55,0,0,0,3,3,4,3
2240,9,13,1.414913664,2.55,0,2.55,0,1,1,6,6,3,3
2240,45,52,1.406990703,2.55,0,2.55,0,1,1,6,6,3,2
2240,13,14,1.404601348,2.55,0,2.55,0,1,1,6,6,3,2
2240,9,12,1.404422138,2.55,0,2.55,0,1,1,6,6,3,2
2240,49,50,1.404090635,2.55,0,2.55,0,1,1,6,6,3,2
2240,48,49,1.403856084,2.55,0,2.55,0,1,1,6,6,2,3
2240,45,48,1.399611847,2.55,0,2.55,0,1,1,6,6,3,2
2240,50,51,1.398339505,2.55,0,2.55,0,1,1,6,6,2,2
2240,14,15,1.396904975,2.55,0,2.55,0,1,1,6,6,2,2
2240,12,16,1.39679113,2.55,0,2.55,0,1,1,6,6,2,2
2240,15,16,1.39664504,2.55,0,2.55,0,1,1,6,6,2,2
2240,51,52,1.39591171,2.55,0,2.55,0,1,1,6,6,2,2
2240,40,42,1.528724236,2.55,0,2.55,0,0,0,0,0,2,2
2240,2,7,1.522968331,2.55,0,2.55,0,0,0,3,0,3,2
2240,42,45,1.520745733,2.55,0,2.55,0,0,1,0,6,2,3
2240,7,9,1.517792009,2.55,0,2.55,0,0,1,0,6,2,3
2240,13,17,1.51227096,2.55,0,2.55,0,1,0,6,0,3,1
2240,38,40,1.504802839,2.55,0,2.55,0,0,0,0,0,2,2
2240,0,6,1.499530795,2.55,0,2.55,0,0,0,3,0,4,2
2240,57,58,1.40902938,3.44,1,2.55,0,0,0,0,0,2,1
2240,0,5,1.384989229,2.55,0,3.44,1,0,0,3,0,4,2
2240,49,57,1.359433109,2.55,0,3.44,1,1,0,6,0,3,2
2240,6,38,1.33871242,2.55,0,2.55,0,0,0,0,0,2,2
2241,0,1,1.535672847,2.55,0,2.55,0,0,0,3,3,4,4
2241,0,2,1.529499157,2.55,0,2.55,0,0,0,3,3,4,3
2241,1,2,1.506974104,2.55,0,2.55,0,0,0,3,3,4,3
2241,45,48,1.418962452,2.55,0,2.55,0,1,1,6,6,3,3
2241,9,13,1.415280774,2.55,0,2.55,0,1,1,6,6,3,3
2241,13,14,1.404477244,2.55,0,2.55,0,1,1,6,6,3,2
2241,9,12,1.404196088,2.55,0,2.55,0,1,1,6,6,3,2
2241,45,52,1.402709942,2.55,0,2.55,0,1,1,6,6,3,2
2241,48,49,1.401729544,2.55,0,2.55,0,1,1,6,6,3,2
2241,51,52,1.399257717,2.55,0,2.55,0,1,1,6,6,2,2
2241,49,50,1.397945355,2.55,0,2.55,0,1,1,6,6,2,2
2241,14,15,1.396965803,2.55,0,2.55,0,1,1,6,6,2,2
2241,12,16,1.396903781,2.55,0,2.55,0,1,1,6,6,2,2
2241,15,16,1.39652752,2.55,0,2.55,0,1,1,6,6,2,2
2241,50,51,1.393981206,2.55,0,2.55,0,1,1,6,6,2,2
2241,5,25,1.694957422,3.44,1,1.9,4,0,0,0,0,2,4
2241,40,42,1.530158774,2.55,0,2.55,0,0,0,0,0,2,2
2241,2,7,1.523438306,2.55,0,2.55,0,0,0,3,0,3,2
2241,42,45,1.520353472,2.55,0,2.55,0,0,1,0,6,2,3
2241,6,39,1.518109512,2.55,0,2.55,0,0,0,0,0,3,1
2241,7,9,1.517752692,2.55,0,2.55,0,0,1,0,6,2,3
2241,0,6,1.51582552,2.55,0,2.55,0,0,0,3,0,4,3
2241,13,17,1.512229682,2.55,0,2.55,0,1,0,6,0,3,1
2241,38,40,1.510336425,2.55,0,2.55,0,0,0,0,0,2,2
2241,48,53,1.510051522,2.55,0,2.55,0,1,0,6,0,3,1
2241,0,5,1.382014355,2.55,0,3.44,1,0,0,3,0,4,2
2241,6,38,1.346272733,2.55,0,2.55,0,0,0,0,0,3,2
2242,1,2,1.525610391,2.55,0,2.55,0,0,0,3,3,3,3
2242,0,2,1.521104083,2.55,0,2.55,0,0,0,3,3,4,3
2242,0,1,1.493588683,2.55,0,2.55,0,0,0,3,3,4,3
2242,1,6,1.515821847,2.55,0,2.55,0,0,0,3,0,3,3
2242,2,3,1.500233459,2.55,0,2.55,0,0,0,3,0,3,3
2242,8,13,1.430521425,3.44,1,2.55,0,0,0,0,0,2,1
2242,7,17,1.430224348,3.44,1,2.55,0,0,0,0,0,2,1
2242,3,8,1.341007475,2.55,0,3.44,1,0,0,0,0,3,2
2242,6,7,1.332813052,2.55,0,3.44,1,0,0,0,0,3,2
2242,3,11,1.206637642,2.55,0,3.44,1,0,0,0,0,3,1
2242,6,12,1.204140165,2.55,0,3.44,1,0,0,0,0,3,1
2245,1,2,1.541613812,2.55,0,2.55,0,0,0,3,3,3,3
2245,0,2,1.495015407,2.55,0,2.55,0,0,0,3,3,4,3
2245,0,1,1.490162166,2.55,0,2.55,0,0,0,3,3,4,3
2245,11,23,1.529268182,2.55,0,2.55,0,0,0,0,0,2,1
2245,6,7,1.524298405,2.55,0,2.55,0,0,0,0,0,2,2
2245,8,11,1.520808506,2.55,0,2.55,0,0,0,0,0,2,2
2245,1,6,1.514986217,2.55,0,2.55,0,0,0,3,0,3,2
2245,3,8,1.423340148,3.44,1,2.55,0,0,0,0,0,2,2
2245,7,12,1.405972435,2.55,0,3.44,1,0,0,0,0,2,2
2245,12,19,1.401381567,3.44,1,2.55,0,0,0,0,0,2,1
2245,2,3,1.378914936,2.55,0,3.44,1,0,0,3,0,3,2
2246,0,2,1.518738514,2.55,0,2.55,0,0,0,3,3,4,3
2246,1,2,1.51392122,2.55,0,2.55,0,0,0,3,3,3,3
2246,0,1,1.513844346,2.55,0,2.55,0,0,0,3,3,4,3
2246,11,23,1.529110355,2.55,0,2.55,0,0,0,0,0,2,1
2246,6,7,1.524123643,2.55,0,2.55,0,0,0,0,0,2,2
2246,8,11,1.520310102,2.55,0,2.55,0,0,0,0,0,2,2
2246,1,6,1.514506396,2.55,0,2.55,0,0,0,3,0,3,2
2246,3,8,1.423913274,3.44,1,2.55,0,0,0,0,0,2,2
2246,7,12,1.405875256,2.55,0,3.44,1,0,0,0,0,2,2
2246,12,19,1.401327539,3.44,1,2.55,0,0,0,0,0,2,1
2246,2,3,1.374644034,2.55,0,3.44,1,0,0,3,0,3,2
2247,1,2,1.560634838,2.55,0,2.55,0,0,0,3,3,3,4
2247,0,2,1.494440133,2.55,0,2.55,0,0,0,3,3,4,4
2247,0,1,1.490053042,2.55,0,2.55,0,0,0,3,3,4,3
2247,6,7,1.525194837,2.55,0,2.55,0,0,0,0,0,2,2
2247,3,8,1.525184669,2.55,0,2.55,0,0,0,0,0,2,2
2247,2,3,1.517967449,2.55,0,2.55,0,0,0,3,0,4,2
2247,1,6,1.514242326,2.55,0,2.55,0,0,0,3,0,3,2
2247,4,27,1.41233909,3.44,1,2.55,0,0,0,0,0,2,1
2247,8,11,1.407488857,2.55,0,3.44,1,0,0,0,0,2,2
2247,7,12,1.405540989,2.55,0,3.44,1,0,0,0,0,2,2
2247,12,19,1.402182732,3.44,1,2.55,0,0,0,0,0,2,1
2247,11,23,1.402001294,3.44,1,2.55,0,0,0,0,0,2,1
2247,2,4,1.394618222,2.55,0,3.44,1,0,0,3,0,4,2
2248,1,2,1.532060041,2.55,0,2.55,0,0,0,3,3,3,4
2248,0,2,1.518589661,2.55,0,2.55,0,0,0,3,3,4,4
2248,0,1,1.510402897,2.55,0,2.55,0,0,0,3,3,4,3
2248,3,8,1.525591788,2.55,0,2.55,0,0,0,0,0,2,2
2248,6,7,1.525268707,2.55,0,2.55,0,0,0,0,0,2,2
2248,2,3,1.519176192,2.55,0,2.55,0,0,0,3,0,4,2
2248,1,6,1.514270284,2.55,0,2.55,0,0,0,3,0,3,2
2248,4,27,1.412102517,3.44,1,2.55,0,0,0,0,0,2,1
2248,8,11,1.407706548,2.55,0,3.44,1,0,0,0,0,2,2
2248,7,12,1.405553029,2.55,0,3.44,1,0,0,0,0,2,2
2248,12,19,1.402201257,3.44,1,2.55,0,0,0,0,0,2,1
2248,11,23,1.40179409,3.44,1,2.55,0,0,0,0,0,2,1
2248,2,4,1.395417925,2.55,0,3.44,1,0,0,3,0,4,2
2249,1,2,1.526659932,2.55,0,2.55,0,0,0,3,3,3,3
2249,0,2,1.50751453,2.55,0,2.55,0,0,0,3,3,4,3
2249,0,1,1.506989107,2.55,0,2.55,0,0,0,3,3,4,3
2249,3,7,1.54226785,2.55,0,2.55,0,0,0,0,0,2,2
2249,5,6,1.542024558,2.55,0,2.55,0,0,0,0,0,2,2
2249,2,3,1.51680375,2.55,0,2.55,0,0,0,3,0,3,2
2249,1,5,1.51656532,2.55,0,2.55,0,0,0,3,0,3,2
2249,7,10,1.497806449,2.55,0,2.55,0,0,0,0,0,2,2
2249,6,11,1.497540646,2.55,0,2.55,0,0,0,0,0,2,2
2249,19,23,1.48426711,2.55,0,2.55,0,0,0,0,0,2,3
2249,18,32,1.484140886,2.55,0,2.55,0,0,0,0,0,2,3
2249,24,25,1.425666769,3.44,1,2.55,0,0,0,0,0,2,1
2249,33,34,1.425447331,3.44,1,2.55,0,0,0,0,0,2,1
2249,23,24,1.350359798,2.55,0,3.44,1,0,0,0,0,3,2
2249,32,33,1.350068634,2.55,0,3.44,1,0,0,0,0,3,2
2249,10,19,1.341320261,2.55,0,2.55,0,0,0,0,0,2,2
2249,11,18,1.341237822,2.55,0,2.55,0,0,0,0,0,2,2
2249,23,29,1.210551676,2.55,0,3.44,1,0,0,0,0,3,1
2249,32,38,1.210515862,2.55,0,3.44,1,0,0,0,0,3,1
2250,10,34,1.779642724,2.55,0,2.58,3,1,0,6,0,3,4
2250,34,37,1.718908189,2.58,3,3.44,1,0,0,0,0,4,2
2250,34,35,1.455146209,2.58,3,3.44,1,0,0,0,0,4,1
2250,34,36,1.454675688,2.58,3,3.44,1,0,0,0,0,4,1
2251,1,2,1.515664258,2.55,0,2.55,0,0,0,3,3,3,3
2251,0,2,1.468113355,3.04,2,2.55,0,0,0,3,3,2,3
2251,0,1,1.468018613,3.04,2,2.55,0,0,0,3,3,2,3
2251,7,8,1.459001089,2.55,0,2.55,0,0,0,0,0,2,1
2251,12,13,1.45893482,2.55,0,2.55,0,0,0,0,0,2,1
2251,2,3,1.444261626,2.55,0,2.55,0,0,0,3,0,3,2
2251,1,6,1.444260917,2.55,0,2.55,0,0,0,3,0,3,2
2251,6,7,1.213330693,2.55,0,2.55,0,0,0,0,0,2,2
2251,3,12,1.213258222,2.55,0,2.55,0,0,0,0,0,2,2
2252,1,2,1.502212661,2.55,0,2.55,0,0,0,3,3,3,3
2252,0,2,1.464847493,3.04,2,2.55,0,0,0,3,3,2,3
2252,0,1,1.443302655,3.04,2,2.55,0,0,0,3,3,2,3
2252,1,6,1.512190978,2.55,0,2.55,0,0,0,3,0,3,3
2252,2,3,1.503181062,2.55,0,2.55,0,0,0,3,0,3,3
2252,8,11,1.42909812,3.44,1,2.55,0,0,0,0,0,2,1
2252,7,15,1.427105487,3.44,1,2.55,0,0,0,0,0,2,1
2252,3,8,1.344620432,2.55,0,3.44,1,0,0,0,0,3,2
2252,6,7,1.332322287,2.55,0,3.44,1,0,0,0,0,3,2
2252,6,10,1.207598006,2.55,0,3.44,1,0,0,0,0,3,1
2252,3,9,1.205346236,2.55,0,3.44,1,0,0,0,0,3,1
2253,26,27,1.495945362,2.55,0,2.55,0,0,1,5,5,3,3
2253,28,29,1.495373832,2.55,0,2.55,0,0,1,5,5,3,3
2253,1,2,1.489115848,2.55,0,2.55,0,0,0,3,3,3,3
2253,0,2,1.482715737,3.04,2,2.55,0,0,0,3,3,3,3
2253,0,1,1.480572424,3.04,2,2.55,0,0,0,3,3,3,3
2253,25,28,1.409922752,3.04,2,2.55,0,0,0,5,5,3,3
2253,25,26,1.409821463,3.04,2,2.55,0,0,0,5,5,3,3
2253,30,31,1.404823187,2.55,0,2.55,0,1,1,6,6,2,2
2253,32,33,1.404782847,2.55,0,2.55,0,1,1,6,6,2,2
2253,31,32,1.4021637,2.55,0,2.55,0,1,1,6,6,2,2
2253,27,29,1.398113969,2.55,0,2.55,0,1,1,5,5,3,3
2253,27,30,1.389235838,2.55,0,2.55,0,1,1,5,6,3,2
2253,29,33,1.389127309,2.55,0,2.55,0,1,1,5,6,3,2
2253,3,8,1.533553373,2.55,0,2.55,0,0,0,0,0,2,2
2253,6,7,1.533217472,2.55,0,2.55,0,0,0,0,0,2,2
2253,7,13,1.529115242,2.55,0,2.55,0,0,0,0,0,2,1
2253,8,9,1.528984848,2.55,0,2.55,0,0,0,0,0,2,1
2253,1,6,1.513149749,2.55,0,2.55,0,0,0,3,0,3,2
2253,2,3,1.512894488,2.55,0,2.55,0,0,0,3,0,3,2
2253,0,25,1.401378821,3.04,2,3.04,2,0,0,3,5,3,3
2253,26,38,1.208601323,2.55,0,3.44,1,0,0,5,0,3,1
2253,28,39,1.208039533,2.55,0,3.44,1,0,0,5,0,3,1
2254,1,2,1.497543313,2.55,0,2.55,0,0,0,3,3,3,3
2254,22,23,1.496525883,2.55,0,2.55,0,0,1,5,5,3,3
2254,24,25,1.496459358,2.55,0,2.55,0,0,1,5,5,3,3
2254,0,2,1.487617392,3.04,2,2.55,0,0,0,3,3,3,3
2254,0,1,1.473588597,3.04,2,2.55,0,0,0,3,3,3,3
2254,21,24,1.412085276,3.04,2,2.55,0,0,0,5,5,3,3
2254,21,22,1.407831855,3.04,2,2.55,0,0,0,5,5,3,3
2254,28,29,1.404752465,2.55,0,2.55,0,1,1,6,6,2,2
2254,26,27,1.404730485,2.55,0,2.55,0,1,1,6,6,2,2
2254,27,28,1.402099044,2.55,0,2.55,0,1,1,6,6,2,2
2254,23,25,1.398741926,2.55,0,2.55,0,1,1,5,5,3,3
2254,23,26,1.389334757,2.55,0,2.55,0,1,1,5,6,3,2
2254,25,29,1.389175552,2.55,0,2.55,0,1,1,5,6,3,2
2254,6,7,1.533488954,2.55,0,2.55,0,0,0,0,0,2,2
2254,7,13,1.529198255,2.55,0,2.55,0,0,0,0,0,2,1
2254,1,6,1.51202502,2.55,0,2.55,0,0,0,3,0,3,2
2254,8,9,1.498833984,2.55,0,2.55,0,0,0,0,0,2,1
2254,2,3,1.480552952,2.55,0,2.55,0,0,0,3,0,3,2
2254,0,21,1.400555009,3.04,2,3.04,2,0,0,3,5,3,3
2254,3,8,1.339640325,2.55,0,2.55,0,0,0,0,0,2,2
2254,22,34,1.208768781,2.55,0,3.44,1,0,0,5,0,3,1
2254,24,35,1.206613031,2.55,0,3.44,1,0,0,5,0,3,1
2256,28,29,1.495060696,2.55,0,2.55,0,0,1,5,5,3,3
2256,26,27,1.493970991,2.55,0,2.55,0,0,1,5,5,3,3
2256,1,2,1.492141823,2.55,0,2.55,0,0,0,3,3,4,3
2256,0,2,1.478358147,3.04,2,2.55,0,0,0,3,3,3,3
2256,0,1,1.473330164,3.04,2,2.55,0,0,0,3,3,3,4
2256,25,26,1.41362378,3.04,2,2.55,0,0,0,5,5,3,3
2256,25,28,1.409717176,3.04,2,2.55,0,0,0,5,5,3,3
2256,30,31,1.404388763,2.55,0,2.55,0,1,1,6,6,2,2
2256,32,33,1.404323158,2.55,0,2.55,0,1,1,6,6,2,2
2256,31,32,1.402413286,2.55,0,2.55,0,1,1,6,6,2,2
2256,27,29,1.397751854,2.55,0,2.55,0,1,1,5,5,3,3
2256,27,30,1.389366497,2.55,0,2.55,0,1,1,5,6,3,2
2256,29,33,1.38928699,2.55,0,2.55,0,1,1,5,6,3,2
2256,3,8,1.534488927,2.55,0,2.55,0,0,0,0,0,2,2
2256,6,7,1.533172836,2.55,0,2.55,0,0,0,0,0,2,2
2256,7,13,1.529260009,2.55,0,2.55,0,0,0,0,0,2,1
2256,8,9,1.529086909,2.55,0,2.55,0,0,0,0,0,2,1
2256,2,3,1.513277969,2.55,0,2.55,0,0,0,3,0,3,2
2256,1,6,1.513008371,2.55,0,2.55,0,0,0,3,0,4,2
2256,0,25,1.390435992,3.04,2,3.04,2,0,0,3,5,3,3
2256,28,39,1.209320569,2.55,0,3.44,1,0,0,5,0,3,1
2256,26,38,1.205725201,2.55,0,3.44,1,0,0,5,0,3,1
2257,1,2,1.543065933,2.55,0,2.55,0,0,0,3,3,4,4
2257,28,29,1.492675542,2.55,0,2.55,0,0,1,5,5,3,3
2257,26,27,1.492557285,2.55,0,2.55,0,0,1,5,5,3,3
2257,0,1,1.481245789,3.04,2,2.55,0,0,0,3,3,3,4
2257,0,2,1.4788808,3.04,2,2.55,0,0,0,3,3,3,4
2257,25,26,1.422980426,3.04,2,2.55,0,0,0,5,5,3,3
2257,25,28,1.411264636,3.04,2,2.55,0,0,0,5,5,3,3
2257,5,43,1.409340132,2.55,0,2.55,0,0,0,6,6,3,2
2257,5,40,1.408478027,2.55,0,2.55,0,0,0,6,6,3,2
2257,4,50,1.407423407,2.55,0,2.55,0,0,0,6,6,3,2
2257,30,31,1.404680093,2.55,0,2.55,0,1,1,6,6,2,2
2257,32,33,1.404637239,2.55,0,2.55,0,1,1,6,6,2,2
2257,4,51,1.403216777,2.55,0,2.55,0,0,0,6,6,3,2
2257,31,32,1.402403359,2.55,0,2.55,0,1,1,6,6,2,2
2257,51,52,1.400359877,2.55,0,2.55,0,0,0,6,6,2,2
2257,53,54,1.398807377,2.55,0,2.55,0,0,0,6,6,2,2
2257,40,41,1.398229065,2.55,0,2.55,0,0,0,6,6,2,2
2257,42,44,1.396878738,2.55,0,2.55,0,0,0,6,6,2,2
2257,27,29,1.396586861,2.55,0,2.55,0,1,1,5,5,3,3
2257,52,54,1.396253456,2.55,0,2.55,0,0,0,6,6,2,2
2257,43,44,1.395813744,2.55,0,2.55,0,0,0,6,6,2,2
2257,50,53,1.395428979,2.55,0,2.55,0,0,0,6,6,2,2
2257,41,42,1.395110773,2.55,0,2.55,0,0,0,6,6,2,2
2257,29,33,1.38946208,2.55,0,2.55,0,1,1,5,6,3,2
2257,27,30,1.389234706,2.55,0,2.55,0,1,1,5,6,3,2
2257,2,3,1.53746489,2.55,0,2.55,0,0,0,3,0,4,2
2257,6,7,1.534933635,2.55,0,2.55,0,0,0,0,0,2,2
2257,3,8,1.534855892,2.55,0,2.55,0,0,0,0,0,2,2
2257,1,6,1.53467002,2.55,0,2.55,0,0,0,3,0,4,2
2257,8,9,1.530381424,2.55,0,2.55,0,0,0,0,0,2,1
2257,7,13,1.530170345,2.55,0,2.55,0,0,0,0,0,2,1
2257,1,5,1.52415403,2.55,0,2.55,0,0,0,3,6,4,3
2257,2,4,1.51827965,2.55,0,2.55,0,0,0,3,6,4,3
2257,0,25,1.399327194,3.04,2,3.04,2,0,0,3,5,3,3
2257,28,39,1.210249943,2.55,0,3.44,1,0,0,5,0,3,1
2257,26,38,1.20473874,2.55,0,3.44,1,0,0,5,0,3,1
4076,1,2,1.53848195,2.55,0,2.55,0,0,0,6,6,3,2
4076,0,1,1.536265456,2.55,0,2.55,0,0,0,6,6,2,3
4076,0,8,1.532901171,2.55,0,2.55,0,0,0,6,6,2,2
4076,8,11,1.513786626,2.55,0,2.55,0,0,0,6,6,2,3
4076,2,14,1.50697335,2.55,0,2.55,0,0,0,6,6,2,2
4076,17,20,1.503698736,2.55,0,2.55,0,0,0,3,3,3,3
4076,19,20,1.464133476,3.04,2,2.55,0,0,0,3,3,2,3
4076,17,19,1.4561165,2.55,0,3.04,2,0,0,3,3,3,2
4076,11,14,1.34272575,2.55,0,2.55,0,0,0,6,6,3,2
4076,1,4,1.530141817,2.55,0,2.55,0,0,0,6,0,3,1
4076,22,24,1.511833294,2.55,0,2.55,0,0,0,0,0,3,1
4076,20,22,1.503101917,2.55,0,2.55,0,0,0,3,0,3,3
4076,11,17,1.497162347,2.55,0,2.55,0,0,0,6,3,3,3
4076,22,28,1.216290018,2.55,0,3.44,1,0,0,0,0,3,1
2259,4,19,1.832748963,2.55,0,2.58,3,0,0,6,0,3,4
2259,19,22,1.796725124,2.58,3,2.55,0,0,0,0,3,4,3
2259,19,21,1.472324862,2.58,3,3.44,1,0,0,0,0,4,1
2259,19,20,1.470176363,2.58,3,3.44,1,0,0,0,0,4,1
2260,1,2,1.528069819,2.55,0,2.55,0,0,0,3,3,4,3
2260,0,2,1.508209443,2.55,0,2.55,0,0,0,3,3,3,3
2260,0,1,1.507146821,2.55,0,2.55,0,0,0,3,3,3,4
2260,14,15,1.523303025,2.55,0,2.55,0,0,0,0,0,2,1
2260,5,7,1.512677409,2.55,0,2.55,0,0,0,0,0,3,1
2260,2,5,1.512250482,2.55,0,2.55,0,0,0,3,0,3,3
2260,12,14,1.429884828,3.44,1,2.55,0,0,0,0,0,2,2
2260,0,12,1.373730617,2.55,0,3.44,1,0,0,3,0,3,2
2260,5,11,1.210457565,2.55,0,3.44,1,0,0,0,0,3,1
2261,0,1,1.528009413,2.55,0,2.55,0,0,0,3,3,3,4
2261,0,2,1.526851311,2.55,0,2.55,0,0,0,3,3,3,3
2261,1,2,1.515101083,2.55,0,2.55,0,0,0,3,3,4,3
2261,7,15,1.515800801,2.55,0,2.55,0,0,0,0,0,2,1
2261,10,11,1.458716799,2.55,0,2.55,0,0,0,0,0,2,1
2261,0,8,1.439309606,2.55,0,2.55,0,0,0,3,0,3,2
2261,5,7,1.426418861,3.44,1,2.55,0,0,0,0,0,2,2
2261,2,5,1.368638237,2.55,0,3.44,1,0,0,3,0,3,2
2261,8,10,1.21292452,2.55,0,2.55,0,0,0,0,0,2,2
2262,19,22,1.788747719,2.58,3,2.55,0,0,1,0,6,4,3
2262,1,19,1.714296343,3.04,2,2.58,3,0,0,3,0,3,4
2262,19,20,1.472444243,2.58,3,3.44,1,0,0,0,0,4,1
2262,19,21,1.46422429,2.58,3,3.44,1,0,0,0,0,4,1
2263,17,19,1.526443048,2.55,0,2.55,0,0,0,3,3,3,3
2263,17,18,1.442412873,2.55,0,3.04,2,0,0,3,3,3,3
2263,18,19,1.431595887,3.04,2,2.55,0,0,0,3,3,3,3
2263,30,31,1.411063677,2.55,0,2.55,0,1,1,6,6,3,2
2263,30,35,1.410154733,2.55,0,2.55,0,1,1,6,6,3,2
2263,0,4,1.40829766,2.55,0,2.55,0,0,0,6,6,3,2
2263,3,5,1.407145588,2.55,0,2.55,0,0,0,6,6,3,2
2263,0,1,1.403166665,2.55,0,2.55,0,0,0,6,6,3,2
2263,1,2,1.400931771,2.55,0,2.55,0,0,0,6,6,2,2
2263,2,3,1.400400703,2.55,0,2.55,0,0,0,6,6,2,3
2263,32,33,1.399958757,2.55,0,2.55,0,1,1,6,6,2,2
2263,33,34,1.398601775,2.55,0,2.55,0,1,1,6,6,2,2
2263,34,35,1.396363981,2.55,0,2.55,0,1,1,6,6,2,2
2263,31,32,1.394922315,2.55,0,2.55,0,1,1,6,6,2,2
2263,4,5,1.391663754,2.55,0,2.55,0,0,0,6,6,2,2
2263,10,11,1.527970524,2.55,0,2.55,0,0,0,0,0,2,1
2263,3,10,1.519145766,2.55,0,2.55,0,0,0,6,0,3,2
2263,19,21,1.512600944,2.55,0,2.55,0,0,0,3,0,3,2
2263,0,17,1.499223846,2.55,0,2.55,0,0,0,6,3,3,3
2263,21,23,1.406907236,2.55,0,3.44,1,0,0,0,0,2,2
2263,23,24,1.402127168,3.44,1,2.55,0,0,0,0,0,2,1
2263,18,30,1.390881682,3.04,2,2.55,0,0,1,3,6,3,3
2264,17,19,1.525672028,2.55,0,2.55,0,0,0,3,3,3,3
2264,17,18,1.4439752,2.55,0,3.04,2,0,0,3,3,3,3
2264,33,34,1.436343762,2.55,0,2.55,0,1,1,6,6,3,3
2264,18,19,1.431931085,3.04,2,2.55,0,0,0,3,3,3,3
2264,30,31,1.430928648,2.55,0,2.55,0,1,1,6,6,3,2
2264,34,42,1.425218108,2.55,0,2.55,0,1,1,6,6,3,2
2264,32,33,1.424779092,2.55,0,2.55,0,1,1,6,6,2,3
2264,33,39,1.421417653,2.55,0,2.55,0,1,1,6,6,3,2
2264,34,35,1.420776535,2.55,0,2.55,0,1,1,6,6,3,2
2264,40,41,1.418237907,2.55,0,2.55,0,1,1,6,6,2,2
2264,0,4,1.408149936,2.55,0,2.55,0,0,0,6,6,3,2
2264,3,5,1.407114884,2.55,0,2.55,0,0,0,6,6,3,2
2264,0,1,1.403118207,2.55,0,2.55,0,0,0,6,6,3,2
2264,1,2,1.400760715,2.55,0,2.55,0,0,0,6,6,2,2
2264,2,3,1.40057453,2.55,0,2.55,0,0,0,6,6,2,3
2264,4,5,1.391708701,2.55,0,2.55,0,0,0,6,6,2,2
2264,30,35,1.39056473,2.55,0,2.55,0,1,1,6,6,3,2
2264,39,40,1.380711635,2.55,0,2.55,0,1,1,6,6,2,2
2264,41,42,1.380115165,2.55,0,2.55,0,1,1,6,6,2,2
2264,31,32,1.374794334,2.55,0,2.55,0,1,1,6,6,2,2
2264,10,11,1.527924687,2.55,0,2.55,0,0,0,0,0,2,1
2264,3,10,1.519143516,2.55,0,2.55,0,0,0,6,0,3,2
2264,19,21,1.512842649,2.55,0,2.55,0,0,0,3,0,3,2
2264,0,17,1.499024583,2.55,0,2.55,0,0,0,6,3,3,3
2264,21,23,1.406571619,2.55,0,3.44,1,0,0,0,0,2,2
2264,23,24,1.402267798,3.44,1,2.55,0,0,0,0,0,2,1
2264,18,30,1.389650849,3.04,2,2.55,0,0,1,3,6,3,3
2265,12,15,1.792803223,2.58,3,2.55,0,0,1,0,6,4,3
2265,1,12,1.688612973,3.04,2,2.58,3,0,0,3,0,3,4
2265,12,14,1.471382226,2.58,3,3.44,1,0,0,0,0,4,1
2265,12,13,1.465021636,2.58,3,3.44,1,0,0,0,0,4,1
2266,58,59,1.78936546,2.58,3,2.55,0,0,0,0,6,4,3
2266,38,58,1.723076807,3.04,2,2.58,3,1,0,5,0,3,4
2266,58,68,1.459840954,2.58,3,3.44,1,0,0,0,0,4,1
2266,58,69,1.458395811,2.58,3,3.44,1,0,0,0,0,4,1
2267,0,2,1.513326482,2.55,0,2.55,0,0,0,3,3,4,4
2267,4,36,1.439717817,2.55,0,2.55,0,1,1,5,5,3,3
2267,0,1,1.429213242,2.55,0,3.44,1,0,0,3,3,4,2
2267,1,2,1.423219318,3.44,1,2.55,0,0,0,3,3,2,4
2267,23,24,1.405849863,2.55,0,2.55,0,1,1,6,6,3,2
2267,22,23,1.405038728,2.55,0,2.55,0,1,1,6,6,2,3
2267,41,46,1.404846446,2.55,0,2.55,0,1,1,6,6,3,3
2267,41,42,1.404744288,2.55,0,2.55,0,1,1,6,6,3,3
2267,3,6,1.404678455,2.55,0,2.55,0,1,1,6,6,3,2
2267,10,25,1.404475099,2.55,0,2.55,0,1,1,6,6,3,2
2267,3,8,1.404206218,2.55,0,2.55,0,1,1,6,6,3,2
2267,10,21,1.402371858,2.55,0,2.55,0,1,1,6,6,3,2
2267,7,15,1.398727939,2.55,0,2.55,0,1,1,6,6,2,2
2267,8,17,1.398037956,2.55,0,2.55,0,1,1,6,6,2,2
2267,15,17,1.397702257,2.55,0,2.55,0,1,1,6,6,2,2
2267,44,45,1.397518493,2.55,0,2.55,0,1,1,6,6,2,2
2267,6,7,1.39724885,2.55,0,2.55,0,1,1,6,6,2,2
2267,43,44,1.396566885,2.55,0,2.55,0,1,1,6,6,2,2
2267,21,22,1.39612553,2.55,0,2.55,0,1,1,6,6,2,2
2267,42,43,1.393486479,2.55,0,2.55,0,1,1,6,6,3,2
2267,24,25,1.391743786,2.55,0,2.55,0,1,1,6,6,2,2
2267,45,46,1.391459284,2.55,0,2.55,0,1,1,6,6,2,3
2267,36,37,1.38841421,2.55,0,2.55,0,1,1,5,5,3,2
2267,4,5,1.386270303,2.55,0,2.55,0,1,1,5,5,3,2
2267,5,38,1.373601225,2.55,0,3.04,2,1,1,5,5,2,3
2267,37,38,1.368059005,2.55,0,3.04,2,1,1,5,5,2,3
2267,30,31,1.51998586,2.55,0,2.55,0,0,0,0,0,3,1
2267,0,9,1.516231463,2.55,0,2.55,0,0,0,3,0,4,1
2267,2,3,1.513915515,2.55,0,2.55,0,0,1,3,6,4,3
2267,2,10,1.51150372,2.55,0,2.55,0,0,1,3,6,4,3
2267,23,30,1.502595394,2.55,0,2.55,0,1,0,6,0,3,3
2267,0,4,1.498058482,2.55,0,2.55,0,0,1,3,5,4,3
2267,36,41,1.476312224,2.55,0,2.55,0,1,1,5,6,3,3
2267,38,52,1.449029309,3.04,2,2.55,0,1,0,5,0,3,1
2267,30,35,1.216354867,2.55,0,3.44,1,0,0,0,0,3,1
2268,52,55,1.797706559,2.58,3,2.55,0,0,0,0,0,4,1
2268,38,52,1.721305013,3.04,2,2.58,3,1,0,5,0,3,4
2268,52,53,1.457459127,2.58,3,3.44,1,0,0,0,0,4,1
2268,52,54,1.456793218,2.58,3,3.44,1,0,0,0,0,4,1
2269,0,2,1.518901148,2.55,0,2.55,0,0,0,3,3,4,4
2269,9,13,1.447155979,2.55,0,2.55,0,0,0,5,5,3,3
2269,1,2,1.434387045,3.44,1,2.55,0,0,0,3,3,2,4
2269,0,1,1.425444607,2.55,0,3.44,1,0,0,3,3,4,2
2269,29,30,1.41758849,2.55,0,2.55,0,0,0,6,6,3,3
2269,29,34,1.416294301,2.55,0,2.55,0,0,0,6,6,3,3
2269,4,56,1.406143052,2.55,0,2.55,0,0,0,6,6,3,2
2269,58,59,1.405321114,2.55,0,2.55,0,0,0,6,6,2,3
2269,59,60,1.405250095,2.55,0,2.55,0,0,0,6,6,3,2
2269,4,57,1.404969998,2.55,0,2.55,0,0,0,6,6,3,2
2269,33,34,1.40357932,2.55,0,2.55,0,0,0,6,6,2,3
2269,3,46,1.403565933,2.55,0,2.55,0,1,1,6,6,3,2
2269,30,31,1.403321057,2.55,0,2.55,0,0,0,6,6,3,2
2269,3,50,1.40265194,2.55,0,2.55,0,1,1,6,6,3,2
2269,48,49,1.399002558,2.55,0,2.55,0,1,1,6,6,2,2
2269,46,47,1.398485171,2.55,0,2.55,0,1,1,6,6,2,2
2269,47,48,1.398267714,2.55,0,2.55,0,1,1,6,6,2,2
2269,49,50,1.397460513,2.55,0,2.55,0,1,1,6,6,2,2
2269,57,58,1.3953262,2.55,0,2.55,0,0,0,6,6,2,2
2269,31,32,1.394874861,2.55,0,2.55,0,0,0,6,6,2,2
2269,32,33,1.394552126,2.55,0,2.55,0,0,0,6,6,2,2
2269,56,60,1.392967638,2.55,0,2.55,0,0,0,6,6,2,2
2269,9,11,1.386003845,2.55,0,2.55,0,0,0,5,5,3,2
2269,13,16,1.385272484,2.55,0,2.55,0,0,0,5,5,3,2
2269,11,14,1.375455816,2.55,0,3.04,2,0,0,5,5,2,3
2269,14,16,1.371230594,3.04,2,2.55,0,0,0,5,5,3,2
2269,15,18,1.534934801,2.55,0,2.55,0,0,0,0,0,2,2
2269,65,66,1.51971239,2.55,0,2.55,0,0,0,0,0,3,1
2269,2,5,1.517490854,2.55,0,2.55,0,0,0,3,0,4,1
2269,0,3,1.513377706,2.55,0,2.55,0,0,1,3,6,4,3
2269,0,4,1.51306765,2.55,0,2.55,0,0,0,3,6,4,3
2269,30,38,1.511196918,2.55,0,2.55,0,0,0,6,0,3,1
2269,34,42,1.509895207,2.55,0,2.55,0,0,0,6,0,3,1
2269,23,24,1.507716555,2.55,0,2.55,0,0,0,0,0,3,1
2269,59,65,1.502382177,2.55,0,2.55,0,0,0,6,0,3,3
2269,2,13,1.498209175,2.55,0,2.55,0,0,0,3,5,4,3
2269,9,29,1.494587355,2.55,0,2.55,0,0,0,5,6,3,3
2269,14,15,1.450432432,3.04,2,2.55,0,0,0,5,0,3,2
2269,18,20,1.430754092,2.55,0,3.44,1,0,0,0,0,2,2
2269,20,23,1.355807324,3.44,1,2.55,0,0,0,0,0,2,3
2269,65,70,1.216538641,2.55,0,3.44,1,0,0,0,0,3,1
2269,23,25,1.205605706,2.55,0,3.44,1,0,0,0,0,3,1
2270,3,6,1.750027359,2.55,0,2.58,3,1,1,5,5,3,2
2270,6,7,1.749253704,2.58,3,2.55,0,1,1,5,5,2,3
2271,0,2,1.493091214,2.55,0,2.55,0,0,0,3,3,4,3
2271,1,2,1.417349162,3.44,1,2.55,0,0,0,3,3,2,3
2271,0,1,1.417330086,2.55,0,3.44,1,0,0,3,3,4,2
2271,10,11,1.40591249,2.55,0,2.55,0,1,1,6,6,2,3
2271,7,11,1.405663213,2.55,0,2.55,0,1,1,6,6,2,3
2271,4,9,1.404330969,2.55,0,2.55,0,1,1,6,6,3,2
2271,4,6,1.402428485,2.55,0,2.55,0,1,1,6,6,3,2
2271,6,7,1.39482561,2.55,0,2.55,0,1,1,6,6,2,2
2271,9,10,1.392644694,2.55,0,2.55,0,1,1,6,6,2,2
2271,23,26,1.530102975,2.55,0,2.55,0,0,0,0,0,2,1
2271,22,23,1.5239551,2.55,0,2.55,0,0,0,0,0,2,2
2271,0,3,1.522611121,2.55,0,2.55,0,0,0,3,0,4,3
2271,0,33,1.519012459,2.55,0,2.55,0,0,0,3,0,4,3
2271,16,17,1.518488587,2.55,0,2.55,0,0,0,0,0,3,1
2271,11,16,1.505107977,2.55,0,2.55,0,1,0,6,0,3,3
2271,2,4,1.493035067,2.55,0,2.55,0,0,1,3,6,3,3
2271,5,22,1.443601808,3.44,1,2.55,0,0,0,0,0,2,2
2271,34,35,1.430696691,3.44,1,2.55,0,0,0,0,0,2,1
2271,33,34,1.338001599,2.55,0,3.44,1,0,0,0,0,3,2
2271,3,5,1.334997049,2.55,0,3.44,1,0,0,0,0,3,2
2271,16,21,1.215851248,2.55,0,3.44,1,0,0,0,0,3,1
2271,33,39,1.205103575,2.55,0,3.44,1,0,0,0,0,3,1
2271,3,32,1.203269895,2.55,0,3.44,1,0,0,0,0,3,1
2272,0,2,1.504651303,2.55,0,2.55,0,0,0,3,3,4,3
2272,0,1,1.418566402,2.55,0,3.44,1,0,0,3,3,4,2
2272,1,2,1.418381571,3.44,1,2.55,0,0,0,3,3,2,3
2272,10,11,1.407990762,2.55,0,2.55,0,1,1,6,6,2,3
2272,4,9,1.407218865,2.55,0,2.55,0,1,1,6,6,3,2
2272,3,20,1.405554902,2.55,0,2.55,0,1,1,6,6,3,2
2272,7,11,1.404151953,2.55,0,2.55,0,1,1,6,6,2,3
2272,3,5,1.404092177,2.55,0,2.55,0,1,1,6,6,3,2
2272,6,7,1.399480376,2.55,0,2.55,0,1,1,6,6,2,2
2272,4,6,1.399432277,2.55,0,2.55,0,1,1,6,6,3,2
2272,19,28,1.398728127,2.55,0,2.55,0,1,1,6,6,2,2
2272,18,19,1.397737751,2.55,0,2.55,0,1,1,6,6,2,2
2272,5,18,1.397679465,2.55,0,2.55,0,1,1,6,6,2,2
2272,20,28,1.397346497,2.55,0,2.55,0,1,1,6,6,2,2
2272,9,10,1.389436799,2.55,0,2.55,0,1,1,6,6,2,2
2272,0,21,1.518898737,2.55,0,2.55,0,0,0,3,0,4,3
2272,17,34,1.517102436,2.55,0,2.55,0,0,0,0,0,2,1
2272,0,3,1.508909982,2.55,0,2.55,0,0,1,3,6,4,3
2272,2,4,1.491801839,2.55,0,2.55,0,0,1,3,6,3,3
2272,22,23,1.430268766,3.44,1,2.55,0,0,0,0,0,2,1
2272,16,17,1.419690128,3.44,1,2.55,0,0,0,0,0,2,2
2272,11,16,1.355705323,2.55,0,3.44,1,1,0,6,0,3,2
2272,21,22,1.336778658,2.55,0,3.44,1,0,0,0,0,3,2
2272,21,27,1.207816618,2.55,0,3.44,1,0,0,0,0,3,1
2273,0,2,1.513535968,2.55,0,2.55,0,0,0,3,3,4,3
2273,0,1,1.418289228,2.55,0,3.44,1,0,0,3,3,4,2
2273,1,2,1.413752649,3.44,1,2.55,0,0,0,3,3,2,3
2273,30,33,1.41073335,2.55,0,2.55,0,1,1,6,6,2,3
2273,33,36,1.408989461,2.55,0,2.55,0,1,1,6,6,3,2
2273,3,7,1.403973929,2.55,0,2.55,0,0,0,6,6,3,2
2273,3,4,1.402515851,2.55,0,2.55,0,0,0,6,6,3,2
2273,28,32,1.400952115,2.55,0,2.55,0,1,1,6,6,2,2
2273,5,9,1.398868527,2.55,0,2.55,0,0,0,6,6,2,3
2273,8,9,1.398522331,2.55,0,2.55,0,0,0,6,6,2,3
2273,32,35,1.397390908,2.55,0,2.55,0,1,1,6,6,2,2
2273,35,36,1.396716486,2.55,0,2.55,0,1,1,6,6,2,2
2273,4,5,1.396001876,2.55,0,2.55,0,0,0,6,6,2,2
2273,7,8,1.394192622,2.55,0,2.55,0,0,0,6,6,2,2
2273,28,30,1.393905455,2.55,0,2.55,0,1,1,6,6,2,2
2273,0,16,1.517348377,2.55,0,2.55,0,0,0,3,0,4,3
2273,15,23,1.507501795,2.55,0,2.55,0,0,0,0,0,3,1
2273,2,3,1.49219923,2.55,0,2.55,0,0,0,3,6,3,3
2273,0,39,1.489379235,2.55,0,2.55,0,0,0,3,0,4,2
2273,33,40,1.470600325,2.55,0,2.55,0,1,0,6,0,3,2
2273,17,18,1.431553863,3.44,1,2.55,0,0,0,0,0,2,1
2273,9,14,1.387537739,2.55,0,3.44,1,0,0,6,0,3,2
2273,14,15,1.367919899,3.44,1,2.55,0,0,0,0,0,2,3
2273,39,40,1.344804579,2.55,0,2.55,0,0,0,0,0,2,2
2273,16,17,1.334389602,2.55,0,3.44,1,0,0,0,0,3,2
2273,16,22,1.20818995,2.55,0,3.44,1,0,0,0,0,3,1
2273,15,27,1.200487185,2.55,0,3.44,1,0,0,0,0,3,1
2274,26,29,1.55165619,2.55,0,2.55,0,0,0,6,6,2,3
2274,23,26,1.544189814,2.55,0,2.55,0,0,0,6,6,2,2
2274,3,4,1.542922702,2.55,0,2.55,0,0,0,6,6,2,2
2274,4,29,1.538357598,2.55,0,2.55,0,0,0,6,6,2,3
2274,2,3,1.527136807,2.55,0,2.55,0,0,0,3,6,4,2
2274,2,23,1.517620558,2.55,0,2.55,0,0,0,3,6,4,2
2274,0,2,1.503197784,2.55,0,2.55,0,0,0,3,3,4,4
2274,1,2,1.425958747,3.44,1,2.55,0,0,0,3,3,2,4
2274,0,1,1.416166988,2.55,0,3.44,1,0,0,3,3,4,2
2274,12,15,1.405371751,2.55,0,2.55,0,1,1,6,6,3,2
2274,12,13,1.403702475,2.55,0,2.55,0,1,1,6,6,3,2
2274,16,17,1.398844513,2.55,0,2.55,0,1,1,6,6,2,2
2274,14,17,1.397901047,2.55,0,2.55,0,1,1,6,6,2,2
2274,13,14,1.397834605,2.55,0,2.55,0,1,1,6,6,2,2
2274,15,16,1.397455254,2.55,0,2.55,0,1,1,6,6,2,2
2274,29,33,1.537783767,2.55,0,2.55,0,0,0,6,0,3,2
2274,33,36,1.530751587,2.55,0,2.55,0,0,0,0,0,2,1
2274,0,5,1.524285074,2.55,0,2.55,0,0,0,3,0,4,3
2274,0,12,1.509563271,2.55,0,2.55,0,0,1,3,6,4,3
2274,6,7,1.430479002,3.44,1,2.55,0,0,0,0,0,2,1
2274,5,6,1.349407591,2.55,0,3.44,1,0,0,0,0,3,2
2274,5,11,1.202220276,2.55,0,3.44,1,0,0,0,0,3,1
2275,1,2,1.475163602,2.55,0,2.55,0,0,0,3,3,3,3
2275,0,1,1.446671284,3.44,1,2.55,0,0,0,3,3,2,3
2275,0,2,1.389016928,3.44,1,2.55,0,0,0,3,3,2,3
2275,6,7,1.531861778,2.55,0,2.55,0,0,0,0,0,2,1
2275,8,9,1.517092349,2.55,0,2.55,0,0,0,0,0,2,1
2275,1,6,1.508993598,2.55,0,2.55,0,0,0,3,0,3,2
2275,3,8,1.417667395,3.44,1,2.55,0,0,0,0,0,2,2
2275,2,3,1.378607483,2.55,0,3.44,1,0,0,3,0,3,2
2276,0,2,1.581649126,2.55,0,2.55,0,0,0,4,4,3,3
2276,1,5,1.575104918,2.55,0,2.55,0,0,0,4,4,3,3
2276,2,5,1.553269155,2.55,0,2.55,0,0,0,4,4,3,3
2276,0,1,1.552217104,2.55,0,2.55,0,0,0,4,4,3,3
2276,3,21,1.406960074,2.55,0,2.55,0,1,1,6,6,3,2
2276,6,12,1.40520342,2.55,0,2.55,0,1,1,6,6,3,2
2276,6,14,1.40474997,2.55,0,2.55,0,1,1,6,6,3,2
2276,22,23,1.401606813,2.55,0,2.55,0,1,1,6,6,2,3
2276,15,16,1.401173942,2.55,0,2.55,0,1,1,6,6,2,3
2276,3,25,1.401027782,2.55,0,2.55,0,1,1,6,6,3,2
2276,24,25,1.400989736,2.55,0,2.55,0,1,1,6,6,2,2
2276,13,16,1.39928975,2.55,0,2.55,0,1,1,6,6,2,3
2276,23,24,1.398532104,2.55,0,2.55,0,1,1,6,6,3,2
2276,14,15,1.398252967,2.55,0,2.55,0,1,1,6,6,2,2
2276,12,13,1.393735987,2.55,0,2.55,0,1,1,6,6,2,2
2276,21,22,1.391283881,2.55,0,2.55,0,1,1,6,6,2,2
2276,40,43,1.543820216,2.55,0,2.55,0,0,0,7,7,2,2
2276,37,40,1.539357172,2.55,0,2.55,0,0,0,7,7,2,2
2276,33,43,1.537738859,2.55,0,2.55,0,0,0,7,7,2,2
2276,36,37,1.527209406,2.55,0,2.55,0,0,0,7,7,2,2
2276,32,33,1.523091071,2.55,0,2.55,0,0,0,7,7,2,2
2276,5,9,1.516633725,2.55,0,2.55,0,0,0,4,7,3,3
2276,1,10,1.516122173,2.55,0,2.55,0,0,0,4,7,3,3
2276,54,55,1.509689497,2.55,0,2.55,0,0,0,0,0,3,1
2276,59,60,1.509520188,2.55,0,2.55,0,0,0,0,0,3,1
2276,2,6,1.509210999,2.55,0,2.55,0,0,1,4,6,3,3
2276,0,3,1.508639344,2.55,0,2.55,0,0,1,4,6,3,3
2276,30,36,1.446907048,3.44,1,2.55,0,0,0,7,7,2,2
2276,31,32,1.441076526,3.44,1,2.55,0,0,0,7,7,2,2
2276,23,52,1.388691781,2.55,0,3.44,1,1,0,6,0,3,2
2276,16,53,1.388036879,2.55,0,3.44,1,1,0,6,0,3,2
2276,53,59,1.360427546,3.44,1,2.55,0,0,0,0,0,2,3
2276,52,54,1.359683551,3.44,1,2.55,0,0,0,0,0,2,3
2276,9,31,1.346671487,2.55,0,3.44,1,0,0,7,7,3,2
2276,10,30,1.344864914,2.55,0,3.44,1,0,0,7,7,3,2
2276,10,50,1.20994627,2.55,0,3.44,1,0,0,7,0,3,1
2276,9,51,1.204782958,2.55,0,3.44,1,0,0,7,0,3,1
2276,54,64,1.202999291,2.55,0,3.44,1,0,0,0,0,3,1
2276,59,65,1.202749765,2.55,0,3.44,1,0,0,0,0,3,1
2277,0,1,1.566160274,2.55,0,2.55,0,0,0,4,4,3,3
2277,1,5,1.565840997,2.55,0,2.55,0,0,0,4,4,3,3
2277,0,2,1.562400463,2.55,0,2.55,0,0,0,4,4,3,3
2277,2,5,1.547074981,2.55,0,2.55,0,0,0,4,4,3,3
2277,22,25,1.544463755,2.55,0,2.55,0,0,0,7,7,2,2
2277,19,22,1.539792033,2.55,0,2.55,0,0,0,7,7,2,2
2277,15,25,1.538075225,2.55,0,2.55,0,0,0,7,7,2,2
2277,18,19,1.525966151,2.55,0,2.55,0,0,0,7,7,2,2
2277,14,15,1.522746513,2.55,0,2.55,0,0,0,7,7,2,2
2277,2,6,1.521987256,2.55,0,2.55,0,0,0,4,0,3,2
2277,0,3,1.517554487,2.55,0,2.55,0,0,0,4,0,3,2
2277,1,10,1.513983489,2.55,0,2.55,0,0,0,4,7,3,3
2277,5,9,1.51113875,2.55,0,2.55,0,0,0,4,7,3,3
2277,36,37,1.509307318,2.55,0,2.55,0,0,0,0,0,3,1
2277,41,42,1.505193509,2.55,0,2.55,0,0,0,0,0,3,1
2277,12,18,1.443748234,3.44,1,2.55,0,0,0,7,7,2,2
2277,13,14,1.440404881,3.44,1,2.55,0,0,0,7,7,2,2
2277,3,34,1.434845956,2.55,0,3.44,1,0,0,0,0,2,2
2277,6,35,1.433499614,2.55,0,3.44,1,0,0,0,0,2,2
2277,34,36,1.352195881,3.44,1,2.55,0,0,0,0,0,2,3
2277,35,41,1.351163666,3.44,1,2.55,0,0,0,0,0,2,3
2277,9,13,1.345920943,2.55,0,3.44,1,0,0,7,7,3,2
2277,10,12,1.343260817,2.55,0,3.44,1,0,0,7,7,3,2
2277,10,32,1.21091616,2.55,0,3.44,1,0,0,7,0,3,1
2277,41,47,1.208407802,2.55,0,3.44,1,0,0,0,0,3,1
2277,9,33,1.206745001,2.55,0,3.44,1,0,0,7,0,3,1
2277,36,46,1.205218185,2.55,0,3.44,1,0,0,0,0,3,1
2278,10,11,1.581882022,2.55,0,2.55,0,0,0,4,4,3,3
2278,0,11,1.533249879,2.55,0,2.55,0,0,0,4,4,3,3
2278,1,10,1.532450242,2.55,0,2.55,0,0,0,4,4,3,3
2278,3,5,1.405612139,2.55,0,2.55,0,0,0,6,6,2,2
2278,4,5,1.404959008,2.55,0,2.55,0,0,0,6,6,2,2
2278,2,3,1.404798414,2.55,0,2.55,0,0,0,6,6,2,2
2278,0,1,1.396690953,2.55,0,2.55,0,0,0,4,4,3,3
2278,0,4,1.39290193,2.55,0,2.55,0,0,0,4,6,3,2
2278,1,2,1.392877937,2.55,0,2.55,0,0,0,4,6,3,2
2278,16,17,1.518155707,2.55,0,2.55,0,0,0,0,0,2,1
2278,23,24,1.518146746,2.55,0,2.55,0,0,0,0,0,2,1
2278,14,23,1.411994141,3.44,1,2.55,0,0,0,0,0,2,2
2278,12,16,1.411712777,3.44,1,2.55,0,0,0,0,0,2,2
2278,10,12,1.394282807,2.55,0,3.44,1,0,0,4,0,3,2
2278,11,14,1.393778293,2.55,0,3.44,1,0,0,4,0,3,2
2279,10,11,1.581094118,2.55,0,2.55,0,0,0,4,4,3,3
2279,0,11,1.533263759,2.55,0,2.55,0,0,0,4,4,3,3
2279,1,10,1.517162791,2.55,0,2.55,0,0,0,4,4,3,3
2279,3,5,1.406287216,2.55,0,2.55,0,0,0,6,6,2,2
2279,4,5,1.405250439,2.55,0,2.55,0,0,0,6,6,2,2
2279,2,3,1.404793507,2.55,0,2.55,0,0,0,6,6,2,2
2279,0,1,1.3955697,2.55,0,2.55,0,0,0,4,4,3,3
2279,0,4,1.392884269,2.55,0,2.55,0,0,0,4,6,3,2
2279,1,2,1.390453798,2.55,0,2.55,0,0,0,4,6,3,2
2279,16,17,1.524986629,2.55,0,2.55,0,0,0,0,0,2,1
2279,23,24,1.517815847,2.55,0,2.55,0,0,0,0,0,2,1
2279,12,16,1.422014625,3.44,1,2.55,0,0,0,0,0,2,2
2279,14,23,1.414297683,3.44,1,2.55,0,0,0,0,0,2,2
2279,11,14,1.400101882,2.55,0,3.44,1,0,0,4,0,3,2
2279,10,12,1.397221354,2.55,0,3.44,1,0,0,4,0,3,2
2280,0,2,1.592030433,2.55,0,2.55,0,0,0,4,4,3,3
2280,1,5,1.575285231,2.55,0,2.55,0,0,0,4,4,3,3
2280,0,1,1.550025527,2.55,0,2.55,0,0,0,4,4,3,3
2280,2,5,1.54424346,2.55,0,2.55,0,0,0,4,4,3,3
2280,6,12,1.405647367,2.55,0,2.55,0,1,1,6,6,3,2
2280,3,21,1.405481727,2.55,0,2.55,0,1,1,6,6,3,2
2280,3,25,1.404655917,2.55,0,2.55,0,1,1,6,6,3,2
2280,13,16,1.404092839,2.55,0,2.55,0,1,1,6,6,2,3
2280,22,23,1.403939348,2.55,0,2.55,0,1,1,6,6,2,3
2280,6,14,1.403765314,2.55,0,2.55,0,1,1,6,6,3,2
2280,15,16,1.402813588,2.55,0,2.55,0,1,1,6,6,2,3
2280,23,24,1.40256584,2.55,0,2.55,0,1,1,6,6,3,2
2280,24,25,1.397849703,2.55,0,2.55,0,1,1,6,6,2,2
2280,14,15,1.397389415,2.55,0,2.55,0,1,1,6,6,2,2
2280,12,13,1.395521366,2.55,0,2.55,0,1,1,6,6,2,2
2280,21,22,1.395432888,2.55,0,2.55,0,1,1,6,6,2,2
2280,40,43,1.544072406,2.55,0,2.55,0,0,0,7,7,2,2
2280,37,40,1.539727512,2.55,0,2.55,0,0,0,7,7,2,2
2280,53,55,1.537264026,2.55,0,2.55,0,0,0,0,0,2,1
2280,52,54,1.537183808,2.55,0,2.55,0,0,0,0,0,2,1
2280,33,43,1.535840801,2.55,0,2.55,0,0,0,7,7,2,2
2280,32,33,1.524489561,2.55,0,2.55,0,0,0,7,7,2,2
2280,36,37,1.523889318,2.55,0,2.55,0,0,0,7,7,2,2
2280,1,10,1.520502138,2.55,0,2.55,0,0,0,4,7,3,3
2280,23,52,1.514156637,2.55,0,2.55,0,1,0,6,0,3,2
2280,16,53,1.514073902,2.55,0,2.55,0,1,0,6,0,3,2
2280,5,9,1.512184228,2.55,0,2.55,0,0,0,4,7,3,3
2280,0,3,1.51028525,2.55,0,2.55,0,0,1,4,6,3,3
2280,2,6,1.506422259,2.55,0,2.55,0,0,1,4,6,3,3
2280,31,32,1.442720562,3.44,1,2.55,0,0,0,7,7,2,2
2280,30,36,1.442583548,3.44,1,2.55,0,0,0,7,7,2,2
2280,10,30,1.347972554,2.55,0,3.44,1,0,0,7,7,3,2
2280,9,31,1.345111517,2.55,0,3.44,1,0,0,7,7,3,2
2280,9,51,1.208844171,2.55,0,3.44,1,0,0,7,0,3,1
2280,10,50,1.206050147,2.55,0,3.44,1,0,0,7,0,3,1
2281,0,2,1.580040497,2.55,0,2.55,0,0,0,4,4,3,3
2281,1,5,1.570519694,2.55,0,2.55,0,0,0,4,4,3,3
2281,0,1,1.555910779,2.55,0,2.55,0,0,0,4,4,3,3
2281,2,5,1.544716242,2.55,0,2.55,0,0,0,4,4,3,3
2281,3,21,1.544166405,2.55,0,2.55,0,0,0,6,6,3,2
2281,6,14,1.542412497,2.55,0,2.55,0,0,0,6,6,3,2
2281,3,17,1.541220408,2.55,0,2.55,0,0,0,6,6,3,2
2281,6,12,1.540780712,2.55,0,2.55,0,0,0,6,6,3,2
2281,15,16,1.5392004,2.55,0,2.55,0,0,0,6,6,2,3
2281,13,16,1.538723211,2.55,0,2.55,0,0,0,6,6,2,3
2281,19,20,1.537530379,2.55,0,2.55,0,0,0,6,6,3,2
2281,18,19,1.536554272,2.55,0,2.55,0,0,0,6,6,2,3
2281,14,15,1.535381189,2.55,0,2.55,0,0,0,6,6,2,2
2281,20,21,1.534442495,2.55,0,2.55,0,0,0,6,6,2,2
2281,17,18,1.533979519,2.55,0,2.55,0,0,0,6,6,2,2
2281,12,13,1.532865309,2.55,0,2.55,0,0,0,6,6,2,2
2281,32,35,1.544170062,2.55,0,2.55,0,0,0,7,7,2,2
2281,0,3,1.542587954,2.55,0,2.55,0,0,0,4,6,3,3
2281,29,32,1.539757667,2.55,0,2.55,0,0,0,7,7,2,2
2281,16,45,1.538723318,2.55,0,2.55,0,0,0,6,0,3,2
2281,19,44,1.538391702,2.55,0,2.55,0,0,0,6,0,3,2
2281,25,35,1.535677386,2.55,0,2.55,0,0,0,7,7,2,2
2281,2,6,1.534215943,2.55,0,2.55,0,0,0,4,6,3,3
2281,45,47,1.530959617,2.55,0,2.55,0,0,0,0,0,2,1
2281,44,46,1.530930937,2.55,0,2.55,0,0,0,0,0,2,1
2281,24,25,1.524669346,2.55,0,2.55,0,0,0,7,7,2,2
2281,28,29,1.524139171,2.55,0,2.55,0,0,0,7,7,2,2
2281,1,10,1.518693542,2.55,0,2.55,0,0,0,4,7,3,3
2281,5,9,1.510336919,2.55,0,2.55,0,0,0,4,7,3,3
2281,23,24,1.442293828,3.44,1,2.55,0,0,0,7,7,2,2
2281,22,28,1.441342574,3.44,1,2.55,0,0,0,7,7,2,2
2281,10,22,1.349877685,2.55,0,3.44,1,0,0,7,7,3,2
2281,9,23,1.34637853,2.55,0,3.44,1,0,0,7,7,3,2
2281,9,43,1.209634263,2.55,0,3.44,1,0,0,7,0,3,1
2281,10,42,1.206224341,2.55,0,3.44,1,0,0,7,0,3,1
2284,0,2,1.583074587,2.55,0,2.55,0,0,0,4,4,3,3
2284,1,5,1.571131052,2.55,0,2.55,0,0,0,4,4,3,3
2284,0,1,1.560882901,2.55,0,2.55,0,0,0,4,4,3,3
2284,2,5,1.538816541,2.55,0,2.55,0,0,0,4,4,3,3
2284,26,29,1.545054903,2.55,0,2.55,0,0,0,7,7,2,2
2284,23,26,1.539648168,2.55,0,2.55,0,0,0,7,7,2,2
2284,19,29,1.537195092,2.55,0,2.55,0,0,0,7,7,2,2
2284,22,23,1.524711133,2.55,0,2.55,0,0,0,7,7,2,2
2284,18,19,1.523800343,2.55,0,2.55,0,0,0,7,7,2,2
2284,1,10,1.515432666,2.55,0,2.55,0,0,0,4,7,3,3
2284,5,9,1.510755648,2.55,0,2.55,0,0,0,4,7,3,3
2284,0,3,1.501811323,2.55,0,2.55,0,0,0,4,0,3,2
2284,14,15,1.501506393,2.55,0,2.55,0,0,0,0,0,1,2
2284,12,13,1.500701587,2.55,0,2.55,0,0,0,0,0,2,1
2284,2,6,1.496901978,2.55,0,2.55,0,0,0,4,0,3,2
2284,16,22,1.442823597,3.44,1,2.55,0,0,0,7,7,2,2
2284,17,18,1.439875963,3.44,1,2.55,0,0,0,7,7,2,2
2284,9,17,1.352294514,2.55,0,3.44,1,0,0,7,7,3,2
2284,10,16,1.345849916,2.55,0,3.44,1,0,0,7,7,3,2
2284,3,15,1.338970824,2.55,0,2.55,0,0,0,0,0,2,2
2284,6,12,1.338812204,2.55,0,2.55,0,0,0,0,0,2,2
2284,10,36,1.209735728,2.55,0,3.44,1,0,0,7,0,3,1
2284,9,37,1.204767599,2.55,0,3.44,1,0,0,7,0,3,1
2285,0,2,1.579380975,2.55,0,2.55,0,0,0,4,4,3,3
2285,1,5,1.573218057,2.55,0,2.55,0,0,0,4,4,3,3
2285,0,1,1.558278467,2.55,0,2.55,0,0,0,4,4,3,3
2285,2,5,1.55293422,2.55,0,2.55,0,0,0,4,4,3,3
2285,26,29,1.543630945,2.55,0,2.55,0,0,0,7,7,2,2
2285,23,26,1.539434575,2.55,0,2.55,0,0,0,7,7,2,2
2285,19,29,1.535567738,2.55,0,2.55,0,0,0,7,7,2,2
2285,18,19,1.524532394,2.55,0,2.55,0,0,0,7,7,2,2
2285,22,23,1.524049886,2.55,0,2.55,0,0,0,7,7,2,2
2285,1,10,1.519096141,2.55,0,2.55,0,0,0,4,7,3,3
2285,5,9,1.510572332,2.55,0,2.55,0,0,0,4,7,3,3
2285,12,13,1.502074809,2.55,0,2.55,0,0,0,0,0,2,1
2285,14,15,1.501078462,2.55,0,2.55,0,0,0,0,0,1,2
2285,0,3,1.499108144,2.55,0,2.55,0,0,0,4,0,3,2
2285,2,6,1.497170066,2.55,0,2.55,0,0,0,4,0,3,2
2285,16,22,1.442393113,3.44,1,2.55,0,0,0,7,7,2,2
2285,17,18,1.442390756,3.44,1,2.55,0,0,0,7,7,2,2
2285,10,16,1.348621903,2.55,0,3.44,1,0,0,7,7,3,2
2285,9,17,1.344230842,2.55,0,3.44,1,0,0,7,7,3,2
2285,6,12,1.343413468,2.55,0,2.55,0,0,0,0,0,2,2
2285,3,15,1.343063634,2.55,0,2.55,0,0,0,0,0,2,2
2285,9,37,1.210293284,2.55,0,3.44,1,0,0,7,0,3,1
2285,10,36,1.206262417,2.55,0,3.44,1,0,0,7,0,3,1
2286,3,18,1.555315778,2.55,0,2.55,0,0,0,6,6,3,2
2286,6,7,1.55209098,2.55,0,2.55,0,0,0,6,6,3,2
2286,12,13,1.549282284,2.55,0,2.55,0,0,0,6,6,2,3
2286,20,21,1.548582197,2.55,0,2.55,0,0,0,6,6,3,2
2286,21,22,1.546680309,2.55,0,2.55,0,0,0,6,6,2,2
2286,7,10,1.545723174,2.55,0,2.55,0,0,0,6,6,2,2
2286,11,12,1.54468494,2.55,0,2.55,0,0,0,6,6,2,2
2286,18,19,1.54332606,2.55,0,2.55,0,0,0,6,6,2,2
2286,6,11,1.538444115,2.55,0,2.55,0,0,0,6,6,3,2
2286,3,22,1.537765761,2.55,0,2.55,0,0,0,6,6,3,2
2286,1,2,1.537071088,2.55,0,2.55,0,0,0,3,3,3,3
2286,10,13,1.536042679,2.55,0,2.55,0,0,0,6,6,2,3
2286,19,20,1.535177524,2.55,0,2.55,0,0,0,6,6,2,3
2286,0,1,1.50500547,2.55,0,2.55,0,0,0,3,3,4,3
2286,0,2,1.503858376,2.55,0,2.55,0,0,0,3,3,4,3
2286,2,3,1.534964838,2.55,0,2.55,0,0,0,3,6,3,3
2286,20,23,1.530692892,2.55,0,2.55,0,0,0,6,0,3,1
2286,13,14,1.530604279,2.55,0,2.55,0,0,0,6,0,3,1
2286,1,6,1.52055633,2.55,0,2.55,0,0,0,3,6,3,3
2287,0,2,1.54976965,2.55,0,2.55,0,0,0,4,4,2,2
2287,2,5,1.479179621,2.55,0,3.04,2,0,0,4,4,2,3
2287,0,1,1.478784345,2.55,0,3.04,2,0,0,4,4,2,3
2287,1,5,1.425442324,3.04,2,3.04,2,0,0,4,4,3,3
2287,9,10,1.524811846,2.55,0,2.55,0,0,0,0,0,3,2
2287,8,14,1.524482183,2.55,0,2.55,0,0,0,0,0,3,2
2287,10,11,1.520632647,2.55,0,2.55,0,0,0,0,0,2,2
2287,14,15,1.520209273,2.55,0,2.55,0,0,0,0,0,2,2
2287,25,34,1.51029712,2.55,0,2.55,0,0,0,0,0,3,1
2287,21,30,1.510225122,2.55,0,2.55,0,0,0,0,0,3,1
2287,15,18,1.434862349,2.55,0,3.44,1,0,0,0,0,2,2
2287,11,22,1.434410441,2.55,0,3.44,1,0,0,0,0,2,2
2287,1,8,1.388686265,3.04,2,2.55,0,0,0,4,0,3,3
2287,5,9,1.388324233,3.04,2,2.55,0,0,0,4,0,3,3
2287,18,21,1.351777315,3.44,1,2.55,0,0,0,0,0,2,3
2287,22,25,1.351724137,3.44,1,2.55,0,0,0,0,0,2,3
2287,8,26,1.210740778,2.55,0,3.44,1,0,0,0,0,3,1
2287,9,27,1.210612363,2.55,0,3.44,1,0,0,0,0,3,1
2287,21,29,1.204622172,2.55,0,3.44,1,0,0,0,0,3,1
2287,25,28,1.204596813,2.55,0,3.44,1,0,0,0,0,3,1
2288,45,46,1.544281017,2.55,0,2.55,0,0,0,5,5,4,3
2288,4,11,1.543717381,2.55,0,2.55,0,1,1,5,5,3,4
2288,38,45,1.542623592,2.55,0,2.55,0,0,0,5,5,3,4
2288,11,12,1.540097633,2.55,0,2.55,0,1,1,5,5,4,3
2288,39,44,1.46516989,2.55,0,2.55,0,0,0,5,5,3,3
2288,5,10,1.464862701,2.55,0,2.55,0,1,1,5,5,3,3
2288,10,12,1.411887711,2.55,0,2.55,0,1,1,5,5,3,3
2288,38,39,1.411373129,2.55,0,2.55,0,0,0,5,5,3,3
2288,44,46,1.410632321,2.55,0,2.55,0,0,0,5,5,3,3
2288,4,5,1.410038068,2.55,0,2.55,0,1,1,5,5,3,3
2288,21,22,1.407873928,2.55,0,2.55,0,0,0,6,6,3,2
2288,55,56,1.406766007,2.55,0,2.55,0,1,1,6,6,3,2
2288,57,58,1.402636161,2.55,0,2.55,0,1,1,6,6,2,3
2288,15,16,1.402522328,2.55,0,2.55,0,1,1,6,6,2,2
2288,23,24,1.40233604,2.55,0,2.55,0,0,0,6,6,2,3
2288,34,37,1.402222183,2.55,0,2.55,0,0,0,6,6,2,2
2288,58,59,1.402074331,2.55,0,2.55,0,1,1,6,6,3,2
2288,48,50,1.401569615,2.55,0,2.55,0,0,0,6,6,2,2
2288,0,3,1.40137314,2.55,0,2.55,0,0,0,6,6,2,2
2288,0,1,1.40093764,2.55,0,2.55,0,0,0,6,6,2,2
2288,49,50,1.400719149,2.55,0,2.55,0,0,0,6,6,2,2
2288,14,16,1.400714673,2.55,0,2.55,0,1,1,6,6,2,2
2288,24,25,1.400438233,2.55,0,2.55,0,0,0,6,6,3,2
2288,34,35,1.399939291,2.55,0,2.55,0,0,0,6,6,2,2
2288,44,47,1.399653236,2.55,0,2.55,0,0,0,5,6,3,2
2288,10,13,1.399573208,2.55,0,2.55,0,1,1,5,6,3,2
2288,2,5,1.399071637,2.55,0,2.55,0,0,1,6,5,2,3
2288,36,39,1.398872398,2.55,0,2.55,0,0,0,6,5,2,3
2288,12,15,1.397908719,2.55,0,2.55,0,1,1,5,6,3,2
2288,13,14,1.39767543,2.55,0,2.55,0,1,1,6,6,2,2
2288,35,36,1.397654439,2.55,0,2.55,0,0,0,6,6,2,2
2288,47,48,1.397365796,2.55,0,2.55,0,0,0,6,6,2,2
2288,1,2,1.397277761,2.55,0,2.55,0,0,0,6,6,2,2
2288,37,38,1.397221558,2.55,0,2.55,0,0,0,6,5,2,3
2288,3,4,1.396424379,2.55,0,2.55,0,0,1,6,5,2,3
2288,46,49,1.395574655,2.55,0,2.55,0,0,0,5,6,3,2
2288,56,57,1.393196224,2.55,0,2.55,0,1,1,6,6,2,2
2288,22,23,1.391809314,2.55,0,2.55,0,0,0,6,6,2,2
2288,55,60,1.337071996,2.55,0,3.04,2,1,1,6,6,3,2
2288,21,26,1.334034382,2.55,0,3.04,2,0,0,6,6,3,2
2288,59,60,1.333406843,2.55,0,3.04,2,1,1,6,6,2,2
2288,25,26,1.33233445,2.55,0,3.04,2,0,0,6,6,2,2
2288,11,45,1.635122332,2.55,0,2.55,0,1,0,5,5,4,4
2288,11,21,1.552520096,2.55,0,2.55,0,1,0,5,6,4,3
2288,45,55,1.539248359,2.55,0,2.55,0,0,1,5,6,4,3
2288,58,64,1.506872719,2.55,0,2.55,0,1,0,6,0,3,1
2288,24,30,1.506751181,2.55,0,2.55,0,0,0,6,0,3,1
2289,50,53,1.533812924,2.55,0,2.55,0,1,0,5,5,3,4
2289,4,11,1.533808127,2.55,0,2.55,0,1,0,5,5,3,4
2289,53,58,1.533152359,2.55,0,2.55,0,0,0,5,5,4,3
2289,11,12,1.533150772,2.55,0,2.55,0,0,0,5,5,4,3
2289,5,10,1.472682324,2.55,0,2.55,0,1,0,5,5,3,3
2289,55,59,1.472504263,2.55,0,2.55,0,1,0,5,5,3,3
2289,10,12,1.411152013,2.55,0,2.55,0,0,0,5,5,3,3
2289,58,59,1.411123492,2.55,0,2.55,0,0,0,5,5,3,3
2289,50,55,1.408700913,2.55,0,2.55,0,1,1,5,5,3,3
2289,4,5,1.408684977,2.55,0,2.55,0,1,1,5,5,3,3
2289,24,25,1.404950714,2.55,0,2.55,0,0,0,6,6,3,2
2289,38,42,1.404868194,2.55,0,2.55,0,0,0,6,6,2,3
2289,15,16,1.403131301,2.55,0,2.55,0,0,0,6,6,2,2
2289,60,64,1.403079963,2.55,0,2.55,0,0,0,6,6,2,2
2289,0,3,1.403049509,2.55,0,2.55,0,1,1,6,6,2,2
2289,43,45,1.403037786,2.55,0,2.55,0,1,1,6,6,2,2
2289,49,51,1.401905672,2.55,0,2.55,0,0,0,6,6,3,2
2289,21,22,1.401817335,2.55,0,2.55,0,0,0,6,6,3,2
2289,43,46,1.400880833,2.55,0,2.55,0,1,1,6,6,2,2
2289,0,1,1.400866567,2.55,0,2.55,0,1,1,6,6,2,2
2289,42,48,1.400800752,2.55,0,2.55,0,0,0,6,6,3,2
2289,1,2,1.40074009,2.55,0,2.55,0,1,1,6,6,2,2
2289,46,54,1.400732105,2.55,0,2.55,0,1,1,6,6,2,2
2289,23,24,1.400698153,2.55,0,2.55,0,0,0,6,6,2,3
2289,14,16,1.40038495,2.55,0,2.55,0,0,0,6,6,2,2
2289,64,65,1.400356601,2.55,0,2.55,0,0,0,6,6,2,2
2289,13,14,1.400027712,2.55,0,2.55,0,0,0,6,6,2,2
2289,62,65,1.39999407,2.55,0,2.55,0,0,0,6,6,2,2
2289,59,62,1.397708322,2.55,0,2.55,0,0,0,5,6,3,2
2289,10,13,1.397706885,2.55,0,2.55,0,0,0,5,6,3,2
2289,2,5,1.39770046,2.55,0,2.55,0,1,1,6,5,2,3
2289,54,55,1.397689194,2.55,0,2.55,0,1,1,6,5,2,3
2289,22,23,1.395123875,2.55,0,2.55,0,0,0,6,6,2,2
2289,48,51,1.39501369,2.55,0,2.55,0,0,0,6,6,2,2
2289,58,60,1.392954251,2.55,0,2.55,0,0,0,5,6,3,2
2289,12,15,1.392939998,2.55,0,2.55,0,0,0,5,6,3,2
2289,3,4,1.391180924,2.55,0,2.55,0,1,1,6,5,2,3
2289,45,50,1.391157208,2.55,0,2.55,0,1,1,6,5,2,3
2289,44,49,1.335759605,3.04,2,2.55,0,0,0,6,6,2,3
2289,21,26,1.335735952,2.55,0,3.04,2,0,0,6,6,3,2
2289,38,44,1.33066997,2.55,0,3.04,2,0,0,6,6,2,2
2289,25,26,1.330611327,2.55,0,3.04,2,0,0,6,6,2,2
2289,49,53,1.540647477,2.55,0,2.55,0,0,0,6,5,3,4
2289,11,21,1.540489941,2.55,0,2.55,0,0,0,5,6,4,3
2289,24,30,1.507017185,2.55,0,2.55,0,0,0,6,0,3,1
2289,36,42,1.506948412,2.55,0,2.55,0,0,0,0,6,1,3
2289,68,69,1.467483554,3.44,1,3.44,1,0,0,0,0,2,2
2289,11,68,1.424905313,2.55,0,3.44,1,0,0,5,0,4,2
2289,53,69,1.424688418,2.55,0,3.44,1,0,0,5,0,4,2
2290,44,47,1.538867108,2.55,0,2.55,0,1,0,5,5,3,4
2290,4,11,1.535982939,2.55,0,2.55,0,1,0,5,5,3,4
2290,11,12,1.533353078,2.55,0,2.55,0,0,1,5,5,4,3
2290,47,52,1.532031425,2.55,0,2.55,0,0,1,5,5,4,3
2290,49,53,1.474786639,2.55,0,2.55,0,1,1,5,5,3,3
2290,5,10,1.473325629,2.55,0,2.55,0,1,1,5,5,3,3
2290,10,12,1.410619826,2.55,0,2.55,0,1,1,5,5,3,3
2290,4,5,1.40871608,2.55,0,2.55,0,1,1,5,5,3,3
2290,52,53,1.408280065,2.55,0,2.55,0,1,1,5,5,3,3
2290,44,49,1.408226739,2.55,0,2.55,0,1,1,5,5,3,3
2290,36,42,1.404404565,2.55,0,2.55,0,1,1,6,6,3,2
2290,24,25,1.403874502,2.55,0,2.55,0,1,1,6,6,3,2
2290,38,43,1.403720474,2.55,0,2.55,0,1,1,6,6,2,3
2290,15,16,1.40342006,2.55,0,2.55,0,1,1,6,6,2,2
2290,23,24,1.403346366,2.55,0,2.55,0,1,1,6,6,2,3
2290,43,45,1.403274495,2.55,0,2.55,0,1,1,6,6,3,2
2290,37,39,1.403182279,2.55,0,2.55,0,1,1,6,6,2,2
2290,54,58,1.402911156,2.55,0,2.55,0,1,1,6,6,2,2
2290,21,26,1.402907326,2.55,0,2.55,0,1,1,6,6,3,2
2290,0,3,1.402793845,2.55,0,2.55,0,1,1,6,6,2,2
2290,34,36,1.402496197,2.55,0,2.55,0,1,1,6,6,2,3
2290,21,22,1.402296528,2.55,0,2.55,0,1,1,6,6,3,2
2290,1,2,1.400841016,2.55,0,2.55,0,1,1,6,6,2,2
2290,58,59,1.400793941,2.55,0,2.55,0,1,1,6,6,2,2
2290,37,40,1.400748902,2.55,0,2.55,0,1,1,6,6,2,2
2290,40,48,1.400657194,2.55,0,2.55,0,1,1,6,6,2,2
2290,56,59,1.400541118,2.55,0,2.55,0,1,1,6,6,2,2
2290,14,16,1.40052837,2.55,0,2.55,0,1,1,6,6,2,2
2290,0,1,1.400391065,2.55,0,2.55,0,1,1,6,6,2,2
2290,13,14,1.400225795,2.55,0,2.55,0,1,1,6,6,2,2
2290,34,38,1.398034115,2.55,0,2.55,0,1,1,6,6,2,2
2290,10,13,1.397834755,2.55,0,2.55,0,1,1,5,6,3,2
2290,48,49,1.397737307,2.55,0,2.55,0,1,1,6,5,2,3
2290,53,56,1.397733344,2.55,0,2.55,0,1,1,5,6,3,2
2290,2,5,1.397383723,2.55,0,2.55,0,1,1,6,5,2,3
2290,22,23,1.396824979,2.55,0,2.55,0,1,1,6,6,2,2
2290,25,26,1.396660328,2.55,0,2.55,0,1,1,6,6,2,2
2290,42,45,1.395558156,2.55,0,2.55,0,1,1,6,6,2,2
2290,12,15,1.392153364,2.55,0,2.55,0,1,1,5,6,3,2
2290,52,54,1.390149073,2.55,0,2.55,0,1,1,5,6,3,2
2290,3,4,1.390048173,2.55,0,2.55,0,1,1,6,5,2,3
2290,39,44,1.389985956,2.55,0,2.55,0,1,1,6,5,2,3
2290,43,47,1.534901152,2.55,0,2.55,0,1,0,6,5,3,4
2290,11,21,1.531313725,2.55,0,2.55,0,0,1,5,6,4,3
2290,30,76,1.529628572,2.55,0,2.55,0,0,0,0,0,2,2
2290,32,66,1.529496951,2.55,0,2.55,0,0,0,0,0,2,2
2290,32,36,1.511840189,2.55,0,2.55,0,0,1,0,6,2,3
2290,24,30,1.511695775,2.55,0,2.55,0,1,0,6,0,3,2
2290,62,63,1.46028408,3.44,1,3.44,1,0,0,0,0,2,2
2290,11,62,1.433743487,2.55,0,3.44,1,0,0,5,0,4,2
2290,47,63,1.429741993,2.55,0,3.44,1,0,0,5,0,4,2
2290,66,69,1.406203873,2.55,0,3.44,1,0,0,0,0,2,2
2290,76,79,1.405926161,2.55,0,3.44,1,0,0,0,0,2,2
2290,79,82,1.401381445,3.44,1,2.55,0,0,0,0,0,2,1
2290,69,72,1.401361833,3.44,1,2.55,0,0,0,0,0,2,1
1014-,17,19,1.588903219,2.55,0,2.55,0,0,0,5,5,4,4
1014-,13,19,1.521181368,2.55,0,2.55,0,0,0,5,5,3,4
1014-,16,17,1.504814713,2.55,0,2.55,0,0,0,6,5,2,4
1014-,17,18,1.469034353,2.55,0,3.44,1,0,0,5,6,4,2
1014-,2,15,1.457060273,2.55,0,2.55,0,0,0,6,6,3,2
1014-,17,20,1.452536773,2.55,0,3.04,2,0,0,5,5,4,3
1014-,58,59,1.448163715,2.55,0,2.55,0,1,1,6,6,3,3
1014-,55,56,1.448132735,2.55,0,2.55,0,1,1,6,6,3,3
1014-,59,64,1.43557118,2.55,0,2.55,0,1,1,6,6,3,2
1014-,55,60,1.435259326,2.55,0,2.55,0,1,1,6,6,3,2
1014-,56,61,1.432959904,2.55,0,2.55,0,1,1,6,6,3,2
1014-,58,67,1.43277759,2.55,0,2.55,0,1,1,6,6,3,2
1014-,62,63,1.426427184,2.55,0,2.55,0,1,1,6,6,2,2
1014-,65,66,1.426392904,2.55,0,2.55,0,1,1,6,6,2,2
1014-,41,59,1.417658355,2.55,0,2.55,0,1,1,6,6,3,3
1014-,41,55,1.417308041,2.55,0,2.55,0,1,1,6,6,3,3
1014-,1,2,1.408663424,2.55,0,2.55,0,0,0,6,6,3,3
1014-,13,14,1.40801786,2.55,0,2.55,0,0,0,5,5,3,3
1014-,10,11,1.406857382,2.55,0,2.55,0,0,0,6,6,2,2
1014-,4,5,1.406054721,2.55,0,2.55,0,0,0,6,6,3,2
1014-,7,8,1.405001684,2.55,0,2.55,0,0,0,6,6,2,2
1014-,0,1,1.404431445,2.55,0,2.55,0,0,0,6,6,3,3
1014-,2,3,1.403761116,2.55,0,2.55,0,0,0,6,6,3,2
1014-,57,58,1.401047856,2.55,0,2.55,0,1,1,6,6,2,3
1014-,3,4,1.401026994,2.55,0,2.55,0,0,0,6,6,2,3
1014-,56,57,1.400836681,2.55,0,2.55,0,1,1,6,6,3,2
1014-,14,20,1.399799501,2.55,0,3.04,2,0,0,5,5,3,3
1014-,7,14,1.398547276,2.55,0,2.55,0,0,0,6,5,2,3
1014-,8,10,1.39673844,2.55,0,2.55,0,0,0,6,6,2,2
1014-,0,5,1.392992662,2.55,0,2.55,0,0,0,6,6,3,2
1014-,11,13,1.388069599,2.55,0,2.55,0,0,0,6,5,2,3
1014-,64,65,1.373415999,2.55,0,2.55,0,1,1,6,6,2,2
1014-,60,63,1.373289956,2.55,0,2.55,0,1,1,6,6,2,2
1014-,66,67,1.371811256,2.55,0,2.55,0,1,1,6,6,2,2
1014-,61,62,1.371809701,2.55,0,2.55,0,1,1,6,6,2,2
1014-,1,18,1.348924493,2.55,0,3.44,1,0,0,6,6,3,2
1014-,15,16,1.344415913,2.55,0,2.55,0,0,0,6,6,2,2
1014-,19,25,1.548326836,2.55,0,2.55,0,0,0,5,0,4,1
1014-,19,21,1.532231238,2.55,0,2.55,0,0,0,5,0,4,1
1014-,29,43,1.529229633,2.55,0,2.55,0,0,0,0,0,2,2
1014-,49,50,1.507403424,2.55,0,2.55,0,0,0,0,0,3,1
1014-,34,35,1.505309681,2.55,0,2.55,0,0,0,0,0,3,1
1014-,4,41,1.498435077,2.55,0,2.55,0,0,1,6,6,3,3
1014-,20,29,1.449699028,3.04,2,2.55,0,0,0,5,0,3,2
1014-,43,46,1.433022106,2.55,0,3.44,1,0,0,0,0,2,2
1014-,0,33,1.387388644,2.55,0,3.44,1,0,0,6,0,3,2
1014-,33,34,1.367610373,3.44,1,2.55,0,0,0,0,0,2,3
1014-,46,49,1.35242239,3.44,1,2.55,0,0,0,0,0,2,3
1014-,49,54,1.208014613,2.55,0,3.44,1,0,0,0,0,3,1
1014-,34,37,1.201005022,2.55,0,3.44,1,0,0,0,0,3,1
1014-2,17,19,1.590220915,2.55,0,2.55,0,0,0,5,5,4,4
1014-2,13,19,1.522164522,2.55,0,2.55,0,0,0,5,5,3,4
1014-2,16,17,1.520572088,2.55,0,2.55,0,0,0,6,5,2,4
1014-2,17,18,1.455283201,2.55,0,3.44,1,0,0,5,6,4,2
1014-2,17,20,1.448776434,2.55,0,3.04,2,0,0,5,5,4,3
1014-2,57,58,1.448227603,2.55,0,2.55,0,1,1,6,6,3,3
1014-2,54,55,1.448164482,2.55,0,2.55,0,1,1,6,6,3,3
1014-2,58,63,1.435595433,2.55,0,2.55,0,1,1,6,6,3,2
1014-2,54,59,1.435329145,2.55,0,2.55,0,1,1,6,6,3,2
1014-2,55,60,1.432923286,2.55,0,2.55,0,1,1,6,6,3,2
1014-2,57,66,1.432872585,2.55,0,2.55,0,1,1,6,6,3,2
1014-2,64,65,1.426401852,2.55,0,2.55,0,1,1,6,6,2,2
1014-2,61,62,1.426396705,2.55,0,2.55,0,1,1,6,6,2,2
1014-2,40,58,1.417690927,2.55,0,2.55,0,1,1,6,6,3,3
1014-2,40,54,1.417409184,2.55,0,2.55,0,1,1,6,6,3,3
1014-2,4,5,1.407794352,2.55,0,2.55,0,0,0,6,6,3,2
1014-2,13,14,1.406772513,2.55,0,2.55,0,0,0,5,5,3,3
1014-2,10,11,1.406223313,2.55,0,2.55,0,0,0,6,6,2,2
1014-2,1,2,1.404969109,2.55,0,2.55,0,0,0,6,6,3,3
1014-2,7,8,1.403983396,2.55,0,2.55,0,0,0,6,6,2,2
1014-2,2,3,1.402801989,2.55,0,2.55,0,0,0,6,6,3,2
1014-2,0,1,1.402254571,2.55,0,2.55,0,0,0,6,6,3,3
1014-2,56,57,1.400960331,2.55,0,2.55,0,1,1,6,6,2,3
1014-2,55,56,1.400875877,2.55,0,2.55,0,1,1,6,6,3,2
1014-2,2,15,1.400861373,2.55,0,3.04,2,0,0,6,6,3,2
1014-2,3,4,1.4005611,2.55,0,2.55,0,0,0,6,6,2,3
1014-2,7,14,1.398951665,2.55,0,2.55,0,0,0,6,5,2,3
1014-2,14,20,1.398040043,2.55,0,3.04,2,0,0,5,5,3,3
1014-2,8,10,1.397314458,2.55,0,2.55,0,0,0,6,6,2,2
1014-2,0,5,1.39246746,2.55,0,2.55,0,0,0,6,6,3,2
1014-2,11,13,1.388730929,2.55,0,2.55,0,0,0,6,5,2,3
1014-2,63,64,1.373415119,2.55,0,2.55,0,1,1,6,6,2,2
1014-2,59,62,1.373292772,2.55,0,2.55,0,1,1,6,6,2,2
1014-2,65,66,1.371832359,2.55,0,2.55,0,1,1,6,6,2,2
1014-2,60,61,1.371818774,2.55,0,2.55,0,1,1,6,6,2,2
1014-2,1,18,1.348953748,2.55,0,3.44,1,0,0,6,6,3,2
1014-2,15,16,1.277970983,3.04,2,2.55,0,0,0,6,6,2,2
1014-2,19,21,1.54729762,2.55,0,2.55,0,0,0,5,0,4,1
1014-2,19,25,1.534416559,2.55,0,2.55,0,0,0,5,0,4,1
1014-2,29,42,1.527923279,2.55,0,2.55,0,0,0,0,0,2,2
1014-2,48,49,1.507881025,2.55,0,2.55,0,0,0,0,0,3,1
1014-2,33,34,1.504907026,2.55,0,2.55,0,0,0,0,0,3,1
1014-2,4,40,1.498742777,2.55,0,2.55,0,0,1,6,6,3,3
1014-2,20,29,1.452936317,3.04,2,2.55,0,0,0,5,0,3,2
1014-2,42,45,1.434916974,2.55,0,3.44,1,0,0,0,0,2,2
1014-2,0,32,1.386673649,2.55,0,3.44,1,0,0,6,0,3,2
1014-2,32,33,1.370188392,3.44,1,2.55,0,0,0,0,0,2,3
1014-2,45,48,1.351497854,3.44,1,2.55,0,0,0,0,0,2,3
1014-2,48,53,1.207976001,2.55,0,3.44,1,0,0,0,0,3,1
1014-2,33,36,1.201196451,2.55,0,3.44,1,0,0,0,0,3,1
1014-2-,17,19,1.58816165,2.55,0,2.55,0,0,0,5,5,4,4
1014-2-,13,19,1.522053161,2.55,0,2.55,0,0,0,5,5,3,4
1014-2-,16,17,1.519910159,2.55,0,2.55,0,0,0,6,5,2,4
1014-2-,17,18,1.460532963,2.55,0,3.44,1,0,0,5,6,4,2
1014-2-,54,55,1.448275355,2.55,0,2.55,0,1,1,6,6,3,3
1014-2-,57,58,1.448253917,2.55,0,2.55,0,1,1,6,6,3,3
1014-2-,17,20,1.446807868,2.55,0,3.04,2,0,0,5,5,4,3
1014-2-,58,63,1.435848579,2.55,0,2.55,0,1,1,6,6,3,2
1014-2-,54,59,1.435397751,2.55,0,2.55,0,1,1,6,6,3,2
1014-2-,55,60,1.432936952,2.55,0,2.55,0,1,1,6,6,3,2
1014-2-,57,66,1.432795141,2.55,0,2.55,0,1,1,6,6,3,2
1014-2-,61,62,1.426229897,2.55,0,2.55,0,1,1,6,6,2,2
1014-2-,64,65,1.426203811,2.55,0,2.55,0,1,1,6,6,2,2
1014-2-,40,58,1.418339064,2.55,0,2.55,0,1,1,6,6,3,3
1014-2-,40,54,1.417950368,2.55,0,2.55,0,1,1,6,6,3,3
1014-2-,4,5,1.407051756,2.55,0,2.55,0,0,0,6,6,3,2
1014-2-,13,14,1.406957832,2.55,0,2.55,0,0,0,5,5,3,3
1014-2-,1,2,1.406716387,2.55,0,2.55,0,0,0,6,6,3,3
1014-2-,10,11,1.406483813,2.55,0,2.55,0,0,0,6,6,2,2
1014-2-,7,8,1.404806235,2.55,0,2.55,0,0,0,6,6,2,2
1014-2-,0,1,1.402464066,2.55,0,2.55,0,0,0,6,6,3,3
1014-2-,2,15,1.402397849,2.55,0,3.04,2,0,0,6,6,3,2
1014-2-,2,3,1.401802747,2.55,0,2.55,0,0,0,6,6,3,2
1014-2-,14,20,1.401142621,2.55,0,3.04,2,0,0,5,5,3,3
1014-2-,3,4,1.400971647,2.55,0,2.55,0,0,0,6,6,2,3
1014-2-,56,57,1.400818682,2.55,0,2.55,0,1,1,6,6,2,3
1014-2-,55,56,1.400681932,2.55,0,2.55,0,1,1,6,6,3,2
1014-2-,7,14,1.397941019,2.55,0,2.55,0,0,0,6,5,2,3
1014-2-,8,10,1.396869818,2.55,0,2.55,0,0,0,6,6,2,2
1014-2-,0,5,1.393194071,2.55,0,2.55,0,0,0,6,6,3,2
1014-2-,11,13,1.38833871,2.55,0,2.55,0,0,0,6,5,2,3
1014-2-,63,64,1.373451989,2.55,0,2.55,0,1,1,6,6,2,2
1014-2-,59,62,1.373330178,2.55,0,2.55,0,1,1,6,6,2,2
1014-2-,60,61,1.371689807,2.55,0,2.55,0,1,1,6,6,2,2
1014-2-,65,66,1.371661738,2.55,0,2.55,0,1,1,6,6,2,2
1014-2-,1,18,1.351861072,2.55,0,3.44,1,0,0,6,6,3,2
1014-2-,15,16,1.277124748,3.04,2,2.55,0,0,0,6,6,2,2
1014-2-,19,25,1.549624294,2.55,0,2.55,0,0,0,5,0,4,1
1014-2-,19,21,1.532399401,2.55,0,2.55,0,0,0,5,0,4,1
1014-2-,29,42,1.529701896,2.55,0,2.55,0,0,0,0,0,2,2
1014-2-,48,49,1.507103441,2.55,0,2.55,0,0,0,0,0,3,1
1014-2-,33,34,1.505430098,2.55,0,2.55,0,0,0,0,0,3,1
1014-2-,4,40,1.497972466,2.55,0,2.55,0,0,1,6,6,3,3
1014-2-,20,29,1.450748156,3.04,2,2.55,0,0,0,5,0,3,2
1014-2-,42,45,1.432762749,2.55,0,3.44,1,0,0,0,0,2,2
1014-2-,0,32,1.387962842,2.55,0,3.44,1,0,0,6,0,3,2
1014-2-,32,33,1.367577697,3.44,1,2.55,0,0,0,0,0,2,3
1014-2-,45,48,1.353267283,3.44,1,2.55,0,0,0,0,0,2,3
1014-2-,48,53,1.207676929,2.55,0,3.44,1,0,0,0,0,3,1
1014-2-,33,36,1.201069835,2.55,0,3.44,1,0,0,0,0,3,1
1015-,17,19,1.595878468,2.55,0,2.55,0,0,0,5,5,4,4
1015-,16,17,1.526553438,2.55,0,2.55,0,0,0,6,5,2,4
1015-,13,19,1.523876032,2.55,0,2.55,0,1,0,5,5,3,4
1015-,17,20,1.463619867,2.55,0,3.04,2,0,0,5,5,4,3
1015-,51,53,1.447082929,2.55,0,2.55,0,1,1,6,6,3,3
1015-,57,58,1.445890967,2.55,0,2.55,0,1,1,6,6,3,3
1015-,63,64,1.43838812,2.55,0,2.55,0,1,1,6,6,3,2
1015-,50,53,1.43214178,2.55,0,2.55,0,1,1,6,6,2,3
1015-,58,61,1.431624334,2.55,0,2.55,0,1,1,6,6,3,2
1015-,49,51,1.430643728,2.55,0,2.55,0,1,1,6,6,2,3
1015-,57,59,1.429429403,2.55,0,2.55,0,1,1,6,6,3,2
1015-,45,47,1.427918773,2.55,0,2.55,0,1,1,6,6,3,2
1015-,17,18,1.425716819,2.55,0,3.44,1,0,0,5,6,4,2
1015-,4,5,1.411220294,2.55,0,2.55,0,0,0,6,6,2,3
1015-,13,14,1.4098702,2.55,0,2.55,0,1,1,5,5,3,3
1015-,1,2,1.408190643,2.55,0,2.55,0,0,0,6,6,3,3
1015-,0,5,1.407963694,2.55,0,2.55,0,0,0,6,6,2,3
1015-,10,11,1.407254948,2.55,0,2.55,0,1,1,6,6,2,2
1015-,54,57,1.404661453,2.55,0,2.55,0,1,1,6,6,2,3
1015-,7,8,1.404099283,2.55,0,2.55,0,1,1,6,6,2,2
1015-,53,55,1.403406461,2.55,0,2.55,0,1,1,6,6,3,2
1015-,51,54,1.403395622,2.55,0,2.55,0,1,1,6,6,3,2
1015-,55,58,1.402406537,2.55,0,2.55,0,1,1,6,6,2,3
1015-,2,3,1.401239899,2.55,0,2.55,0,0,0,6,6,3,2
1015-,2,15,1.4006996,2.55,0,3.04,2,0,0,6,6,3,2
1015-,7,14,1.39967658,2.55,0,2.55,0,1,1,6,5,2,3
1015-,8,10,1.396343695,2.55,0,2.55,0,1,1,6,6,2,2
1015-,0,1,1.394105134,2.55,0,2.55,0,0,0,6,6,2,3
1015-,3,4,1.392851384,2.55,0,2.55,0,0,0,6,6,2,2
1015-,14,20,1.389351046,2.55,0,3.04,2,1,0,5,5,3,3
1015-,11,13,1.387713772,2.55,0,2.55,0,1,1,6,5,2,3
1015-,59,63,1.382181566,2.55,0,2.55,0,1,1,6,6,2,3
1015-,47,50,1.371214306,2.55,0,2.55,0,1,1,6,6,2,2
1015-,45,49,1.370784084,2.55,0,2.55,0,1,1,6,6,3,2
1015-,61,64,1.3703705,2.55,0,2.55,0,1,1,6,6,2,2
1015-,1,18,1.364365798,2.55,0,3.44,1,0,0,6,6,3,2
1015-,15,16,1.275666586,3.04,2,2.55,0,0,0,6,6,2,2
1015-,19,21,1.544789707,2.55,0,2.55,0,0,0,5,0,4,1
1015-,19,25,1.535808611,2.55,0,2.55,0,0,0,5,0,4,1
1015-,29,33,1.526522526,2.55,0,2.55,0,0,0,0,0,2,2
1015-,39,40,1.507271661,2.55,0,2.55,0,0,0,0,0,3,1
1015-,68,69,1.507228064,2.55,0,2.55,0,0,0,0,0,3,1
1015-,5,63,1.486024577,2.55,0,2.55,0,0,1,6,6,3,3
1015-,20,29,1.446012373,3.04,2,2.55,0,0,0,5,0,3,2
1015-,33,36,1.430501997,2.55,0,3.44,1,0,0,0,0,2,2
1015-,45,67,1.389295579,2.55,0,3.44,1,1,0,6,0,3,2
1015-,67,68,1.36840225,3.44,1,2.55,0,0,0,0,0,2,3
1015-,36,39,1.356277072,3.44,1,2.55,0,0,0,0,0,2,3
1015-,39,44,1.205348207,2.55,0,3.44,1,0,0,0,0,3,1
1015-,68,73,1.200147131,2.55,0,3.44,1,0,0,0,0,3,1
1017-2,17,19,1.569665022,2.55,0,2.55,0,0,0,5,5,4,4
1017-2,13,19,1.509338326,2.55,0,2.55,0,0,0,5,5,3,4
1017-2,16,17,1.501220127,2.55,0,2.55,0,0,0,6,5,2,4
1017-2,17,20,1.45856685,2.55,0,3.04,2,0,0,5,5,4,3
1017-2,2,15,1.448442178,2.55,0,2.55,0,1,0,6,6,3,2
1017-2,17,18,1.424311596,2.55,0,3.44,1,0,0,5,6,4,2
1017-2,0,1,1.406933022,2.55,0,2.55,0,1,1,6,6,3,3
1017-2,1,2,1.406732133,2.55,0,2.55,0,1,1,6,6,3,3
1017-2,10,11,1.40195167,2.55,0,2.55,0,0,0,6,6,3,2
1017-2,13,14,1.400379443,2.55,0,2.55,0,0,0,5,5,3,3
1017-2,4,5,1.392211347,2.55,0,2.55,0,1,1,6,6,3,2
1017-2,43,45,1.39210378,2.55,0,2.55,0,1,1,6,6,2,3
1017-2,44,45,1.392096172,2.55,0,2.55,0,1,1,6,6,2,3
1017-2,7,8,1.391903599,2.55,0,2.55,0,0,0,6,6,2,2
1017-2,40,55,1.391108213,2.55,0,2.55,0,1,1,6,6,3,2
1017-2,3,4,1.387667975,2.55,0,2.55,0,1,1,6,6,2,3
1017-2,8,10,1.387304393,2.55,0,2.55,0,0,0,6,6,2,3
1017-2,2,3,1.385335825,2.55,0,2.55,0,1,1,6,6,3,2
1017-2,40,43,1.384415595,2.55,0,2.55,0,1,1,6,6,3,2
1017-2,55,56,1.383622956,2.55,0,2.55,0,1,1,6,6,2,2
1017-2,44,56,1.382307593,2.55,0,2.55,0,1,1,6,6,2,2
1017-2,14,20,1.382159905,2.55,0,3.04,2,0,0,5,5,3,3
1017-2,7,14,1.379321625,2.55,0,2.55,0,0,0,6,5,2,3
1017-2,0,5,1.378258173,2.55,0,2.55,0,1,1,6,6,3,2
1017-2,11,13,1.369404785,2.55,0,2.55,0,0,0,6,5,2,3
1017-2,1,18,1.336958817,2.55,0,3.44,1,1,0,6,6,3,2
1017-2,15,16,1.331053547,2.55,0,2.55,0,0,0,6,6,2,2
1017-2,19,21,1.533600889,2.55,0,2.55,0,0,0,5,0,4,1
1017-2,19,25,1.525010221,2.55,0,2.55,0,0,0,5,0,4,1
1017-2,29,40,1.511018529,2.55,0,2.55,0,0,1,0,6,2,3
1017-2,34,38,1.500361717,2.55,0,2.55,0,0,0,0,0,3,1
1017-2,45,63,1.482625917,2.55,0,2.55,0,1,0,6,0,3,3
1017-2,20,29,1.44075935,3.04,2,2.55,0,0,0,5,0,3,2
1017-2,4,35,1.435699493,2.55,0,3.04,2,1,0,6,0,3,3
1017-2,61,64,1.419180117,2.55,0,3.44,1,0,0,0,0,1,2
1017-2,47,48,1.404975046,3.44,1,2.55,0,0,0,0,0,2,1
1017-2,0,33,1.385013252,2.55,0,3.44,1,1,0,6,0,3,2
1017-2,10,47,1.368211238,2.55,0,3.44,1,0,0,6,0,3,2
1017-2,33,34,1.352830939,3.44,1,2.55,0,0,0,0,0,2,3
1017-2,63,64,1.343127421,2.55,0,3.44,1,0,0,0,0,3,2
1017-2,35,37,1.213772961,3.04,2,3.44,1,0,0,0,0,3,1
1017-2,35,36,1.21297453,3.04,2,3.44,1,0,0,0,0,3,1
1017-2,62,63,1.206570184,3.44,1,2.55,0,0,0,0,0,1,3
1017-2,34,46,1.198390949,2.55,0,3.44,1,0,0,0,0,3,1
1017-3,17,19,1.592290752,2.55,0,2.55,0,0,0,5,5,4,4
1017-3,13,19,1.522001061,2.55,0,2.55,0,0,0,5,5,3,4
1017-3,16,17,1.509283323,2.55,0,2.55,0,0,0,6,5,2,4
1017-3,17,20,1.46401925,2.55,0,3.04,2,0,0,5,5,4,3
1017-3,2,15,1.456143165,2.55,0,2.55,0,1,0,6,6,3,2
1017-3,17,18,1.447726758,2.55,0,3.44,1,0,0,5,6,4,2
1017-3,40,43,1.419798849,2.55,0,2.55,0,1,1,6,6,3,3
1017-3,1,2,1.413091728,2.55,0,2.55,0,1,1,6,6,3,3
1017-3,10,11,1.412637946,2.55,0,2.55,0,0,0,6,6,3,2
1017-3,43,45,1.411027428,2.55,0,2.55,0,1,1,6,6,3,2
1017-3,0,1,1.40991235,2.55,0,2.55,0,1,1,6,6,3,3
1017-3,7,8,1.408303694,2.55,0,2.55,0,0,0,6,6,2,2
1017-3,13,14,1.407710609,2.55,0,2.55,0,0,0,5,5,3,3
1017-3,40,55,1.403956009,2.55,0,2.55,0,1,1,6,6,3,2
1017-3,14,20,1.402102512,2.55,0,3.04,2,0,0,5,5,3,3
1017-3,8,10,1.400357091,2.55,0,2.55,0,0,0,6,6,2,3
1017-3,2,3,1.399484217,2.55,0,2.55,0,1,1,6,6,3,2
1017-3,4,5,1.397876014,2.55,0,2.55,0,1,1,6,6,3,2
1017-3,44,56,1.397422624,2.55,0,2.55,0,1,1,6,6,2,2
1017-3,55,56,1.394327582,2.55,0,2.55,0,1,1,6,6,2,2
1017-3,3,4,1.392929696,2.55,0,2.55,0,1,1,6,6,2,3
1017-3,7,14,1.392666164,2.55,0,2.55,0,0,0,6,5,2,3
1017-3,44,45,1.391393397,2.55,0,2.55,0,1,1,6,6,2,2
1017-3,0,5,1.388131434,2.55,0,2.55,0,1,1,6,6,3,2
1017-3,11,13,1.383845697,2.55,0,2.55,0,0,0,6,5,2,3
1017-3,1,18,1.343195007,2.55,0,3.44,1,1,0,6,6,3,2
1017-3,15,16,1.343048225,2.55,0,2.55,0,0,0,6,6,2,2
1017-3,19,21,1.54591162,2.55,0,2.55,0,0,0,5,0,4,1
1017-3,19,25,1.534536571,2.55,0,2.55,0,0,0,5,0,4,1
1017-3,29,40,1.531287202,2.55,0,2.55,0,0,1,0,6,2,3
1017-3,34,38,1.504427902,2.55,0,2.55,0,0,0,0,0,3,1
1017-3,43,63,1.499948668,2.55,0,2.55,0,1,0,6,0,3,3
1017-3,4,35,1.470792758,2.55,0,3.04,2,1,0,6,0,3,3
1017-3,20,29,1.454633632,3.04,2,2.55,0,0,0,5,0,3,2
1017-3,61,64,1.426658214,2.55,0,3.44,1,0,0,0,0,1,2
1017-3,47,48,1.406562246,3.44,1,2.55,0,0,0,0,0,2,1
1017-3,0,33,1.383007801,2.55,0,3.44,1,1,0,6,0,3,2
1017-3,33,34,1.374914784,3.44,1,2.55,0,0,0,0,0,2,3
1017-3,10,47,1.364485638,2.55,0,3.44,1,0,0,6,0,3,2
1017-3,63,64,1.348139334,2.55,0,3.44,1,0,0,0,0,3,2
1017-3,35,37,1.222053128,3.04,2,3.44,1,0,0,0,0,3,1
1017-3,35,36,1.222010363,3.04,2,3.44,1,0,0,0,0,3,1
1017-3,62,63,1.213651791,3.44,1,2.55,0,0,0,0,0,1,3
1017-3,34,46,1.199020287,2.55,0,3.44,1,0,0,0,0,3,1
1033-2,16,18,1.598442715,2.55,0,2.55,0,0,0,5,5,4,4
1033-2,13,18,1.530133448,2.55,0,2.55,0,0,0,5,5,3,4
1033-2,2,15,1.515212756,2.55,0,2.55,0,1,0,6,6,3,2
1033-2,16,19,1.449467911,2.55,0,3.04,2,0,0,5,5,4,3
1033-2,15,19,1.439147102,2.55,0,3.04,2,0,0,6,5,2,3
1033-2,16,17,1.431169612,2.55,0,3.44,1,0,0,5,6,4,2
1033-2,0,1,1.424991688,2.55,0,2.55,0,1,1,6,6,3,3
1033-2,13,14,1.41084556,2.55,0,2.55,0,0,0,5,5,3,3
1033-2,11,12,1.407507576,2.55,0,2.55,0,0,0,6,6,2,3
1033-2,34,54,1.404028248,2.55,0,2.55,0,1,1,6,6,3,2
1033-2,34,37,1.403652856,2.55,0,2.55,0,1,1,6,6,3,2
1033-2,8,9,1.403080619,2.55,0,2.55,0,0,0,6,6,2,2
1033-2,1,2,1.40286609,2.55,0,2.55,0,1,1,6,6,3,3
1033-2,5,6,1.401652946,2.55,0,2.55,0,1,1,6,6,3,2
1033-2,2,3,1.40077791,2.55,0,2.55,0,1,1,6,6,3,2
1033-2,53,54,1.398115384,2.55,0,2.55,0,1,1,6,6,2,2
1033-2,39,53,1.39803162,2.55,0,2.55,0,1,1,6,6,2,2
1033-2,37,38,1.397917319,2.55,0,2.55,0,1,1,6,6,2,2
1033-2,38,39,1.39774599,2.55,0,2.55,0,1,1,6,6,2,2
1033-2,8,14,1.397658953,2.55,0,2.55,0,0,0,6,5,2,3
1033-2,9,11,1.393972102,2.55,0,2.55,0,0,0,6,6,2,2
1033-2,0,6,1.392536666,2.55,0,2.55,0,1,1,6,6,3,2
1033-2,12,13,1.390347677,2.55,0,2.55,0,0,0,6,5,3,3
1033-2,3,5,1.388005595,2.55,0,2.55,0,1,1,6,6,2,3
1033-2,14,19,1.38462397,2.55,0,3.04,2,0,0,5,5,3,3
1033-2,1,17,1.354113098,2.55,0,3.44,1,1,0,6,6,3,2
1033-2,18,24,1.545920419,2.55,0,2.55,0,0,0,5,0,4,1
1033-2,16,34,1.539878133,2.55,0,2.55,0,0,1,5,6,4,3
1033-2,18,20,1.535737093,2.55,0,2.55,0,0,0,5,0,4,1
1033-2,32,33,1.516180344,2.55,0,2.55,0,0,0,0,0,2,1
1033-2,44,45,1.508706226,2.55,0,2.55,0,0,0,0,0,3,1
1033-2,5,49,1.471460795,2.55,0,3.04,2,1,0,6,0,3,3
1033-2,31,32,1.423853959,3.44,1,2.55,0,0,0,0,0,2,2
1033-2,12,43,1.392197462,2.55,0,3.44,1,0,0,6,0,3,2
1033-2,43,44,1.36912773,3.44,1,2.55,0,0,0,0,0,2,3
1033-2,0,31,1.35007027,2.55,0,3.44,1,1,0,6,0,3,2
1033-2,49,51,1.223184116,3.04,2,3.44,1,0,0,0,0,3,1
1033-2,49,50,1.222219149,3.04,2,3.44,1,0,0,0,0,3,1
1033-2,44,60,1.199415287,2.55,0,3.44,1,0,0,0,0,3,1
1034-2,16,18,1.588185294,2.55,0,2.55,0,0,0,5,5,4,4
1034-2,13,18,1.530532119,2.55,0,2.55,0,0,0,5,5,3,4
1034-2,2,15,1.514827432,2.55,0,2.55,0,0,0,6,6,3,2
1034-2,16,19,1.458900957,2.55,0,3.04,2,0,0,5,5,4,3
1034-2,15,19,1.439844154,2.55,0,3.04,2,0,0,6,5,2,3
1034-2,0,1,1.424195259,2.55,0,2.55,0,0,0,6,6,3,3
1034-2,16,17,1.42237796,2.55,0,3.44,1,0,0,5,6,4,2
1034-2,50,54,1.418058804,2.55,0,2.55,0,1,1,6,6,3,3
1034-2,13,14,1.412334955,2.55,0,2.55,0,0,0,5,5,3,3
1034-2,50,58,1.41027421,2.55,0,2.55,0,1,1,6,6,3,2
1034-2,11,12,1.407308958,2.55,0,2.55,0,0,0,6,6,2,3
1034-2,1,2,1.403119639,2.55,0,2.55,0,0,0,6,6,3,3
1034-2,8,9,1.402988629,2.55,0,2.55,0,0,0,6,6,2,2
1034-2,54,55,1.402531437,2.55,0,2.55,0,1,1,6,6,3,2
1034-2,56,57,1.402017112,2.55,0,2.55,0,1,1,6,6,2,2
1034-2,5,6,1.401175034,2.55,0,2.55,0,0,0,6,6,3,2
1034-2,2,3,1.400613652,2.55,0,2.55,0,0,0,6,6,3,2
1034-2,8,14,1.396854788,2.55,0,2.55,0,0,0,6,5,2,3
1034-2,9,11,1.394422402,2.55,0,2.55,0,0,0,6,6,2,2
1034-2,55,56,1.392486104,2.55,0,2.55,0,1,1,6,6,2,2
1034-2,0,6,1.392346895,2.55,0,2.55,0,0,0,6,6,3,2
1034-2,57,58,1.391892697,2.55,0,2.55,0,1,1,6,6,2,2
1034-2,12,13,1.390163443,2.55,0,2.55,0,0,0,6,5,3,3
1034-2,3,5,1.388349334,2.55,0,2.55,0,0,0,6,6,2,3
1034-2,14,19,1.387877201,2.55,0,3.04,2,0,0,5,5,3,3
1034-2,1,17,1.356752454,2.55,0,3.44,1,0,0,6,6,3,2
1034-2,18,24,1.545427677,2.55,0,2.55,0,0,0,5,0,4,1
1034-2,18,20,1.534215102,2.55,0,2.55,0,0,0,5,0,4,1
1034-2,16,34,1.520077806,2.55,0,2.55,0,0,0,5,0,4,2
1034-2,32,33,1.516011091,2.55,0,2.55,0,0,0,0,0,2,1
1034-2,41,42,1.50842753,2.55,0,2.55,0,0,0,0,0,3,1
1034-2,5,46,1.471764451,2.55,0,3.04,2,0,0,6,0,3,3
1034-2,50,51,1.470061405,2.55,0,2.55,0,1,0,6,0,3,2
1034-2,31,32,1.424654161,3.44,1,2.55,0,0,0,0,0,2,2
1034-2,12,40,1.391819941,2.55,0,3.44,1,0,0,6,0,3,2
1034-2,40,41,1.369538416,3.44,1,2.55,0,0,0,0,0,2,3
1034-2,54,63,1.358585669,2.55,0,3.44,1,1,0,6,0,3,1
1034-2,0,31,1.350959888,2.55,0,3.44,1,0,0,6,0,3,2
1034-2,34,51,1.343986375,2.55,0,2.55,0,0,0,0,0,2,2
1034-2,46,48,1.222996486,3.04,2,3.44,1,0,0,0,0,3,1
1034-2,46,47,1.222043163,3.04,2,3.44,1,0,0,0,0,3,1
1034-2,41,65,1.199350502,2.55,0,3.44,1,0,0,0,0,3,1
1035-2,16,18,1.587133011,2.55,0,2.55,0,0,0,5,5,4,4
1035-2,13,18,1.529751356,2.55,0,2.55,0,0,0,5,5,3,4
1035-2,2,15,1.514615495,2.55,0,2.55,0,0,0,6,6,3,2
1035-2,16,19,1.458037366,2.55,0,3.04,2,0,0,5,5,4,3
1035-2,15,19,1.439800167,2.55,0,3.04,2,0,0,6,5,2,3
1035-2,0,1,1.4240447,2.55,0,2.55,0,0,0,6,6,3,3
1035-2,16,17,1.420183725,2.55,0,3.44,1,0,0,5,6,4,2
1035-2,50,54,1.419925532,2.55,0,2.55,0,0,0,6,6,3,3
1035-2,13,14,1.412403522,2.55,0,2.55,0,0,0,5,5,3,3
1035-2,50,58,1.409818186,2.55,0,2.55,0,0,0,6,6,3,2
1035-2,11,12,1.40647684,2.55,0,2.55,0,0,0,6,6,2,3
1035-2,8,9,1.403792585,2.55,0,2.55,0,0,0,6,6,2,2
1035-2,1,2,1.402634093,2.55,0,2.55,0,0,0,6,6,3,3
1035-2,5,6,1.401055199,2.55,0,2.55,0,0,0,6,6,3,2
1035-2,2,3,1.400833471,2.55,0,2.55,0,0,0,6,6,3,2
1035-2,54,55,1.399450083,2.55,0,2.55,0,0,0,6,6,3,2
1035-2,56,57,1.397576141,2.55,0,2.55,0,0,0,6,6,3,2
1035-2,8,14,1.396268149,2.55,0,2.55,0,0,0,6,5,2,3
1035-2,9,11,1.393968248,2.55,0,2.55,0,0,0,6,6,2,2
1035-2,0,6,1.392703864,2.55,0,2.55,0,0,0,6,6,3,2
1035-2,55,56,1.39043367,2.55,0,2.55,0,0,0,6,6,2,3
1035-2,57,58,1.390406461,2.55,0,2.55,0,0,0,6,6,2,2
1035-2,14,19,1.388703675,2.55,0,3.04,2,0,0,5,5,3,3
1035-2,12,13,1.38837562,2.55,0,2.55,0,0,0,6,5,3,3
1035-2,3,5,1.388079366,2.55,0,2.55,0,0,0,6,6,2,3
1035-2,1,17,1.358433063,2.55,0,3.44,1,0,0,6,6,3,2
1035-2,18,24,1.545291112,2.55,0,2.55,0,0,0,5,0,4,1
1035-2,18,20,1.534282323,2.55,0,2.55,0,0,0,5,0,4,1
1035-2,16,34,1.521013471,2.55,0,2.55,0,0,0,5,0,4,2
1035-2,32,33,1.515816902,2.55,0,2.55,0,0,0,0,0,2,1
1035-2,41,42,1.507358693,2.55,0,2.55,0,0,0,0,0,3,1
1035-2,56,64,1.47959062,2.55,0,3.04,2,0,0,6,0,3,3
1035-2,5,46,1.472881787,2.55,0,3.04,2,0,0,6,0,3,3
1035-2,50,51,1.470211416,2.55,0,2.55,0,0,0,6,0,3,2
1035-2,31,32,1.425611226,3.44,1,2.55,0,0,0,0,0,2,2
1035-2,12,40,1.391657384,2.55,0,3.44,1,0,0,6,0,3,2
1035-2,40,41,1.371879757,3.44,1,2.55,0,0,0,0,0,2,3
1035-2,54,62,1.354400875,2.55,0,3.44,1,0,0,6,0,3,1
1035-2,0,31,1.350628426,2.55,0,3.44,1,0,0,6,0,3,2
1035-2,34,51,1.343459065,2.55,0,2.55,0,0,0,0,0,2,2
1035-2,46,48,1.222555021,3.04,2,3.44,1,0,0,0,0,3,1
1035-2,46,47,1.221698417,3.04,2,3.44,1,0,0,0,0,3,1
1035-2,64,65,1.220787545,3.04,2,3.44,1,0,0,0,0,3,1
1035-2,64,66,1.220393306,3.04,2,3.44,1,0,0,0,0,3,1
1035-2,41,67,1.19889871,2.55,0,3.44,1,0,0,0,0,3,1
108-,20,22,1.510688286,2.55,0,2.55,0,0,0,5,5,3,3
108-,68,78,1.510681888,2.55,0,2.55,0,0,0,5,5,3,3
108-,66,76,1.456396013,2.55,0,3.04,2,0,0,5,5,4,2
108-,18,19,1.456389568,2.55,0,3.04,2,0,0,5,5,4,2
108-,59,66,1.456020406,3.04,2,2.55,0,0,0,5,5,2,4
108-,18,21,1.45601458,2.55,0,3.04,2,0,0,5,5,4,2
108-,34,35,1.407260356,2.55,0,2.55,0,1,1,6,6,3,2
108-,57,65,1.407257128,2.55,0,2.55,0,1,1,6,6,2,3
108-,83,85,1.407160337,2.55,0,2.55,0,1,1,6,6,3,2
108-,23,32,1.407157455,2.55,0,2.55,0,1,1,6,6,3,2
108-,0,1,1.406827898,2.55,0,2.55,0,1,1,6,6,3,2
108-,49,62,1.40682673,2.55,0,2.55,0,1,1,6,6,2,3
108-,34,43,1.40657927,2.55,0,2.55,0,1,1,6,6,3,2
108-,65,69,1.406578271,2.55,0,2.55,0,1,1,6,6,3,2
108-,23,24,1.406506109,2.55,0,2.55,0,1,1,6,6,3,2
108-,74,83,1.406504428,2.55,0,2.55,0,1,1,6,6,2,3
108-,3,5,1.406336844,2.55,0,2.55,0,1,1,6,6,2,3
108-,48,58,1.406334563,2.55,0,2.55,0,1,1,6,6,2,3
108-,58,70,1.40364385,2.55,0,2.55,0,1,1,6,6,3,2
108-,5,6,1.403642482,2.55,0,2.55,0,1,1,6,6,3,2
108-,62,72,1.400030791,2.55,0,2.55,0,1,1,6,6,3,2
108-,0,8,1.400026724,2.55,0,2.55,0,1,1,6,6,3,2
108-,37,39,1.399819588,2.55,0,2.55,0,1,1,6,6,2,2
108-,51,53,1.399818327,2.55,0,2.55,0,1,1,6,6,2,2
108-,84,87,1.399750574,2.55,0,2.55,0,1,1,6,6,2,2
108-,28,30,1.399748825,2.55,0,2.55,0,1,1,6,6,2,2
108-,6,8,1.399349934,2.55,0,2.55,0,1,1,6,6,2,2
108-,70,72,1.399345166,2.55,0,2.55,0,1,1,6,6,2,2
108-,53,63,1.398171843,2.55,0,2.55,0,1,1,6,6,2,2
108-,39,41,1.398169931,2.55,0,2.55,0,1,1,6,6,2,2
108-,26,28,1.398079119,2.55,0,2.55,0,1,1,6,6,2,2
108-,81,84,1.398077774,2.55,0,2.55,0,1,1,6,6,2,2
108-,74,81,1.397391175,2.55,0,2.55,0,1,1,6,6,2,2
108-,24,26,1.397390158,2.55,0,2.55,0,1,1,6,6,2,2
108-,41,43,1.397369842,2.55,0,2.55,0,1,1,6,6,2,2
108-,63,69,1.397368898,2.55,0,2.55,0,1,1,6,6,2,2
108-,51,57,1.395196789,2.55,0,2.55,0,1,1,6,6,2,2
108-,35,37,1.395194827,2.55,0,2.55,0,1,1,6,6,2,2
108-,30,32,1.395176585,2.55,0,2.55,0,1,1,6,6,2,2
108-,85,87,1.395174013,2.55,0,2.55,0,1,1,6,6,2,2
108-,48,49,1.391274373,2.55,0,2.55,0,1,1,6,6,2,2
108-,1,3,1.391272721,2.55,0,2.55,0,1,1,6,6,2,2
108-,21,22,1.286781174,3.04,2,2.55,0,0,0,5,5,2,3
108-,59,68,1.286777515,3.04,2,2.55,0,0,0,5,5,2,3
108-,76,78,1.286774176,3.04,2,2.55,0,0,0,5,5,2,3
108-,19,20,1.286773184,3.04,2,2.55,0,0,0,5,5,2,3
108-,18,66,1.614987045,2.55,0,2.55,0,0,0,5,5,4,4
108-,62,66,1.529674181,2.55,0,2.55,0,1,0,6,5,3,4
108-,0,18,1.529671884,2.55,0,2.55,0,1,0,6,5,3,4
108-,11,12,1.517471224,2.55,0,2.55,0,0,0,0,0,2,1
108-,56,61,1.517471058,2.55,0,2.55,0,0,0,0,0,1,2
108-,20,23,1.481222591,2.55,0,2.55,0,0,1,5,6,3,3
108-,78,83,1.481217396,2.55,0,2.55,0,0,1,5,6,3,3
108-,65,68,1.481166881,2.55,0,2.55,0,1,0,6,5,3,3
108-,22,34,1.48116645,2.55,0,2.55,0,0,1,5,6,3,3
108-,54,61,1.418275495,3.44,1,2.55,0,0,0,0,0,2,2
108-,10,11,1.418273288,3.44,1,2.55,0,0,0,0,0,2,2
108-,5,10,1.358130736,2.55,0,3.44,1,1,0,6,0,3,2
108-,54,58,1.358128097,3.44,1,2.55,0,0,1,0,6,2,3
12-,1,2,1.591792695,2.55,0,2.55,0,0,0,4,4,3,3
12-,0,3,1.563820923,2.55,0,2.55,0,0,0,4,4,3,3
12-,2,3,1.551020661,2.55,0,2.55,0,0,0,4,4,3,3
12-,0,1,1.549352787,2.55,0,2.55,0,0,0,4,4,3,3
12-,20,21,1.407525449,2.55,0,2.55,0,1,1,6,6,3,2
12-,31,40,1.407291651,2.55,0,2.55,0,1,1,6,6,3,2
12-,31,32,1.407238562,2.55,0,2.55,0,1,1,6,6,3,2
12-,20,29,1.404867744,2.55,0,2.55,0,1,1,6,6,3,2
12-,27,29,1.399932852,2.55,0,2.55,0,1,1,6,6,2,2
12-,23,25,1.399157379,2.55,0,2.55,0,1,1,6,6,2,2
12-,34,36,1.398590033,2.55,0,2.55,0,1,1,6,6,2,2
12-,38,40,1.398029986,2.55,0,2.55,0,1,1,6,6,2,2
12-,36,38,1.397643072,2.55,0,2.55,0,1,1,6,6,2,2
12-,32,34,1.397242586,2.55,0,2.55,0,1,1,6,6,2,2
12-,25,27,1.396520028,2.55,0,2.55,0,1,1,6,6,2,2
12-,21,23,1.395739835,2.55,0,2.55,0,1,1,6,6,2,2
12-,3,4,1.543778629,2.55,0,2.55,0,0,0,4,0,3,3
12-,0,12,1.520576411,2.55,0,2.55,0,0,0,4,0,3,3
12-,2,20,1.511708358,2.55,0,2.55,0,0,1,4,6,3,3
12-,1,31,1.50741826,2.55,0,2.55,0,0,1,4,6,3,3
12-,14,15,1.449110183,3.04,2,2.55,0,0,0,0,0,2,1
12-,6,7,1.447638405,3.04,2,2.55,0,0,0,0,0,2,1
12-,12,14,1.358923623,2.55,0,3.04,2,0,0,0,0,3,2
12-,4,6,1.35853012,2.55,0,3.04,2,0,0,0,0,3,2
12-,12,13,1.229690996,2.55,0,3.44,1,0,0,0,0,3,1
12-,4,5,1.224351798,2.55,0,3.44,1,0,0,0,0,3,1
12-2,0,2,1.585160608,2.55,0,2.55,0,0,0,4,4,3,3
12-2,1,3,1.585156032,2.55,0,2.55,0,0,0,4,4,3,3
12-2,2,3,1.55085664,2.55,0,2.55,0,0,0,4,4,3,3
12-2,0,1,1.550789143,2.55,0,2.55,0,0,0,4,4,3,3
12-2,22,23,1.407565793,2.55,0,2.55,0,1,1,6,6,3,2
12-2,34,35,1.407560969,2.55,0,2.55,0,1,1,6,6,3,2
12-2,22,31,1.405802851,2.55,0,2.55,0,1,1,6,6,3,2
12-2,34,43,1.405802643,2.55,0,2.55,0,1,1,6,6,3,2
12-2,37,39,1.398818589,2.55,0,2.55,0,1,1,6,6,2,2
12-2,25,27,1.398818582,2.55,0,2.55,0,1,1,6,6,2,2
12-2,29,31,1.398159931,2.55,0,2.55,0,1,1,6,6,2,2
12-2,41,43,1.398157126,2.55,0,2.55,0,1,1,6,6,2,2
12-2,39,41,1.397597402,2.55,0,2.55,0,1,1,6,6,2,2
12-2,27,29,1.3975925,2.55,0,2.55,0,1,1,6,6,2,2
12-2,35,37,1.397558667,2.55,0,2.55,0,1,1,6,6,2,2
12-2,23,25,1.397556871,2.55,0,2.55,0,1,1,6,6,2,2
12-2,3,4,1.526542097,2.55,0,2.55,0,0,0,4,0,3,3
12-2,0,13,1.526539205,2.55,0,2.55,0,0,0,4,0,3,3
12-2,1,34,1.509776851,2.55,0,2.55,0,0,1,4,6,3,3
12-2,2,22,1.509776196,2.55,0,2.55,0,0,1,4,6,3,3
12-2,7,8,1.448232604,3.04,2,2.55,0,0,0,0,0,2,1
12-2,16,17,1.448226962,3.04,2,2.55,0,0,0,0,0,2,1
12-2,13,16,1.363580624,2.55,0,3.04,2,0,0,0,0,3,2
12-2,4,7,1.363574261,2.55,0,3.04,2,0,0,0,0,3,2
12-2,4,6,1.22400008,2.55,0,3.44,1,0,0,0,0,3,1
12-2,13,15,1.223988612,2.55,0,3.44,1,0,0,0,0,3,1
12-3,0,2,1.585160608,2.55,0,2.55,0,0,0,4,4,3,3
12-3,1,3,1.585156032,2.55,0,2.55,0,0,0,4,4,3,3
12-3,2,3,1.55085664,2.55,0,2.55,0,0,0,4,4,3,3
12-3,0,1,1.550789143,2.55,0,2.55,0,0,0,4,4,3,3
12-3,22,23,1.407565793,2.55,0,2.55,0,1,1,6,6,3,2
12-3,34,35,1.407560969,2.55,0,2.55,0,1,1,6,6,3,2
12-3,22,31,1.405802851,2.55,0,2.55,0,1,1,6,6,3,2
12-3,34,43,1.405802643,2.55,0,2.55,0,1,1,6,6,3,2
12-3,37,39,1.398818589,2.55,0,2.55,0,1,1,6,6,2,2
12-3,25,27,1.398818582,2.55,0,2.55,0,1,1,6,6,2,2
12-3,29,31,1.398159931,2.55,0,2.55,0,1,1,6,6,2,2
12-3,41,43,1.398157126,2.55,0,2.55,0,1,1,6,6,2,2
12-3,39,41,1.397597402,2.55,0,2.55,0,1,1,6,6,2,2
12-3,27,29,1.3975925,2.55,0,2.55,0,1,1,6,6,2,2
12-3,35,37,1.397558667,2.55,0,2.55,0,1,1,6,6,2,2
12-3,23,25,1.397556871,2.55,0,2.55,0,1,1,6,6,2,2
12-3,3,4,1.526542097,2.55,0,2.55,0,0,0,4,0,3,3
12-3,0,13,1.526539205,2.55,0,2.55,0,0,0,4,0,3,3
12-3,1,34,1.509776851,2.55,0,2.55,0,0,1,4,6,3,3
12-3,2,22,1.509776196,2.55,0,2.55,0,0,1,4,6,3,3
12-3,7,8,1.448232604,3.04,2,2.55,0,0,0,0,0,2,1
12-3,16,17,1.448226962,3.04,2,2.55,0,0,0,0,0,2,1
12-3,13,16,1.363580624,2.55,0,3.04,2,0,0,0,0,3,2
12-3,4,7,1.363574261,2.55,0,3.04,2,0,0,0,0,3,2
12-3,4,6,1.22400008,2.55,0,3.44,1,0,0,0,0,3,1
12-3,13,15,1.223988612,2.55,0,3.44,1,0,0,0,0,3,1
2013-2,2,5,1.56346407,2.55,0,2.55,0,0,0,5,5,3,2
2013-2,0,3,1.560008361,2.55,0,2.55,0,0,0,5,5,3,3
2013-2,0,1,1.552916634,2.55,0,2.55,0,0,0,5,5,3,3
2013-2,1,2,1.551704212,2.55,0,2.55,0,0,0,5,5,3,3
2013-2,4,5,1.547571028,2.55,0,2.55,0,0,0,5,5,3,2
2013-2,3,4,1.546195567,2.55,0,2.55,0,0,0,5,5,3,3
2013-2,3,9,1.478888041,2.55,0,3.04,2,0,0,5,5,3,2
2013-2,0,6,1.459230647,2.55,0,3.04,2,0,0,5,5,3,3
2013-2,4,11,1.430736903,2.55,0,3.44,1,0,0,5,5,3,2
2013-2,1,11,1.424830832,2.55,0,3.44,1,0,0,5,5,3,2
2013-2,13,16,1.406177149,2.55,0,2.55,0,1,1,6,6,3,2
2013-2,17,18,1.405380801,2.55,0,2.55,0,1,1,6,6,2,3
2013-2,18,19,1.402462467,2.55,0,2.55,0,1,1,6,6,3,2
2013-2,13,20,1.40191422,2.55,0,2.55,0,1,1,6,6,3,2
2013-2,19,20,1.39671389,2.55,0,2.55,0,1,1,6,6,2,2
2013-2,16,17,1.392512819,2.55,0,2.55,0,1,1,6,6,2,2
2013-2,6,8,1.353513867,3.04,2,3.04,2,0,0,5,5,3,2
2013-2,8,9,1.24865159,3.04,2,3.04,2,0,0,5,5,2,2
2013-2,12,13,1.522392916,2.55,0,2.55,0,0,1,0,6,2,3
2013-2,2,32,1.513405554,2.55,0,2.55,0,0,0,5,0,3,3
2013-2,18,25,1.4933581,2.55,0,2.55,0,1,0,6,0,3,3
2013-2,6,12,1.447214144,3.04,2,2.55,0,0,0,5,0,3,2
2013-2,33,34,1.430375459,3.44,1,2.55,0,0,0,0,0,2,1
2013-2,26,27,1.426252675,3.44,1,2.55,0,0,0,0,0,2,1
2013-2,25,26,1.348876031,2.55,0,3.44,1,0,0,0,0,3,2
2013-2,32,33,1.344511771,2.55,0,3.44,1,0,0,0,0,3,2
2013-2,25,31,1.209960934,2.55,0,3.44,1,0,0,0,0,3,1
2013-2,32,38,1.209141227,2.55,0,3.44,1,0,0,0,0,3,1
2014-2,2,5,1.560813456,2.55,0,2.55,0,0,0,5,5,3,2
2014-2,0,3,1.560189424,2.55,0,2.55,0,0,0,5,5,3,3
2014-2,0,1,1.551938786,2.55,0,2.55,0,0,0,5,5,3,3
2014-2,1,2,1.549557951,2.55,0,2.55,0,0,0,5,5,3,3
2014-2,3,4,1.548379798,2.55,0,2.55,0,0,0,5,5,3,3
2014-2,4,5,1.544967787,2.55,0,2.55,0,0,0,5,5,3,2
2014-2,3,9,1.478634159,2.55,0,3.04,2,0,0,5,5,3,2
2014-2,0,6,1.456823199,2.55,0,3.04,2,0,0,5,5,3,3
2014-2,4,11,1.429252021,2.55,0,3.44,1,0,0,5,5,3,2
2014-2,1,11,1.425224718,2.55,0,3.44,1,0,0,5,5,3,2
2014-2,13,16,1.405585617,2.55,0,2.55,0,1,1,6,6,3,2
2014-2,17,18,1.405320578,2.55,0,2.55,0,1,1,6,6,2,3
2014-2,18,19,1.402506999,2.55,0,2.55,0,1,1,6,6,3,2
2014-2,13,20,1.401916236,2.55,0,2.55,0,1,1,6,6,3,2
2014-2,19,20,1.39698488,2.55,0,2.55,0,1,1,6,6,2,2
2014-2,16,17,1.3923149,2.55,0,2.55,0,1,1,6,6,2,2
2014-2,6,8,1.355377607,3.04,2,3.04,2,0,0,5,5,3,2
2014-2,8,9,1.247124825,3.04,2,3.04,2,0,0,5,5,2,2
2014-2,2,32,1.522888385,2.55,0,2.55,0,0,0,5,0,3,3
2014-2,12,13,1.519718197,2.55,0,2.55,0,0,1,0,6,2,3
2014-2,18,25,1.493794684,2.55,0,2.55,0,1,0,6,0,3,3
2014-2,6,12,1.444518661,3.04,2,2.55,0,0,0,5,0,3,2
2014-2,33,34,1.430240529,3.44,1,2.55,0,0,0,0,0,2,1
2014-2,26,27,1.426606124,3.44,1,2.55,0,0,0,0,0,2,1
2014-2,25,26,1.348164002,2.55,0,3.44,1,0,0,0,0,3,2
2014-2,32,33,1.343492589,2.55,0,3.44,1,0,0,0,0,3,2
2014-2,25,31,1.20990909,2.55,0,3.44,1,0,0,0,0,3,1
2014-2,32,38,1.207031366,2.55,0,3.44,1,0,0,0,0,3,1
2029-2,18,39,1.58607709,2.55,0,2.55,0,0,0,4,4,3,3
2029-2,39,40,1.57406313,2.55,0,2.55,0,0,0,4,4,3,3
2029-2,18,19,1.5647646,2.55,0,2.55,0,0,0,4,4,3,3
2029-2,19,40,1.563714629,2.55,0,2.55,0,0,0,4,4,3,3
2029-2,19,20,1.539330719,2.55,0,2.55,0,0,0,4,5,3,2
2029-2,40,41,1.52914417,2.55,0,2.55,0,0,0,4,5,3,2
2029-2,41,46,1.41886755,2.55,0,3.44,1,0,0,5,5,2,2
2029-2,20,46,1.418724966,2.55,0,3.44,1,0,0,5,5,2,2
2029-2,21,22,1.412280303,2.55,0,2.55,0,1,1,6,6,3,2
2029-2,0,1,1.409010864,2.55,0,2.55,0,0,0,6,6,3,2
2029-2,25,26,1.40637809,2.55,0,2.55,0,1,1,6,6,3,2
2029-2,4,5,1.405034369,2.55,0,2.55,0,0,0,6,6,3,2
2029-2,21,23,1.402843258,2.55,0,2.55,0,1,1,6,6,3,2
2029-2,0,2,1.402791084,2.55,0,2.55,0,0,0,6,6,3,2
2029-2,3,4,1.402402735,2.55,0,2.55,0,0,0,6,6,2,3
2029-2,24,25,1.402147739,2.55,0,2.55,0,1,1,6,6,2,3
2029-2,23,24,1.400840661,2.55,0,2.55,0,1,1,6,6,2,2
2029-2,2,3,1.400670968,2.55,0,2.55,0,0,0,6,6,2,2
2029-2,1,5,1.391756625,2.55,0,2.55,0,0,0,6,6,2,2
2029-2,22,26,1.390666302,2.55,0,2.55,0,1,1,6,6,2,2
2029-2,32,33,1.517465109,2.55,0,2.55,0,0,0,0,0,2,1
2029-2,11,12,1.517338513,2.55,0,2.55,0,0,0,0,0,2,1
2029-2,0,18,1.513608054,2.55,0,2.55,0,0,0,6,4,3,3
2029-2,21,39,1.513015307,2.55,0,2.55,0,1,0,6,4,3,3
2029-2,31,32,1.417461139,3.44,1,2.55,0,0,0,0,0,2,2
2029-2,10,11,1.417259523,3.44,1,2.55,0,0,0,0,0,2,2
2029-2,4,10,1.359117301,2.55,0,3.44,1,0,0,6,0,3,2
2029-2,25,31,1.358308092,2.55,0,3.44,1,1,0,6,0,3,2
2030-,5,8,1.575969049,2.55,0,2.55,0,0,0,6,6,3,4
2030-,8,11,1.553611454,2.55,0,2.55,0,0,0,6,6,4,3
2030-,1,8,1.539235634,2.55,0,2.55,0,0,0,6,6,2,4
2030-,0,9,1.533363392,2.55,0,2.55,0,0,0,6,6,2,3
2030-,4,9,1.532244585,2.55,0,2.55,0,0,0,6,6,3,3
2030-,9,10,1.513784414,2.55,0,2.55,0,0,0,6,6,3,2
2030-,6,7,1.45388076,2.55,0,2.55,0,0,0,6,6,3,3
2030-,2,3,1.437732581,2.55,0,2.55,0,0,0,6,6,3,3
2030-,4,5,1.435620951,2.55,0,2.55,0,0,0,6,6,3,3
2030-,2,7,1.434273104,2.55,0,2.55,0,0,0,6,6,3,3
2030-,7,12,1.425399616,2.55,0,2.55,0,0,0,6,6,3,2
2030-,2,15,1.422962782,2.55,0,2.55,0,0,0,6,6,3,2
2030-,13,14,1.411356007,2.55,0,2.55,0,0,0,6,6,2,2
2030-,31,32,1.407131077,2.55,0,2.55,0,1,1,6,6,3,2
2030-,20,25,1.406055749,2.55,0,2.55,0,1,1,6,6,3,2
2030-,20,21,1.40579178,2.55,0,2.55,0,1,1,6,6,3,2
2030-,31,36,1.403713747,2.55,0,2.55,0,1,1,6,6,3,2
2030-,33,34,1.400509129,2.55,0,2.55,0,1,1,6,6,2,2
2030-,35,36,1.399505474,2.55,0,2.55,0,1,1,6,6,2,2
2030-,23,24,1.398642141,2.55,0,2.55,0,1,1,6,6,2,2
2030-,21,22,1.398616899,2.55,0,2.55,0,1,1,6,6,2,2
2030-,22,23,1.398220775,2.55,0,2.55,0,1,1,6,6,2,2
2030-,24,25,1.398201245,2.55,0,2.55,0,1,1,6,6,2,2
2030-,34,35,1.396580275,2.55,0,2.55,0,1,1,6,6,2,2
2030-,32,33,1.396536358,2.55,0,2.55,0,1,1,6,6,2,2
2030-,5,6,1.386977951,2.55,0,2.55,0,0,0,6,6,3,3
2030-,12,13,1.381699089,2.55,0,2.55,0,0,0,6,6,2,2
2030-,14,15,1.380438332,2.55,0,2.55,0,0,0,6,6,2,2
2030-,3,4,1.377528739,2.55,0,2.55,0,0,0,6,6,3,3
2030-,10,11,1.341455623,2.55,0,2.55,0,0,0,6,6,2,3
2030-,0,1,1.333434389,2.55,0,2.55,0,0,0,6,6,2,2
2030-,8,69,1.535507256,2.55,0,2.55,0,0,0,6,0,4,3
2030-,74,76,1.532543906,2.55,0,2.55,0,0,0,0,0,2,2
2030-,51,54,1.531716855,2.55,0,2.55,0,0,0,0,0,2,2
2030-,49,54,1.526926368,2.55,0,2.55,0,0,0,0,0,2,2
2030-,51,55,1.525504125,2.55,0,2.55,0,0,0,0,0,2,2
2030-,71,74,1.521777084,2.55,0,2.55,0,0,0,0,0,2,2
2030-,76,79,1.51986089,2.55,0,2.55,0,0,0,0,0,2,2
2030-,81,85,1.510544374,2.55,0,2.55,0,0,0,0,0,3,1
2030-,50,53,1.505298357,2.55,0,2.55,0,0,0,0,0,3,1
2030-,6,31,1.499853088,2.55,0,2.55,0,0,1,6,6,3,3
2030-,3,20,1.498912111,2.55,0,2.55,0,0,1,6,6,3,3
2030-,11,62,1.484045587,2.55,0,2.55,0,0,0,6,0,3,3
2030-,68,71,1.443103081,3.44,1,2.55,0,0,0,0,0,2,2
2030-,79,80,1.440254275,2.55,0,3.44,1,0,0,0,0,2,2
2030-,55,56,1.437216146,2.55,0,3.44,1,0,0,0,0,2,2
2030-,49,52,1.434231833,2.55,0,3.44,1,0,0,0,0,2,2
2030-,50,52,1.353010456,2.55,0,3.44,1,0,0,0,0,3,2
2030-,56,62,1.350836054,3.44,1,2.55,0,0,0,0,0,2,3
2030-,80,81,1.3416789,3.44,1,2.55,0,0,0,0,0,2,3
2030-,68,69,1.338866927,3.44,1,2.55,0,0,0,0,0,2,3
2030-,62,63,1.210741089,2.55,0,3.44,1,0,0,0,0,3,1
2030-,81,83,1.209896,2.55,0,3.44,1,0,0,0,0,3,1
2030-,47,50,1.209336179,3.44,1,2.55,0,0,0,0,0,1,3
2030-,69,73,1.206120041,2.55,0,3.44,1,0,0,0,0,3,1
2031--,6,16,1.560084848,2.55,0,2.55,0,0,0,6,6,4,3
2031--,6,9,1.552152745,2.55,0,2.55,0,0,0,6,6,4,3
2031--,3,6,1.550380538,2.55,0,2.55,0,0,0,6,6,3,4
2031--,2,7,1.528559923,2.55,0,2.55,0,0,0,6,6,3,3
2031--,7,8,1.526474569,2.55,0,2.55,0,0,0,6,6,3,2
2031--,7,14,1.522069974,2.55,0,2.55,0,0,0,6,6,3,3
2031--,2,3,1.410950586,2.55,0,2.55,0,0,0,6,6,3,3
2031--,14,16,1.405342436,2.55,0,2.55,0,0,0,6,6,3,3
2031--,4,5,1.405259981,2.55,0,2.55,0,0,0,6,6,2,2
2031--,17,18,1.403776285,2.55,0,2.55,0,0,0,6,6,2,2
2031--,0,1,1.403579592,2.55,0,2.55,0,0,0,6,6,2,2
2031--,13,15,1.402414467,2.55,0,2.55,0,0,0,6,6,2,2
2031--,16,18,1.395294657,2.55,0,2.55,0,0,0,6,6,3,2
2031--,3,4,1.395146215,2.55,0,2.55,0,0,0,6,6,3,2
2031--,15,17,1.395022462,2.55,0,2.55,0,0,0,6,6,2,2
2031--,0,5,1.393735953,2.55,0,2.55,0,0,0,6,6,2,2
2031--,13,14,1.392053255,2.55,0,2.55,0,0,0,6,6,2,3
2031--,1,2,1.390948453,2.55,0,2.55,0,0,0,6,6,2,3
2031--,8,9,1.342726184,2.55,0,2.55,0,0,0,6,6,2,3
2031--,6,33,1.536301657,2.55,0,2.55,0,0,0,6,0,4,3
2031--,21,22,1.522770621,2.55,0,2.55,0,0,0,0,0,3,1
2031--,33,34,1.519858585,2.55,0,2.55,0,0,0,0,0,3,1
2031--,9,21,1.506589533,2.55,0,2.55,0,0,0,6,0,3,3
2031--,21,26,1.212416173,2.55,0,3.44,1,0,0,0,0,3,1
2031--,31,33,1.21122178,3.44,1,2.55,0,0,0,0,0,1,3
2033b,91,122,1.846093891,2.58,3,2.55,0,0,0,0,0,2,2
2033b,90,112,1.844979556,2.58,3,2.55,0,0,0,0,0,2,2
2033b,89,102,1.842132209,2.58,3,2.55,0,0,0,0,0,2,2
2033b,0,88,1.839653742,2.55,0,2.58,3,0,0,4,0,4,2
2033b,88,92,1.837129495,2.58,3,2.55,0,0,0,0,0,2,2
2033b,1,90,1.831514623,2.55,0,2.58,3,0,0,4,0,4,2
2033b,2,91,1.826490294,2.55,0,2.58,3,0,0,4,0,4,2
2033b,3,89,1.822398102,2.55,0,2.58,3,0,0,4,0,4,2
2034b,92,97,1.846227782,2.58,3,2.55,0,0,0,0,0,2,2
2034b,45,56,1.846190996,2.58,3,2.55,0,0,0,0,0,2,2
2034b,44,46,1.845029419,2.58,3,2.55,0,0,0,0,0,2,2
2034b,69,70,1.844947897,2.55,0,2.58,3,0,0,0,0,2,2
2034b,1,44,1.83794402,2.55,0,2.58,3,0,0,4,0,4,2
2034b,70,77,1.837834165,2.58,3,2.55,0,0,0,0,4,2,4
2034b,85,92,1.830875201,2.55,0,2.58,3,0,0,4,0,4,2
2034b,0,45,1.830804265,2.55,0,2.58,3,0,0,4,0,4,2
2037b,64,95,1.845951255,2.58,3,2.55,0,0,0,0,0,2,2
2037b,63,85,1.844675367,2.58,3,2.55,0,0,0,0,0,2,2
2037b,62,75,1.841793659,2.58,3,2.55,0,0,0,0,0,2,2
2037b,0,61,1.840882154,2.55,0,2.58,3,0,0,4,0,4,2
2037b,61,65,1.837254028,2.58,3,2.55,0,0,0,0,0,2,2
2037b,1,63,1.831610814,2.55,0,2.58,3,0,0,4,0,4,2
2037b,2,64,1.826003742,2.55,0,2.58,3,0,0,4,0,4,2
2037b,3,62,1.822733164,2.55,0,2.58,3,0,0,4,0,4,2
2040-2,1,2,1.597099539,2.55,0,2.55,0,0,0,4,4,4,4
2040-2,0,1,1.557756154,2.55,0,2.55,0,0,0,4,4,3,4
2040-2,2,3,1.557332092,2.55,0,2.55,0,0,0,4,4,4,3
2040-2,0,3,1.542138104,2.55,0,2.55,0,0,0,4,4,3,3
2040-2,3,8,1.516787573,2.55,0,2.55,0,0,0,4,6,3,3
2040-2,0,4,1.51665324,2.55,0,2.55,0,0,0,4,6,3,3
2040-2,1,7,1.497331232,2.55,0,2.55,0,0,1,4,6,4,3
2040-2,2,9,1.496856511,2.55,0,2.55,0,0,1,4,6,4,3
2040-2,15,16,1.409120811,2.55,0,2.55,0,1,1,6,6,3,2
2040-2,22,23,1.409118262,2.55,0,2.55,0,1,1,6,6,2,3
2040-2,7,17,1.405532916,2.55,0,2.55,0,1,1,6,6,3,2
2040-2,9,21,1.405348739,2.55,0,2.55,0,1,1,6,6,3,2
2040-2,23,24,1.401242419,2.55,0,2.55,0,1,1,6,6,3,2
2040-2,14,15,1.401124003,2.55,0,2.55,0,1,1,6,6,2,3
2040-2,10,24,1.399063645,2.55,0,2.55,0,1,1,6,6,3,2
2040-2,6,14,1.398909929,2.55,0,2.55,0,1,1,6,6,3,2
2040-2,6,7,1.398754264,2.55,0,2.55,0,1,1,6,6,3,3
2040-2,9,10,1.398723462,2.55,0,2.55,0,1,1,6,6,3,3
2040-2,16,17,1.388990499,2.55,0,2.55,0,1,1,6,6,2,2
2040-2,21,22,1.388860538,2.55,0,2.55,0,1,1,6,6,2,2
2040-2,5,6,1.381462009,3.44,1,2.55,0,0,1,6,6,2,3
2040-2,10,11,1.381416707,2.55,0,3.44,1,1,0,6,6,3,2
2040-2,4,5,1.36576875,2.55,0,3.44,1,0,0,6,6,3,2
2040-2,8,11,1.365752054,2.55,0,3.44,1,0,0,6,6,3,2
2040-2,41,43,1.416242663,3.44,1,2.55,0,0,0,0,0,2,1
2040-2,40,42,1.416198446,3.44,1,2.55,0,0,0,0,0,2,1
2040-2,28,30,1.411678359,3.44,1,2.55,0,0,0,0,0,2,1
2040-2,29,34,1.411637813,3.44,1,2.55,0,0,0,0,0,2,1
2040-2,1,40,1.409844847,2.55,0,3.44,1,0,0,4,0,4,2
2040-2,2,41,1.409746251,2.55,0,3.44,1,0,0,4,0,4,2
2040-2,23,29,1.353617679,2.55,0,3.44,1,1,0,6,0,3,2
2040-2,15,28,1.353490771,2.55,0,3.44,1,1,0,6,0,3,2
2040-2,8,13,1.198347776,2.55,0,3.44,1,0,0,6,0,3,1
2040-2,4,12,1.198266482,2.55,0,3.44,1,0,0,6,0,3,1
2042-2,1,2,1.610987832,2.55,0,2.55,0,0,0,4,4,4,4
2042-2,0,1,1.559567107,2.55,0,2.55,0,0,0,4,4,3,4
2042-2,0,3,1.558575468,2.55,0,2.55,0,0,0,4,4,3,3
2042-2,2,3,1.554924771,2.55,0,2.55,0,0,0,4,4,4,3
2042-2,1,7,1.519787058,2.55,0,2.55,0,0,0,4,6,4,3
2042-2,3,8,1.516888097,2.55,0,2.55,0,0,0,4,6,3,3
2042-2,0,4,1.511976716,2.55,0,2.55,0,0,0,4,6,3,3
2042-2,2,9,1.508907238,2.55,0,2.55,0,0,1,4,6,4,3
2042-2,7,17,1.411270503,2.55,0,2.55,0,0,0,6,6,3,2
2042-2,22,23,1.408711459,2.55,0,2.55,0,1,1,6,6,2,3
2042-2,15,16,1.408672746,2.55,0,2.55,0,0,0,6,6,3,2
2042-2,9,21,1.407977979,2.55,0,2.55,0,1,1,6,6,3,2
2042-2,6,7,1.403569732,2.55,0,2.55,0,0,0,6,6,3,3
2042-2,6,14,1.400622386,2.55,0,2.55,0,0,0,6,6,3,2
2042-2,10,24,1.399744538,2.55,0,2.55,0,1,1,6,6,3,2
2042-2,23,24,1.399463781,2.55,0,2.55,0,1,1,6,6,3,2
2042-2,9,10,1.398314825,2.55,0,2.55,0,1,1,6,6,3,3
2042-2,14,15,1.398218019,2.55,0,2.55,0,0,0,6,6,2,3
2042-2,21,22,1.387978105,2.55,0,2.55,0,1,1,6,6,2,2
2042-2,16,17,1.387152804,2.55,0,2.55,0,0,0,6,6,2,2
2042-2,10,11,1.382438288,2.55,0,3.44,1,1,0,6,6,3,2
2042-2,5,6,1.380085645,3.44,1,2.55,0,0,0,6,6,2,3
2042-2,4,5,1.360750598,2.55,0,3.44,1,0,0,6,6,3,2
2042-2,8,11,1.359904643,2.55,0,3.44,1,0,0,6,6,3,2
2042-2,2,41,1.532290988,2.55,0,2.55,0,0,0,4,0,4,2
2042-2,1,40,1.529833273,2.55,0,2.55,0,0,0,4,0,4,2
2042-2,40,42,1.437693697,2.55,0,3.44,1,0,0,0,0,2,2
2042-2,41,46,1.435051937,2.55,0,3.44,1,0,0,0,0,2,2
2042-2,28,30,1.413055793,3.44,1,2.55,0,0,0,0,0,2,1
2042-2,29,34,1.412578256,3.44,1,2.55,0,0,0,0,0,2,1
2042-2,23,29,1.351948726,2.55,0,3.44,1,1,0,6,0,3,2
2042-2,15,28,1.351367162,2.55,0,3.44,1,0,0,6,0,3,2
2042-2,42,45,1.345693513,3.44,1,2.55,0,0,0,0,0,2,2
2042-2,46,49,1.342259207,3.44,1,2.55,0,0,0,0,0,2,2
2042-2,49,52,1.199776206,2.55,0,3.44,1,0,0,0,0,2,1
2042-2,8,13,1.199119011,2.55,0,3.44,1,0,0,6,0,3,1
2042-2,45,50,1.198123718,2.55,0,3.44,1,0,0,0,0,2,1
2042-2,4,12,1.197269792,2.55,0,3.44,1,0,0,6,0,3,1
2043-2,1,2,1.584335417,2.55,0,2.55,0,0,0,4,4,3,3
2043-2,0,3,1.563498875,2.55,0,2.55,0,0,0,4,4,3,3
2043-2,2,3,1.554982712,2.55,0,2.55,0,0,0,4,4,3,3
2043-2,0,1,1.54630272,2.55,0,2.55,0,0,0,4,4,3,3
2043-2,0,4,1.521489944,2.55,0,2.55,0,0,0,4,6,3,3
2043-2,3,8,1.513381395,2.55,0,2.55,0,0,0,4,6,3,3
2043-2,2,9,1.505979012,2.55,0,2.55,0,0,0,4,6,3,3
2043-2,1,7,1.494697977,2.55,0,2.55,0,0,1,4,6,3,3
2043-2,15,16,1.421313772,2.55,0,2.55,0,1,1,6,6,3,3
2043-2,21,22,1.421001674,2.55,0,2.55,0,0,0,6,6,3,3
2043-2,9,20,1.407443641,2.55,0,2.55,0,0,0,6,6,3,2
2043-2,7,17,1.404830533,2.55,0,2.55,0,1,1,6,6,3,2
2043-2,10,23,1.401126904,2.55,0,2.55,0,0,0,6,6,3,2
2043-2,9,10,1.399216034,2.55,0,2.55,0,0,0,6,6,3,3
2043-2,6,14,1.399094288,2.55,0,2.55,0,1,1,6,6,3,2
2043-2,14,15,1.398333,2.55,0,2.55,0,1,1,6,6,2,3
2043-2,22,23,1.396434395,2.55,0,2.55,0,0,0,6,6,3,2
2043-2,6,7,1.395472601,2.55,0,2.55,0,1,1,6,6,3,3
2043-2,16,17,1.392583904,2.55,0,2.55,0,1,1,6,6,3,2
2043-2,20,21,1.391183031,2.55,0,2.55,0,0,0,6,6,2,3
2043-2,5,6,1.385062228,3.44,1,2.55,0,0,1,6,6,2,3
2043-2,10,11,1.381657298,2.55,0,3.44,1,0,0,6,6,3,2
2043-2,8,11,1.363386881,2.55,0,3.44,1,0,0,6,6,3,2
2043-2,4,5,1.362508567,2.55,0,3.44,1,0,0,6,6,3,2
2043-2,40,42,1.421753655,3.44,1,2.55,0,0,0,0,0,2,1
2043-2,41,46,1.420553933,3.44,1,2.55,0,0,0,0,0,2,1
2043-2,27,32,1.412935052,3.44,1,2.55,0,0,0,0,0,2,1
2043-2,26,28,1.412579794,3.44,1,2.55,0,0,0,0,0,2,1
2043-2,21,41,1.366188778,2.55,0,3.44,1,0,0,6,0,3,2
2043-2,16,40,1.364469405,2.55,0,3.44,1,1,0,6,0,3,2
2043-2,22,27,1.355272014,2.55,0,3.44,1,0,0,6,0,3,2
2043-2,15,26,1.354595582,2.55,0,3.44,1,1,0,6,0,3,2
2043-2,4,12,1.199349233,2.55,0,3.44,1,0,0,6,0,3,1
2043-2,8,13,1.197797853,2.55,0,3.44,1,0,0,6,0,3,1
2043-2b,1,2,1.584335417,2.55,0,2.55,0,0,0,4,4,3,3
2043-2b,0,3,1.563498875,2.55,0,2.55,0,0,0,4,4,3,3
2043-2b,2,3,1.554982712,2.55,0,2.55,0,0,0,4,4,3,3
2043-2b,0,1,1.54630272,2.55,0,2.55,0,0,0,4,4,3,3
2043-2b,0,4,1.521489944,2.55,0,2.55,0,0,0,4,6,3,3
2043-2b,3,8,1.513381395,2.55,0,2.55,0,0,0,4,6,3,3
2043-2b,2,9,1.505979012,2.55,0,2.55,0,0,0,4,6,3,3
2043-2b,1,7,1.494697977,2.55,0,2.55,0,0,1,4,6,3,3
2043-2b,15,16,1.421313772,2.55,0,2.55,0,1,1,6,6,3,3
2043-2b,21,22,1.421001674,2.55,0,2.55,0,0,0,6,6,3,3
2043-2b,9,20,1.407443641,2.55,0,2.55,0,0,0,6,6,3,2
2043-2b,7,17,1.404830533,2.55,0,2.55,0,1,1,6,6,3,2
2043-2b,10,23,1.401126904,2.55,0,2.55,0,0,0,6,6,3,2
2043-2b,9,10,1.399216034,2.55,0,2.55,0,0,0,6,6,3,3
2043-2b,6,14,1.399094288,2.55,0,2.55,0,1,1,6,6,3,2
2043-2b,14,15,1.398333,2.55,0,2.55,0,1,1,6,6,2,3
2043-2b,22,23,1.396434395,2.55,0,2.55,0,0,0,6,6,3,2
2043-2b,6,7,1.395472601,2.55,0,2.55,0,1,1,6,6,3,3
2043-2b,16,17,1.392583904,2.55,0,2.55,0,1,1,6,6,3,2
2043-2b,20,21,1.391183031,2.55,0,2.55,0,0,0,6,6,2,3
2043-2b,5,6,1.385062228,3.44,1,2.55,0,0,1,6,6,2,3
2043-2b,10,11,1.381657298,2.55,0,3.44,1,0,0,6,6,3,2
2043-2b,8,11,1.363386881,2.55,0,3.44,1,0,0,6,6,3,2
2043-2b,4,5,1.362508567,2.55,0,3.44,1,0,0,6,6,3,2
2043-2b,40,42,1.421753655,3.44,1,2.55,0,0,0,0,0,2,1
2043-2b,41,46,1.420553933,3.44,1,2.55,0,0,0,0,0,2,1
2043-2b,27,32,1.412935052,3.44,1,2.55,0,0,0,0,0,2,1
2043-2b,26,28,1.412579794,3.44,1,2.55,0,0,0,0,0,2,1
2043-2b,21,41,1.366188778,2.55,0,3.44,1,0,0,6,0,3,2
2043-2b,16,40,1.364469405,2.55,0,3.44,1,1,0,6,0,3,2
2043-2b,22,27,1.355272014,2.55,0,3.44,1,0,0,6,0,3,2
2043-2b,15,26,1.354595582,2.55,0,3.44,1,1,0,6,0,3,2
2043-2b,4,12,1.199349233,2.55,0,3.44,1,0,0,6,0,3,1
2043-2b,8,13,1.197797853,2.55,0,3.44,1,0,0,6,0,3,1
2043b,1,2,1.583121317,2.55,0,2.55,0,0,0,4,4,3,3
2043b,0,3,1.551114806,2.55,0,2.55,0,0,0,4,4,3,3
2043b,0,1,1.55093869,2.55,0,2.55,0,0,0,4,4,3,3
2043b,2,3,1.550312056,2.55,0,2.55,0,0,0,4,4,3,3
2043b,0,4,1.520636141,2.55,0,2.55,0,0,0,4,6,3,3
2043b,3,8,1.520428583,2.55,0,2.55,0,0,0,4,6,3,3
2043b,2,9,1.494745073,2.55,0,2.55,0,0,1,4,6,3,3
2043b,1,7,1.494706112,2.55,0,2.55,0,0,1,4,6,3,3
2043b,21,22,1.420985138,2.55,0,2.55,0,1,1,6,6,3,3
2043b,15,16,1.420984953,2.55,0,2.55,0,1,1,6,6,3,3
2043b,9,20,1.405031732,2.55,0,2.55,0,1,1,6,6,3,2
2043b,7,17,1.404720357,2.55,0,2.55,0,1,1,6,6,3,2
2043b,10,23,1.399401531,2.55,0,2.55,0,1,1,6,6,3,2
2043b,6,14,1.398991872,2.55,0,2.55,0,1,1,6,6,3,2
2043b,14,15,1.398935293,2.55,0,2.55,0,1,1,6,6,2,3
2043b,22,23,1.398693898,2.55,0,2.55,0,1,1,6,6,3,2
2043b,9,10,1.396944994,2.55,0,2.55,0,1,1,6,6,3,3
2043b,6,7,1.396844873,2.55,0,2.55,0,1,1,6,6,3,3
2043b,16,17,1.393301521,2.55,0,2.55,0,1,1,6,6,3,2
2043b,20,21,1.392858805,2.55,0,2.55,0,1,1,6,6,2,3
2043b,10,11,1.386008359,2.55,0,3.44,1,1,0,6,6,3,2
2043b,5,6,1.385612652,3.44,1,2.55,0,0,1,6,6,2,3
2043b,8,11,1.364565168,2.55,0,3.44,1,0,0,6,6,3,2
2043b,4,5,1.36455477,2.55,0,3.44,1,0,0,6,6,3,2
2043b,40,42,1.421095398,3.44,1,2.55,0,0,0,0,0,2,1
2043b,41,46,1.420805801,3.44,1,2.55,0,0,0,0,0,2,1
2043b,26,28,1.412642026,3.44,1,2.55,0,0,0,0,0,2,1
2043b,27,32,1.412260465,3.44,1,2.55,0,0,0,0,0,2,1
2043b,16,40,1.364441346,2.55,0,3.44,1,1,0,6,0,3,2
2043b,21,41,1.364333607,2.55,0,3.44,1,1,0,6,0,3,2
2043b,15,26,1.355319142,2.55,0,3.44,1,1,0,6,0,3,2
2043b,22,27,1.355082821,2.55,0,3.44,1,1,0,6,0,3,2
2043b,4,12,1.198684674,2.55,0,3.44,1,0,0,6,0,3,1
2043b,8,13,1.198630238,2.55,0,3.44,1,0,0,6,0,3,1
2044-2,1,2,1.612645837,2.55,0,2.55,0,0,0,4,4,4,4
2044-2,0,3,1.560043791,2.55,0,2.55,0,0,0,4,4,3,3
2044-2,2,3,1.55759532,2.55,0,2.55,0,0,0,4,4,4,3
2044-2,0,1,1.556076597,2.55,0,2.55,0,0,0,4,4,3,4
2044-2,2,9,1.51659327,2.55,0,2.55,0,0,0,4,6,4,3
2044-2,0,4,1.5165237,2.55,0,2.55,0,0,0,4,6,3,3
2044-2,3,8,1.512762946,2.55,0,2.55,0,0,0,4,6,3,3
2044-2,1,7,1.51027556,2.55,0,2.55,0,0,0,4,6,4,3
2044-2,21,22,1.421567571,2.55,0,2.55,0,0,0,6,6,3,3
2044-2,15,16,1.414332394,2.55,0,2.55,0,0,0,6,6,3,3
2044-2,9,20,1.407261383,2.55,0,2.55,0,0,0,6,6,3,2
2044-2,7,17,1.403993832,2.55,0,2.55,0,0,0,6,6,3,2
2044-2,10,23,1.401967377,2.55,0,2.55,0,0,0,6,6,3,2
2044-2,6,7,1.401183154,2.55,0,2.55,0,0,0,6,6,3,3
2044-2,9,10,1.398089228,2.55,0,2.55,0,0,0,6,6,3,3
2044-2,22,23,1.396737839,2.55,0,2.55,0,0,0,6,6,3,2
2044-2,6,14,1.39619948,2.55,0,2.55,0,0,0,6,6,3,2
2044-2,16,17,1.395977546,2.55,0,2.55,0,0,0,6,6,3,2
2044-2,14,15,1.395073993,2.55,0,2.55,0,0,0,6,6,2,3
2044-2,20,21,1.389326662,2.55,0,2.55,0,0,0,6,6,2,3
2044-2,5,6,1.382874887,3.44,1,2.55,0,0,0,6,6,2,3
2044-2,10,11,1.37927782,2.55,0,3.44,1,0,0,6,6,3,2
2044-2,8,11,1.36236248,2.55,0,3.44,1,0,0,6,6,3,2
2044-2,4,5,1.357358377,2.55,0,3.44,1,0,0,6,6,3,2
2044-2,1,48,1.534451838,2.55,0,2.55,0,0,0,4,0,4,2
2044-2,2,49,1.527486084,2.55,0,2.55,0,0,0,4,0,4,2
2044-2,49,54,1.436111949,2.55,0,3.44,1,0,0,0,0,2,2
2044-2,48,50,1.435035696,2.55,0,3.44,1,0,0,0,0,2,2
2044-2,38,40,1.428088497,3.44,1,2.55,0,0,0,0,0,2,1
2044-2,26,28,1.425643401,3.44,1,2.55,0,0,0,0,0,2,1
2044-2,39,44,1.422272341,3.44,1,2.55,0,0,0,0,0,2,1
2044-2,27,32,1.413976127,3.44,1,2.55,0,0,0,0,0,2,1
2044-2,16,38,1.367687195,2.55,0,3.44,1,0,0,6,0,3,2
2044-2,21,39,1.36666209,2.55,0,3.44,1,0,0,6,0,3,2
2044-2,15,26,1.364161228,2.55,0,3.44,1,0,0,6,0,3,2
2044-2,22,27,1.353182333,2.55,0,3.44,1,0,0,6,0,3,2
2044-2,50,53,1.34545448,3.44,1,2.55,0,0,0,0,0,2,2
2044-2,54,57,1.342032014,3.44,1,2.55,0,0,0,0,0,2,2
2044-2,57,59,1.199763263,2.55,0,3.44,1,0,0,0,0,2,1
2044-2,4,12,1.199101127,2.55,0,3.44,1,0,0,6,0,3,1
2044-2,53,58,1.198820102,2.55,0,3.44,1,0,0,0,0,2,1
2044-2,8,13,1.197088941,2.55,0,3.44,1,0,0,6,0,3,1
2044-2b,1,2,1.612645837,2.55,0,2.55,0,0,0,4,4,4,4
2044-2b,0,3,1.560043791,2.55,0,2.55,0,0,0,4,4,3,3
2044-2b,2,3,1.55759532,2.55,0,2.55,0,0,0,4,4,4,3
2044-2b,0,1,1.556076597,2.55,0,2.55,0,0,0,4,4,3,4
2044-2b,2,9,1.51659327,2.55,0,2.55,0,0,0,4,6,4,3
2044-2b,0,4,1.5165237,2.55,0,2.55,0,0,0,4,6,3,3
2044-2b,3,8,1.512762946,2.55,0,2.55,0,0,0,4,6,3,3
2044-2b,1,7,1.51027556,2.55,0,2.55,0,0,0,4,6,4,3
2044-2b,21,22,1.421567571,2.55,0,2.55,0,0,0,6,6,3,3
2044-2b,15,16,1.414332394,2.55,0,2.55,0,0,0,6,6,3,3
2044-2b,9,20,1.407261383,2.55,0,2.55,0,0,0,6,6,3,2
2044-2b,7,17,1.403993832,2.55,0,2.55,0,0,0,6,6,3,2
2044-2b,10,23,1.401967377,2.55,0,2.55,0,0,0,6,6,3,2
2044-2b,6,7,1.401183154,2.55,0,2.55,0,0,0,6,6,3,3
2044-2b,9,10,1.398089228,2.55,0,2.55,0,0,0,6,6,3,3
2044-2b,22,23,1.396737839,2.55,0,2.55,0,0,0,6,6,3,2
2044-2b,6,14,1.39619948,2.55,0,2.55,0,0,0,6,6,3,2
2044-2b,16,17,1.395977546,2.55,0,2.55,0,0,0,6,6,3,2
2044-2b,14,15,1.395073993,2.55,0,2.55,0,0,0,6,6,2,3
2044-2b,20,21,1.389326662,2.55,0,2.55,0,0,0,6,6,2,3
2044-2b,5,6,1.382874887,3.44,1,2.55,0,0,0,6,6,2,3
2044-2b,10,11,1.37927782,2.55,0,3.44,1,0,0,6,6,3,2
2044-2b,8,11,1.36236248,2.55,0,3.44,1,0,0,6,6,3,2
2044-2b,4,5,1.357358377,2.55,0,3.44,1,0,0,6,6,3,2
2044-2b,1,48,1.534451838,2.55,0,2.55,0,0,0,4,0,4,2
2044-2b,2,49,1.527486084,2.55,0,2.55,0,0,0,4,0,4,2
2044-2b,49,54,1.436111949,2.55,0,3.44,1,0,0,0,0,2,2
2044-2b,48,50,1.435035696,2.55,0,3.44,1,0,0,0,0,2,2
2044-2b,38,40,1.428088497,3.44,1,2.55,0,0,0,0,0,2,1
2044-2b,26,28,1.425643401,3.44,1,2.55,0,0,0,0,0,2,1
2044-2b,39,44,1.422272341,3.44,1,2.55,0,0,0,0,0,2,1
2044-2b,27,32,1.413976127,3.44,1,2.55,0,0,0,0,0,2,1
2044-2b,16,38,1.367687195,2.55,0,3.44,1,0,0,6,0,3,2
2044-2b,21,39,1.36666209,2.55,0,3.44,1,0,0,6,0,3,2
2044-2b,15,26,1.364161228,2.55,0,3.44,1,0,0,6,0,3,2
2044-2b,22,27,1.353182333,2.55,0,3.44,1,0,0,6,0,3,2
2044-2b,50,53,1.34545448,3.44,1,2.55,0,0,0,0,0,2,2
2044-2b,54,57,1.342032014,3.44,1,2.55,0,0,0,0,0,2,2
2044-2b,57,59,1.199763263,2.55,0,3.44,1,0,0,0,0,2,1
2044-2b,4,12,1.199101127,2.55,0,3.44,1,0,0,6,0,3,1
2044-2b,53,58,1.198820102,2.55,0,3.44,1,0,0,0,0,2,1
2044-2b,8,13,1.197088941,2.55,0,3.44,1,0,0,6,0,3,1
2044b,1,2,1.60824693,2.55,0,2.55,0,0,0,4,4,4,4
2044b,0,1,1.557914601,2.55,0,2.55,0,0,0,4,4,3,4
2044b,2,3,1.557741825,2.55,0,2.55,0,0,0,4,4,4,3
2044b,0,3,1.55134239,2.55,0,2.55,0,0,0,4,4,3,3
2044b,3,8,1.515963564,2.55,0,2.55,0,0,0,4,6,3,3
2044b,0,4,1.515703015,2.55,0,2.55,0,0,0,4,6,3,3
2044b,2,9,1.509662846,2.55,0,2.55,0,0,0,4,6,4,3
2044b,1,7,1.509402278,2.55,0,2.55,0,0,1,4,6,4,3
2044b,15,16,1.421129465,2.55,0,2.55,0,1,1,6,6,3,3
2044b,21,22,1.421101824,2.55,0,2.55,0,0,0,6,6,3,3
2044b,7,17,1.407123388,2.55,0,2.55,0,1,1,6,6,3,2
2044b,9,20,1.406890162,2.55,0,2.55,0,0,0,6,6,3,2
2044b,10,23,1.40001325,2.55,0,2.55,0,0,0,6,6,3,2
2044b,6,14,1.399908245,2.55,0,2.55,0,1,1,6,6,3,2
2044b,14,15,1.397505707,2.55,0,2.55,0,1,1,6,6,2,3
2044b,22,23,1.397460994,2.55,0,2.55,0,0,0,6,6,3,2
2044b,6,7,1.39696118,2.55,0,2.55,0,1,1,6,6,3,3
2044b,9,10,1.396741962,2.55,0,2.55,0,0,0,6,6,3,3
2044b,16,17,1.392080185,2.55,0,2.55,0,1,1,6,6,3,2
2044b,20,21,1.391948289,2.55,0,2.55,0,0,0,6,6,2,3
2044b,10,11,1.38467284,2.55,0,3.44,1,0,0,6,6,3,2
2044b,5,6,1.384290646,3.44,1,2.55,0,0,1,6,6,2,3
2044b,4,5,1.363508192,2.55,0,3.44,1,0,0,6,6,3,2
2044b,8,11,1.363300263,2.55,0,3.44,1,0,0,6,6,3,2
2044b,1,48,1.529200283,2.55,0,2.55,0,0,0,4,0,4,2
2044b,2,49,1.529031682,2.55,0,2.55,0,0,0,4,0,4,2
2044b,48,50,1.435078441,2.55,0,3.44,1,0,0,0,0,2,2
2044b,49,54,1.434440578,2.55,0,3.44,1,0,0,0,0,2,2
2044b,39,44,1.422366022,3.44,1,2.55,0,0,0,0,0,2,1
2044b,38,40,1.42196608,3.44,1,2.55,0,0,0,0,0,2,1
2044b,26,28,1.41358965,3.44,1,2.55,0,0,0,0,0,2,1
2044b,27,32,1.413382875,3.44,1,2.55,0,0,0,0,0,2,1
2044b,16,38,1.363408835,2.55,0,3.44,1,1,0,6,0,3,2
2044b,21,39,1.362820417,2.55,0,3.44,1,0,0,6,0,3,2
2044b,22,27,1.3530082,2.55,0,3.44,1,0,0,6,0,3,2
2044b,15,26,1.352875936,2.55,0,3.44,1,1,0,6,0,3,2
2044b,54,57,1.342259568,3.44,1,2.55,0,0,0,0,0,2,2
2044b,50,53,1.341558636,3.44,1,2.55,0,0,0,0,0,2,2
2044b,53,58,1.199707982,2.55,0,3.44,1,0,0,0,0,2,1
2044b,57,59,1.199325421,2.55,0,3.44,1,0,0,0,0,2,1
2044b,8,13,1.197908273,2.55,0,3.44,1,0,0,6,0,3,1
2044b,4,12,1.197753079,2.55,0,3.44,1,0,0,6,0,3,1
2052-2,2,4,1.581442082,2.55,0,2.55,0,0,0,4,4,4,4
2052-2,2,3,1.557699164,2.55,0,2.55,0,0,0,4,4,4,3
2052-2,4,5,1.553365524,2.55,0,2.55,0,0,0,4,4,4,3
2052-2,3,5,1.53127622,2.55,0,2.55,0,0,0,4,4,3,3
2052-2,0,2,1.535091786,2.55,0,2.55,0,0,0,0,4,3,4
2052-2,4,6,1.531939587,2.55,0,2.55,0,0,0,4,0,4,3
2052-2,1,10,1.432715542,3.44,1,2.55,0,0,0,0,0,2,1
2052-2,9,11,1.431867079,3.44,1,2.55,0,0,0,0,0,2,1
2052-2,0,1,1.337327173,2.55,0,3.44,1,0,0,0,0,3,2
2052-2,6,9,1.327424347,2.55,0,3.44,1,0,0,0,0,3,2
2052-2,6,8,1.204062222,2.55,0,3.44,1,0,0,0,0,3,1
2052-2,0,7,1.199911433,2.55,0,3.44,1,0,0,0,0,3,1
2053-2,2,4,1.56887787,2.55,0,2.55,0,0,0,4,4,4,4
2053-2,3,5,1.549716459,2.55,0,2.55,0,0,0,4,4,2,2
2053-2,2,3,1.546643156,2.55,0,2.55,0,0,0,4,4,4,2
2053-2,4,5,1.542411073,2.55,0,2.55,0,0,0,4,4,4,2
2053-2,4,10,1.532484738,2.55,0,2.55,0,0,0,4,0,4,3
2053-2,0,2,1.531927647,2.55,0,2.55,0,0,0,0,4,3,4
2053-2,13,15,1.431318409,3.44,1,2.55,0,0,0,0,0,2,1
2053-2,1,14,1.431292317,3.44,1,2.55,0,0,0,0,0,2,1
2053-2,0,1,1.341791343,2.55,0,3.44,1,0,0,0,0,3,2
2053-2,10,13,1.33018096,2.55,0,3.44,1,0,0,0,0,3,2
2053-2,10,12,1.206521544,2.55,0,3.44,1,0,0,0,0,3,1
2053-2,0,11,1.200156161,2.55,0,3.44,1,0,0,0,0,3,1
2054-2,2,4,1.576678099,2.55,0,2.55,0,0,0,4,4,4,4
2054-2,2,3,1.554317218,2.55,0,2.55,0,0,0,4,4,4,3
2054-2,4,5,1.548479299,2.55,0,2.55,0,0,0,4,4,4,3
2054-2,3,5,1.527240206,2.55,0,2.55,0,0,0,4,4,3,3
2054-2,4,6,1.526364302,2.55,0,2.55,0,0,0,4,0,4,3
2054-2,0,2,1.525572243,2.55,0,2.55,0,0,0,0,4,3,4
2054-2,9,11,1.433119274,3.44,1,2.55,0,0,0,0,0,2,1
2054-2,1,10,1.432832121,3.44,1,2.55,0,0,0,0,0,2,1
2054-2,0,1,1.336820822,2.55,0,3.44,1,0,0,0,0,3,2
2054-2,6,9,1.330368639,2.55,0,3.44,1,0,0,0,0,3,2
2054-2,6,8,1.204127605,2.55,0,3.44,1,0,0,0,0,3,1
2054-2,0,7,1.201044837,2.55,0,3.44,1,0,0,0,0,3,1
2057-2,4,7,1.584407235,2.55,0,2.55,0,0,0,4,4,3,3
2057-2,5,6,1.576457763,2.55,0,2.55,0,0,0,4,4,4,3
2057-2,4,5,1.562938528,2.55,0,2.55,0,0,0,4,4,3,4
2057-2,6,7,1.542344296,2.55,0,2.55,0,0,0,4,4,3,3
2057-2,0,5,1.526187173,2.55,0,2.55,0,0,0,6,4,3,4
2057-2,6,9,1.521280084,2.55,0,2.55,0,0,0,4,6,3,3
2057-2,3,4,1.44938023,3.04,2,2.55,0,0,0,6,4,3,3
2057-2,7,12,1.440119985,2.55,0,3.04,2,0,0,4,6,3,3
2057-2,10,11,1.408147535,3.04,2,2.55,0,0,0,6,6,2,3
2057-2,1,2,1.403512987,3.04,2,2.55,0,0,0,6,6,2,3
2057-2,9,10,1.380999767,2.55,0,3.04,2,0,0,6,6,3,2
2057-2,0,1,1.379406672,2.55,0,3.04,2,0,0,6,6,3,2
2057-2,2,3,1.377090126,2.55,0,3.04,2,0,0,6,6,3,3
2057-2,11,12,1.373377046,2.55,0,3.04,2,0,0,6,6,3,3
2057-2,16,27,1.52922531,2.55,0,2.55,0,0,0,0,0,2,1
2057-2,5,20,1.529068132,2.55,0,2.55,0,0,0,4,0,4,1
2057-2,17,33,1.52862941,2.55,0,2.55,0,0,0,0,0,2,1
2057-2,3,16,1.470844622,3.04,2,2.55,0,0,0,6,0,3,2
2057-2,12,17,1.467240487,3.04,2,2.55,0,0,0,6,0,3,2
2057-2,2,18,1.215890317,2.55,0,3.44,1,0,0,6,0,3,1
2057-2,11,19,1.215261246,2.55,0,3.44,1,0,0,6,0,3,1
2057-2,9,15,1.210805092,2.55,0,3.44,1,0,0,6,0,3,1
2057-2,0,14,1.210148614,2.55,0,3.44,1,0,0,6,0,3,1
2057-3,4,7,1.5826401,2.55,0,2.55,0,0,0,4,4,3,3
2057-3,5,6,1.570016283,2.55,0,2.55,0,0,0,4,4,3,4
2057-3,4,5,1.548687477,2.55,0,2.55,0,0,0,4,4,3,3
2057-3,6,7,1.548572448,2.55,0,2.55,0,0,0,4,4,4,3
2057-3,6,9,1.530983821,2.55,0,2.55,0,0,0,4,6,4,3
2057-3,0,5,1.511287299,2.55,0,2.55,0,0,0,6,4,3,3
2057-3,3,4,1.451398409,3.04,2,2.55,0,0,0,6,4,3,3
2057-3,7,12,1.440064508,2.55,0,3.04,2,0,0,4,6,3,3
2057-3,10,11,1.407506768,3.04,2,2.55,0,0,0,6,6,2,3
2057-3,1,2,1.403575312,3.04,2,2.55,0,0,0,6,6,2,3
2057-3,2,3,1.382191868,2.55,0,3.04,2,0,0,6,6,3,3
2057-3,0,1,1.380952363,2.55,0,3.04,2,0,0,6,6,3,2
2057-3,9,10,1.379916194,2.55,0,3.04,2,0,0,6,6,3,2
2057-3,11,12,1.372930012,2.55,0,3.04,2,0,0,6,6,3,3
2057-3,16,23,1.529912069,2.55,0,2.55,0,0,0,0,0,2,1
2057-3,6,20,1.528687465,2.55,0,2.55,0,0,0,4,0,4,1
2057-3,17,29,1.528530471,2.55,0,2.55,0,0,0,0,0,2,1
2057-3,3,16,1.472096108,3.04,2,2.55,0,0,0,6,0,3,2
2057-3,12,17,1.467061582,3.04,2,2.55,0,0,0,6,0,3,2
2057-3,2,18,1.215816253,2.55,0,3.44,1,0,0,6,0,3,1
2057-3,11,19,1.21527707,2.55,0,3.44,1,0,0,6,0,3,1
2057-3,9,15,1.211672606,2.55,0,3.44,1,0,0,6,0,3,1
2057-3,0,14,1.209901544,2.55,0,3.44,1,0,0,6,0,3,1
2058-2,4,7,1.585261269,2.55,0,2.55,0,0,0,4,4,3,3
2058-2,5,6,1.562716353,2.55,0,2.55,0,0,0,4,4,3,3
2058-2,4,5,1.552096646,2.55,0,2.55,0,0,0,4,4,3,3
2058-2,6,7,1.541929046,2.55,0,2.55,0,0,0,4,4,3,3
2058-2,6,9,1.521230185,2.55,0,2.55,0,0,0,4,6,3,3
2058-2,0,5,1.513542825,2.55,0,2.55,0,0,0,6,4,3,3
2058-2,3,4,1.450980244,3.04,2,2.55,0,0,0,6,4,3,3
2058-2,7,12,1.439158795,2.55,0,3.04,2,0,0,4,6,3,3
2058-2,10,11,1.408002028,3.04,2,2.55,0,0,0,6,6,2,3
2058-2,1,2,1.403598627,3.04,2,2.55,0,0,0,6,6,2,3
2058-2,2,3,1.382162973,2.55,0,3.04,2,0,0,6,6,3,3
2058-2,0,1,1.380811377,2.55,0,3.04,2,0,0,6,6,3,2
2058-2,9,10,1.380678568,2.55,0,3.04,2,0,0,6,6,3,2
2058-2,11,12,1.374641382,2.55,0,3.04,2,0,0,6,6,3,3
2058-2,16,24,1.529523108,2.55,0,2.55,0,0,0,0,0,2,1
2058-2,17,30,1.528522222,2.55,0,2.55,0,0,0,0,0,2,1
2058-2,3,16,1.472353422,3.04,2,2.55,0,0,0,6,0,3,2
2058-2,12,17,1.467206024,3.04,2,2.55,0,0,0,6,0,3,2
2058-2,2,18,1.215627174,2.55,0,3.44,1,0,0,6,0,3,1
2058-2,11,19,1.215034013,2.55,0,3.44,1,0,0,6,0,3,1
2058-2,9,15,1.210689937,2.55,0,3.44,1,0,0,6,0,3,1
2058-2,0,14,1.209177349,2.55,0,3.44,1,0,0,6,0,3,1
2069-2,0,15,1.575162467,2.55,0,2.55,0,0,0,4,4,3,3
2069-2,15,16,1.55721425,2.55,0,2.55,0,0,0,4,4,3,2
2069-2,0,1,1.557131948,2.55,0,2.55,0,0,0,4,4,3,2
2069-2,1,16,1.546700172,2.55,0,2.55,0,0,0,4,4,2,2
2069-2,2,7,1.407995924,2.55,0,2.55,0,1,1,6,6,3,2
2069-2,13,18,1.407458675,2.55,0,2.55,0,1,1,6,6,2,3
2069-2,18,20,1.405824162,2.55,0,2.55,0,1,1,6,6,3,2
2069-2,2,3,1.405262117,2.55,0,2.55,0,1,1,6,6,3,2
2069-2,17,19,1.40464739,2.55,0,2.55,0,1,1,6,6,2,3
2069-2,5,6,1.404427258,2.55,0,2.55,0,1,1,6,6,3,2
2069-2,4,5,1.402858502,2.55,0,2.55,0,1,1,6,6,2,3
2069-2,19,21,1.402683265,2.55,0,2.55,0,1,1,6,6,3,2
2069-2,3,4,1.395641126,2.55,0,2.55,0,1,1,6,6,2,2
2069-2,20,21,1.394137206,2.55,0,2.55,0,1,1,6,6,2,2
2069-2,13,17,1.393768371,2.55,0,2.55,0,1,1,6,6,2,2
2069-2,6,7,1.392299221,2.55,0,2.55,0,1,1,6,6,2,2
2069-2,15,18,1.507131762,2.55,0,2.55,0,0,1,4,6,3,3
2069-2,0,2,1.506874084,2.55,0,2.55,0,0,1,4,6,3,3
2069-2,19,27,1.49227944,2.55,0,2.55,0,1,0,6,0,3,3
2069-2,5,26,1.492273972,2.55,0,2.55,0,1,0,6,0,3,3
2069-2,37,38,1.42609344,3.44,1,2.55,0,0,0,0,0,2,1
2069-2,32,33,1.426044092,3.44,1,2.55,0,0,0,0,0,2,1
2069-2,27,32,1.349330604,2.55,0,3.44,1,0,0,0,0,3,2
2069-2,26,37,1.34888413,2.55,0,3.44,1,0,0,0,0,3,2
2069-2,26,43,1.210316227,2.55,0,3.44,1,0,0,0,0,3,1
2069-2,27,42,1.210030114,2.55,0,3.44,1,0,0,0,0,3,1
2070-2,15,16,1.579141242,2.55,0,2.55,0,0,0,4,4,3,3
2070-2,0,15,1.570704499,2.55,0,2.55,0,0,0,4,4,3,3
2070-2,1,16,1.558497571,2.55,0,2.55,0,0,0,4,4,3,3
2070-2,0,1,1.553946799,2.55,0,2.55,0,0,0,4,4,3,3
2070-2,13,18,1.408663675,2.55,0,2.55,0,1,1,6,6,2,3
2070-2,51,53,1.408370295,2.55,0,2.55,0,1,1,6,6,3,2
2070-2,45,50,1.408290335,2.55,0,2.55,0,1,1,6,6,3,2
2070-2,2,3,1.40808234,2.55,0,2.55,0,1,1,6,6,3,2
2070-2,51,52,1.407078413,2.55,0,2.55,0,1,1,6,6,3,2
2070-2,45,46,1.406577251,2.55,0,2.55,0,1,1,6,6,3,2
2070-2,18,20,1.405433333,2.55,0,2.55,0,1,1,6,6,3,2
2070-2,2,7,1.405311205,2.55,0,2.55,0,1,1,6,6,3,2
2070-2,17,19,1.404987189,2.55,0,2.55,0,1,1,6,6,2,3
2070-2,4,5,1.404883839,2.55,0,2.55,0,1,1,6,6,2,3
2070-2,5,6,1.402645636,2.55,0,2.55,0,1,1,6,6,3,2
2070-2,19,21,1.402468115,2.55,0,2.55,0,1,1,6,6,3,2
2070-2,54,55,1.401286599,2.55,0,2.55,0,1,1,6,6,2,2
2070-2,48,49,1.401041153,2.55,0,2.55,0,1,1,6,6,2,2
2070-2,52,56,1.397978676,2.55,0,2.55,0,1,1,6,6,2,2
2070-2,47,48,1.397954942,2.55,0,2.55,0,1,1,6,6,2,2
2070-2,55,56,1.397849103,2.55,0,2.55,0,1,1,6,6,2,2
2070-2,46,47,1.397396843,2.55,0,2.55,0,1,1,6,6,2,2
2070-2,20,21,1.394437052,2.55,0,2.55,0,1,1,6,6,2,2
2070-2,6,7,1.394282443,2.55,0,2.55,0,1,1,6,6,2,2
2070-2,13,17,1.394127801,2.55,0,2.55,0,1,1,6,6,2,2
2070-2,3,4,1.394115741,2.55,0,2.55,0,1,1,6,6,2,2
2070-2,53,54,1.392972297,2.55,0,2.55,0,1,1,6,6,2,2
2070-2,49,50,1.392938946,2.55,0,2.55,0,1,1,6,6,2,2
2070-2,1,42,1.523117647,2.55,0,2.55,0,0,0,4,0,3,3
2070-2,16,40,1.521438443,2.55,0,2.55,0,0,0,4,0,3,3
2070-2,0,2,1.507879302,2.55,0,2.55,0,0,1,4,6,3,3
2070-2,15,18,1.506605124,2.55,0,2.55,0,0,1,4,6,3,3
2070-2,42,51,1.50000173,2.55,0,2.55,0,0,1,0,6,3,3
2070-2,40,45,1.498927788,2.55,0,2.55,0,0,1,0,6,3,3
2070-2,19,27,1.493182794,2.55,0,2.55,0,1,0,6,0,3,3
2070-2,5,26,1.492613277,2.55,0,2.55,0,1,0,6,0,3,3
2070-2,28,29,1.426362536,3.44,1,2.55,0,0,0,0,0,2,1
2070-2,33,34,1.425836369,3.44,1,2.55,0,0,0,0,0,2,1
2070-2,26,33,1.349296262,2.55,0,3.44,1,0,0,0,0,3,2
2070-2,27,28,1.348108973,2.55,0,3.44,1,0,0,0,0,3,2
2070-2,40,44,1.221689963,2.55,0,3.44,1,0,0,0,0,3,1
2070-2,42,67,1.220593538,2.55,0,3.44,1,0,0,0,0,3,1
2070-2,26,39,1.210157009,2.55,0,3.44,1,0,0,0,0,3,1
2070-2,27,38,1.210034063,2.55,0,3.44,1,0,0,0,0,3,1
2071-2,1,16,1.5624752,2.55,0,2.55,0,0,0,4,4,3,2
2071-2,0,15,1.562379974,2.55,0,2.55,0,0,0,4,4,3,3
2071-2,15,16,1.558165591,2.55,0,2.55,0,0,0,4,4,3,2
2071-2,0,1,1.550691071,2.55,0,2.55,0,0,0,4,4,3,3
2071-2,13,18,1.407386438,2.55,0,2.55,0,1,1,6,6,2,3
2071-2,42,44,1.40738067,2.55,0,2.55,0,1,1,6,6,3,2
2071-2,2,3,1.406152891,2.55,0,2.55,0,1,1,6,6,3,2
2071-2,42,43,1.406104445,2.55,0,2.55,0,1,1,6,6,3,2
2071-2,18,20,1.405954658,2.55,0,2.55,0,1,1,6,6,3,2
2071-2,2,7,1.405933472,2.55,0,2.55,0,1,1,6,6,3,2
2071-2,17,19,1.404677777,2.55,0,2.55,0,1,1,6,6,2,3
2071-2,4,5,1.404056316,2.55,0,2.55,0,1,1,6,6,2,3
2071-2,5,6,1.403192744,2.55,0,2.55,0,1,1,6,6,3,2
2071-2,19,21,1.402517891,2.55,0,2.55,0,1,1,6,6,3,2
2071-2,45,46,1.400774757,2.55,0,2.55,0,1,1,6,6,2,2
2071-2,46,47,1.398162286,2.55,0,2.55,0,1,1,6,6,2,2
2071-2,43,47,1.397389308,2.55,0,2.55,0,1,1,6,6,2,2
2071-2,20,21,1.394356207,2.55,0,2.55,0,1,1,6,6,2,2
2071-2,3,4,1.394309145,2.55,0,2.55,0,1,1,6,6,2,2
2071-2,6,7,1.394042739,2.55,0,2.55,0,1,1,6,6,2,2
2071-2,13,17,1.393977987,2.55,0,2.55,0,1,1,6,6,2,2
2071-2,44,45,1.393403313,2.55,0,2.55,0,1,1,6,6,2,2
2071-2,1,40,1.520699944,2.55,0,2.55,0,0,0,4,0,3,3
2071-2,15,18,1.508612956,2.55,0,2.55,0,0,1,4,6,3,3
2071-2,0,2,1.508532699,2.55,0,2.55,0,0,1,4,6,3,3
2071-2,40,42,1.502004208,2.55,0,2.55,0,0,1,0,6,3,3
2071-2,19,27,1.492735872,2.55,0,2.55,0,1,0,6,0,3,3
2071-2,5,26,1.491780643,2.55,0,2.55,0,1,0,6,0,3,3
2071-2,28,29,1.426079658,3.44,1,2.55,0,0,0,0,0,2,1
2071-2,33,34,1.425776332,3.44,1,2.55,0,0,0,0,0,2,1
2071-2,26,33,1.349608245,2.55,0,3.44,1,0,0,0,0,3,2
2071-2,27,28,1.348621058,2.55,0,3.44,1,0,0,0,0,3,2
2071-2,40,53,1.219083681,2.55,0,3.44,1,0,0,0,0,3,1
2071-2,26,39,1.210261633,2.55,0,3.44,1,0,0,0,0,3,1
2071-2,27,38,1.210074558,2.55,0,3.44,1,0,0,0,0,3,1
2079-,1,2,1.607008628,2.55,0,2.55,0,0,0,4,4,4,4
2079-,5,68,1.580886788,2.55,0,2.55,0,0,0,6,6,4,3
2079-,38,41,1.578905119,2.55,0,2.55,0,0,0,5,5,4,3
2079-,2,12,1.573934387,2.55,0,2.55,0,0,0,4,6,4,4
2079-,13,14,1.573754937,2.55,0,2.55,0,0,0,6,6,3,3
2079-,2,3,1.570309,2.55,0,2.55,0,0,0,4,4,4,3
2079-,80,95,1.569028743,2.55,0,2.55,0,0,0,5,5,4,3
2079-,74,80,1.568795236,2.55,0,2.55,0,0,0,5,5,3,4
2079-,12,13,1.567627907,2.55,0,2.55,0,0,0,6,6,4,3
2079-,68,69,1.565968878,2.55,0,2.55,0,0,0,6,6,3,3
2079-,38,43,1.562967567,2.55,0,2.55,0,0,0,5,5,4,3
2079-,41,45,1.561545222,2.55,0,2.55,0,0,0,5,5,3,2
2079-,69,74,1.55904326,2.55,0,2.55,0,0,0,6,5,3,3
2079-,0,3,1.556104433,2.55,0,2.55,0,0,0,4,4,3,3
2079-,12,19,1.552863134,2.55,0,2.55,0,0,0,6,6,4,2
2079-,92,95,1.552287297,2.55,0,2.55,0,0,0,5,5,2,3
2079-,4,5,1.551350495,2.55,0,2.55,0,0,0,6,6,2,4
2079-,0,1,1.551024985,2.55,0,2.55,0,0,0,4,4,3,4
2079-,14,41,1.550810963,2.55,0,2.55,0,0,0,6,5,3,3
2079-,74,90,1.550352403,2.55,0,2.55,0,0,0,5,5,3,2
2079-,69,72,1.550042326,2.55,0,2.55,0,0,0,6,6,3,2
2079-,14,15,1.548783822,2.55,0,2.55,0,0,0,6,6,3,2
2079-,90,92,1.547587027,2.55,0,2.55,0,0,0,5,5,2,2
2079-,72,75,1.545053804,2.55,0,2.55,0,0,0,6,6,2,2
2079-,80,81,1.54454482,2.55,0,2.55,0,0,0,5,6,4,2
2079-,35,38,1.544348591,2.55,0,2.55,0,0,0,6,5,2,4
2079-,13,33,1.543943466,2.55,0,2.55,0,0,0,6,6,3,2
2079-,19,21,1.54185687,2.55,0,2.55,0,0,0,6,6,2,2
2079-,68,71,1.54132437,2.55,0,2.55,0,0,0,6,6,3,2
2079-,2,18,1.541059136,2.55,0,2.55,0,0,0,4,6,4,2
2079-,45,47,1.535940173,2.55,0,2.55,0,0,0,5,5,2,2
2079-,43,47,1.535030122,2.55,0,2.55,0,0,0,5,5,3,2
2079-,33,35,1.531517385,2.55,0,2.55,0,0,0,6,6,2,2
2079-,0,4,1.531345398,2.55,0,2.55,0,0,0,4,6,3,2
2079-,71,81,1.53125859,2.55,0,2.55,0,0,0,6,6,2,2
2079-,5,8,1.528075395,2.55,0,2.55,0,0,0,6,6,4,3
2079-,3,15,1.52790864,2.55,0,2.55,0,0,0,4,6,3,2
2079-,18,24,1.526391228,2.55,0,2.55,0,0,0,6,6,2,3
2079-,21,24,1.523490854,2.55,0,2.55,0,0,0,6,6,2,3
2079-,1,10,1.507729317,2.55,0,2.55,0,0,0,4,6,4,2
2079-,8,75,1.505688514,2.55,0,2.55,0,0,0,6,6,3,2
2079-,8,10,1.347224109,2.55,0,2.55,0,0,0,6,6,3,2
2079-,12,20,1.553878239,2.55,0,2.55,0,0,0,6,0,4,1
2079-,5,9,1.552094676,2.55,0,2.55,0,0,0,6,0,4,1
2079-,43,53,1.545524289,2.55,0,2.55,0,0,0,5,0,3,2
2079-,80,82,1.542421732,2.55,0,2.55,0,0,0,5,0,4,1
2079-,38,44,1.542165804,2.55,0,2.55,0,0,0,5,0,4,1
2079-,95,98,1.541166347,2.55,0,2.55,0,0,0,5,0,3,2
2079-,53,58,1.53417403,2.55,0,2.55,0,0,0,0,0,2,1
2079-,98,100,1.532087561,2.55,0,2.55,0,0,0,0,0,2,1
2079-,1,11,1.434722398,2.55,0,3.44,1,0,0,4,0,4,1
2079-,24,29,1.212907317,2.55,0,3.44,1,0,0,6,0,3,1
2094-,1,3,1.580348362,2.55,0,2.55,0,0,0,4,4,3,3
2094-,2,3,1.563597939,2.55,0,2.55,0,0,0,4,4,3,3
2094-,0,1,1.548752502,2.55,0,2.55,0,0,0,4,4,2,3
2094-,0,2,1.548302861,2.55,0,2.55,0,0,0,4,4,2,3
2094-,37,38,1.539854977,2.55,0,2.55,0,0,0,5,5,3,2
2094-,34,37,1.430534888,3.44,1,2.55,0,0,0,5,5,2,3
2094-,32,34,1.422252646,2.55,0,3.44,1,0,0,5,5,3,2
2094-,35,38,1.412286587,3.44,1,2.55,0,0,0,5,5,2,2
2094-,32,35,1.40734886,2.55,0,3.44,1,0,0,5,5,3,2
2094-,6,9,1.554066919,2.55,0,2.55,0,0,0,7,7,3,2
2094-,13,15,1.551651299,2.55,0,2.55,0,0,0,7,7,2,2
2094-,9,10,1.549927708,2.55,0,2.55,0,0,0,7,7,2,2
2094-,15,18,1.539904012,2.55,0,2.55,0,0,0,7,7,2,2
2094-,4,6,1.539115593,2.55,0,2.55,0,0,0,7,7,2,3
2094-,10,18,1.537094966,2.55,0,2.55,0,0,0,7,7,2,2
2094-,3,4,1.535296316,2.55,0,2.55,0,0,0,4,7,3,2
2094-,6,25,1.53351586,2.55,0,2.55,0,0,0,7,0,3,3
2094-,1,13,1.532076718,2.55,0,2.55,0,0,0,4,7,3,2
2094-,41,43,1.528661527,2.55,0,2.55,0,0,0,0,0,2,1
2094-,37,41,1.524273149,2.55,0,2.55,0,0,0,5,0,3,2
2094-,25,27,1.519084546,2.55,0,2.55,0,0,0,0,0,3,1
2094-,2,32,1.513580441,2.55,0,2.55,0,0,0,4,5,3,3
2094-,25,31,1.213331385,2.55,0,3.44,1,0,0,0,0,3,1
2098-2,0,2,1.639318888,2.55,0,2.55,0,0,0,4,4,4,4
2098-2,0,1,1.569934547,2.55,0,2.55,0,0,0,4,4,4,3
2098-2,0,26,1.556597081,2.55,0,2.55,0,0,0,4,5,4,3
2098-2,2,27,1.552704827,2.55,0,2.55,0,0,0,4,5,4,3
2098-2,1,3,1.549182469,2.55,0,2.55,0,0,0,4,4,3,3
2098-2,2,3,1.548543425,2.55,0,2.55,0,0,0,4,4,4,3
2098-2,2,28,1.515341814,2.55,0,2.55,0,0,0,4,5,4,3
2098-2,0,40,1.508291728,2.55,0,2.55,0,0,0,4,5,4,3
2098-2,40,41,1.413558223,2.55,0,2.55,0,0,0,5,5,3,3
2098-2,28,29,1.410564481,2.55,0,2.55,0,0,0,5,5,3,3
2098-2,43,45,1.403812077,2.55,0,2.55,0,0,0,6,6,2,2
2098-2,31,32,1.403017732,2.55,0,2.55,0,0,0,6,6,2,2
2098-2,44,46,1.402806717,2.55,0,2.55,0,0,0,6,6,2,3
2098-2,33,34,1.40162855,2.55,0,2.55,0,0,0,6,6,3,2
2098-2,29,30,1.397404527,2.55,0,3.04,2,0,0,5,5,3,2
2098-2,45,46,1.396671915,2.55,0,2.55,0,0,0,6,6,2,3
2098-2,32,33,1.396501,2.55,0,2.55,0,0,0,6,6,2,3
2098-2,41,42,1.396451791,2.55,0,3.04,2,0,0,5,5,3,2
2098-2,40,43,1.392879234,2.55,0,2.55,0,0,0,5,6,3,2
2098-2,28,31,1.39232694,2.55,0,2.55,0,0,0,5,6,3,2
2098-2,29,34,1.391540254,2.55,0,2.55,0,0,0,5,6,3,2
2098-2,41,44,1.391348435,2.55,0,2.55,0,0,0,5,6,3,2
2098-2,26,42,1.38440173,2.55,0,3.04,2,0,0,5,5,3,2
2098-2,27,30,1.380330696,2.55,0,3.04,2,0,0,5,5,3,2
2098-2,18,19,1.514563992,2.55,0,2.55,0,0,0,0,0,2,1
2098-2,8,9,1.514309026,2.55,0,2.55,0,0,0,0,0,2,1
2098-2,1,4,1.512579422,2.55,0,2.55,0,0,0,4,0,3,3
2098-2,3,15,1.511595355,2.55,0,2.55,0,0,0,4,0,3,3
2098-2,6,8,1.441692638,3.44,1,2.55,0,0,0,0,0,2,2
2098-2,17,18,1.439545041,3.44,1,2.55,0,0,0,0,0,2,2
2098-2,15,17,1.344203959,2.55,0,3.44,1,0,0,0,0,3,2
2098-2,4,6,1.337158629,2.55,0,3.44,1,0,0,0,0,3,2
2098-2,4,7,1.212220945,2.55,0,3.44,1,0,0,0,0,3,1
2098-2,27,39,1.20842947,2.55,0,3.44,1,0,0,5,0,3,1
2098-2,26,48,1.205726035,2.55,0,3.44,1,0,0,5,0,3,1
2098-2,15,25,1.204895811,2.55,0,3.44,1,0,0,0,0,3,1
2099-2,0,2,1.631930979,2.55,0,2.55,0,0,0,4,4,4,4
2099-2,0,1,1.56755418,2.55,0,2.55,0,0,0,4,4,4,3
2099-2,1,3,1.557105492,2.55,0,2.55,0,0,0,4,4,3,3
2099-2,2,3,1.556615301,2.55,0,2.55,0,0,0,4,4,4,3
2099-2,0,14,1.556364231,2.55,0,2.55,0,0,0,4,5,4,3
2099-2,2,15,1.545485497,2.55,0,2.55,0,0,0,4,5,4,3
2099-2,2,16,1.511765295,2.55,0,2.55,0,0,0,4,5,4,3
2099-2,0,27,1.509014989,2.55,0,2.55,0,0,1,4,5,4,3
2099-2,28,29,1.414581827,2.55,0,3.04,2,1,0,5,5,3,3
2099-2,27,28,1.413109039,2.55,0,2.55,0,1,1,5,5,3,3
2099-2,17,18,1.410600382,2.55,0,3.04,2,0,0,5,5,3,3
2099-2,16,17,1.410114454,2.55,0,2.55,0,0,0,5,5,3,3
2099-2,40,41,1.404408744,2.55,0,2.55,0,1,1,6,6,3,2
2099-2,19,20,1.404040573,2.55,0,2.55,0,0,0,6,6,2,2
2099-2,30,32,1.4035444,2.55,0,2.55,0,1,1,6,6,2,2
2099-2,51,52,1.403039496,2.55,0,2.55,0,0,0,6,6,3,2
2099-2,40,44,1.402664137,2.55,0,2.55,0,1,1,6,6,3,2
2099-2,51,56,1.402068361,2.55,0,2.55,0,0,0,6,6,3,2
2099-2,31,33,1.402007276,2.55,0,2.55,0,1,1,6,6,2,2
2099-2,21,22,1.401801027,2.55,0,2.55,0,0,0,6,6,2,2
2099-2,42,43,1.398521727,2.55,0,2.55,0,1,1,6,6,2,2
2099-2,54,55,1.398511143,2.55,0,2.55,0,0,0,6,6,2,2
2099-2,53,54,1.398193527,2.55,0,2.55,0,0,0,6,6,2,2
2099-2,43,45,1.397979483,2.55,0,2.55,0,1,1,6,6,2,2
2099-2,44,45,1.397240182,2.55,0,2.55,0,1,1,6,6,2,2
2099-2,52,53,1.397090633,2.55,0,2.55,0,0,0,6,6,2,2
2099-2,41,42,1.396715277,2.55,0,2.55,0,1,1,6,6,2,2
2099-2,20,21,1.39661037,2.55,0,2.55,0,0,0,6,6,2,2
2099-2,55,56,1.396369853,2.55,0,2.55,0,0,0,6,6,2,2
2099-2,32,33,1.396096609,2.55,0,2.55,0,1,1,6,6,2,2
2099-2,15,18,1.395313629,2.55,0,3.04,2,0,0,5,5,3,3
2099-2,27,30,1.394548641,2.55,0,2.55,0,1,1,5,6,3,2
2099-2,17,22,1.394155711,2.55,0,2.55,0,0,0,5,6,3,2
2099-2,14,29,1.393953622,2.55,0,3.04,2,0,0,5,5,3,3
2099-2,16,19,1.393814866,2.55,0,2.55,0,0,0,5,6,3,2
2099-2,28,31,1.393606942,2.55,0,2.55,0,1,1,5,6,3,2
2099-2,1,4,1.51633285,2.55,0,2.55,0,0,0,4,0,3,3
2099-2,3,9,1.509572776,2.55,0,2.55,0,0,0,4,0,3,3
2099-2,11,12,1.429741534,3.44,1,2.55,0,0,0,0,0,2,1
2099-2,6,8,1.428595575,3.44,1,2.55,0,0,0,0,0,2,1
2099-2,18,51,1.424794333,3.04,2,2.55,0,0,0,5,6,3,3
2099-2,29,40,1.424167428,3.04,2,2.55,0,0,1,5,6,3,3
2099-2,9,11,1.340895422,2.55,0,3.44,1,0,0,0,0,3,2
2099-2,4,6,1.3386784,2.55,0,3.44,1,0,0,0,0,3,2
2099-2,4,7,1.210709946,2.55,0,3.44,1,0,0,0,0,3,1
2099-2,9,13,1.208167089,2.55,0,3.44,1,0,0,0,0,3,1
2099-2,15,26,1.208063665,2.55,0,3.44,1,0,0,5,0,3,1
2099-2,14,34,1.207427626,2.55,0,3.44,1,0,0,5,0,3,1
2135-2,0,1,1.596313782,2.55,0,2.55,0,0,0,5,5,4,3
2135-2,3,4,1.58583149,2.55,0,2.55,0,0,0,5,5,3,4
2135-2,17,18,1.560419296,2.55,0,2.55,0,0,0,6,6,2,2
2135-2,7,18,1.550978644,2.55,0,2.55,0,0,0,6,6,2,2
2135-2,0,3,1.544952161,2.55,0,2.55,0,0,0,5,5,4,3
2135-2,3,7,1.544268556,2.55,0,2.55,0,0,0,5,6,3,2
2135-2,36,37,1.541787647,2.55,0,2.55,0,0,0,5,5,3,2
2135-2,0,6,1.538883491,2.55,0,2.55,0,0,0,5,5,4,3
2135-2,4,5,1.536615431,2.55,0,2.55,0,0,0,5,5,4,2
2135-2,0,36,1.52931226,2.55,0,2.55,0,0,0,5,5,4,3
2135-2,1,2,1.527761523,2.55,0,2.55,0,0,0,5,5,3,2
2135-2,6,17,1.52215543,2.55,0,2.55,0,0,0,5,6,3,2
2135-2,4,9,1.483002315,2.55,0,3.04,2,0,0,5,5,4,3
2135-2,1,9,1.473370871,2.55,0,3.04,2,0,0,5,5,3,3
2135-2,6,34,1.464425504,2.55,0,3.04,2,0,0,5,5,3,3
2135-2,34,37,1.462406085,3.04,2,2.55,0,0,0,5,5,3,2
2135-2,2,5,1.340429149,2.55,0,2.55,0,0,0,5,5,2,2
2135-2,40,41,1.533428819,2.55,0,2.55,0,0,0,0,0,2,2
2135-2,4,12,1.51760262,2.55,0,2.55,0,0,0,5,0,4,2
2135-2,47,48,1.509633656,2.55,0,2.55,0,0,0,0,0,3,1
2135-2,28,29,1.509288508,2.55,0,2.55,0,0,0,0,0,3,1
2135-2,9,13,1.451586929,3.04,2,2.55,0,0,0,5,0,3,1
2135-2,34,40,1.449541829,3.04,2,2.55,0,0,0,5,0,3,2
2135-2,12,25,1.436779655,2.55,0,3.44,1,0,0,0,0,2,2
2135-2,41,44,1.433410534,2.55,0,3.44,1,0,0,0,0,2,2
2135-2,25,28,1.352996717,3.44,1,2.55,0,0,0,0,0,2,3
2135-2,44,47,1.351391383,3.44,1,2.55,0,0,0,0,0,2,3
2135-2,47,52,1.20540243,2.55,0,3.44,1,0,0,0,0,3,1
2135-2,28,33,1.205320921,2.55,0,3.44,1,0,0,0,0,3,1
2135-2,36,53,1.202469995,2.55,0,3.44,1,0,0,5,0,3,1
2135-3,0,1,1.621245769,2.55,0,2.55,0,0,0,5,5,4,4
2135-3,3,4,1.563482417,2.55,0,2.55,0,0,0,5,5,3,3
2135-3,0,3,1.561388044,2.55,0,2.55,0,0,0,5,5,4,3
2135-3,16,17,1.560283662,2.55,0,2.55,0,0,0,6,6,2,2
2135-3,0,6,1.547120014,2.55,0,2.55,0,0,0,5,5,4,3
2135-3,7,17,1.54567207,2.55,0,2.55,0,0,0,6,6,2,2
2135-3,3,7,1.545267849,2.55,0,2.55,0,0,0,5,6,3,2
2135-3,1,2,1.541453025,2.55,0,2.55,0,0,0,5,5,4,2
2135-3,26,27,1.538506025,2.55,0,2.55,0,0,0,5,5,3,2
2135-3,0,26,1.530427826,2.55,0,2.55,0,0,0,5,5,4,3
2135-3,4,5,1.527300387,2.55,0,2.55,0,0,0,5,5,3,2
2135-3,6,16,1.522206614,2.55,0,2.55,0,0,0,5,6,3,2
2135-3,1,9,1.481329408,2.55,0,3.04,2,0,0,5,5,4,3
2135-3,4,9,1.474965293,2.55,0,3.04,2,0,0,5,5,3,3
2135-3,6,24,1.463876878,2.55,0,3.04,2,0,0,5,5,3,3
2135-3,24,27,1.457701832,3.04,2,2.55,0,0,0,5,5,3,2
2135-3,2,5,1.337347977,2.55,0,2.55,0,0,0,5,5,2,2
2135-3,30,31,1.532727581,2.55,0,2.55,0,0,0,0,0,2,2
2135-3,1,48,1.519619287,2.55,0,2.55,0,0,0,5,0,4,2
2135-3,47,49,1.509882463,2.55,0,2.55,0,0,0,0,0,1,3
2135-3,37,38,1.509466097,2.55,0,2.55,0,0,0,0,0,3,1
2135-3,9,12,1.455152249,3.04,2,2.55,0,0,0,5,0,3,1
2135-3,24,30,1.449519111,3.04,2,2.55,0,0,0,5,0,3,2
2135-3,46,48,1.44009408,3.44,1,2.55,0,0,0,0,0,2,2
2135-3,31,34,1.433010092,2.55,0,3.44,1,0,0,0,0,2,2
2135-3,34,37,1.35117406,3.44,1,2.55,0,0,0,0,0,2,3
2135-3,46,49,1.350427952,3.44,1,2.55,0,0,0,0,0,2,3
2135-3,49,51,1.205964665,2.55,0,3.44,1,0,0,0,0,3,1
2135-3,37,42,1.205565556,2.55,0,3.44,1,0,0,0,0,3,1
2135-3,26,43,1.205173848,2.55,0,3.44,1,0,0,5,0,3,1
2135-4,0,1,1.628901033,2.55,0,2.55,0,0,0,5,5,4,4
2135-4,3,4,1.568724756,2.55,0,2.55,0,0,0,5,5,3,3
2135-4,16,17,1.561487945,2.55,0,2.55,0,0,0,6,6,2,2
2135-4,7,17,1.552512803,2.55,0,2.55,0,0,0,6,6,2,2
2135-4,0,3,1.550889066,2.55,0,2.55,0,0,0,5,5,4,3
2135-4,3,7,1.545809973,2.55,0,2.55,0,0,0,5,6,3,2
2135-4,26,27,1.542707798,2.55,0,2.55,0,0,0,5,5,3,2
2135-4,0,6,1.542074249,2.55,0,2.55,0,0,0,5,5,4,3
2135-4,0,26,1.534364992,2.55,0,2.55,0,0,0,5,5,4,3
2135-4,1,2,1.534360938,2.55,0,2.55,0,0,0,5,5,4,2
2135-4,4,5,1.529949795,2.55,0,2.55,0,0,0,5,5,3,2
2135-4,6,16,1.52055125,2.55,0,2.55,0,0,0,5,6,3,2
2135-4,1,9,1.483807726,2.55,0,3.04,2,0,0,5,5,4,3
2135-4,4,9,1.471454444,2.55,0,3.04,2,0,0,5,5,3,3
2135-4,6,24,1.46442523,2.55,0,3.04,2,0,0,5,5,3,3
2135-4,24,27,1.459739977,3.04,2,2.55,0,0,0,5,5,3,2
2135-4,2,5,1.339932718,2.55,0,2.55,0,0,0,5,5,2,2
2135-4,30,31,1.53282761,2.55,0,2.55,0,0,0,0,0,2,2
2135-4,1,50,1.524269399,2.55,0,2.55,0,0,0,5,0,4,2
2135-4,37,38,1.509653119,2.55,0,2.55,0,0,0,0,0,3,1
2135-4,45,49,1.509055322,2.55,0,2.55,0,0,0,0,0,1,3
2135-4,9,12,1.452488165,3.04,2,2.55,0,0,0,5,0,3,1
2135-4,24,30,1.449824642,3.04,2,2.55,0,0,0,5,0,3,2
2135-4,48,50,1.43878008,3.44,1,2.55,0,0,0,0,0,2,2
2135-4,31,34,1.433376255,2.55,0,3.44,1,0,0,0,0,2,2
2135-4,48,49,1.351103966,3.44,1,2.55,0,0,0,0,0,2,3
2135-4,34,37,1.351006452,3.44,1,2.55,0,0,0,0,0,2,3
2135-4,49,51,1.206807765,2.55,0,3.44,1,0,0,0,0,3,1
2135-4,37,42,1.2054953,2.55,0,3.44,1,0,0,0,0,3,1
2135-4,26,43,1.203050172,2.55,0,3.44,1,0,0,5,0,3,1
2136-2,0,1,1.632411936,2.55,0,2.55,0,0,0,5,5,4,4
2136-2,3,4,1.576024037,2.55,0,2.55,0,0,0,5,5,3,3
2136-2,12,13,1.562212654,2.55,0,2.55,0,0,0,6,6,2,2
2136-2,7,13,1.552669215,2.55,0,2.55,0,0,0,6,6,2,2
2136-2,0,3,1.547161449,2.55,0,2.55,0,0,0,5,5,4,3
2136-2,3,7,1.543868453,2.55,0,2.55,0,0,0,5,6,3,2
2136-2,22,23,1.541474537,2.55,0,2.55,0,0,0,5,5,3,2
2136-2,0,6,1.538871007,2.55,0,2.55,0,0,0,5,5,4,3
2136-2,0,22,1.530340457,2.55,0,2.55,0,0,0,5,5,4,3
2136-2,1,2,1.527050768,2.55,0,2.55,0,0,0,5,5,4,2
2136-2,4,5,1.52239112,2.55,0,2.55,0,0,0,5,5,3,2
2136-2,6,12,1.521018283,2.55,0,2.55,0,0,0,5,6,3,2
2136-2,6,20,1.464342502,2.55,0,3.04,2,0,0,5,5,3,3
2136-2,20,23,1.461140633,3.04,2,2.55,0,0,0,5,5,3,2
2136-2,1,9,1.427401024,2.55,0,3.44,1,0,0,5,5,4,2
2136-2,4,9,1.427051238,2.55,0,3.44,1,0,0,5,5,3,2
2136-2,2,5,1.33839588,2.55,0,2.55,0,0,0,5,5,2,2
2136-2,26,27,1.532634032,2.55,0,2.55,0,0,0,0,0,2,2
2136-2,1,43,1.518416157,2.55,0,2.55,0,0,0,5,0,4,2
2136-2,33,34,1.509372234,2.55,0,2.55,0,0,0,0,0,3,1
2136-2,41,44,1.50852829,2.55,0,2.55,0,0,0,0,0,3,1
2136-2,20,26,1.449991637,3.04,2,2.55,0,0,0,5,0,3,2
2136-2,43,46,1.43326039,2.55,0,3.44,1,0,0,0,0,2,2
2136-2,27,30,1.432876556,2.55,0,3.44,1,0,0,0,0,2,2
2136-2,30,33,1.351498587,3.44,1,2.55,0,0,0,0,0,2,3
2136-2,41,46,1.349246729,2.55,0,3.44,1,0,0,0,0,3,2
2136-2,40,41,1.207919943,3.44,1,2.55,0,0,0,0,0,1,3
2136-2,33,38,1.2053973,2.55,0,3.44,1,0,0,0,0,3,1
2136-2,22,39,1.203701658,2.55,0,3.44,1,0,0,5,0,3,1
2137-2,0,1,1.626972313,2.55,0,2.55,0,0,0,5,5,4,4
2137-2,3,4,1.573852732,2.55,0,2.55,0,0,0,5,5,3,3
2137-2,12,13,1.561273595,2.55,0,2.55,0,0,0,6,6,2,2
2137-2,0,3,1.559164312,2.55,0,2.55,0,0,0,5,5,4,3
2137-2,1,9,1.555804516,2.55,0,2.55,0,0,0,5,5,4,2
2137-2,7,13,1.551561748,2.55,0,2.55,0,0,0,6,6,2,2
2137-2,3,7,1.546080838,2.55,0,2.55,0,0,0,5,6,3,2
2137-2,0,6,1.543590237,2.55,0,2.55,0,0,0,5,5,4,3
2137-2,4,9,1.540881733,2.55,0,2.55,0,0,0,5,5,3,2
2137-2,22,23,1.538654925,2.55,0,2.55,0,0,0,5,5,3,2
2137-2,0,22,1.532406597,2.55,0,2.55,0,0,0,5,5,4,3
2137-2,1,2,1.525377458,2.55,0,2.55,0,0,0,5,5,4,2
2137-2,6,12,1.520276777,2.55,0,2.55,0,0,0,5,6,3,2
2137-2,4,5,1.51990016,2.55,0,2.55,0,0,0,5,5,3,2
2137-2,6,20,1.463554753,2.55,0,3.04,2,0,0,5,5,3,3
2137-2,20,23,1.458577088,3.04,2,2.55,0,0,0,5,5,3,2
2137-2,2,5,1.341972443,2.55,0,2.55,0,0,0,5,5,2,2
2137-2,26,27,1.532630383,2.55,0,2.55,0,0,0,0,0,2,2
2137-2,1,44,1.525831424,2.55,0,2.55,0,0,0,5,0,4,2
2137-2,43,46,1.509574412,2.55,0,2.55,0,0,0,0,0,3,1
2137-2,33,34,1.50938546,2.55,0,2.55,0,0,0,0,0,3,1
2137-2,20,26,1.450081788,3.04,2,2.55,0,0,0,5,0,3,2
2137-2,44,48,1.440043105,2.55,0,3.44,1,0,0,0,0,2,2
2137-2,27,30,1.433150729,2.55,0,3.44,1,0,0,0,0,2,2
2137-2,30,33,1.351375537,3.44,1,2.55,0,0,0,0,0,2,3
2137-2,43,48,1.350109876,2.55,0,3.44,1,0,0,0,0,3,2
2137-2,42,43,1.207192107,3.44,1,2.55,0,0,0,0,0,1,3
2137-2,22,39,1.206683495,2.55,0,3.44,1,0,0,5,0,3,1
2137-2,33,38,1.205491726,2.55,0,3.44,1,0,0,0,0,3,1
2170-2,1,8,1.624612895,2.55,0,2.55,0,0,0,6,6,3,4
2170-2,0,9,1.589304342,2.55,0,2.55,0,0,0,6,6,3,3
2170-2,0,1,1.559540888,2.55,0,2.55,0,0,0,6,6,3,3
2170-2,5,8,1.544329199,2.55,0,2.55,0,0,0,6,6,3,4
2170-2,8,22,1.534348377,2.55,0,2.55,0,0,0,6,6,4,3
2170-2,1,26,1.510353864,2.55,0,2.55,0,0,0,6,6,3,2
2170-2,0,27,1.50631259,2.55,0,2.55,0,0,0,6,6,3,2
2170-2,9,20,1.50617501,2.55,0,2.55,0,0,0,6,6,3,3
2170-2,4,9,1.499551139,2.55,0,2.55,0,0,0,6,6,3,3
2170-2,19,21,1.498421595,2.55,0,2.55,0,0,0,6,6,2,3
2170-2,21,22,1.497955878,2.55,0,2.55,0,0,0,6,6,3,3
2170-2,6,7,1.496378671,2.55,0,2.55,0,0,0,6,6,3,2
2170-2,5,6,1.493334334,2.55,0,2.55,0,0,0,6,6,3,3
2170-2,3,4,1.488586992,2.55,0,2.55,0,0,0,6,6,3,3
2170-2,18,20,1.486837893,2.55,0,2.55,0,0,0,6,6,3,3
2170-2,2,3,1.484862221,2.55,0,2.55,0,0,0,6,6,2,3
2170-2,17,18,1.484745369,2.55,0,2.55,0,0,0,6,6,2,3
2170-2,28,29,1.466565101,2.55,0,2.55,0,0,0,6,6,2,3
2170-2,4,5,1.356640916,2.55,0,2.55,0,0,0,6,6,3,3
2170-2,20,22,1.355507956,2.55,0,2.55,0,0,0,6,6,3,3
2170-2,26,29,1.345454185,2.55,0,2.55,0,0,0,6,6,2,3
2170-2,17,19,1.343708431,2.55,0,2.55,0,0,0,6,6,2,2
2170-2,2,7,1.343436227,2.55,0,2.55,0,0,0,6,6,2,2
2170-2,27,28,1.339761695,2.55,0,2.55,0,0,0,6,6,2,2
2170-2,11,14,1.518188906,2.55,0,2.55,0,0,0,0,0,2,2
2170-2,13,40,1.510425486,2.55,0,2.55,0,0,0,0,0,3,1
2170-2,47,48,1.508554951,2.55,0,2.55,0,0,0,0,0,3,1
2170-2,11,12,1.432947231,2.55,0,3.44,1,0,0,0,0,2,2
2170-2,10,14,1.417733934,3.44,1,2.55,0,0,0,0,0,2,2
2170-2,8,10,1.387511017,2.55,0,3.44,1,0,0,6,0,4,2
2170-2,29,49,1.387019735,2.55,0,3.44,1,0,0,6,0,3,2
2170-2,47,49,1.364737217,2.55,0,3.44,1,0,0,0,0,3,2
2170-2,12,13,1.350014986,3.44,1,2.55,0,0,0,0,0,2,3
2170-2,18,32,1.220038974,2.55,0,3.44,1,0,0,6,0,3,1
2170-2,3,36,1.219637754,2.55,0,3.44,1,0,0,6,0,3,1
2170-2,6,37,1.219147349,2.55,0,3.44,1,0,0,6,0,3,1
2170-2,21,33,1.215085527,2.55,0,3.44,1,0,0,6,0,3,1
2170-2,13,44,1.204893411,2.55,0,3.44,1,0,0,0,0,3,1
2170-2,46,47,1.201561374,3.44,1,2.55,0,0,0,0,0,1,3
2171-2,43,45,1.583993449,2.55,0,2.55,0,0,0,5,5,4,4
2171-2,44,45,1.580378848,2.55,0,2.55,0,0,0,5,5,4,4
2171-2,17,43,1.579804741,2.55,0,2.55,0,0,0,5,5,3,4
2171-2,19,44,1.571959295,2.55,0,2.55,0,0,0,5,5,3,4
2171-2,5,8,1.569794875,2.55,0,2.55,0,0,0,6,6,3,4
2171-2,1,8,1.560172619,2.55,0,2.55,0,0,0,6,6,3,4
2171-2,17,19,1.559519125,2.55,0,2.55,0,0,0,5,5,3,3
2171-2,8,22,1.554175689,2.55,0,2.55,0,0,0,6,6,4,3
2171-2,19,21,1.531157093,2.55,0,2.55,0,0,0,5,6,3,3
2171-2,9,20,1.526935891,2.55,0,2.55,0,0,0,6,6,3,3
2171-2,17,18,1.524429757,2.55,0,2.55,0,0,0,5,6,3,3
2171-2,0,9,1.523525667,2.55,0,2.55,0,0,0,6,6,3,3
2171-2,44,48,1.52126547,2.55,0,2.55,0,0,0,5,5,4,3
2171-2,43,46,1.518637008,2.55,0,2.55,0,0,0,5,5,4,3
2171-2,4,9,1.516845764,2.55,0,2.55,0,0,0,6,6,3,3
2171-2,6,7,1.496650518,2.55,0,2.55,0,0,0,6,6,3,2
2171-2,21,22,1.492584534,2.55,0,2.55,0,0,0,6,6,3,3
2171-2,5,6,1.49191046,2.55,0,2.55,0,0,0,6,6,3,3
2171-2,3,4,1.488411904,2.55,0,2.55,0,0,0,6,6,3,3
2171-2,2,3,1.484704154,2.55,0,2.55,0,0,0,6,6,2,3
2171-2,18,20,1.480435704,2.55,0,2.55,0,0,0,6,6,3,3
2171-2,26,29,1.405659909,2.55,0,2.55,0,0,0,6,6,2,3
2171-2,28,29,1.399310756,2.55,0,2.55,0,0,0,6,6,2,3
2171-2,0,1,1.399076364,2.55,0,2.55,0,0,0,6,6,3,3
2171-2,27,28,1.397142717,2.55,0,2.55,0,0,0,6,6,2,2
2171-2,1,26,1.393607014,2.55,0,2.55,0,0,0,6,6,3,2
2171-2,0,27,1.392420789,2.55,0,2.55,0,0,0,6,6,3,2
2171-2,4,5,1.355905089,2.55,0,2.55,0,0,0,6,6,3,3
2171-2,20,22,1.355285175,2.55,0,2.55,0,0,0,6,6,3,3
2171-2,46,48,1.344755364,2.55,0,2.55,0,0,0,5,5,3,3
2171-2,2,7,1.342903409,2.55,0,2.55,0,0,0,6,6,2,2
2171-2,11,14,1.518875953,2.55,0,2.55,0,0,0,0,0,2,2
2171-2,13,38,1.510723392,2.55,0,2.55,0,0,0,0,0,3,1
2171-2,65,69,1.508326109,2.55,0,2.55,0,0,0,0,0,1,3
2171-2,11,12,1.433472573,2.55,0,3.44,1,0,0,0,0,2,2
2171-2,57,58,1.42716419,3.44,1,2.55,0,0,0,0,0,2,1
2171-2,52,53,1.4252943,3.44,1,2.55,0,0,0,0,0,2,1
2171-2,10,14,1.42340485,3.44,1,2.55,0,0,0,0,0,2,2
2171-2,29,67,1.386828792,2.55,0,3.44,1,0,0,6,0,3,2
2171-2,45,57,1.386727494,2.55,0,3.44,1,0,0,5,0,4,2
2171-2,8,10,1.383277366,2.55,0,3.44,1,0,0,6,0,4,2
2171-2,45,52,1.376594741,2.55,0,3.44,1,0,0,5,0,4,2
2171-2,67,69,1.362021159,3.44,1,2.55,0,0,0,0,0,2,3
2171-2,12,13,1.349060678,3.44,1,2.55,0,0,0,0,0,2,3
2171-2,3,34,1.218873061,2.55,0,3.44,1,0,0,6,0,3,1
2171-2,6,35,1.218463068,2.55,0,3.44,1,0,0,6,0,3,1
2171-2,18,32,1.215272347,2.55,0,3.44,1,0,0,6,0,3,1
2171-2,21,33,1.209701454,2.55,0,3.44,1,0,0,6,0,3,1
2171-2,13,42,1.205132982,2.55,0,3.44,1,0,0,0,0,3,1
2171-2,69,70,1.202948635,2.55,0,3.44,1,0,0,0,0,3,1
2171-3,1,8,1.624089835,2.55,0,2.55,0,0,0,6,6,3,4
2171-3,0,9,1.590558748,2.55,0,2.55,0,0,0,6,6,3,3
2171-3,44,45,1.583370076,2.55,0,2.55,0,0,0,5,5,4,4
2171-3,43,45,1.58170212,2.55,0,2.55,0,0,0,5,5,4,4
2171-3,19,44,1.57757815,2.55,0,2.55,0,0,0,5,5,3,4
2171-3,17,43,1.574647483,2.55,0,2.55,0,0,0,5,5,3,4
2171-3,0,1,1.561887894,2.55,0,2.55,0,0,0,6,6,3,3
2171-3,17,19,1.560388099,2.55,0,2.55,0,0,0,5,5,3,3
2171-3,5,8,1.542971332,2.55,0,2.55,0,0,0,6,6,3,4
2171-3,8,22,1.53182308,2.55,0,2.55,0,0,0,6,6,4,3
2171-3,19,21,1.530619454,2.55,0,2.55,0,0,0,5,6,3,3
2171-3,17,18,1.52550293,2.55,0,2.55,0,0,0,5,6,3,3
2171-3,43,46,1.521185648,2.55,0,2.55,0,0,0,5,5,4,3
2171-3,44,48,1.518548155,2.55,0,2.55,0,0,0,5,5,4,3
2171-3,1,26,1.50918995,2.55,0,2.55,0,0,0,6,6,3,2
2171-3,9,20,1.508231409,2.55,0,2.55,0,0,0,6,6,3,3
2171-3,0,27,1.506034851,2.55,0,2.55,0,0,0,6,6,3,2
2171-3,4,9,1.498070749,2.55,0,2.55,0,0,0,6,6,3,3
2171-3,6,7,1.496240325,2.55,0,2.55,0,0,0,6,6,3,2
2171-3,21,22,1.493839947,2.55,0,2.55,0,0,0,6,6,3,3
2171-3,5,6,1.492887052,2.55,0,2.55,0,0,0,6,6,3,3
2171-3,3,4,1.488635615,2.55,0,2.55,0,0,0,6,6,3,3
2171-3,2,3,1.484258161,2.55,0,2.55,0,0,0,6,6,2,3
2171-3,18,20,1.481193659,2.55,0,2.55,0,0,0,6,6,3,3
2171-3,28,29,1.466054736,2.55,0,2.55,0,0,0,6,6,2,3
2171-3,20,22,1.357259192,2.55,0,2.55,0,0,0,6,6,3,3
2171-3,4,5,1.356164819,2.55,0,2.55,0,0,0,6,6,3,3
2171-3,26,29,1.344410954,2.55,0,2.55,0,0,0,6,6,2,3
2171-3,46,48,1.344404561,2.55,0,2.55,0,0,0,5,5,3,3
2171-3,2,7,1.343335316,2.55,0,2.55,0,0,0,6,6,2,2
2171-3,27,28,1.339885824,2.55,0,2.55,0,0,0,6,6,2,2
2171-3,11,14,1.517954139,2.55,0,2.55,0,0,0,0,0,2,2
2171-3,13,38,1.510392891,2.55,0,2.55,0,0,0,0,0,3,1
2171-3,65,69,1.508409806,2.55,0,2.55,0,0,0,0,0,3,1
2171-3,11,12,1.432368,2.55,0,3.44,1,0,0,0,0,2,2
2171-3,52,53,1.426824488,3.44,1,2.55,0,0,0,0,0,2,1
2171-3,57,58,1.425089283,3.44,1,2.55,0,0,0,0,0,2,1
2171-3,10,14,1.417597611,3.44,1,2.55,0,0,0,0,0,2,2
2171-3,8,10,1.387346965,2.55,0,3.44,1,0,0,6,0,4,2
2171-3,29,68,1.386755488,2.55,0,3.44,1,0,0,6,0,3,2
2171-3,45,52,1.386041797,2.55,0,3.44,1,0,0,5,0,4,2
2171-3,45,57,1.376683352,2.55,0,3.44,1,0,0,5,0,4,2
2171-3,65,68,1.365713334,2.55,0,3.44,1,0,0,0,0,3,2
2171-3,12,13,1.349629677,3.44,1,2.55,0,0,0,0,0,2,3
2171-3,3,34,1.219459575,2.55,0,3.44,1,0,0,6,0,3,1
2171-3,6,35,1.219256108,2.55,0,3.44,1,0,0,6,0,3,1
2171-3,18,32,1.215027468,2.55,0,3.44,1,0,0,6,0,3,1
2171-3,21,33,1.210373145,2.55,0,3.44,1,0,0,6,0,3,1
2171-3,13,42,1.20513656,2.55,0,3.44,1,0,0,0,0,3,1
2171-3,64,65,1.201165655,3.44,1,2.55,0,0,0,0,0,1,3
2175-2,8,16,1.601314109,2.55,0,2.55,0,0,0,6,6,4,3
2175-2,5,8,1.570746619,2.55,0,2.55,0,0,0,6,6,3,4
2175-2,8,9,1.557180869,2.55,0,2.55,0,0,0,6,6,4,2
2175-2,2,5,1.555482006,2.55,0,2.55,0,0,0,6,6,2,3
2175-2,18,28,1.555091084,2.55,0,2.55,0,0,0,6,6,3,2
2175-2,16,18,1.553361644,2.55,0,2.55,0,0,0,6,6,3,3
2175-2,16,19,1.550332195,2.55,0,2.55,0,0,0,6,6,3,2
2175-2,0,9,1.549901774,2.55,0,2.55,0,0,0,6,6,2,2
2175-2,19,22,1.548500686,2.55,0,2.55,0,0,0,6,6,2,2
2175-2,25,28,1.540011051,2.55,0,2.55,0,0,0,6,6,2,2
2175-2,1,2,1.538642614,2.55,0,2.55,0,0,0,6,6,2,2
2175-2,22,25,1.528557442,2.55,0,2.55,0,0,0,6,6,2,2
2175-2,0,1,1.527512452,2.55,0,2.55,0,0,0,6,6,2,2
2175-2,5,14,1.519888776,2.55,0,2.55,0,0,0,6,6,3,3
2175-2,18,21,1.500325609,2.55,0,2.55,0,0,0,6,6,3,2
2175-2,14,21,1.344832014,2.55,0,2.55,0,0,0,6,6,3,2
2175-2,8,17,1.550766604,2.55,0,2.55,0,0,0,6,0,4,3
2175-2,17,34,1.523287945,2.55,0,2.55,0,0,0,0,0,3,1
2175-2,40,41,1.518724259,2.55,0,2.55,0,0,0,0,0,3,1
2175-2,14,40,1.502282658,2.55,0,2.55,0,0,0,6,0,3,3
2175-2,40,45,1.216815936,2.55,0,3.44,1,0,0,0,0,3,1
2175-2,17,38,1.212948033,2.55,0,3.44,1,0,0,0,0,3,1
2185-,5,6,1.582996581,2.55,0,2.55,0,0,0,5,5,4,3
2185-,0,1,1.570179531,2.55,0,2.55,0,0,0,5,5,2,4
2185-,0,6,1.558237895,2.55,0,2.55,0,0,0,5,5,2,3
2185-,18,19,1.53923963,2.55,0,2.55,0,0,0,5,5,2,3
2185-,40,43,1.538568039,2.55,0,2.55,0,0,0,5,5,2,3
2185-,19,22,1.533442316,2.55,0,2.55,0,0,0,5,5,3,3
2185-,43,51,1.533394594,2.55,0,2.55,0,0,0,5,5,3,3
2185-,4,5,1.531669183,2.55,0,2.55,0,0,0,5,5,2,4
2185-,1,2,1.531252531,2.55,0,2.55,0,0,0,5,5,4,2
2185-,40,46,1.523011622,2.55,0,2.55,0,0,0,5,5,2,3
2185-,17,18,1.522231119,2.55,0,2.55,0,0,0,5,5,3,2
2185-,1,10,1.436808709,2.55,0,3.44,1,0,0,5,5,4,2
2185-,5,10,1.427550094,2.55,0,3.44,1,0,0,5,5,4,2
2185-,46,49,1.397236979,2.55,0,3.04,2,0,0,5,5,3,3
2185-,14,22,1.396966884,3.04,2,2.55,0,0,0,5,5,3,3
2185-,14,17,1.393109355,3.04,2,2.55,0,0,0,5,5,3,3
2185-,49,51,1.392846128,3.04,2,2.55,0,0,0,5,5,3,3
2185-,2,4,1.338097105,2.55,0,2.55,0,0,0,5,5,2,2
2185-,19,23,1.538588281,2.55,0,2.55,0,0,0,5,0,3,2
2185-,43,48,1.536290869,2.55,0,2.55,0,0,0,5,0,3,2
2185-,52,58,1.535150214,2.55,0,2.55,0,0,0,0,0,2,2
2185-,6,52,1.533558381,2.55,0,2.55,0,0,0,5,0,3,2
2185-,5,13,1.522610203,2.55,0,2.55,0,0,0,5,0,4,2
2185-,23,27,1.521813864,2.55,0,2.55,0,0,0,0,0,2,2
2185-,48,50,1.521789937,2.55,0,2.55,0,0,0,0,0,2,2
2185-,1,3,1.511285843,2.55,0,2.55,0,0,0,5,0,4,1
2185-,33,34,1.510435563,2.55,0,2.55,0,0,0,0,0,3,1
2185-,55,59,1.50999669,2.55,0,2.55,0,0,0,0,0,3,1
2185-,49,58,1.460818677,3.04,2,2.55,0,0,0,5,0,3,2
2185-,13,14,1.454237717,2.55,0,3.04,2,0,0,0,5,2,3
2185-,27,30,1.436121755,2.55,0,3.44,1,0,0,0,0,2,2
2185-,50,53,1.435262196,2.55,0,3.44,1,0,0,0,0,2,2
2185-,53,55,1.350901942,3.44,1,2.55,0,0,0,0,0,2,3
2185-,30,33,1.350040938,3.44,1,2.55,0,0,0,0,0,2,3
2185-,51,60,1.210535124,2.55,0,3.44,1,0,0,5,0,3,1
2185-,17,25,1.209253496,2.55,0,3.44,1,0,0,5,0,3,1
2185-,42,46,1.207194345,3.44,1,2.55,0,0,0,0,5,1,3
2185-,22,26,1.207021256,2.55,0,3.44,1,0,0,5,0,3,1
2185-,33,38,1.205292094,2.55,0,3.44,1,0,0,0,0,3,1
2185-,55,56,1.205261153,2.55,0,3.44,1,0,0,0,0,3,1
2187-2,0,31,1.588168394,2.55,0,2.55,0,0,0,5,5,4,3
2187-2,4,34,1.572139742,2.55,0,2.55,0,0,0,5,5,3,3
2187-2,31,34,1.547482655,2.55,0,2.55,0,0,0,5,5,3,3
2187-2,0,5,1.540937345,2.55,0,2.55,0,0,0,5,5,4,3
2187-2,0,1,1.537693859,2.55,0,2.55,0,0,0,5,5,4,2
2187-2,4,5,1.530592158,2.55,0,2.55,0,0,0,5,5,3,3
2187-2,30,31,1.525712603,2.55,0,2.55,0,0,0,5,5,3,3
2187-2,3,4,1.522849493,2.55,0,2.55,0,0,0,5,5,2,3
2187-2,33,34,1.522574943,2.55,0,2.55,0,0,0,5,5,3,3
2187-2,8,19,1.407810921,2.55,0,2.55,0,0,0,6,6,3,2
2187-2,7,13,1.407771428,2.55,0,2.55,0,0,0,6,6,3,2
2187-2,7,9,1.407016476,2.55,0,2.55,0,0,0,6,6,3,2
2187-2,8,21,1.405344594,2.55,0,2.55,0,0,0,6,6,3,2
2187-2,20,23,1.399551565,2.55,0,2.55,0,0,0,6,6,2,2
2187-2,11,12,1.399260105,2.55,0,2.55,0,0,0,6,6,2,2
2187-2,21,22,1.399205268,2.55,0,2.55,0,0,0,6,6,2,2
2187-2,9,10,1.398164316,2.55,0,2.55,0,0,0,6,6,2,2
2187-2,30,32,1.397848293,2.55,0,3.04,2,0,0,5,5,3,3
2187-2,10,11,1.397582489,2.55,0,2.55,0,0,0,6,6,2,2
2187-2,22,23,1.396546397,2.55,0,2.55,0,0,0,6,6,2,2
2187-2,12,13,1.396106247,2.55,0,2.55,0,0,0,6,6,2,2
2187-2,19,20,1.395964168,2.55,0,2.55,0,0,0,6,6,2,2
2187-2,32,33,1.395697591,3.04,2,2.55,0,0,0,5,5,3,3
2187-2,1,3,1.341310981,2.55,0,2.55,0,0,0,5,5,2,2
2187-2,48,49,1.521695732,2.55,0,2.55,0,0,0,0,0,2,2
2187-2,0,2,1.518021302,2.55,0,2.55,0,0,0,5,0,4,2
2187-2,40,41,1.510147131,2.55,0,2.55,0,0,0,0,0,3,1
2187-2,55,56,1.508956819,2.55,0,2.55,0,0,0,0,0,3,1
2187-2,6,8,1.500376231,2.55,0,2.55,0,0,0,0,6,3,3
2187-2,6,7,1.499131305,2.55,0,2.55,0,0,0,0,6,3,3
2187-2,32,48,1.454837285,3.04,2,2.55,0,0,0,5,0,3,2
2187-2,2,37,1.4397539,2.55,0,3.44,1,0,0,0,0,2,2
2187-2,49,52,1.431031262,2.55,0,3.44,1,0,0,0,0,2,2
2187-2,52,55,1.352281352,3.44,1,2.55,0,0,0,0,0,2,3
2187-2,37,40,1.351951657,3.44,1,2.55,0,0,0,0,0,2,3
2187-2,5,6,1.347911268,2.55,0,2.55,0,0,0,5,0,3,3
2187-2,29,30,1.209565758,3.44,1,2.55,0,0,0,0,5,1,3
2187-2,33,35,1.208835978,2.55,0,3.44,1,0,0,5,0,3,1
2187-2,55,60,1.205005506,2.55,0,3.44,1,0,0,0,0,3,1
2187-2,40,45,1.204424063,2.55,0,3.44,1,0,0,0,0,3,1
2197-2,3,5,1.850060352,2.58,3,2.55,0,0,0,6,5,2,3
2197-2,0,3,1.777316329,2.55,0,2.58,3,0,0,6,6,3,2
2203-,1,2,1.487842385,2.55,0,2.55,0,0,0,3,3,3,3
2203-,0,1,1.429004489,3.44,1,2.55,0,0,0,3,3,2,3
2203-,0,2,1.428884118,3.44,1,2.55,0,0,0,3,3,2,3
2203-,7,8,1.498966799,2.55,0,2.55,0,0,0,0,0,2,1
2203-,12,13,1.498847125,2.55,0,2.55,0,0,0,0,0,2,1
2203-,1,6,1.479659854,2.55,0,2.55,0,0,0,3,0,3,2
2203-,2,3,1.479603065,2.55,0,2.55,0,0,0,3,0,3,2
2203-,3,12,1.340189799,2.55,0,2.55,0,0,0,0,0,2,2
2203-,6,7,1.340134091,2.55,0,2.55,0,0,0,0,0,2,2
2205-,1,2,1.546098753,2.55,0,2.55,0,0,0,3,3,3,3
2205-,0,2,1.507135971,2.55,0,2.55,0,0,0,3,3,4,3
2205-,0,1,1.506998393,2.55,0,2.55,0,0,0,3,3,4,3
2205-,7,8,1.499078988,2.55,0,2.55,0,0,0,0,0,2,1
2205-,12,13,1.499057136,2.55,0,2.55,0,0,0,0,0,2,1
2205-,1,6,1.480338249,2.55,0,2.55,0,0,0,3,0,3,2
2205-,2,3,1.480196249,2.55,0,2.55,0,0,0,3,0,3,2
2205-,6,7,1.341197732,2.55,0,2.55,0,0,0,0,0,2,2
2205-,3,12,1.341142408,2.55,0,2.55,0,0,0,0,0,2,2
2208-,1,2,1.536877974,2.55,0,2.55,0,0,0,3,3,3,3
2208-,0,1,1.494537603,2.55,0,2.55,0,0,0,3,3,4,3
2208-,0,2,1.492577397,2.55,0,2.55,0,0,0,3,3,4,3
2208-,3,8,1.531169993,2.55,0,2.55,0,0,0,0,0,2,1
2208-,6,7,1.531103552,2.55,0,2.55,0,0,0,0,0,2,1
2208-,2,3,1.517339561,2.55,0,2.55,0,0,0,3,0,3,2
2208-,1,6,1.515915249,2.55,0,2.55,0,0,0,3,0,3,2
2211-,1,2,1.551637468,2.55,0,2.55,0,0,0,3,3,3,3
2211-,0,2,1.514691106,2.55,0,2.55,0,0,0,3,3,4,3
2211-,0,1,1.514435682,2.55,0,2.55,0,0,0,3,3,4,3
2211-,12,13,1.458953855,2.55,0,2.55,0,0,0,0,0,2,1
2211-,7,8,1.458919449,2.55,0,2.55,0,0,0,0,0,2,1
2211-,2,3,1.438570878,2.55,0,2.55,0,0,0,3,0,3,2
2211-,1,6,1.438551968,2.55,0,2.55,0,0,0,3,0,3,2
2211-,6,7,1.213687621,2.55,0,2.55,0,0,0,0,0,2,2
2211-,3,12,1.213662569,2.55,0,2.55,0,0,0,0,0,2,2
2221-2,1,2,1.542070782,2.55,0,2.55,0,0,0,3,3,3,3
2221-2,0,2,1.518836474,2.55,0,2.55,0,0,0,3,3,4,3
2221-2,0,1,1.500855005,2.55,0,2.55,0,0,0,3,3,4,3
2221-2,18,19,1.411518321,2.55,0,2.55,0,1,1,6,6,3,3
2221-2,3,21,1.406864574,2.55,0,2.55,0,1,1,6,6,3,2
2221-2,3,17,1.405621347,2.55,0,2.55,0,1,1,6,6,3,2
2221-2,10,13,1.404007479,2.55,0,2.55,0,1,1,6,6,3,2
2221-2,6,11,1.403780722,2.55,0,2.55,0,1,1,6,6,3,2
2221-2,7,10,1.403622748,2.55,0,2.55,0,1,1,6,6,2,3
2221-2,17,18,1.403471802,2.55,0,2.55,0,1,1,6,6,2,3
2221-2,6,7,1.40312285,2.55,0,2.55,0,1,1,6,6,3,2
2221-2,19,20,1.39856129,2.55,0,2.55,0,1,1,6,6,3,2
2221-2,12,13,1.397269906,2.55,0,2.55,0,1,1,6,6,2,2
2221-2,11,12,1.396643257,2.55,0,2.55,0,1,1,6,6,2,2
2221-2,20,21,1.389890272,2.55,0,2.55,0,1,1,6,6,2,2
2221-2,10,30,1.510123352,2.55,0,2.55,0,1,0,6,0,3,1
2221-2,18,26,1.508527377,2.55,0,2.55,0,1,0,6,0,3,1
2221-2,1,6,1.501172165,2.55,0,2.55,0,0,1,3,6,3,3
2221-2,2,3,1.493613825,2.55,0,2.55,0,0,1,3,6,3,3
2221-2,19,34,1.478008978,2.55,0,3.04,2,1,0,6,0,3,3
2221-2,34,36,1.222834035,3.04,2,3.44,1,0,0,0,0,3,1
2221-2,34,35,1.221252472,3.04,2,3.44,1,0,0,0,0,3,1
2231-2,9,10,1.594997631,2.55,0,2.55,0,0,0,6,6,2,2
2231-2,6,9,1.587500843,2.55,0,2.55,0,0,0,6,6,2,2
2231-2,3,10,1.587324504,2.55,0,2.55,0,0,0,6,6,2,2
2231-2,1,2,1.553679766,2.55,0,2.55,0,0,0,3,3,4,4
2231-2,0,1,1.515316918,2.55,0,2.55,0,0,0,3,3,4,4
2231-2,0,2,1.514652319,2.55,0,2.55,0,0,0,3,3,4,4
2231-2,1,6,1.514644195,2.55,0,2.55,0,0,0,3,6,4,2
2231-2,2,3,1.514576775,2.55,0,2.55,0,0,0,3,6,4,2
2231-2,2,4,1.535634323,2.55,0,2.55,0,0,0,3,0,4,1
2231-2,1,5,1.535520532,2.55,0,2.55,0,0,0,3,0,4,1
2232-2,3,10,1.540794663,2.55,0,2.55,0,0,0,6,6,3,2
2232-2,1,6,1.53924143,2.55,0,2.55,0,0,0,3,6,4,2
2232-2,6,9,1.535127374,2.55,0,2.55,0,0,0,6,6,2,2
2232-2,1,2,1.534359926,2.55,0,2.55,0,0,0,3,3,4,3
2232-2,9,10,1.53132261,2.55,0,2.55,0,0,0,6,6,2,2
2232-2,2,3,1.530751244,2.55,0,2.55,0,0,0,3,6,3,3
2232-2,0,1,1.521107994,2.55,0,2.55,0,0,0,3,3,4,4
2232-2,0,2,1.502321144,2.55,0,2.55,0,0,0,3,3,4,3
2232-2,3,12,1.534331866,2.55,0,2.55,0,0,0,6,0,3,1
2232-2,1,5,1.519852665,2.55,0,2.55,0,0,0,3,0,4,1
2233-2,3,10,1.540492869,2.55,0,2.55,0,0,0,6,6,3,2
2233-2,6,9,1.540292443,2.55,0,2.55,0,0,0,6,6,3,2
2233-2,1,6,1.536139445,2.55,0,2.55,0,0,0,3,6,3,3
2233-2,9,10,1.531354667,2.55,0,2.55,0,0,0,6,6,2,2
2233-2,2,3,1.531243177,2.55,0,2.55,0,0,0,3,6,3,3
2233-2,1,2,1.529998882,2.55,0,2.55,0,0,0,3,3,3,3
2233-2,0,1,1.508019631,2.55,0,2.55,0,0,0,3,3,4,3
2233-2,0,2,1.502827442,2.55,0,2.55,0,0,0,3,3,4,3
2233-2,3,12,1.534077067,2.55,0,2.55,0,0,0,6,0,3,1
2233-2,6,13,1.532736095,2.55,0,2.55,0,0,0,6,0,3,1
2234-2,9,10,1.595435008,2.55,0,2.55,0,0,0,6,6,2,2
2234-2,0,2,1.538700565,2.55,0,2.55,0,0,0,3,3,4,4
2234-2,0,1,1.5375429,2.55,0,2.55,0,0,0,3,3,4,4
2234-2,1,2,1.510433596,2.55,0,2.55,0,0,0,3,3,4,4
2234-2,6,9,1.465336547,3.44,1,2.55,0,0,0,6,6,2,2
2234-2,3,10,1.465134374,3.44,1,2.55,0,0,0,6,6,2,2
2234-2,1,6,1.404725107,2.55,0,3.44,1,0,0,3,6,4,2
2234-2,2,3,1.40403324,2.55,0,3.44,1,0,0,3,6,4,2
2234-2,2,4,1.538992207,2.55,0,2.55,0,0,0,3,0,4,1
2234-2,1,5,1.537955769,2.55,0,2.55,0,0,0,3,0,4,1
2235-2,1,2,1.514476798,2.55,0,2.55,0,0,0,3,3,3,3
2235-2,0,2,1.512557292,2.55,0,2.55,0,0,0,3,3,4,3
2235-2,0,1,1.504423827,2.55,0,2.55,0,0,0,3,3,4,3
2235-2,11,12,1.404477874,2.55,0,2.55,0,1,1,6,6,3,2
2235-2,10,11,1.40378167,2.55,0,2.55,0,1,1,6,6,2,3
2235-2,3,9,1.402489418,2.55,0,2.55,0,1,1,6,6,3,2
2235-2,3,13,1.40223821,2.55,0,2.55,0,1,1,6,6,3,2
2235-2,9,10,1.39634223,2.55,0,2.55,0,1,1,6,6,2,2
2235-2,12,13,1.396042773,2.55,0,2.55,0,1,1,6,6,2,2
2235-2,11,18,1.509691636,2.55,0,2.55,0,1,0,6,0,3,1
2235-2,1,6,1.508361289,2.55,0,2.55,0,0,0,3,0,3,4
2235-2,2,3,1.498576779,2.55,0,2.55,0,0,1,3,6,3,3
2242-2,1,2,1.514509642,2.55,0,2.55,0,0,0,3,3,3,3
2242-2,0,2,1.508594636,2.55,0,2.55,0,0,0,3,3,4,3
2242-2,0,1,1.508035732,2.55,0,2.55,0,0,0,3,3,4,3
2242-2,2,3,1.502532219,2.55,0,2.55,0,0,0,3,0,3,3
2242-2,1,6,1.502481282,2.55,0,2.55,0,0,0,3,0,3,3
2242-2,8,13,1.430547401,3.44,1,2.55,0,0,0,0,0,2,1
2242-2,7,17,1.430024265,3.44,1,2.55,0,0,0,0,0,2,1
2242-2,6,7,1.340901153,2.55,0,3.44,1,0,0,0,0,3,2
2242-2,3,8,1.340882869,2.55,0,3.44,1,0,0,0,0,3,2
2242-2,3,11,1.205660277,2.55,0,3.44,1,0,0,0,0,3,1
2242-2,6,12,1.205503859,2.55,0,3.44,1,0,0,0,0,3,1
2246-2,1,2,1.526539523,2.55,0,2.55,0,0,0,3,3,3,3
2246-2,0,1,1.513728093,2.55,0,2.55,0,0,0,3,3,4,3
2246-2,0,2,1.500294233,2.55,0,2.55,0,0,0,3,3,4,3
2246-2,11,23,1.528924943,2.55,0,2.55,0,0,0,0,0,2,1
2246-2,6,7,1.524927238,2.55,0,2.55,0,0,0,0,0,2,2
2246-2,8,11,1.521229697,2.55,0,2.55,0,0,0,0,0,2,2
2246-2,1,6,1.513506809,2.55,0,2.55,0,0,0,3,0,3,2
2246-2,3,8,1.419238328,3.44,1,2.55,0,0,0,0,0,2,2
2246-2,7,12,1.40587109,2.55,0,3.44,1,0,0,0,0,2,2
2246-2,12,19,1.401928135,3.44,1,2.55,0,0,0,0,0,2,1
2246-2,2,3,1.376666002,2.55,0,3.44,1,0,0,3,0,3,2
2251-,1,2,1.512776117,2.55,0,2.55,0,0,0,3,3,3,3
2251-,0,1,1.469950702,3.04,2,2.55,0,0,0,3,3,2,3
2251-,0,2,1.469706403,3.04,2,2.55,0,0,0,3,3,2,3
2251-,12,13,1.459476242,2.55,0,2.55,0,0,0,0,0,2,1
2251-,7,8,1.459218206,2.55,0,2.55,0,0,0,0,0,2,1
2251-,1,6,1.445418848,2.55,0,2.55,0,0,0,3,0,3,2
2251-,2,3,1.444336698,2.55,0,2.55,0,0,0,3,0,3,2
2251-,3,12,1.214840498,2.55,0,2.55,0,0,0,0,0,2,2
2251-,6,7,1.213789335,2.55,0,2.55,0,0,0,0,0,2,2
2252-,1,2,1.505436418,2.55,0,2.55,0,0,0,3,3,3,3
2252-,0,2,1.45695826,3.04,2,2.55,0,0,0,3,3,2,3
2252-,0,1,1.451441254,3.04,2,2.55,0,0,0,3,3,2,3
2252-,2,3,1.503280406,2.55,0,2.55,0,0,0,3,0,3,3
2252-,1,6,1.49810307,2.55,0,2.55,0,0,0,3,0,3,3
2252-,7,15,1.430367386,3.44,1,2.55,0,0,0,0,0,2,1
2252-,8,11,1.428849978,3.44,1,2.55,0,0,0,0,0,2,1
2252-,3,8,1.345431102,2.55,0,3.44,1,0,0,0,0,3,2
2252-,6,7,1.337775797,2.55,0,3.44,1,0,0,0,0,3,2
2252-,6,10,1.210701537,2.55,0,3.44,1,0,0,0,0,3,1
2252-,3,9,1.204721781,2.55,0,3.44,1,0,0,0,0,3,1
2253-2,0,1,1.496067234,3.04,2,2.55,0,0,0,3,3,3,3
2253-2,28,29,1.495940997,2.55,0,2.55,0,0,1,5,5,3,3
2253-2,26,27,1.494883753,2.55,0,2.55,0,0,1,5,5,3,3
2253-2,1,2,1.483176899,2.55,0,2.55,0,0,0,3,3,3,3
2253-2,0,2,1.477290541,3.04,2,2.55,0,0,0,3,3,3,3
2253-2,25,26,1.412785107,3.04,2,2.55,0,0,0,5,5,3,3
2253-2,25,28,1.411086132,3.04,2,2.55,0,0,0,5,5,3,3
2253-2,32,33,1.404667321,2.55,0,2.55,0,1,1,6,6,2,2
2253-2,30,31,1.404659052,2.55,0,2.55,0,1,1,6,6,2,2
2253-2,31,32,1.402164441,2.55,0,2.55,0,1,1,6,6,2,2
2253-2,27,29,1.397869676,2.55,0,2.55,0,1,1,5,5,3,3
2253-2,27,30,1.389440896,2.55,0,2.55,0,1,1,5,6,3,2
2253-2,29,33,1.389246588,2.55,0,2.55,0,1,1,5,6,3,2
2253-2,6,7,1.538669915,2.55,0,2.55,0,0,0,0,0,2,2
2253-2,3,8,1.532977452,2.55,0,2.55,0,0,0,0,0,2,2
2253-2,7,13,1.531226585,2.55,0,2.55,0,0,0,0,0,2,1
2253-2,8,9,1.529242023,2.55,0,2.55,0,0,0,0,0,2,1
2253-2,1,6,1.517122426,2.55,0,2.55,0,0,0,3,0,3,2
2253-2,2,3,1.512583935,2.55,0,2.55,0,0,0,3,0,3,2
2253-2,0,25,1.400541793,3.04,2,3.04,2,0,0,3,5,3,3
2253-2,28,39,1.209214592,2.55,0,3.44,1,0,0,5,0,3,1
2253-2,26,38,1.207296654,2.55,0,3.44,1,0,0,5,0,3,1
2254-2,0,1,1.507107382,3.04,2,2.55,0,0,0,3,3,3,3
2254-2,24,25,1.496726756,2.55,0,2.55,0,0,1,5,5,3,3
2254-2,22,23,1.495878366,2.55,0,2.55,0,0,1,5,5,3,3
2254-2,1,2,1.487244141,2.55,0,2.55,0,0,0,3,3,3,3
2254-2,0,2,1.473024155,3.04,2,2.55,0,0,0,3,3,3,3
2254-2,21,22,1.413282903,3.04,2,2.55,0,0,0,5,5,3,3
2254-2,21,24,1.406711158,3.04,2,2.55,0,0,0,5,5,3,3
2254-2,26,27,1.404746751,2.55,0,2.55,0,1,1,6,6,2,2
2254-2,28,29,1.404657184,2.55,0,2.55,0,1,1,6,6,2,2
2254-2,27,28,1.402136689,2.55,0,2.55,0,1,1,6,6,2,2
2254-2,23,25,1.39846571,2.55,0,2.55,0,1,1,5,5,3,3
2254-2,25,29,1.389335513,2.55,0,2.55,0,1,1,5,6,3,2
2254-2,23,26,1.389245866,2.55,0,2.55,0,1,1,5,6,3,2
2254-2,3,8,1.533154879,2.55,0,2.55,0,0,0,0,0,2,2
2254-2,8,9,1.529159013,2.55,0,2.55,0,0,0,0,0,2,1
2254-2,2,3,1.51175469,2.55,0,2.55,0,0,0,3,0,3,2
2254-2,7,13,1.498057361,2.55,0,2.55,0,0,0,0,0,2,1
2254-2,1,6,1.486069412,2.55,0,2.55,0,0,0,3,0,3,2
2254-2,0,21,1.398963515,3.04,2,3.04,2,0,0,3,5,3,3
2254-2,6,7,1.343219768,2.55,0,2.55,0,0,0,0,0,2,2
2254-2,24,35,1.210148257,2.55,0,3.44,1,0,0,5,0,3,1
2254-2,22,34,1.206188356,2.55,0,3.44,1,0,0,5,0,3,1
2256-2,26,27,1.494712322,2.55,0,2.55,0,0,1,5,5,3,3
2256-2,28,29,1.493905444,2.55,0,2.55,0,0,1,5,5,3,3
2256-2,0,1,1.492884734,3.04,2,2.55,0,0,0,3,3,3,3
2256-2,1,2,1.490687551,2.55,0,2.55,0,0,0,3,3,3,4
2256-2,0,2,1.466957499,3.04,2,2.55,0,0,0,3,3,3,4
2256-2,25,28,1.417602848,3.04,2,2.55,0,0,0,5,5,3,3
2256-2,25,26,1.411761343,3.04,2,2.55,0,0,0,5,5,3,3
2256-2,30,31,1.404468303,2.55,0,2.55,0,1,1,6,6,2,2
2256-2,32,33,1.404425279,2.55,0,2.55,0,1,1,6,6,2,2
2256-2,31,32,1.402347604,2.55,0,2.55,0,1,1,6,6,2,2
2256-2,27,29,1.397810606,2.55,0,2.55,0,1,1,5,5,3,3
2256-2,27,30,1.389520732,2.55,0,2.55,0,1,1,5,6,3,2
2256-2,29,33,1.389286314,2.55,0,2.55,0,1,1,5,6,3,2
2256-2,6,7,1.537263009,2.55,0,2.55,0,0,0,0,0,2,2
2256-2,3,8,1.531942778,2.55,0,2.55,0,0,0,0,0,2,2
2256-2,7,13,1.531143413,2.55,0,2.55,0,0,0,0,0,2,1
2256-2,8,9,1.529347441,2.55,0,2.55,0,0,0,0,0,2,1
2256-2,1,6,1.520768185,2.55,0,2.55,0,0,0,3,0,3,2
2256-2,2,3,1.515014971,2.55,0,2.55,0,0,0,3,0,4,2
2256-2,0,25,1.39463187,3.04,2,3.04,2,0,0,3,5,3,3
2256-2,26,38,1.207658199,2.55,0,3.44,1,0,0,5,0,3,1
2256-2,28,39,1.205040941,2.55,0,3.44,1,0,0,5,0,3,1
2257-2,1,2,1.525838528,2.55,0,2.55,0,0,0,3,3,4,4
2257-2,26,27,1.491979666,2.55,0,2.55,0,0,1,5,5,3,3
2257-2,28,29,1.491133538,2.55,0,2.55,0,0,1,5,5,3,3
2257-2,0,2,1.488285596,3.04,2,2.55,0,0,0,3,3,3,4
2257-2,0,1,1.477717582,3.04,2,2.55,0,0,0,3,3,3,4
2257-2,25,26,1.420547186,3.04,2,2.55,0,0,0,5,5,3,3
2257-2,25,28,1.41687699,3.04,2,2.55,0,0,0,5,5,3,3
2257-2,4,50,1.409317497,2.55,0,2.55,0,0,0,6,6,3,2
2257-2,30,31,1.404591764,2.55,0,2.55,0,1,1,6,6,2,2
2257-2,32,33,1.404557815,2.55,0,2.55,0,1,1,6,6,2,2
2257-2,5,40,1.404222782,2.55,0,2.55,0,1,1,6,6,3,2
2257-2,4,51,1.403086745,2.55,0,2.55,0,0,0,6,6,3,2
2257-2,5,43,1.403026541,2.55,0,2.55,0,1,1,6,6,3,2
2257-2,31,32,1.402576622,2.55,0,2.55,0,1,1,6,6,2,2
2257-2,51,52,1.400497611,2.55,0,2.55,0,0,0,6,6,2,2
2257-2,42,44,1.39857216,2.55,0,2.55,0,1,1,6,6,2,2
2257-2,53,54,1.398503601,2.55,0,2.55,0,0,0,6,6,2,2
2257-2,40,41,1.398393405,2.55,0,2.55,0,1,1,6,6,2,2
2257-2,41,42,1.397970868,2.55,0,2.55,0,1,1,6,6,2,2
2257-2,43,44,1.397645509,2.55,0,2.55,0,1,1,6,6,2,2
2257-2,50,53,1.395742251,2.55,0,2.55,0,0,0,6,6,2,2
2257-2,52,54,1.395521843,2.55,0,2.55,0,0,0,6,6,2,2
2257-2,27,29,1.395349786,2.55,0,2.55,0,1,1,5,5,3,3
2257-2,29,33,1.389534502,2.55,0,2.55,0,1,1,5,6,3,2
2257-2,27,30,1.389417031,2.55,0,2.55,0,1,1,5,6,3,2
2257-2,1,6,1.537583516,2.55,0,2.55,0,0,0,3,0,4,2
2257-2,6,7,1.535550167,2.55,0,2.55,0,0,0,0,0,2,2
2257-2,2,3,1.533539155,2.55,0,2.55,0,0,0,3,0,4,2
2257-2,3,8,1.532911184,2.55,0,2.55,0,0,0,0,0,2,2
2257-2,7,13,1.531050311,2.55,0,2.55,0,0,0,0,0,2,1
2257-2,8,9,1.530118782,2.55,0,2.55,0,0,0,0,0,2,1
2257-2,2,4,1.519602192,2.55,0,2.55,0,0,0,3,6,4,3
2257-2,1,5,1.514894505,2.55,0,2.55,0,0,1,3,6,4,3
2257-2,0,25,1.406245785,3.04,2,3.04,2,0,0,3,5,3,3
2257-2,28,39,1.20871786,2.55,0,3.44,1,0,0,5,0,3,1
2257-2,26,38,1.208139017,2.55,0,3.44,1,0,0,5,0,3,1
2260-2,0,2,1.520916826,2.55,0,2.55,0,0,0,3,3,3,3
2260-2,1,2,1.519115516,2.55,0,2.55,0,0,0,3,3,4,3
2260-2,0,1,1.493434385,2.55,0,2.55,0,0,0,3,3,3,4
2260-2,14,15,1.523276645,2.55,0,2.55,0,0,0,0,0,2,1
2260-2,5,7,1.513218331,2.55,0,2.55,0,0,0,0,0,3,1
2260-2,2,5,1.510826587,2.55,0,2.55,0,0,0,3,0,3,3
2260-2,12,14,1.429823787,3.44,1,2.55,0,0,0,0,0,2,2
2260-2,0,12,1.374676147,2.55,0,3.44,1,0,0,3,0,3,2
2260-2,5,11,1.211088005,2.55,0,3.44,1,0,0,0,0,3,1
2273-2,0,2,1.506712095,2.55,0,2.55,0,0,0,3,3,3,4
2273-2,0,1,1.417709967,2.55,0,3.44,1,0,0,3,3,3,2
2273-2,1,2,1.417597469,3.44,1,2.55,0,0,0,3,3,2,4
2273-2,18,20,1.411507629,2.55,0,2.55,0,1,1,6,6,3,2
2273-2,15,18,1.410575346,2.55,0,2.55,0,1,1,6,6,2,3
2273-2,13,17,1.407664643,2.55,0,2.55,0,1,1,6,6,2,3
2273-2,3,6,1.405590225,2.55,0,2.55,0,1,1,6,6,3,2
2273-2,17,19,1.405313158,2.55,0,2.55,0,1,1,6,6,3,2
2273-2,3,4,1.4040593,2.55,0,2.55,0,1,1,6,6,3,2
2273-2,7,8,1.398742764,2.55,0,2.55,0,1,1,6,6,2,2
2273-2,5,8,1.397860317,2.55,0,2.55,0,1,1,6,6,2,2
2273-2,4,5,1.397640723,2.55,0,2.55,0,1,1,6,6,2,2
2273-2,6,7,1.397159196,2.55,0,2.55,0,1,1,6,6,2,2
2273-2,13,15,1.391932084,2.55,0,2.55,0,1,1,6,6,2,2
2273-2,19,20,1.39100588,2.55,0,2.55,0,1,1,6,6,2,2
2273-2,2,35,1.520806212,2.55,0,2.55,0,0,0,3,0,4,3
2273-2,28,29,1.519097797,2.55,0,2.55,0,0,0,0,0,3,1
2273-2,2,3,1.507903351,2.55,0,2.55,0,0,1,3,6,4,3
2273-2,17,28,1.502854213,2.55,0,2.55,0,1,0,6,0,3,3
2273-2,0,23,1.481891927,2.55,0,2.55,0,0,0,3,0,3,2
2273-2,18,24,1.468780944,2.55,0,2.55,0,1,0,6,0,3,2
2273-2,36,37,1.431586321,3.44,1,2.55,0,0,0,0,0,2,1
2273-2,23,24,1.346474282,2.55,0,2.55,0,0,0,0,0,2,2
2273-2,35,36,1.335302082,2.55,0,3.44,1,0,0,0,0,3,2
2273-2,28,33,1.216412308,2.55,0,3.44,1,0,0,0,0,3,1
2273-2,35,41,1.207901258,2.55,0,3.44,1,0,0,0,0,3,1
2274-2,26,29,1.559141193,2.55,0,2.55,0,0,0,6,6,2,3
2274-2,0,2,1.551507872,2.55,0,2.55,0,0,0,3,3,4,4
2274-2,2,3,1.542760252,2.55,0,2.55,0,0,0,3,6,4,2
2274-2,4,29,1.537446627,2.55,0,2.55,0,0,0,6,6,2,3
2274-2,23,26,1.535718273,2.55,0,2.55,0,0,0,6,6,2,2
2274-2,3,4,1.534540503,2.55,0,2.55,0,0,0,6,6,2,2
2274-2,2,23,1.530437169,2.55,0,2.55,0,0,0,3,6,4,2
2274-2,1,2,1.518598876,2.55,0,2.55,0,0,0,3,3,4,4
2274-2,0,1,1.512872164,2.55,0,2.55,0,0,0,3,3,4,4
2274-2,12,15,1.405184092,2.55,0,2.55,0,0,0,6,6,3,2
2274-2,12,13,1.40422658,2.55,0,2.55,0,0,0,6,6,3,2
2274-2,14,17,1.39847264,2.55,0,2.55,0,0,0,6,6,2,2
2274-2,16,17,1.397998226,2.55,0,2.55,0,0,0,6,6,2,2
2274-2,15,16,1.397881768,2.55,0,2.55,0,0,0,6,6,2,2
2274-2,13,14,1.397138687,2.55,0,2.55,0,0,0,6,6,2,2
2274-2,29,33,1.539632639,2.55,0,2.55,0,0,0,6,0,3,2
2274-2,33,36,1.530463586,2.55,0,2.55,0,0,0,0,0,2,1
2274-2,0,5,1.52389682,2.55,0,2.55,0,0,0,3,0,4,3
2274-2,0,12,1.513992028,2.55,0,2.55,0,0,0,3,6,4,3
2274-2,6,7,1.430679237,3.44,1,2.55,0,0,0,0,0,2,1
2274-2,5,6,1.347664033,2.55,0,3.44,1,0,0,0,0,3,2
2274-2,5,11,1.202643449,2.55,0,3.44,1,0,0,0,0,3,1
2275-2,1,2,1.466042377,2.55,0,2.55,0,0,0,3,3,3,3
2275-2,0,1,1.44273897,3.44,1,2.55,0,0,0,3,3,2,3
2275-2,0,2,1.415677985,3.44,1,2.55,0,0,0,3,3,2,3
2275-2,6,7,1.531338631,2.55,0,2.55,0,0,0,0,0,2,1
2275-2,8,9,1.516214308,2.55,0,2.55,0,0,0,0,0,2,1
2275-2,1,6,1.510460205,2.55,0,2.55,0,0,0,3,0,3,2
2275-2,3,8,1.424732685,3.44,1,2.55,0,0,0,0,0,2,2
2275-2,2,3,1.370485381,2.55,0,3.44,1,0,0,3,0,3,2
30b,0,2,1.576289534,2.55,0,2.55,0,0,0,4,4,3,3
30b,0,1,1.537629949,2.55,0,2.55,0,0,0,4,4,3,3
30b,2,3,1.475100764,2.55,0,3.04,2,0,0,4,4,3,3
30b,4,5,1.408445873,2.55,0,2.55,0,1,1,6,6,3,2
30b,4,13,1.405496106,2.55,0,2.55,0,1,1,6,6,3,2
30b,15,23,1.40371744,2.55,0,2.55,0,1,1,6,6,3,2
30b,15,16,1.403170008,2.55,0,2.55,0,1,1,6,6,3,2
30b,7,9,1.399616067,2.55,0,2.55,0,1,1,6,6,2,2
30b,20,21,1.398852671,2.55,0,2.55,0,1,1,6,6,3,2
30b,9,11,1.397489706,2.55,0,2.55,0,1,1,6,6,2,2
30b,18,20,1.39731822,2.55,0,2.55,0,1,1,6,6,2,3
30b,11,13,1.396949287,2.55,0,2.55,0,1,1,6,6,2,2
30b,21,23,1.396165527,2.55,0,2.55,0,1,1,6,6,2,2
30b,16,18,1.395375067,2.55,0,2.55,0,1,1,6,6,2,2
30b,5,7,1.395141549,2.55,0,2.55,0,1,1,6,6,2,2
30b,1,3,1.385535694,2.55,0,3.04,2,0,0,4,4,3,3
30b,0,26,1.524976843,2.55,0,2.55,0,0,0,4,0,3,2
30b,2,15,1.513420161,2.55,0,2.55,0,0,1,4,6,3,3
30b,39,42,1.507056828,2.55,0,2.55,0,0,0,0,0,3,1
30b,31,32,1.5053462,2.55,0,2.55,0,0,0,0,0,3,1
30b,26,28,1.429850822,2.55,0,3.44,1,0,0,0,0,2,2
30b,3,4,1.403966748,3.04,2,2.55,0,0,1,4,6,3,3
30b,20,43,1.386454638,2.55,0,3.44,1,1,0,6,0,3,2
30b,39,43,1.370613815,2.55,0,3.44,1,0,0,0,0,3,2
30b,28,31,1.360402295,3.44,1,2.55,0,0,0,0,0,2,3
30b,1,37,1.206407626,2.55,0,3.44,1,0,0,4,0,3,1
30b,31,36,1.204067251,2.55,0,3.44,1,0,0,0,0,3,1
30b,38,39,1.199498215,3.44,1,2.55,0,0,0,0,0,1,3
31b,50,51,1.553729508,2.55,0,2.55,0,0,0,4,4,3,4
31b,49,51,1.539995594,3.04,2,2.55,0,0,0,4,4,3,4
31b,48,49,1.440676824,3.04,2,3.04,2,0,0,4,4,3,3
31b,0,1,1.409364531,2.55,0,2.55,0,1,1,6,6,3,2
31b,31,40,1.407178638,2.55,0,2.55,0,0,0,6,6,3,2
31b,35,41,1.406405324,2.55,0,2.55,0,0,0,6,6,3,2
31b,3,5,1.406393117,2.55,0,2.55,0,1,1,6,6,2,3
31b,53,54,1.405723537,2.55,0,2.55,0,0,0,6,6,3,2
31b,64,73,1.405489708,2.55,0,2.55,0,1,1,6,6,3,2
31b,64,65,1.404057842,2.55,0,2.55,0,1,1,6,6,3,2
31b,53,62,1.401325977,2.55,0,2.55,0,0,0,6,6,3,2
31b,27,30,1.401038288,2.55,0,2.55,0,0,0,6,6,2,2
31b,30,35,1.400969818,2.55,0,2.55,0,0,0,6,6,2,3
31b,5,6,1.400948552,2.55,0,2.55,0,1,1,6,6,3,2
31b,6,8,1.40004409,2.55,0,2.55,0,1,1,6,6,2,2
31b,56,58,1.399704031,2.55,0,2.55,0,0,0,6,6,2,2
31b,60,62,1.399628977,2.55,0,2.55,0,0,0,6,6,2,2
31b,69,71,1.399050411,2.55,0,2.55,0,1,1,6,6,2,2
31b,0,8,1.398953528,2.55,0,2.55,0,1,1,6,6,3,2
31b,65,67,1.398813745,2.55,0,2.55,0,1,1,6,6,2,2
31b,27,31,1.398391153,2.55,0,2.55,0,0,0,6,6,2,3
31b,67,69,1.396889149,2.55,0,2.55,0,1,1,6,6,2,2
31b,58,60,1.396702354,2.55,0,2.55,0,0,0,6,6,2,2
31b,71,73,1.395915461,2.55,0,2.55,0,1,1,6,6,2,2
31b,54,56,1.395755424,2.55,0,2.55,0,0,0,6,6,2,2
31b,1,3,1.389264325,2.55,0,2.55,0,1,1,6,6,2,2
31b,40,41,1.388998462,2.55,0,2.55,0,0,0,6,6,2,2
31b,48,50,1.377917987,3.04,2,2.55,0,0,0,4,4,3,3
31b,51,53,1.524155889,2.55,0,2.55,0,0,0,4,6,4,3
31b,51,64,1.518588414,2.55,0,2.55,0,0,1,4,6,4,3
31b,11,12,1.518496485,2.55,0,2.55,0,0,0,0,0,2,2
31b,28,29,1.51837301,2.55,0,2.55,0,0,0,0,0,2,2
31b,18,19,1.509066825,2.55,0,2.55,0,0,0,0,0,3,1
31b,32,33,1.50895718,2.55,0,2.55,0,0,0,0,0,3,1
31b,31,49,1.431146922,2.55,0,3.04,2,0,0,6,4,3,3
31b,12,15,1.429578676,2.55,0,3.44,1,0,0,0,0,2,2
31b,29,36,1.42897817,2.55,0,3.44,1,0,0,0,0,2,2
31b,28,34,1.410937782,2.55,0,3.44,1,0,0,0,0,2,2
31b,10,11,1.410402217,3.44,1,2.55,0,0,0,0,0,2,2
31b,0,48,1.408008403,2.55,0,3.04,2,1,0,6,4,3,3
31b,5,10,1.361998154,2.55,0,3.44,1,1,0,6,0,3,2
31b,34,35,1.360824204,3.44,1,2.55,0,0,0,0,6,2,3
31b,32,36,1.353493896,2.55,0,3.44,1,0,0,0,0,3,2
31b,15,18,1.35318922,3.44,1,2.55,0,0,0,0,0,2,3
31b,32,37,1.204406284,2.55,0,3.44,1,0,0,0,0,3,1
31b,18,23,1.204396869,2.55,0,3.44,1,0,0,0,0,3,1
31b,50,52,1.203870018,2.55,0,3.44,1,0,0,4,0,3,1
48-,0,4,1.546114969,2.55,0,2.55,0,0,1,6,6,4,3
48-,26,29,1.545941602,2.55,0,2.55,0,0,0,6,6,4,3
48-,26,31,1.545284095,2.55,0,2.55,0,0,0,6,6,4,3
48-,0,16,1.544163082,2.55,0,2.55,0,0,0,6,6,4,3
48-,1,19,1.512840927,2.55,0,2.55,0,0,0,6,6,3,3
48-,35,39,1.512155874,2.55,0,2.55,0,0,0,6,6,3,3
48-,1,5,1.512009643,2.55,0,2.55,0,0,1,6,6,3,3
48-,34,39,1.51198185,2.55,0,2.55,0,0,0,6,6,3,3
48-,4,5,1.409697519,2.55,0,2.55,0,1,1,6,6,3,3
48-,16,19,1.40966995,2.55,0,2.55,0,0,0,6,6,3,3
48-,29,34,1.409525002,2.55,0,2.55,0,0,0,6,6,3,3
48-,31,35,1.409499198,2.55,0,2.55,0,0,0,6,6,3,3
48-,28,31,1.402017378,2.55,0,2.55,0,0,0,6,6,2,3
48-,13,16,1.401848145,2.55,0,2.55,0,0,0,6,6,2,3
48-,3,4,1.401689776,2.55,0,2.55,0,1,1,6,6,2,3
48-,24,29,1.401584424,2.55,0,2.55,0,0,0,6,6,2,3
48-,12,13,1.399638692,2.55,0,2.55,0,0,0,6,6,2,2
48-,28,32,1.399580058,2.55,0,2.55,0,0,0,6,6,2,2
48-,24,27,1.399127709,2.55,0,2.55,0,0,0,6,6,2,2
48-,3,10,1.399073733,2.55,0,2.55,0,1,1,6,6,2,2
48-,34,38,1.397904476,2.55,0,2.55,0,0,0,6,6,3,2
48-,5,6,1.397888309,2.55,0,2.55,0,1,1,6,6,3,2
48-,17,19,1.39769927,2.55,0,2.55,0,0,0,6,6,2,3
48-,35,40,1.397671412,2.55,0,2.55,0,0,0,6,6,3,2
48-,14,17,1.397656656,2.55,0,2.55,0,0,0,6,6,2,2
48-,37,40,1.397500705,2.55,0,2.55,0,0,0,6,6,2,2
48-,33,38,1.397419642,2.55,0,2.55,0,0,0,6,6,2,2
48-,6,8,1.397396153,2.55,0,2.55,0,1,1,6,6,2,2
48-,27,33,1.395172262,2.55,0,2.55,0,0,0,6,6,2,2
48-,8,10,1.395122662,2.55,0,2.55,0,1,1,6,6,2,2
48-,32,37,1.395064049,2.55,0,2.55,0,0,0,6,6,2,2
48-,12,14,1.395010456,2.55,0,2.55,0,0,0,6,6,2,2
48-,0,26,1.694556677,2.55,0,2.55,0,0,0,6,6,4,4
48-,1,39,1.618571436,2.55,0,2.55,0,0,0,6,6,3,3
48-,26,59,1.544119647,2.55,0,2.55,0,0,0,6,0,4,2
48-,0,46,1.543896117,2.55,0,2.55,0,0,0,6,0,4,2
48-,52,53,1.445887794,3.04,2,2.55,0,0,0,0,0,2,1
48-,61,62,1.445713743,2.55,0,3.04,2,0,0,0,0,1,2
48-,46,47,1.427559289,2.55,0,3.44,1,0,0,0,0,2,2
48-,58,59,1.427428256,3.44,1,2.55,0,0,0,0,0,2,2
48-,47,50,1.361615965,3.44,1,2.55,0,0,0,0,0,2,3
48-,58,64,1.361480373,3.44,1,2.55,0,0,0,0,0,2,3
48-,62,64,1.358885618,3.04,2,2.55,0,0,0,0,0,2,3
48-,50,52,1.35878581,2.55,0,3.04,2,0,0,0,0,3,2
48-,50,51,1.214422926,2.55,0,3.44,1,0,0,0,0,3,1
48-,64,66,1.214338188,2.55,0,3.44,1,0,0,0,0,3,1
49-,26,29,1.56971945,2.55,0,2.55,0,0,0,6,6,4,3
49-,0,16,1.56935469,2.55,0,2.55,0,0,0,6,6,4,3
49-,26,31,1.534600581,2.55,0,2.55,0,0,0,6,6,4,3
49-,0,4,1.533906078,2.55,0,2.55,0,0,0,6,6,4,3
49-,35,39,1.520248957,2.55,0,2.55,0,0,0,6,6,3,3
49-,1,5,1.519985976,2.55,0,2.55,0,0,0,6,6,3,3
49-,34,39,1.502694833,2.55,0,2.55,0,0,0,6,6,3,3
49-,1,19,1.502634852,2.55,0,2.55,0,0,0,6,6,3,3
49-,31,35,1.411569751,2.55,0,2.55,0,0,0,6,6,3,3
49-,4,5,1.411134104,2.55,0,2.55,0,0,0,6,6,3,3
49-,29,34,1.408499859,2.55,0,2.55,0,0,0,6,6,3,3
49-,16,19,1.408236157,2.55,0,2.55,0,0,0,6,6,3,3
49-,24,29,1.404064225,2.55,0,2.55,0,0,0,6,6,2,3
49-,13,16,1.40404029,2.55,0,2.55,0,0,0,6,6,2,3
49-,28,31,1.399980648,2.55,0,2.55,0,0,0,6,6,2,3
49-,3,4,1.399978688,2.55,0,2.55,0,0,0,6,6,2,3
49-,24,27,1.399648736,2.55,0,2.55,0,0,0,6,6,2,2
49-,12,13,1.399456905,2.55,0,2.55,0,0,0,6,6,2,2
49-,5,6,1.398760644,2.55,0,2.55,0,0,0,6,6,3,2
49-,35,40,1.398641596,2.55,0,2.55,0,0,0,6,6,3,2
49-,28,32,1.398551993,2.55,0,2.55,0,0,0,6,6,2,2
49-,3,10,1.398409365,2.55,0,2.55,0,0,0,6,6,2,2
49-,37,40,1.397328532,2.55,0,2.55,0,0,0,6,6,2,2
49-,6,8,1.397310331,2.55,0,2.55,0,0,0,6,6,2,2
49-,33,38,1.397053794,2.55,0,2.55,0,0,0,6,6,2,2
49-,14,17,1.39701155,2.55,0,2.55,0,0,0,6,6,2,2
49-,17,19,1.396636646,2.55,0,2.55,0,0,0,6,6,2,3
49-,34,38,1.396630745,2.55,0,2.55,0,0,0,6,6,3,2
49-,8,10,1.395876954,2.55,0,2.55,0,0,0,6,6,2,2
49-,32,37,1.395802272,2.55,0,2.55,0,0,0,6,6,2,2
49-,12,14,1.393967382,2.55,0,2.55,0,0,0,6,6,2,2
49-,27,33,1.393935991,2.55,0,2.55,0,0,0,6,6,2,2
49-,0,26,1.667782389,2.55,0,2.55,0,0,0,6,6,4,4
49-,1,39,1.622686783,2.55,0,2.55,0,0,0,6,6,3,3
49-,26,56,1.541084182,2.55,0,2.55,0,0,0,6,0,4,3
49-,0,46,1.540566118,2.55,0,2.55,0,0,0,6,0,4,3
49-,54,55,1.429809578,2.55,0,3.44,1,0,0,0,0,1,2
49-,48,49,1.42967483,3.44,1,2.55,0,0,0,0,0,2,1
49-,46,48,1.335242862,2.55,0,3.44,1,0,0,0,0,3,2
49-,55,56,1.335108319,3.44,1,2.55,0,0,0,0,0,2,3
49-,56,58,1.21083449,2.55,0,3.44,1,0,0,0,0,3,1
49-,46,47,1.210820235,2.55,0,3.44,1,0,0,0,0,3,1
56-2,7,8,1.535656098,2.55,0,2.55,0,0,0,3,3,4,4
56-2,4,7,1.530622917,2.55,0,2.55,0,0,0,3,3,3,4
56-2,4,8,1.495655433,2.55,0,2.55,0,0,0,3,3,3,4
56-2,10,11,1.536950329,2.55,0,2.55,0,0,0,0,0,2,1
56-2,0,1,1.535343984,2.55,0,2.55,0,0,0,0,0,1,2
56-2,7,10,1.523207576,2.55,0,2.55,0,0,0,3,0,4,2
56-2,1,4,1.519077071,2.55,0,2.55,0,0,0,0,3,2,3
56-2,7,20,1.514524042,2.55,0,3.04,2,0,0,3,0,4,3
56-2,20,22,1.227833315,3.04,2,3.44,1,0,0,0,0,3,1
56-2,20,21,1.226744274,3.04,2,3.44,1,0,0,0,0,3,1
623-,25,26,1.596524936,2.55,0,2.55,0,0,0,5,5,3,3
623-,24,25,1.584092121,2.55,0,2.55,0,0,0,5,5,4,3
623-,26,27,1.581809222,2.55,0,2.55,0,0,0,5,5,3,4
623-,27,28,1.550801011,2.55,0,2.55,0,0,0,5,5,4,3
623-,24,28,1.5450971,2.55,0,2.55,0,0,0,5,5,4,3
623-,22,24,1.535529271,2.55,0,2.55,0,0,0,5,5,3,4
623-,23,27,1.531774944,2.55,0,2.55,0,0,0,5,5,3,4
623-,11,16,1.40994932,2.55,0,2.55,0,1,1,6,6,3,2
623-,11,12,1.409585961,2.55,0,2.55,0,1,1,6,6,3,2
623-,0,5,1.407764484,2.55,0,2.55,0,1,1,6,6,2,3
623-,4,5,1.407583499,2.55,0,2.55,0,1,1,6,6,2,3
623-,13,14,1.399274284,2.55,0,2.55,0,1,1,6,6,2,2
623-,1,2,1.398271375,2.55,0,2.55,0,1,1,6,6,2,2
623-,2,3,1.397989374,2.55,0,2.55,0,1,1,6,6,2,2
623-,13,15,1.397640001,2.55,0,2.55,0,1,1,6,6,2,2
623-,0,1,1.397449598,2.55,0,2.55,0,1,1,6,6,2,2
623-,15,16,1.39738475,2.55,0,2.55,0,1,1,6,6,2,2
623-,3,4,1.3970107,2.55,0,2.55,0,1,1,6,6,2,2
623-,12,14,1.395218838,2.55,0,2.55,0,1,1,6,6,2,2
623-,22,23,1.360091331,2.55,0,2.55,0,0,0,5,5,3,3
623-,26,49,1.532764157,2.55,0,2.55,0,0,0,5,0,3,1
623-,25,44,1.532319751,2.55,0,2.55,0,0,0,5,0,3,1
623-,27,32,1.516769952,2.55,0,2.55,0,0,0,5,0,4,3
623-,24,39,1.515593703,2.55,0,2.55,0,0,0,5,0,4,3
623-,5,22,1.485956912,2.55,0,2.55,0,1,0,6,5,3,3
623-,11,23,1.477782055,2.55,0,2.55,0,1,0,6,5,3,3
623-,41,42,1.429033721,2.55,0,3.44,1,0,0,0,0,1,2
623-,33,34,1.428076296,2.55,0,3.44,1,0,0,0,0,1,2
623-,39,42,1.344136268,2.55,0,3.44,1,0,0,0,0,3,2
623-,32,34,1.339929368,2.55,0,3.44,1,0,0,0,0,3,2
623-,30,32,1.208613386,3.44,1,2.55,0,0,0,0,0,1,3
623-,37,39,1.206770925,3.44,1,2.55,0,0,0,0,0,1,3
623-,28,29,1.192928709,2.55,0,3.44,1,0,0,5,0,3,1
628-,24,25,1.592546774,2.55,0,2.55,0,0,0,5,5,4,3
628-,26,27,1.590757362,2.55,0,2.55,0,0,0,5,5,3,4
628-,25,26,1.582094159,2.55,0,2.55,0,0,0,5,5,3,3
628-,27,28,1.556645152,2.55,0,2.55,0,0,0,5,5,4,3
628-,24,28,1.552387094,2.55,0,2.55,0,0,0,5,5,4,3
628-,22,24,1.539752228,2.55,0,2.55,0,0,0,5,5,3,4
628-,23,27,1.537933916,2.55,0,2.55,0,0,0,5,5,3,4
628-,11,12,1.40921377,2.55,0,2.55,0,0,0,6,6,3,2
628-,11,16,1.409157414,2.55,0,2.55,0,0,0,6,6,3,2
628-,4,5,1.408032077,2.55,0,2.55,0,1,1,6,6,2,3
628-,0,5,1.408027819,2.55,0,2.55,0,1,1,6,6,2,3
628-,13,14,1.398859041,2.55,0,2.55,0,0,0,6,6,2,2
628-,1,2,1.398629128,2.55,0,2.55,0,1,1,6,6,2,2
628-,2,3,1.398200478,2.55,0,2.55,0,1,1,6,6,2,2
628-,13,15,1.398174001,2.55,0,2.55,0,0,0,6,6,2,2
628-,0,1,1.397185824,2.55,0,2.55,0,1,1,6,6,2,2
628-,3,4,1.396923065,2.55,0,2.55,0,1,1,6,6,2,2
628-,15,16,1.396657562,2.55,0,2.55,0,0,0,6,6,2,2
628-,12,14,1.395640254,2.55,0,2.55,0,0,0,6,6,2,2
628-,22,23,1.362128622,2.55,0,2.55,0,0,0,5,5,3,3
628-,26,36,1.530021528,2.55,0,2.55,0,0,0,5,0,3,1
628-,25,31,1.529519155,2.55,0,2.55,0,0,0,5,0,3,1
628-,5,22,1.482315061,2.55,0,2.55,0,1,0,6,5,3,3
628-,11,23,1.477387806,2.55,0,2.55,0,0,0,6,5,3,3
628-,42,43,1.459466111,2.55,0,2.55,0,0,0,0,0,2,1
628-,47,48,1.459294715,2.55,0,2.55,0,0,0,0,0,2,1
628-,27,30,1.452106699,2.55,0,2.55,0,0,0,5,0,4,2
628-,24,41,1.451056166,2.55,0,2.55,0,0,0,5,0,4,2
628-,41,42,1.213436189,2.55,0,2.55,0,0,0,0,0,2,2
628-,30,47,1.213201451,2.55,0,2.55,0,0,0,0,0,2,2
628-,28,29,1.191466209,2.55,0,3.44,1,0,0,5,0,3,1
631-,27,30,1.913926473,2.55,0,2.58,3,0,0,5,5,4,4
631-,24,30,1.905631622,2.55,0,2.58,3,0,0,5,5,4,4
631-,30,72,1.474483421,2.58,3,3.44,1,0,0,5,0,4,1
631-,30,31,1.470684123,2.58,3,3.44,1,0,0,5,0,4,1
632-,26,27,1.583211755,2.55,0,2.55,0,0,0,5,5,3,4
632-,24,25,1.578629761,2.55,0,2.55,0,0,0,5,5,4,3
632-,25,26,1.573936792,2.55,0,2.55,0,0,0,5,5,3,3
632-,24,42,1.540340688,2.55,0,2.55,0,0,0,5,5,4,3
632-,27,42,1.538905914,2.55,0,2.55,0,0,0,5,5,4,3
632-,22,24,1.538423373,2.55,0,2.55,0,0,0,5,5,3,4
632-,23,27,1.537267386,2.55,0,2.55,0,0,0,5,5,3,4
632-,4,5,1.409450193,2.55,0,2.55,0,1,1,6,6,2,3
632-,11,16,1.409401113,2.55,0,2.55,0,1,1,6,6,3,2
632-,0,5,1.409124323,2.55,0,2.55,0,1,1,6,6,2,3
632-,11,12,1.40872064,2.55,0,2.55,0,1,1,6,6,3,2
632-,13,14,1.398605927,2.55,0,2.55,0,1,1,6,6,2,2
632-,2,3,1.398418768,2.55,0,2.55,0,1,1,6,6,2,2
632-,13,15,1.398320071,2.55,0,2.55,0,1,1,6,6,2,2
632-,1,2,1.397971734,2.55,0,2.55,0,1,1,6,6,2,2
632-,0,1,1.397572359,2.55,0,2.55,0,1,1,6,6,2,2
632-,15,16,1.397119049,2.55,0,2.55,0,1,1,6,6,2,2
632-,3,4,1.396413538,2.55,0,2.55,0,1,1,6,6,2,2
632-,12,14,1.396411507,2.55,0,2.55,0,1,1,6,6,2,2
632-,22,23,1.365031857,2.55,0,2.55,0,0,0,5,5,3,3
632-,26,39,1.541454967,2.55,0,2.55,0,0,0,5,0,3,2
632-,25,36,1.534780074,2.55,0,2.55,0,0,0,5,0,3,2
632-,39,41,1.531445629,2.55,0,2.55,0,0,0,0,0,2,1
632-,36,38,1.530632178,2.55,0,2.55,0,0,0,0,0,2,1
632-,24,32,1.520353856,2.55,0,2.55,0,0,0,5,0,4,1
632-,27,28,1.519779621,2.55,0,2.55,0,0,0,5,0,4,1
632-,5,22,1.484545408,2.55,0,2.55,0,1,0,6,5,3,3
632-,11,23,1.481059682,2.55,0,2.55,0,1,0,6,5,3,3
632-,42,43,1.199738811,2.55,0,3.44,1,0,0,5,0,3,1
67-2,0,1,1.47977364,2.55,0,2.55,0,0,0,3,3,3,3
67-2,0,2,1.437085733,2.55,0,3.44,1,0,0,3,3,3,2
67-2,1,2,1.419632622,2.55,0,3.44,1,0,0,3,3,3,2
67-2,5,7,1.533108466,2.55,0,2.55,0,0,0,0,0,2,2
67-2,7,10,1.529537925,2.55,0,2.55,0,0,0,0,0,2,1
67-2,1,5,1.511431101,2.55,0,2.55,0,0,0,3,0,3,2
67-2,16,17,1.498988182,2.55,0,2.55,0,0,0,0,0,2,1
67-2,0,3,1.479388973,2.55,0,2.55,0,0,0,3,0,3,2
67-2,3,16,1.340071076,2.55,0,2.55,0,0,0,0,0,2,2
701-,19,21,1.587697387,2.55,0,2.55,0,0,0,5,5,4,4
701-,15,21,1.522663054,2.55,0,2.55,0,1,0,5,5,3,4
701-,18,19,1.504049155,2.55,0,2.55,0,0,0,6,5,2,4
701-,19,20,1.48268577,2.55,0,3.44,1,0,0,5,6,4,2
701-,2,17,1.455918641,2.55,0,2.55,0,1,0,6,6,3,2
701-,19,22,1.442409313,2.55,0,3.04,2,0,0,5,5,4,3
701-,1,2,1.413162848,2.55,0,2.55,0,1,1,6,6,3,3
701-,0,1,1.411746514,2.55,0,2.55,0,1,1,6,6,3,3
701-,12,13,1.406473537,2.55,0,2.55,0,1,1,6,6,3,2
701-,15,16,1.405668002,2.55,0,2.55,0,1,1,5,5,3,3
701-,9,10,1.404301373,2.55,0,2.55,0,1,1,6,6,2,2
701-,16,22,1.400132297,2.55,0,3.04,2,1,0,5,5,3,3
701-,5,6,1.399921911,2.55,0,2.55,0,1,1,6,6,3,2
701-,2,3,1.399871265,2.55,0,2.55,0,1,1,6,6,3,2
701-,10,12,1.397380016,2.55,0,2.55,0,1,1,6,6,2,3
701-,9,16,1.395144084,2.55,0,2.55,0,1,1,6,5,2,3
701-,3,5,1.393048912,2.55,0,2.55,0,1,1,6,6,2,3
701-,0,6,1.387015553,2.55,0,2.55,0,1,1,6,6,3,2
701-,13,15,1.385875489,2.55,0,2.55,0,1,1,6,5,2,3
701-,17,18,1.344867531,2.55,0,2.55,0,0,0,6,6,2,2
701-,1,20,1.334853661,2.55,0,3.44,1,1,0,6,6,3,2
701-,21,23,1.546324357,2.55,0,2.55,0,0,0,5,0,4,1
701-,21,27,1.533165724,2.55,0,2.55,0,0,0,5,0,4,1
701-,35,36,1.509433619,2.55,0,2.55,0,0,0,0,0,3,1
701-,42,43,1.503294518,2.55,0,2.55,0,0,0,0,0,3,1
701-,5,31,1.470302532,2.55,0,3.04,2,1,0,6,0,3,3
701-,22,48,1.452022765,3.04,2,2.55,0,0,0,5,0,3,1
701-,12,34,1.393180957,2.55,0,3.44,1,1,0,6,0,3,2
701-,0,41,1.3811705,2.55,0,3.44,1,1,0,6,0,3,2
701-,41,42,1.374687834,3.44,1,2.55,0,0,0,0,0,2,3
701-,34,35,1.361817456,3.44,1,2.55,0,0,0,0,0,2,3
701-,31,32,1.222307631,3.04,2,3.44,1,0,0,0,0,3,1
701-,31,33,1.222095153,3.04,2,3.44,1,0,0,0,0,3,1
701-,35,40,1.202001751,2.55,0,3.44,1,0,0,0,0,3,1
701-,42,47,1.199649582,2.55,0,3.44,1,0,0,0,0,3,1
702-,19,21,1.589572199,2.55,0,2.55,0,0,0,5,5,4,4
702-,15,21,1.523050763,2.55,0,2.55,0,1,0,5,5,3,4
702-,18,19,1.502713732,2.55,0,2.55,0,0,0,6,5,2,4
702-,19,20,1.472372257,2.55,0,3.44,1,0,0,5,6,4,2
702-,2,17,1.455343725,2.55,0,2.55,0,1,0,6,6,3,2
702-,19,22,1.449352242,2.55,0,3.04,2,0,0,5,5,4,3
702-,0,1,1.415793162,2.55,0,2.55,0,1,1,6,6,3,3
702-,1,2,1.414726061,2.55,0,2.55,0,1,1,6,6,3,3
702-,12,13,1.406378208,2.55,0,2.55,0,1,1,6,6,2,2
702-,15,16,1.40536855,2.55,0,2.55,0,1,1,5,5,3,3
702-,16,22,1.405275402,2.55,0,3.04,2,1,0,5,5,3,3
702-,9,10,1.404562073,2.55,0,2.55,0,1,1,6,6,2,2
702-,5,6,1.399911817,2.55,0,2.55,0,1,1,6,6,3,2
702-,2,3,1.398889694,2.55,0,2.55,0,1,1,6,6,3,2
702-,9,16,1.397516271,2.55,0,2.55,0,1,1,6,5,2,3
702-,10,12,1.397253107,2.55,0,2.55,0,1,1,6,6,2,2
702-,0,6,1.395770705,2.55,0,2.55,0,1,1,6,6,3,2
702-,3,5,1.392126045,2.55,0,2.55,0,1,1,6,6,2,3
702-,13,15,1.388774061,2.55,0,2.55,0,1,1,6,5,2,3
702-,1,20,1.345116696,2.55,0,3.44,1,1,0,6,6,3,2
702-,17,18,1.344265376,2.55,0,2.55,0,0,0,6,6,2,2
702-,21,23,1.546584501,2.55,0,2.55,0,0,0,5,0,4,1
702-,35,51,1.537232395,2.55,0,2.55,0,0,0,0,0,2,1
702-,31,36,1.533023416,2.55,0,2.55,0,0,0,0,0,2,2
702-,21,27,1.532464485,2.55,0,2.55,0,0,0,5,0,4,1
702-,0,35,1.512416123,2.55,0,2.55,0,1,0,6,0,3,2
702-,42,43,1.508002311,2.55,0,2.55,0,0,0,0,0,3,1
702-,5,32,1.469671919,2.55,0,3.04,2,1,0,6,0,3,3
702-,22,31,1.450449605,3.04,2,2.55,0,0,0,5,0,3,2
702-,36,39,1.433475525,2.55,0,3.44,1,0,0,0,0,2,2
702-,39,42,1.351887164,3.44,1,2.55,0,0,0,0,0,2,3
702-,32,33,1.223128477,3.04,2,3.44,1,0,0,0,0,3,1
702-,32,34,1.222667362,3.04,2,3.44,1,0,0,0,0,3,1
702-,42,47,1.207491563,2.55,0,3.44,1,0,0,0,0,3,1
719-2,1,4,1.586700132,2.55,0,2.55,0,0,0,4,4,4,3
719-2,1,3,1.581058309,2.55,0,2.55,0,0,0,4,4,4,3
719-2,3,5,1.559598832,2.55,0,2.55,0,0,0,4,4,3,2
719-2,4,5,1.556453284,2.55,0,2.55,0,0,0,4,4,3,2
719-2,0,1,1.521079124,2.55,0,2.55,0,0,0,4,4,2,4
719-2,2,3,1.514019402,2.55,0,2.55,0,0,0,4,4,2,3
719-2,0,2,1.345526287,2.55,0,2.55,0,0,0,4,4,2,2
719-2,4,13,1.524825487,2.55,0,2.55,0,0,0,4,0,3,1
719-2,1,7,1.515949503,2.55,0,2.55,0,0,0,4,0,4,1
719-3,1,3,1.594340778,2.55,0,2.55,0,0,0,4,4,4,4
719-3,1,4,1.567770583,2.55,0,2.55,0,0,0,4,4,4,2
719-3,3,5,1.56770085,2.55,0,2.55,0,0,0,4,4,4,2
719-3,4,5,1.550704872,2.55,0,2.55,0,0,0,4,4,2,2
719-3,0,1,1.518492056,2.55,0,2.55,0,0,0,4,4,2,4
719-3,2,3,1.518471082,2.55,0,2.55,0,0,0,4,4,2,4
719-3,0,2,1.345042263,2.55,0,2.55,0,0,0,4,4,2,2
719-3,3,6,1.514807802,2.55,0,2.55,0,0,0,4,0,4,1
719-3,1,7,1.514788557,2.55,0,2.55,0,0,0,4,0,4,1
74-,19,21,1.589208219,2.55,0,2.55,0,0,0,5,5,4,4
74-,15,21,1.523028051,2.55,0,2.55,0,1,0,5,5,3,4
74-,18,19,1.50985953,2.55,0,2.55,0,0,0,6,5,2,4
74-,19,22,1.467543584,2.55,0,3.04,2,0,0,5,5,4,3
74-,2,17,1.456291588,2.55,0,2.55,0,1,0,6,6,3,2
74-,19,20,1.440848183,2.55,0,3.44,1,0,0,5,6,4,2
74-,1,2,1.412889598,2.55,0,2.55,0,1,1,6,6,3,3
74-,0,1,1.410346164,2.55,0,2.55,0,1,1,6,6,3,3
74-,15,16,1.409301884,2.55,0,2.55,0,1,1,5,5,3,3
74-,12,13,1.4059637,2.55,0,2.55,0,1,1,6,6,3,2
74-,9,10,1.403779981,2.55,0,2.55,0,1,1,6,6,2,2
74-,2,3,1.399360308,2.55,0,2.55,0,1,1,6,6,3,2
74-,5,6,1.39753121,2.55,0,2.55,0,1,1,6,6,3,2
74-,9,16,1.397228807,2.55,0,2.55,0,1,1,6,5,2,3
74-,10,12,1.393425403,2.55,0,2.55,0,1,1,6,6,2,3
74-,16,22,1.392923762,2.55,0,3.04,2,1,0,5,5,3,3
74-,3,5,1.392876074,2.55,0,2.55,0,1,1,6,6,2,3
74-,0,6,1.388793644,2.55,0,2.55,0,1,1,6,6,3,2
74-,13,15,1.385926229,2.55,0,2.55,0,1,1,6,5,2,3
74-,1,20,1.344163496,2.55,0,3.44,1,1,0,6,6,3,2
74-,17,18,1.341949821,2.55,0,2.55,0,0,0,6,6,2,2
74-,21,23,1.545625375,2.55,0,2.55,0,0,0,5,0,4,1
74-,21,27,1.533609842,2.55,0,2.55,0,0,0,5,0,4,1
74-,46,47,1.508315343,2.55,0,2.55,0,0,0,0,0,3,1
74-,39,40,1.50413317,2.55,0,2.55,0,0,0,0,0,3,1
74-,5,35,1.471218499,2.55,0,3.04,2,1,0,6,0,3,3
74-,22,31,1.444670573,3.04,2,2.55,0,0,0,5,0,3,1
74-,12,45,1.394082236,2.55,0,3.44,1,1,0,6,0,3,2
74-,0,38,1.381503724,2.55,0,3.44,1,1,0,6,0,3,2
74-,38,39,1.373957213,3.44,1,2.55,0,0,0,0,0,2,3
74-,45,46,1.365082895,3.44,1,2.55,0,0,0,0,0,2,3
74-,35,36,1.221972264,3.04,2,3.44,1,0,0,0,0,3,1
74-,35,37,1.221893154,3.04,2,3.44,1,0,0,0,0,3,1
74-,46,51,1.20134343,2.55,0,3.44,1,0,0,0,0,3,1
74-,39,44,1.199227819,2.55,0,3.44,1,0,0,0,0,3,1
743-2,17,19,1.585782901,2.55,0,2.55,0,0,0,5,5,4,4
743-2,14,19,1.52819476,2.55,0,2.55,0,1,0,5,5,3,4
743-2,2,16,1.51517287,2.55,0,2.55,0,1,0,6,6,3,2
743-2,17,20,1.465413759,2.55,0,3.04,2,0,0,5,5,4,3
743-2,16,20,1.44000321,2.55,0,3.04,2,0,0,6,5,2,3
743-2,0,1,1.425282638,2.55,0,2.55,0,1,1,6,6,3,3
743-2,17,18,1.423148989,2.55,0,3.44,1,0,0,5,6,4,2
743-2,46,47,1.421094179,2.55,0,2.55,0,1,1,6,6,2,3
743-2,47,48,1.417755665,2.55,0,2.55,0,1,1,6,6,3,2
743-2,14,15,1.411641263,2.55,0,2.55,0,1,1,5,5,3,3
743-2,43,45,1.410081477,2.55,0,2.55,0,1,1,6,6,3,2
743-2,43,49,1.407854607,2.55,0,2.55,0,1,1,6,6,3,2
743-2,11,12,1.40735356,2.55,0,2.55,0,1,1,6,6,3,2
743-2,8,9,1.405076735,2.55,0,2.55,0,1,1,6,6,2,2
743-2,1,2,1.404450541,2.55,0,2.55,0,1,1,6,6,3,3
743-2,5,6,1.401763777,2.55,0,2.55,0,1,1,6,6,3,2
743-2,2,3,1.400239089,2.55,0,2.55,0,1,1,6,6,3,2
743-2,9,11,1.396073609,2.55,0,2.55,0,1,1,6,6,2,3
743-2,8,15,1.395777779,2.55,0,2.55,0,1,1,6,5,2,3
743-2,0,6,1.392288412,2.55,0,2.55,0,1,1,6,6,3,2
743-2,48,49,1.391576822,2.55,0,2.55,0,1,1,6,6,2,2
743-2,15,20,1.389150557,2.55,0,3.04,2,1,0,5,5,3,3
743-2,3,5,1.38877334,2.55,0,2.55,0,1,1,6,6,2,3
743-2,45,46,1.388387081,2.55,0,2.55,0,1,1,6,6,2,2
743-2,12,14,1.384881304,2.55,0,2.55,0,1,1,6,5,2,3
743-2,1,18,1.354010558,2.55,0,3.44,1,1,0,6,6,3,2
743-2,19,25,1.545459794,2.55,0,2.55,0,0,0,5,0,4,1
743-2,19,21,1.532137453,2.55,0,2.55,0,0,0,5,0,4,1
743-2,17,35,1.516965652,2.55,0,2.55,0,0,0,5,0,4,2
743-2,33,34,1.516329457,2.55,0,2.55,0,0,0,0,0,2,1
743-2,37,38,1.509565762,2.55,0,2.55,0,0,0,0,0,3,1
743-2,5,70,1.470249237,2.55,0,3.04,2,1,0,6,0,3,3
743-2,41,43,1.466876321,2.55,0,2.55,0,0,1,0,6,2,3
743-2,54,55,1.448966489,3.04,2,2.55,0,0,0,0,0,3,1
743-2,54,59,1.448667257,3.04,2,2.55,0,0,0,0,0,3,1
743-2,32,33,1.422637065,3.44,1,2.55,0,0,0,0,0,2,2
743-2,11,36,1.394073537,2.55,0,3.44,1,1,0,6,0,3,2
743-2,47,54,1.381120414,2.55,0,3.04,2,1,0,6,0,3,3
743-2,36,37,1.361379131,3.44,1,2.55,0,0,0,0,0,2,3
743-2,0,32,1.350479268,2.55,0,3.44,1,1,0,6,0,3,2
743-2,35,41,1.345312741,2.55,0,2.55,0,0,0,0,0,2,2
743-2,70,72,1.223697178,3.04,2,3.44,1,0,0,0,0,3,1
743-2,70,71,1.222636586,3.04,2,3.44,1,0,0,0,0,3,1
743-2,37,66,1.202202164,2.55,0,3.44,1,0,0,0,0,3,1
743-3,16,18,1.587396744,2.55,0,2.55,0,0,0,5,5,4,4
743-3,13,18,1.527754675,2.55,0,2.55,0,1,0,5,5,3,4
743-3,2,15,1.514805544,2.55,0,2.55,0,1,0,6,6,3,2
743-3,16,19,1.46407113,2.55,0,3.04,2,0,0,5,5,4,3
743-3,15,19,1.440106218,2.55,0,3.04,2,0,0,6,5,2,3
743-3,0,1,1.425259634,2.55,0,2.55,0,1,1,6,6,3,3
743-3,16,17,1.424175954,2.55,0,3.44,1,0,0,5,6,4,2
743-3,42,43,1.421093504,2.55,0,2.55,0,1,1,6,6,2,3
743-3,43,44,1.417673509,2.55,0,2.55,0,1,1,6,6,3,2
743-3,13,14,1.41011527,2.55,0,2.55,0,1,1,5,5,3,3
743-3,39,41,1.41001625,2.55,0,2.55,0,1,1,6,6,3,2
743-3,39,45,1.407939968,2.55,0,2.55,0,1,1,6,6,3,2
743-3,8,9,1.406086513,2.55,0,2.55,0,1,1,6,6,2,3
743-3,1,2,1.404436673,2.55,0,2.55,0,1,1,6,6,3,3
743-3,10,11,1.403945152,2.55,0,2.55,0,1,1,6,6,2,2
743-3,5,6,1.401819531,2.55,0,2.55,0,1,1,6,6,3,2
743-3,2,3,1.400228178,2.55,0,2.55,0,1,1,6,6,3,2
743-3,9,10,1.399594425,2.55,0,2.55,0,1,1,6,6,3,2
743-3,8,14,1.398220907,2.55,0,2.55,0,1,1,6,5,2,3
743-3,0,6,1.392217599,2.55,0,2.55,0,1,1,6,6,3,2
743-3,44,45,1.391483948,2.55,0,2.55,0,1,1,6,6,2,2
743-3,3,5,1.388742768,2.55,0,2.55,0,1,1,6,6,2,3
743-3,41,42,1.388594943,2.55,0,2.55,0,1,1,6,6,2,2
743-3,11,13,1.387472119,2.55,0,2.55,0,1,1,6,5,2,3
743-3,14,19,1.385567294,2.55,0,3.04,2,1,0,5,5,3,3
743-3,1,17,1.353843132,2.55,0,3.44,1,1,0,6,6,3,2
743-3,18,24,1.545568623,2.55,0,2.55,0,0,0,5,0,4,1
743-3,18,20,1.532582781,2.55,0,2.55,0,0,0,5,0,4,1
743-3,16,34,1.517204961,2.55,0,2.55,0,0,0,5,0,4,2
743-3,32,33,1.516370214,2.55,0,2.55,0,0,0,0,0,2,1
743-3,62,63,1.509745943,2.55,0,2.55,0,0,0,0,0,1,3
743-3,5,70,1.470135457,2.55,0,3.04,2,1,0,6,0,3,3
743-3,37,39,1.466858517,2.55,0,2.55,0,0,1,0,6,2,3
743-3,50,51,1.448961421,3.04,2,2.55,0,0,0,0,0,3,1
743-3,50,55,1.448629779,3.04,2,2.55,0,0,0,0,0,3,1
743-3,31,32,1.422486705,3.44,1,2.55,0,0,0,0,0,2,2
743-3,9,64,1.390056281,2.55,0,3.44,1,1,0,6,0,3,2
743-3,43,50,1.381337891,2.55,0,3.04,2,1,0,6,0,3,3
743-3,63,64,1.358016674,2.55,0,3.44,1,0,0,0,0,3,2
743-3,0,31,1.350706099,2.55,0,3.44,1,1,0,6,0,3,2
743-3,34,37,1.345283394,2.55,0,2.55,0,0,0,0,0,2,2
743-3,70,72,1.2238113,3.04,2,3.44,1,0,0,0,0,3,1
743-3,70,71,1.222548581,3.04,2,3.44,1,0,0,0,0,3,1
743-3,63,69,1.203850555,2.55,0,3.44,1,0,0,0,0,3,1
75-,19,21,1.594648611,2.55,0,2.55,0,0,0,5,5,4,4
75-,15,21,1.523329439,2.55,0,2.55,0,1,0,5,5,3,4
75-,18,19,1.510225657,2.55,0,2.55,0,0,0,6,5,2,4
75-,19,22,1.467218168,2.55,0,3.04,2,0,0,5,5,4,3
75-,2,17,1.454903746,2.55,0,2.55,0,1,0,6,6,3,2
75-,19,20,1.443229037,2.55,0,3.44,1,0,0,5,6,4,2
75-,1,2,1.411499121,2.55,0,2.55,0,1,1,6,6,3,3
75-,0,1,1.409767467,2.55,0,2.55,0,1,1,6,6,3,3
75-,15,16,1.408843784,2.55,0,2.55,0,1,1,5,5,3,3
75-,12,13,1.407114537,2.55,0,2.55,0,1,1,6,6,2,2
75-,9,10,1.404143766,2.55,0,2.55,0,1,1,6,6,2,2
75-,9,16,1.399576017,2.55,0,2.55,0,1,1,6,5,2,3
75-,2,3,1.399154532,2.55,0,2.55,0,1,1,6,6,3,2
75-,5,6,1.398002296,2.55,0,2.55,0,1,1,6,6,3,2
75-,10,12,1.39650831,2.55,0,2.55,0,1,1,6,6,2,2
75-,3,5,1.392228407,2.55,0,2.55,0,1,1,6,6,2,3
75-,16,22,1.391032881,2.55,0,3.04,2,1,0,5,5,3,3
75-,0,6,1.388358778,2.55,0,2.55,0,1,1,6,6,3,2
75-,13,15,1.388053105,2.55,0,2.55,0,1,1,6,5,2,3
75-,1,20,1.345735252,2.55,0,3.44,1,1,0,6,6,3,2
75-,17,18,1.342531517,2.55,0,2.55,0,0,0,6,6,2,2
75-,21,23,1.546038519,2.55,0,2.55,0,0,0,5,0,4,1
75-,31,42,1.538145043,2.55,0,2.55,0,0,0,0,0,2,2
75-,21,27,1.535023365,2.55,0,2.55,0,0,0,5,0,4,1
75-,48,49,1.508356623,2.55,0,2.55,0,0,0,0,0,3,1
75-,36,37,1.504546825,2.55,0,2.55,0,0,0,0,0,3,1
75-,5,32,1.471132549,2.55,0,3.04,2,1,0,6,0,3,3
75-,22,31,1.445309268,3.04,2,2.55,0,0,0,5,0,3,2
75-,42,45,1.434248675,2.55,0,3.44,1,0,0,0,0,2,2
75-,0,35,1.382699791,2.55,0,3.44,1,1,0,6,0,3,2
75-,35,36,1.373050845,3.44,1,2.55,0,0,0,0,0,2,3
75-,45,48,1.354059146,3.44,1,2.55,0,0,0,0,0,2,3
75-,32,34,1.222142331,3.04,2,3.44,1,0,0,0,0,3,1
75-,32,33,1.221782376,3.04,2,3.44,1,0,0,0,0,3,1
75-,48,53,1.206345236,2.55,0,3.44,1,0,0,0,0,3,1
75-,36,41,1.199362376,2.55,0,3.44,1,0,0,0,0,3,1
771-2,18,20,1.592069604,2.55,0,2.55,0,0,0,5,5,4,4
771-2,14,20,1.5232519,2.55,0,2.55,0,1,0,5,5,3,4
771-2,17,18,1.518870862,2.55,0,2.55,0,0,0,6,5,2,4
771-2,18,19,1.466149788,2.55,0,3.44,1,0,0,5,6,4,2
771-2,18,21,1.443729718,2.55,0,3.04,2,0,0,5,5,4,3
771-2,0,6,1.43400777,2.55,0,2.55,0,1,1,6,6,3,3
771-2,0,1,1.428246395,2.55,0,2.55,0,1,1,6,6,3,3
771-2,46,47,1.427362783,2.55,0,2.55,0,1,1,6,6,3,3
771-2,5,6,1.425601438,2.55,0,2.55,0,1,1,6,6,2,3
771-2,2,3,1.421171831,2.55,0,2.55,0,1,1,6,6,3,2
771-2,0,45,1.419916608,2.55,0,2.55,0,1,1,6,6,3,2
771-2,6,48,1.41964504,2.55,0,2.55,0,1,1,6,6,3,2
771-2,11,12,1.405703137,2.55,0,2.55,0,1,1,6,6,2,2
771-2,14,15,1.404090617,2.55,0,2.55,0,1,1,5,5,3,3
771-2,8,9,1.403981957,2.55,0,2.55,0,1,1,6,6,2,2
771-2,15,21,1.402974413,2.55,0,3.04,2,1,0,5,5,3,3
771-2,8,15,1.398195796,2.55,0,2.55,0,1,1,6,5,2,3
771-2,2,16,1.397790949,2.55,0,3.04,2,1,0,6,6,3,2
771-2,9,11,1.397696737,2.55,0,2.55,0,1,1,6,6,2,2
771-2,1,2,1.392343617,2.55,0,2.55,0,1,1,6,6,3,3
771-2,12,14,1.389307297,2.55,0,2.55,0,1,1,6,5,2,3
771-2,47,48,1.38071646,2.55,0,2.55,0,1,1,6,6,3,2
771-2,45,46,1.37902198,2.55,0,2.55,0,1,1,6,6,2,3
771-2,3,5,1.374891645,2.55,0,2.55,0,1,1,6,6,2,2
771-2,1,19,1.350149902,2.55,0,3.44,1,1,0,6,6,3,2
771-2,16,17,1.278164578,3.04,2,2.55,0,0,0,6,6,2,2
771-2,20,26,1.547024077,2.55,0,2.55,0,0,0,5,0,4,1
771-2,30,33,1.538972671,2.55,0,2.55,0,0,0,0,0,2,2
771-2,20,22,1.534710711,2.55,0,2.55,0,0,0,5,0,4,1
771-2,47,57,1.511860342,2.55,0,2.55,0,1,0,6,0,3,4
771-2,51,52,1.51043845,2.55,0,2.55,0,0,0,0,0,3,1
771-2,39,40,1.507903898,2.55,0,2.55,0,0,0,0,0,3,1
771-2,21,30,1.448970233,3.04,2,2.55,0,0,0,5,0,3,2
771-2,33,36,1.434217927,2.55,0,3.44,1,0,0,0,0,2,2
771-2,50,51,1.385923695,3.44,1,2.55,0,0,0,0,0,2,3
771-2,46,50,1.375645184,2.55,0,3.44,1,1,0,6,0,3,2
771-2,36,39,1.351917914,3.44,1,2.55,0,0,0,0,0,2,3
771-2,39,44,1.207480599,2.55,0,3.44,1,0,0,0,0,3,1
771-2,51,56,1.193944576,2.55,0,3.44,1,0,0,0,0,3,1
776-,17,19,1.593804156,2.55,0,2.55,0,0,0,5,5,4,4
776-,13,19,1.522648604,2.55,0,2.55,0,1,0,5,5,3,4
776-,16,17,1.51246453,2.55,0,2.55,0,0,0,6,5,2,4
776-,4,5,1.462422642,2.55,0,2.55,0,1,0,6,6,3,3
776-,17,18,1.458192534,2.55,0,3.44,1,0,0,5,6,4,2
776-,0,1,1.448435936,2.55,0,2.55,0,0,0,6,6,3,3
776-,17,20,1.447364847,2.55,0,3.04,2,0,0,5,5,4,3
776-,2,3,1.444092778,2.55,0,2.55,0,0,1,6,6,3,3
776-,0,5,1.438862389,2.55,0,2.55,0,0,0,6,6,3,3
776-,0,59,1.426374589,2.55,0,2.55,0,0,0,6,6,3,3
776-,3,4,1.422367365,2.55,0,2.55,0,1,1,6,6,3,3
776-,4,30,1.418276633,2.55,0,2.55,0,1,1,6,6,3,2
776-,3,48,1.416430031,2.55,0,2.55,0,1,1,6,6,3,2
776-,5,62,1.414923241,2.55,0,2.55,0,0,0,6,6,3,2
776-,44,46,1.408887641,2.55,0,2.55,0,1,1,6,6,2,2
776-,10,11,1.406270624,2.55,0,2.55,0,1,1,6,6,2,2
776-,13,14,1.405427602,2.55,0,2.55,0,1,1,5,5,3,3
776-,7,8,1.403779231,2.55,0,2.55,0,1,1,6,6,2,2
776-,60,61,1.40145306,2.55,0,2.55,0,0,0,6,6,2,2
776-,14,20,1.399540747,2.55,0,3.04,2,1,0,5,5,3,3
776-,7,14,1.399097612,2.55,0,2.55,0,1,1,6,5,2,3
776-,8,10,1.398285161,2.55,0,2.55,0,1,1,6,6,2,2
776-,2,15,1.39463758,2.55,0,3.04,2,0,0,6,6,3,2
776-,11,13,1.390058944,2.55,0,2.55,0,1,1,6,5,2,3
776-,30,44,1.385211691,2.55,0,2.55,0,1,1,6,6,2,2
776-,59,60,1.384679339,2.55,0,2.55,0,0,0,6,6,3,2
776-,46,48,1.383347209,2.55,0,2.55,0,1,1,6,6,2,2
776-,61,62,1.382519138,2.55,0,2.55,0,0,0,6,6,2,2
776-,1,2,1.381185519,2.55,0,2.55,0,0,0,6,6,3,3
776-,1,18,1.353847413,2.55,0,3.44,1,0,0,6,6,3,2
776-,15,16,1.27590581,3.04,2,2.55,0,0,0,6,6,2,2
776-,19,25,1.546377627,2.55,0,2.55,0,0,0,5,0,4,1
776-,19,21,1.535031602,2.55,0,2.55,0,0,0,5,0,4,1
776-,29,32,1.533225236,2.55,0,2.55,0,0,0,0,0,2,2
776-,38,39,1.508007088,2.55,0,2.55,0,0,0,0,0,3,1
776-,53,56,1.503521452,2.55,0,2.55,0,0,0,0,0,1,3
776-,20,29,1.453415823,3.04,2,2.55,0,0,0,5,0,3,2
776-,32,35,1.433339782,2.55,0,3.44,1,0,0,0,0,2,2
776-,52,59,1.388981703,3.44,1,2.55,0,0,0,0,6,2,3
776-,52,56,1.369370396,3.44,1,2.55,0,0,0,0,0,2,3
776-,35,38,1.350944709,3.44,1,2.55,0,0,0,0,0,2,3
776-,38,43,1.207650741,2.55,0,3.44,1,0,0,0,0,3,1
776-,56,57,1.201492544,2.55,0,3.44,1,0,0,0,0,3,1
777-,17,19,1.879797939,2.55,0,2.58,3,0,0,5,5,4,2
777-,13,19,1.769581836,2.55,0,2.58,3,1,0,5,5,3,2
778-,17,19,1.591857668,2.55,0,2.55,0,0,0,5,5,4,4
778-,13,19,1.522441165,2.55,0,2.55,0,1,0,5,5,3,4
778-,16,17,1.513818141,2.55,0,2.55,0,0,0,6,5,2,4
778-,4,5,1.464528827,2.55,0,2.55,0,1,1,6,6,3,3
778-,17,18,1.460725721,2.55,0,3.44,1,0,0,5,6,4,2
778-,17,20,1.447274135,2.55,0,3.04,2,0,0,5,5,4,3
778-,0,1,1.446566539,2.55,0,2.55,0,1,0,6,6,3,3
778-,2,3,1.442364404,2.55,0,2.55,0,0,1,6,6,3,3
778-,0,5,1.438484272,2.55,0,2.55,0,1,1,6,6,3,3
778-,0,58,1.422716001,2.55,0,2.55,0,1,1,6,6,3,3
778-,3,4,1.41990318,2.55,0,2.55,0,1,1,6,6,3,3
778-,3,47,1.414453734,2.55,0,2.55,0,1,1,6,6,3,2
778-,44,45,1.41307186,2.55,0,2.55,0,1,1,6,6,2,2
778-,10,11,1.406557368,2.55,0,2.55,0,1,1,6,6,2,2
778-,13,14,1.406378203,2.55,0,2.55,0,1,1,5,5,3,3
778-,59,60,1.404708301,2.55,0,2.55,0,1,1,6,6,2,2
778-,7,8,1.403564297,2.55,0,2.55,0,1,1,6,6,2,2
778-,7,14,1.398327763,2.55,0,2.55,0,1,1,6,5,2,3
778-,14,20,1.397629062,2.55,0,3.04,2,1,0,5,5,3,3
778-,8,10,1.397474973,2.55,0,2.55,0,1,1,6,6,2,2
778-,2,15,1.394204041,2.55,0,3.04,2,0,0,6,6,3,2
778-,11,13,1.389608479,2.55,0,2.55,0,1,1,6,5,2,3
778-,58,59,1.383159803,2.55,0,2.55,0,1,1,6,6,3,2
778-,45,47,1.381890383,2.55,0,2.55,0,1,1,6,6,2,2
778-,1,2,1.381489528,2.55,0,2.55,0,0,0,6,6,3,3
778-,1,18,1.352689419,2.55,0,3.44,1,0,0,6,6,3,2
778-,4,30,1.34846199,2.55,0,3.04,2,1,1,6,6,3,2
778-,5,61,1.345342039,2.55,0,3.04,2,1,1,6,6,3,2
778-,30,44,1.319448821,3.04,2,2.55,0,1,1,6,6,2,2
778-,60,61,1.317946389,2.55,0,3.04,2,1,1,6,6,2,2
778-,15,16,1.276564963,3.04,2,2.55,0,0,0,6,6,2,2
778-,19,21,1.546670204,2.55,0,2.55,0,0,0,5,0,4,1
778-,19,25,1.535099018,2.55,0,2.55,0,0,0,5,0,4,1
778-,29,32,1.526241992,2.55,0,2.55,0,0,0,0,0,2,2
778-,38,39,1.508949012,2.55,0,2.55,0,0,0,0,0,3,1
778-,52,55,1.502560109,2.55,0,2.55,0,0,0,0,0,1,3
778-,20,29,1.454295471,3.04,2,2.55,0,0,0,5,0,3,2
778-,32,35,1.430561394,2.55,0,3.44,1,0,0,0,0,2,2
778-,51,58,1.381958231,3.44,1,2.55,0,0,1,0,6,2,3
778-,51,55,1.373590435,3.44,1,2.55,0,0,0,0,0,2,3
778-,35,38,1.352008238,3.44,1,2.55,0,0,0,0,0,2,3
778-,38,43,1.205331377,2.55,0,3.44,1,0,0,0,0,3,1
778-,55,56,1.200178948,2.55,0,3.44,1,0,0,0,0,3,1
783-2,26,30,1.588231047,2.55,0,2.55,0,0,0,5,5,4,4
783-2,30,39,1.524737933,2.55,0,2.55,0,0,1,5,5,4,3
783-2,25,26,1.50842794,2.55,0,2.55,0,0,0,6,5,2,4
783-2,11,12,1.475412416,2.55,0,2.55,0,0,0,6,6,3,3
783-2,3,10,1.471548716,2.55,0,2.55,0,0,0,6,6,3,3
783-2,26,29,1.470329442,2.55,0,3.04,2,0,0,5,5,4,3
783-2,0,24,1.455842924,2.55,0,2.55,0,0,0,6,6,3,2
783-2,2,3,1.450430611,2.55,0,2.55,0,0,0,6,6,3,3
783-2,0,1,1.43954062,2.55,0,2.55,0,0,0,6,6,3,3
783-2,1,2,1.438561597,2.55,0,2.55,0,0,0,6,6,3,3
783-2,23,26,1.42955176,3.44,1,2.55,0,0,0,6,5,2,4
783-2,2,6,1.422834663,2.55,0,2.55,0,0,0,6,6,3,2
783-2,4,5,1.421793172,2.55,0,2.55,0,0,0,6,6,3,3
783-2,10,11,1.420076978,2.55,0,2.55,0,0,0,6,6,3,3
783-2,1,9,1.41876803,2.55,0,2.55,0,0,0,6,6,3,2
783-2,10,14,1.414630272,2.55,0,2.55,0,0,0,6,6,3,2
783-2,39,40,1.411427346,2.55,0,2.55,0,1,1,5,5,3,3
783-2,7,8,1.409312323,2.55,0,2.55,0,0,0,6,6,2,3
783-2,54,55,1.407899255,2.55,0,2.55,0,1,1,6,6,2,2
783-2,11,17,1.404425327,2.55,0,2.55,0,0,0,6,6,3,2
783-2,56,57,1.404366893,2.55,0,2.55,0,1,1,6,6,2,2
783-2,15,16,1.402274582,2.55,0,2.55,0,0,0,6,6,2,2
783-2,40,57,1.399104753,2.55,0,2.55,0,1,1,5,6,3,2
783-2,55,56,1.396336104,2.55,0,2.55,0,1,1,6,6,2,2
783-2,3,4,1.393363996,2.55,0,2.55,0,0,0,6,6,3,3
783-2,14,15,1.392394889,2.55,0,2.55,0,0,0,6,6,2,2
783-2,16,17,1.389482169,2.55,0,2.55,0,0,0,6,6,2,2
783-2,29,40,1.388410825,3.04,2,2.55,0,0,1,5,5,3,3
783-2,39,54,1.387519856,2.55,0,2.55,0,1,1,5,6,3,2
783-2,0,5,1.385273509,2.55,0,2.55,0,0,0,6,6,3,3
783-2,6,7,1.38150602,2.55,0,2.55,0,0,0,6,6,2,2
783-2,8,9,1.379434096,2.55,0,2.55,0,0,0,6,6,3,2
783-2,12,13,1.374673442,2.55,0,3.44,1,0,0,6,6,3,2
783-2,4,13,1.357717031,2.55,0,3.44,1,0,0,6,6,3,2
783-2,5,23,1.352641256,2.55,0,3.44,1,0,0,6,6,3,2
783-2,24,25,1.345546948,2.55,0,2.55,0,0,0,6,6,2,2
783-2,30,31,1.546588968,2.55,0,2.55,0,0,0,5,0,4,1
783-2,41,42,1.536198433,2.55,0,2.55,0,0,0,0,0,2,2
783-2,30,35,1.53394814,2.55,0,2.55,0,0,0,5,0,4,1
783-2,48,49,1.508953008,2.55,0,2.55,0,0,0,0,0,3,1
783-2,66,67,1.507813596,2.55,0,2.55,0,0,0,0,0,3,1
783-2,29,41,1.443700254,3.04,2,2.55,0,0,0,5,0,3,2
783-2,42,45,1.43567163,2.55,0,3.44,1,0,0,0,0,2,2
783-2,8,65,1.388693649,2.55,0,3.44,1,0,0,6,0,3,2
783-2,65,66,1.367458075,3.44,1,2.55,0,0,0,0,0,2,3
783-2,45,48,1.350353656,3.44,1,2.55,0,0,0,0,0,2,3
783-2,48,53,1.207232467,2.55,0,3.44,1,0,0,0,0,3,1
783-2,12,22,1.202419839,2.55,0,3.44,1,0,0,6,0,3,1
783-2,66,71,1.20046119,2.55,0,3.44,1,0,0,0,0,3,1
786-2,0,42,1.78275531,2.55,0,2.58,3,1,1,5,5,3,2
786-2,42,43,1.744977556,2.58,3,2.55,0,1,1,5,5,2,3
787-2,14,16,1.592213548,2.55,0,2.55,0,0,0,5,5,4,4
787-2,41,43,1.589145146,2.55,0,2.55,0,0,0,5,5,3,3
787-2,10,16,1.522229584,2.55,0,2.55,0,1,0,5,5,3,4
787-2,13,14,1.50361392,2.55,0,2.55,0,0,0,6,5,2,4
787-2,14,15,1.472635891,2.55,0,3.44,1,0,0,5,6,4,2
787-2,40,41,1.46282707,3.04,2,2.55,0,0,0,5,5,2,3
787-2,42,43,1.446152628,3.44,1,2.55,0,0,0,5,5,2,3
787-2,14,17,1.443945747,2.55,0,3.04,2,0,0,5,5,4,3
787-2,2,12,1.437854393,2.55,0,2.55,0,0,0,6,6,2,3
787-2,7,8,1.405740946,2.55,0,2.55,0,1,1,6,6,2,2
787-2,11,17,1.404966317,2.55,0,3.04,2,1,0,5,5,3,3
787-2,44,51,1.40472746,2.55,0,2.55,0,1,1,6,6,3,2
787-2,4,5,1.403988225,2.55,0,2.55,0,1,1,6,6,2,2
787-2,10,11,1.403820029,2.55,0,2.55,0,1,1,5,5,3,3
787-2,44,52,1.402540298,2.55,0,2.55,0,1,1,6,6,3,2
787-2,61,63,1.401244212,2.55,0,2.55,0,0,0,6,6,3,2
787-2,61,64,1.400697282,2.55,0,2.55,0,0,0,6,6,3,2
787-2,53,55,1.398661783,2.55,0,2.55,0,1,1,6,6,2,2
787-2,52,54,1.398459034,2.55,0,2.55,0,1,1,6,6,2,2
787-2,64,65,1.397631374,2.55,0,2.55,0,0,0,6,6,2,2
787-2,5,7,1.397611534,2.55,0,2.55,0,1,1,6,6,2,2
787-2,4,11,1.397357121,2.55,0,2.55,0,1,1,6,5,2,3
787-2,54,55,1.397321839,2.55,0,2.55,0,1,1,6,6,2,2
787-2,65,67,1.396854299,2.55,0,2.55,0,0,0,6,6,2,2
787-2,51,53,1.396718116,2.55,0,2.55,0,1,1,6,6,2,2
787-2,66,67,1.395978822,2.55,0,2.55,0,0,0,6,6,3,2
787-2,63,66,1.39471915,2.55,0,2.55,0,0,0,6,6,2,3
787-2,8,10,1.388992571,2.55,0,2.55,0,1,1,6,5,2,3
787-2,0,42,1.360389174,2.55,0,3.44,1,0,0,5,5,3,2
787-2,1,2,1.359174114,2.55,0,2.55,0,0,0,6,6,3,2
787-2,12,13,1.347941382,2.55,0,2.55,0,0,0,6,6,3,2
787-2,1,15,1.340546025,2.55,0,3.44,1,0,0,6,6,3,2
787-2,0,40,1.273607406,2.55,0,3.04,2,0,0,5,5,3,2
787-2,16,18,1.54538903,2.55,0,2.55,0,0,0,5,0,4,1
787-2,26,27,1.53383714,2.55,0,2.55,0,0,0,0,0,2,2
787-2,16,22,1.533563703,2.55,0,2.55,0,0,0,5,0,4,1
787-2,43,44,1.516627117,2.55,0,2.55,0,0,1,5,6,3,3
787-2,41,61,1.513255665,2.55,0,2.55,0,0,0,5,6,3,3
787-2,33,34,1.507882203,2.55,0,2.55,0,0,0,0,0,3,1
787-2,73,74,1.507302791,2.55,0,2.55,0,0,0,0,0,1,3
787-2,12,47,1.485745399,2.55,0,3.04,2,0,0,6,0,3,3
787-2,0,1,1.474158756,2.55,0,2.55,0,0,0,5,6,3,3
787-2,17,26,1.450866586,3.04,2,2.55,0,0,0,5,0,3,2
787-2,27,30,1.433014793,2.55,0,3.44,1,0,0,0,0,2,2
787-2,66,72,1.39198857,2.55,0,3.44,1,0,0,6,0,3,2
787-2,72,74,1.365082658,3.44,1,2.55,0,0,0,0,0,2,3
787-2,30,33,1.352061535,3.44,1,2.55,0,0,0,0,0,2,3
787-2,47,48,1.219641308,3.04,2,3.44,1,0,0,0,0,3,1
787-2,47,49,1.219482105,3.04,2,3.44,1,0,0,0,0,3,1
787-2,33,38,1.207341883,2.55,0,3.44,1,0,0,0,0,3,1
787-2,74,75,1.202346882,2.55,0,3.44,1,0,0,0,0,3,1
787-3,41,43,1.594584458,2.55,0,2.55,0,0,0,5,5,3,3
787-3,14,16,1.590331802,2.55,0,2.55,0,0,0,5,5,4,4
787-3,10,16,1.522286092,2.55,0,2.55,0,1,0,5,5,3,4
787-3,13,14,1.50333895,2.55,0,2.55,0,0,0,6,5,2,4
787-3,14,15,1.472333532,2.55,0,3.44,1,0,0,5,6,4,2
787-3,40,41,1.46376801,3.04,2,2.55,0,0,0,5,5,2,3
787-3,14,17,1.444566928,2.55,0,3.04,2,0,0,5,5,4,3
787-3,42,43,1.444268522,3.44,1,2.55,0,0,0,5,5,2,3
787-3,2,12,1.438006318,2.55,0,2.55,0,0,0,6,6,2,3
787-3,11,17,1.406242327,2.55,0,3.04,2,1,0,5,5,3,3
787-3,7,8,1.405685149,2.55,0,2.55,0,1,1,6,6,2,2
787-3,4,5,1.404072257,2.55,0,2.55,0,1,1,6,6,2,2
787-3,10,11,1.403644097,2.55,0,2.55,0,1,1,5,5,3,3
787-3,44,51,1.402850611,2.55,0,2.55,0,1,1,6,6,3,2
787-3,61,64,1.402619007,2.55,0,2.55,0,1,1,6,6,3,2
787-3,44,52,1.402402537,2.55,0,2.55,0,1,1,6,6,3,2
787-3,65,67,1.400542708,2.55,0,2.55,0,1,1,6,6,2,3
787-3,61,63,1.400515737,2.55,0,2.55,0,1,1,6,6,3,2
787-3,66,67,1.400500714,2.55,0,2.55,0,1,1,6,6,2,3
787-3,54,55,1.398592405,2.55,0,2.55,0,1,1,6,6,2,2
787-3,63,66,1.398368114,2.55,0,2.55,0,1,1,6,6,2,2
787-3,53,55,1.398006036,2.55,0,2.55,0,1,1,6,6,2,2
787-3,5,7,1.397561726,2.55,0,2.55,0,1,1,6,6,2,2
787-3,51,53,1.3974195,2.55,0,2.55,0,1,1,6,6,2,2
787-3,4,11,1.397238229,2.55,0,2.55,0,1,1,6,5,2,3
787-3,52,54,1.397202263,2.55,0,2.55,0,1,1,6,6,2,2
787-3,64,65,1.393084024,2.55,0,2.55,0,1,1,6,6,2,2
787-3,8,10,1.388965406,2.55,0,2.55,0,1,1,6,5,2,3
787-3,0,42,1.359215444,2.55,0,3.44,1,0,0,5,5,3,2
787-3,1,2,1.358871688,2.55,0,2.55,0,0,0,6,6,3,2
787-3,12,13,1.348436152,2.55,0,2.55,0,0,0,6,6,3,2
787-3,1,15,1.340997213,2.55,0,3.44,1,0,0,6,6,3,2
787-3,0,40,1.273834789,2.55,0,3.04,2,0,0,5,5,3,2
787-3,16,18,1.545936051,2.55,0,2.55,0,0,0,5,0,4,1
787-3,26,27,1.533429092,2.55,0,2.55,0,0,0,0,0,2,2
787-3,16,22,1.533071552,2.55,0,2.55,0,0,0,5,0,4,1
787-3,41,61,1.519915208,2.55,0,2.55,0,0,1,5,6,3,3
787-3,72,73,1.509451226,2.55,0,2.55,0,0,0,0,0,1,3
787-3,33,34,1.507824204,2.55,0,2.55,0,0,0,0,0,3,1
787-3,43,44,1.507364466,2.55,0,2.55,0,0,1,5,6,3,3
787-3,12,47,1.485617465,2.55,0,3.04,2,0,0,6,0,3,3
787-3,0,1,1.474592126,2.55,0,2.55,0,0,0,5,6,3,3
787-3,17,26,1.451371472,3.04,2,2.55,0,0,0,5,0,3,2
787-3,27,30,1.433616163,2.55,0,3.44,1,0,0,0,0,2,2
787-3,67,76,1.387724565,2.55,0,3.44,1,1,0,6,0,3,2
787-3,73,76,1.360642213,2.55,0,3.44,1,0,0,0,0,3,2
787-3,30,33,1.351799378,3.44,1,2.55,0,0,0,0,0,2,3
787-3,47,48,1.219600799,3.04,2,3.44,1,0,0,0,0,3,1
787-3,47,49,1.219515678,3.04,2,3.44,1,0,0,0,0,3,1
787-3,33,38,1.207425027,2.55,0,3.44,1,0,0,0,0,3,1
787-3,73,74,1.20270561,2.55,0,3.44,1,0,0,0,0,3,1
78i-,19,21,1.591858718,2.55,0,2.55,0,0,0,5,5,4,4
78i-,15,21,1.523116041,2.55,0,2.55,0,1,0,5,5,3,4
78i-,18,19,1.511682849,2.55,0,2.55,0,0,0,6,5,2,4
78i-,19,22,1.473325999,2.55,0,3.04,2,0,0,5,5,4,3
78i-,2,17,1.455594259,2.55,0,2.55,0,1,0,6,6,3,2
78i-,19,20,1.432896453,2.55,0,3.44,1,0,0,5,6,4,2
78i-,15,16,1.410616684,2.55,0,2.55,0,1,1,5,5,3,3
78i-,1,2,1.408602359,2.55,0,2.55,0,1,1,6,6,3,3
78i-,12,13,1.407521671,2.55,0,2.55,0,1,1,6,6,2,2
78i-,2,3,1.404710644,2.55,0,2.55,0,1,1,6,6,3,2
78i-,9,10,1.404339036,2.55,0,2.55,0,1,1,6,6,2,2
78i-,0,1,1.404056107,2.55,0,2.55,0,1,1,6,6,3,3
78i-,9,16,1.399684004,2.55,0,2.55,0,1,1,6,5,2,3
78i-,5,6,1.399045214,2.55,0,2.55,0,1,1,6,6,2,2
78i-,10,12,1.396429407,2.55,0,2.55,0,1,1,6,6,2,2
78i-,3,5,1.394222152,2.55,0,2.55,0,1,1,6,6,2,2
78i-,0,6,1.394096135,2.55,0,2.55,0,1,1,6,6,3,2
78i-,16,22,1.389698625,2.55,0,3.04,2,1,0,5,5,3,3
78i-,13,15,1.387522587,2.55,0,2.55,0,1,1,6,5,2,3
78i-,1,20,1.356726828,2.55,0,3.44,1,1,0,6,6,3,2
78i-,17,18,1.342683557,2.55,0,2.55,0,0,0,6,6,2,2
78i-,21,23,1.546162008,2.55,0,2.55,0,0,0,5,0,4,1
78i-,21,27,1.53365504,2.55,0,2.55,0,0,0,5,0,4,1
78i-,38,43,1.531565377,2.55,0,2.55,0,0,0,0,0,2,2
78i-,49,50,1.509784988,2.55,0,2.55,0,0,0,0,0,3,1
78i-,32,33,1.50585165,2.55,0,2.55,0,0,0,0,0,3,1
78i-,22,38,1.443574356,3.04,2,2.55,0,0,0,5,0,3,2
78i-,43,46,1.433715451,2.55,0,3.44,1,0,0,0,0,2,2
78i-,0,31,1.386689718,2.55,0,3.44,1,1,0,6,0,3,2
78i-,31,32,1.368873934,3.44,1,2.55,0,0,0,0,0,2,3
78i-,46,49,1.350694034,3.44,1,2.55,0,0,0,0,0,2,3
78i-,49,54,1.205475325,2.55,0,3.44,1,0,0,0,0,3,1
78i-,32,37,1.200312051,2.55,0,3.44,1,0,0,0,0,3,1
79-,19,21,1.592082614,2.55,0,2.55,0,0,0,5,5,4,4
79-,15,21,1.523547351,2.55,0,2.55,0,1,0,5,5,3,4
79-,18,19,1.511937407,2.55,0,2.55,0,0,0,6,5,2,4
79-,19,22,1.472147443,2.55,0,3.04,2,0,0,5,5,4,3
79-,2,17,1.456326044,2.55,0,2.55,0,1,0,6,6,3,2
79-,19,20,1.434207705,2.55,0,3.44,1,0,0,5,6,4,2
79-,15,16,1.410268744,2.55,0,2.55,0,1,1,5,5,3,3
79-,1,2,1.408034807,2.55,0,2.55,0,1,1,6,6,3,3
79-,12,13,1.407512151,2.55,0,2.55,0,1,1,6,6,2,2
79-,0,1,1.404573154,2.55,0,2.55,0,1,1,6,6,3,3
79-,9,10,1.404436362,2.55,0,2.55,0,1,1,6,6,2,2
79-,2,3,1.404380033,2.55,0,2.55,0,1,1,6,6,3,2
79-,9,16,1.399304635,2.55,0,2.55,0,1,1,6,5,2,3
79-,5,6,1.398063989,2.55,0,2.55,0,1,1,6,6,3,2
79-,10,12,1.39632755,2.55,0,2.55,0,1,1,6,6,2,2
79-,0,6,1.39422861,2.55,0,2.55,0,1,1,6,6,3,2
79-,3,5,1.393191858,2.55,0,2.55,0,1,1,6,6,2,3
79-,16,22,1.39092415,2.55,0,3.04,2,1,0,5,5,3,3
79-,13,15,1.387638284,2.55,0,2.55,0,1,1,6,5,2,3
79-,1,20,1.354204095,2.55,0,3.44,1,1,0,6,6,3,2
79-,17,18,1.342548592,2.55,0,2.55,0,0,0,6,6,2,2
79-,21,23,1.54626036,2.55,0,2.55,0,0,0,5,0,4,1
79-,21,27,1.533199902,2.55,0,2.55,0,0,0,5,0,4,1
79-,38,42,1.53171044,2.55,0,2.55,0,0,0,0,0,2,2
79-,48,49,1.509282381,2.55,0,2.55,0,0,0,0,0,3,1
79-,32,33,1.504806531,2.55,0,2.55,0,0,0,0,0,3,1
79-,22,38,1.444487106,3.04,2,2.55,0,0,0,5,0,3,2
79-,42,45,1.433461897,2.55,0,3.44,1,0,0,0,0,2,2
79-,0,31,1.383689006,2.55,0,3.44,1,1,0,6,0,3,2
79-,31,32,1.371718798,3.44,1,2.55,0,0,0,0,0,2,3
79-,45,48,1.351476849,3.44,1,2.55,0,0,0,0,0,2,3
79-,48,53,1.205424217,2.55,0,3.44,1,0,0,0,0,3,1
79-,32,37,1.19970066,2.55,0,3.44,1,0,0,0,0,3,1
79-2,19,21,1.588998905,2.55,0,2.55,0,0,0,5,5,4,4
79-2,15,21,1.522860669,2.55,0,2.55,0,1,0,5,5,3,4
79-2,18,19,1.505989809,2.55,0,2.55,0,0,0,6,5,2,4
79-2,19,20,1.460316608,2.55,0,3.44,1,0,0,5,6,4,2
79-2,2,17,1.455334913,2.55,0,2.55,0,0,0,6,6,3,2
79-2,19,22,1.454523631,2.55,0,3.04,2,0,0,5,5,4,3
79-2,2,3,1.407538082,2.55,0,2.55,0,0,0,6,6,3,2
79-2,12,13,1.406584249,2.55,0,2.55,0,1,1,6,6,2,2
79-2,15,16,1.406021603,2.55,0,2.55,0,1,1,5,5,3,3
79-2,5,6,1.405108053,2.55,0,2.55,0,0,0,6,6,3,2
79-2,0,1,1.405086218,2.55,0,2.55,0,0,0,6,6,3,3
79-2,1,2,1.40452241,2.55,0,2.55,0,0,0,6,6,3,3
79-2,9,10,1.404213931,2.55,0,2.55,0,1,1,6,6,2,2
79-2,16,22,1.403380605,2.55,0,3.04,2,1,0,5,5,3,3
79-2,9,16,1.398399129,2.55,0,2.55,0,1,1,6,5,2,3
79-2,10,12,1.397844535,2.55,0,2.55,0,1,1,6,6,2,2
79-2,3,5,1.396636477,2.55,0,2.55,0,0,0,6,6,2,3
79-2,0,6,1.390315372,2.55,0,2.55,0,0,0,6,6,3,2
79-2,13,15,1.388971329,2.55,0,2.55,0,1,1,6,5,2,3
79-2,1,20,1.352149061,2.55,0,3.44,1,0,0,6,6,3,2
79-2,17,18,1.346443974,2.55,0,2.55,0,0,0,6,6,2,2
79-2,21,23,1.546319775,2.55,0,2.55,0,0,0,5,0,4,1
79-2,21,27,1.532531741,2.55,0,2.55,0,0,0,5,0,4,1
79-2,31,39,1.531943579,2.55,0,2.55,0,0,0,0,0,2,2
79-2,45,46,1.508701824,2.55,0,2.55,0,0,0,0,0,3,1
79-2,33,34,1.504217456,2.55,0,2.55,0,0,0,0,0,3,1
79-2,22,31,1.453522576,3.04,2,2.55,0,0,0,5,0,3,2
79-2,39,42,1.434999175,2.55,0,3.44,1,0,0,0,0,2,2
79-2,0,32,1.384520718,2.55,0,3.44,1,0,0,6,0,3,2
79-2,32,33,1.371832414,3.44,1,2.55,0,0,0,0,0,2,3
79-2,5,52,1.361815786,2.55,0,3.44,1,0,0,6,0,3,1
79-2,42,45,1.350512996,3.44,1,2.55,0,0,0,0,0,2,3
79-2,45,50,1.207419461,2.55,0,3.44,1,0,0,0,0,3,1
79-2,33,38,1.200399004,2.55,0,3.44,1,0,0,0,0,3,1
806-2,17,19,1.598519497,2.55,0,2.55,0,0,0,5,5,4,4
806-2,13,19,1.516698021,2.55,0,2.55,0,1,0,5,5,3,4
806-2,16,17,1.514622154,2.55,0,2.55,0,0,0,6,5,2,4
806-2,17,20,1.484072617,2.55,0,3.04,2,0,0,5,5,4,3
806-2,2,15,1.454096112,2.55,0,2.55,0,0,0,6,6,3,2
806-2,17,18,1.44706281,2.55,0,3.44,1,0,0,5,6,4,2
806-2,72,75,1.41612432,2.55,0,2.55,0,0,0,6,6,3,2
806-2,75,76,1.409527783,2.55,0,2.55,0,0,0,6,6,2,3
806-2,0,1,1.408063159,2.55,0,2.55,0,0,0,6,6,3,3
806-2,99,106,1.407825579,2.55,0,2.55,0,0,0,6,6,2,3
806-2,76,79,1.406814999,2.55,0,2.55,0,0,0,6,6,3,3
806-2,97,103,1.406434785,2.55,0,2.55,0,0,0,6,6,3,3
806-2,14,20,1.40592532,2.55,0,3.04,2,1,0,5,5,3,3
806-2,113,114,1.404933546,2.55,0,2.55,0,1,1,6,6,2,3
806-2,97,99,1.404378123,2.55,0,2.55,0,0,0,6,6,3,2
806-2,0,5,1.404208807,2.55,0,2.55,0,0,0,6,6,3,2
806-2,72,77,1.403814188,2.55,0,2.55,0,0,0,6,6,3,2
806-2,59,62,1.403499635,2.55,0,2.55,0,0,0,6,6,3,2
806-2,7,8,1.402801744,2.55,0,2.55,0,1,1,6,6,2,2
806-2,111,113,1.402710295,2.55,0,2.55,0,1,1,6,6,3,2
806-2,62,63,1.402180891,2.55,0,2.55,0,0,0,6,6,2,3
806-2,59,66,1.401669735,2.55,0,2.55,0,0,0,6,6,3,2
806-2,4,5,1.401235015,2.55,0,2.55,0,0,0,6,6,3,2
806-2,109,111,1.401185453,2.55,0,2.55,0,1,1,6,6,2,3
806-2,106,115,1.401080558,2.55,0,2.55,0,0,0,6,6,3,2
806-2,103,107,1.400893691,2.55,0,2.55,0,0,0,6,6,3,2
806-2,3,4,1.400824758,2.55,0,2.55,0,0,0,6,6,2,3
806-2,63,64,1.400275884,2.55,0,2.55,0,0,0,6,6,3,2
806-2,1,2,1.39971348,2.55,0,2.55,0,0,0,6,6,3,3
806-2,8,10,1.399691106,2.55,0,2.55,0,1,1,6,6,2,3
806-2,112,114,1.399670993,2.55,0,2.55,0,1,1,6,6,2,3
806-2,2,3,1.399242008,2.55,0,2.55,0,0,0,6,6,3,2
806-2,13,14,1.398439455,2.55,0,2.55,0,1,1,5,5,3,3
806-2,10,11,1.398147658,2.55,0,2.55,0,1,1,6,6,3,2
806-2,65,66,1.395536777,2.55,0,2.55,0,0,0,6,6,2,2
806-2,109,110,1.395179974,2.55,0,2.55,0,1,1,6,6,2,2
806-2,107,115,1.394972005,2.55,0,2.55,0,0,0,6,6,2,2
806-2,64,65,1.394164226,2.55,0,2.55,0,0,0,6,6,2,2
806-2,110,112,1.394059928,2.55,0,2.55,0,1,1,6,6,2,2
806-2,11,13,1.392201476,2.55,0,2.55,0,1,1,6,5,2,3
806-2,78,79,1.391688513,2.55,0,2.55,0,0,0,6,6,2,3
806-2,77,78,1.388773644,2.55,0,2.55,0,0,0,6,6,2,2
806-2,7,14,1.386815054,2.55,0,2.55,0,1,1,6,5,2,3
806-2,1,18,1.365279662,2.55,0,3.44,1,0,0,6,6,3,2
806-2,15,16,1.337233626,2.55,0,2.55,0,0,0,6,6,2,2
806-2,19,21,1.542078084,2.55,0,2.55,0,0,0,5,0,4,1
806-2,19,25,1.533994996,2.55,0,2.55,0,0,0,5,0,4,1
806-2,29,43,1.53314043,2.55,0,2.55,0,0,0,0,0,2,2
806-2,106,116,1.519493598,2.55,0,2.55,0,0,0,6,0,3,2
806-2,36,37,1.519094034,2.55,0,2.55,0,0,0,0,0,2,1
806-2,71,72,1.517975735,2.55,0,2.55,0,0,0,0,6,2,3
806-2,111,116,1.514165623,2.55,0,2.55,0,1,0,6,0,3,2
806-2,0,34,1.512415603,2.55,0,2.55,0,0,0,6,0,3,2
806-2,63,71,1.509335673,2.55,0,2.55,0,0,0,6,0,3,2
806-2,52,59,1.507762182,2.55,0,2.55,0,0,0,0,6,2,3
806-2,108,114,1.505288816,2.55,0,2.55,0,0,1,0,6,2,3
806-2,85,86,1.502182567,2.55,0,2.55,0,0,0,0,0,3,1
806-2,96,98,1.500754905,2.55,0,2.55,0,0,0,0,0,1,3
806-2,4,130,1.469191268,2.55,0,3.04,2,0,0,6,0,3,3
806-2,20,29,1.456996248,3.04,2,2.55,0,0,0,5,0,3,2
806-2,108,126,1.441551161,2.55,0,3.04,2,0,0,0,0,2,2
806-2,51,52,1.439272574,3.04,2,2.55,0,0,0,0,0,2,2
806-2,43,46,1.437708343,2.55,0,3.44,1,0,0,0,0,2,2
806-2,34,53,1.429855254,2.55,0,3.44,1,0,0,0,0,2,2
806-2,33,36,1.427090389,3.44,1,2.55,0,0,0,0,0,2,2
806-2,79,84,1.414170702,2.55,0,3.44,1,0,0,6,0,3,2
806-2,101,103,1.413732629,3.44,1,2.55,0,0,0,0,6,2,3
806-2,76,83,1.412407042,2.55,0,3.04,2,0,0,6,0,3,2
806-2,94,97,1.411164749,3.04,2,2.55,0,0,0,0,6,2,3
806-2,98,101,1.394596507,2.55,0,3.44,1,0,0,0,0,3,2
806-2,84,85,1.390945754,3.44,1,2.55,0,0,0,0,0,2,3
806-2,10,33,1.368973536,2.55,0,3.44,1,1,0,6,0,3,2
806-2,54,126,1.359948483,2.55,0,3.04,2,0,0,0,0,3,2
806-2,50,51,1.356651716,2.55,0,3.04,2,0,0,0,0,3,2
806-2,53,54,1.355870296,3.44,1,2.55,0,0,0,0,0,2,3
806-2,46,50,1.35417697,3.44,1,2.55,0,0,0,0,0,2,3
806-2,130,132,1.239059101,3.04,2,3.44,1,0,0,0,0,3,1
806-2,130,131,1.239058205,3.04,2,3.44,1,0,0,0,0,3,1
806-2,85,90,1.227837653,2.55,0,3.44,1,0,0,0,0,3,1
806-2,98,100,1.227236591,2.55,0,3.44,1,0,0,0,0,3,1
806-2,54,55,1.223834742,2.55,0,3.44,1,0,0,0,0,3,1
806-2,49,50,1.221159514,3.44,1,2.55,0,0,0,0,0,1,3
806-2,105,123,1.175616963,2.55,0,3.44,1,0,0,0,0,2,1
806-2,91,92,1.174760251,2.55,0,3.44,1,0,0,0,0,2,1
806-2,83,91,1.171798765,3.04,2,2.55,0,0,0,0,0,2,2
806-2,94,105,1.171110743,3.04,2,2.55,0,0,0,0,0,2,2
813-2,17,19,1.589923977,2.55,0,2.55,0,0,0,5,5,4,4
813-2,13,19,1.521584121,2.55,0,2.55,0,0,0,5,5,3,4
813-2,16,17,1.520619175,2.55,0,2.55,0,0,0,6,5,2,4
813-2,53,55,1.452243458,2.55,0,2.55,0,1,1,5,5,3,3
813-2,17,18,1.452144683,2.55,0,3.44,1,0,0,5,6,4,2
813-2,17,20,1.450644363,2.55,0,3.04,2,0,0,5,5,4,3
813-2,60,61,1.417146866,2.55,0,2.55,0,1,1,6,6,3,2
813-2,51,53,1.414740581,2.55,0,2.55,0,1,1,5,5,3,3
813-2,45,47,1.414352314,2.55,0,2.55,0,1,1,6,6,3,2
813-2,4,5,1.412707512,2.55,0,2.55,0,0,0,6,6,2,3
813-2,54,55,1.411744155,2.55,0,2.55,0,1,1,5,5,3,3
813-2,56,60,1.409368756,2.55,0,2.55,0,1,1,6,6,2,3
813-2,1,2,1.408321622,2.55,0,2.55,0,0,0,6,6,3,3
813-2,0,5,1.407725876,2.55,0,2.55,0,0,0,6,6,2,3
813-2,45,49,1.407056666,2.55,0,2.55,0,1,1,6,6,3,2
813-2,13,14,1.406027655,2.55,0,2.55,0,0,0,5,5,3,3
813-2,10,11,1.405730244,2.55,0,2.55,0,0,0,6,6,2,2
813-2,7,8,1.403806974,2.55,0,2.55,0,0,0,6,6,2,2
813-2,14,20,1.402134304,2.55,0,3.04,2,0,0,5,5,3,3
813-2,2,3,1.401921832,2.55,0,2.55,0,0,0,6,6,3,2
813-2,55,58,1.401546953,2.55,0,2.55,0,1,1,5,6,3,2
813-2,2,15,1.399126831,2.55,0,3.04,2,0,0,6,6,3,2
813-2,50,53,1.398793867,2.55,0,2.55,0,1,1,6,5,2,3
813-2,7,14,1.397982906,2.55,0,2.55,0,0,0,6,5,2,3
813-2,47,50,1.397475593,2.55,0,2.55,0,1,1,6,6,2,2
813-2,8,10,1.39735654,2.55,0,2.55,0,0,0,6,6,2,2
813-2,0,1,1.39565699,2.55,0,2.55,0,0,0,6,6,2,3
813-2,58,61,1.394516424,2.55,0,2.55,0,1,1,6,6,2,2
813-2,3,4,1.391808102,2.55,0,2.55,0,0,0,6,6,2,2
813-2,11,13,1.388935163,2.55,0,2.55,0,0,0,6,5,2,3
813-2,54,56,1.387413617,2.55,0,2.55,0,1,1,5,6,3,2
813-2,49,51,1.385731794,2.55,0,2.55,0,1,1,6,5,2,3
813-2,54,73,1.372488758,2.55,0,3.44,1,1,1,5,5,3,2
813-2,51,73,1.369262771,2.55,0,3.44,1,1,1,5,5,3,2
813-2,1,18,1.358278406,2.55,0,3.44,1,0,0,6,6,3,2
813-2,15,16,1.276955879,3.04,2,2.55,0,0,0,6,6,2,2
813-2,19,21,1.546468769,2.55,0,2.55,0,0,0,5,0,4,1
813-2,19,25,1.533566501,2.55,0,2.55,0,0,0,5,0,4,1
813-2,29,33,1.522576212,2.55,0,2.55,0,0,0,0,0,2,2
813-2,65,66,1.517180175,2.55,0,2.55,0,0,0,0,0,2,1
813-2,39,40,1.508920175,2.55,0,2.55,0,0,0,0,0,3,1
813-2,5,60,1.48718777,2.55,0,2.55,0,0,1,6,6,3,3
813-2,20,29,1.454165514,3.04,2,2.55,0,0,0,5,0,3,2
813-2,33,36,1.432483303,2.55,0,3.44,1,0,0,0,0,2,2
813-2,64,65,1.420016471,3.44,1,2.55,0,0,0,0,0,2,2
813-2,45,64,1.355971626,2.55,0,3.44,1,1,0,6,0,3,2
813-2,36,39,1.354264518,3.44,1,2.55,0,0,0,0,0,2,3
813-2,39,44,1.204915112,2.55,0,3.44,1,0,0,0,0,3,1
814-2,17,19,1.591509383,2.55,0,2.55,0,0,0,5,5,4,4
814-2,16,17,1.524566152,2.55,0,2.55,0,0,0,6,5,2,4
814-2,13,19,1.523638873,2.55,0,2.55,0,1,0,5,5,3,4
814-2,17,20,1.467671789,2.55,0,3.04,2,0,0,5,5,4,3
814-2,53,55,1.449907249,2.55,0,2.55,0,1,1,5,5,3,3
814-2,17,18,1.42433617,2.55,0,3.44,1,0,0,5,6,4,2
814-2,54,55,1.423770847,2.55,0,2.55,0,1,1,5,5,3,3
814-2,51,53,1.423096677,2.55,0,2.55,0,1,1,5,5,3,3
814-2,60,61,1.417675908,2.55,0,2.55,0,1,1,6,6,3,2
814-2,4,5,1.412074609,2.55,0,2.55,0,1,1,6,6,2,3
814-2,13,14,1.409641027,2.55,0,2.55,0,1,1,5,5,3,3
814-2,45,47,1.408624799,2.55,0,2.55,0,1,1,6,6,2,2
814-2,0,5,1.407415594,2.55,0,2.55,0,1,1,6,6,2,3
814-2,10,11,1.407190079,2.55,0,2.55,0,1,1,6,6,2,2
814-2,1,2,1.406836471,2.55,0,2.55,0,1,1,6,6,3,3
814-2,56,60,1.405653556,2.55,0,2.55,0,1,1,6,6,2,3
814-2,7,8,1.404006538,2.55,0,2.55,0,1,1,6,6,2,2
814-2,50,53,1.403021403,2.55,0,2.55,0,1,1,6,5,2,3
814-2,2,3,1.40243412,2.55,0,2.55,0,1,1,6,6,3,2
814-2,55,58,1.401941924,2.55,0,2.55,0,1,1,5,6,3,2
814-2,49,51,1.401643945,2.55,0,2.55,0,1,1,6,5,2,3
814-2,2,15,1.399563254,2.55,0,3.04,2,1,0,6,6,3,2
814-2,7,14,1.399428897,2.55,0,2.55,0,1,1,6,5,2,3
814-2,54,56,1.397682452,2.55,0,2.55,0,1,1,5,6,3,2
814-2,8,10,1.396517823,2.55,0,2.55,0,1,1,6,6,2,2
814-2,45,49,1.39639361,2.55,0,2.55,0,1,1,6,6,2,2
814-2,47,50,1.394862614,2.55,0,2.55,0,1,1,6,6,2,2
814-2,0,1,1.394368199,2.55,0,2.55,0,1,1,6,6,2,3
814-2,51,65,1.393504987,2.55,0,3.04,2,1,1,5,5,3,3
814-2,58,61,1.392885738,2.55,0,2.55,0,1,1,6,6,2,2
814-2,3,4,1.39224863,2.55,0,2.55,0,1,1,6,6,2,2
814-2,54,65,1.391248321,2.55,0,3.04,2,1,1,5,5,3,3
814-2,14,20,1.390046845,2.55,0,3.04,2,1,0,5,5,3,3
814-2,11,13,1.387802634,2.55,0,2.55,0,1,1,6,5,2,3
814-2,1,18,1.363677863,2.55,0,3.44,1,1,0,6,6,3,2
814-2,15,16,1.277110304,3.04,2,2.55,0,0,0,6,6,2,2
814-2,19,21,1.545498439,2.55,0,2.55,0,0,0,5,0,4,1
814-2,19,25,1.535988075,2.55,0,2.55,0,0,0,5,0,4,1
814-2,67,68,1.534553623,2.55,0,2.55,0,0,0,0,0,2,2
814-2,29,33,1.531573328,2.55,0,2.55,0,0,0,0,0,2,2
814-2,39,40,1.509636839,2.55,0,2.55,0,0,0,0,0,3,1
814-2,74,75,1.50765184,2.55,0,2.55,0,0,0,0,0,3,1
814-2,5,60,1.486678116,2.55,0,2.55,0,1,1,6,6,3,3
814-2,65,67,1.445010128,3.04,2,2.55,0,1,0,5,0,3,2
814-2,20,29,1.444334959,3.04,2,2.55,0,0,0,5,0,3,2
814-2,33,36,1.433184911,2.55,0,3.44,1,0,0,0,0,2,2
814-2,68,71,1.432837936,2.55,0,3.44,1,0,0,0,0,2,2
814-2,71,74,1.353630978,3.44,1,2.55,0,0,0,0,0,2,3
814-2,36,39,1.352034333,3.44,1,2.55,0,0,0,0,0,2,3
814-2,74,79,1.206902245,2.55,0,3.44,1,0,0,0,0,3,1
814-2,39,44,1.204826935,2.55,0,3.44,1,0,0,0,0,3,1
815-2,17,19,1.589473906,2.55,0,2.55,0,0,0,5,5,4,4
815-2,13,19,1.521708102,2.55,0,2.55,0,0,0,5,5,3,4
815-2,16,17,1.52080941,2.55,0,2.55,0,0,0,6,5,2,4
815-2,17,18,1.451699201,2.55,0,3.44,1,0,0,5,6,4,2
815-2,17,20,1.450869945,2.55,0,3.04,2,0,0,5,5,4,3
815-2,52,54,1.448566266,2.55,0,2.55,0,1,1,5,5,3,3
815-2,59,60,1.417648001,2.55,0,2.55,0,1,1,6,6,3,2
815-2,4,5,1.412531904,2.55,0,2.55,0,0,0,6,6,2,3
815-2,53,54,1.41187049,2.55,0,2.55,0,1,1,5,5,3,3
815-2,50,52,1.410448823,2.55,0,2.55,0,1,1,6,5,3,3
815-2,45,47,1.408918194,2.55,0,2.55,0,1,1,6,6,2,2
815-2,55,59,1.408692906,2.55,0,2.55,0,1,1,6,6,2,3
815-2,1,2,1.408269877,2.55,0,2.55,0,0,0,6,6,3,3
815-2,51,52,1.407811917,2.55,0,2.55,0,1,1,5,5,3,3
815-2,0,5,1.407468,2.55,0,2.55,0,0,0,6,6,2,3
815-2,13,14,1.40612167,2.55,0,2.55,0,0,0,5,5,3,3
815-2,10,11,1.405728714,2.55,0,2.55,0,0,0,6,6,2,2
815-2,7,8,1.403807723,2.55,0,2.55,0,0,0,6,6,2,2
815-2,47,50,1.402718108,2.55,0,2.55,0,1,1,6,6,2,3
815-2,54,57,1.402420208,2.55,0,2.55,0,1,1,5,6,3,2
815-2,14,20,1.402227407,2.55,0,3.04,2,0,0,5,5,3,3
815-2,2,3,1.402080214,2.55,0,2.55,0,0,0,6,6,3,2
815-2,2,15,1.399263281,2.55,0,3.04,2,0,0,6,6,3,2
815-2,7,14,1.397943424,2.55,0,2.55,0,0,0,6,5,2,3
815-2,8,10,1.397299378,2.55,0,2.55,0,0,0,6,6,2,2
815-2,45,49,1.39559163,2.55,0,2.55,0,1,1,6,6,2,2
815-2,0,1,1.395234434,2.55,0,2.55,0,0,0,6,6,2,3
815-2,57,60,1.394135479,2.55,0,2.55,0,1,1,6,6,2,2
815-2,49,51,1.393805845,2.55,0,2.55,0,1,1,6,5,2,3
815-2,3,4,1.392063593,2.55,0,2.55,0,0,0,6,6,2,2
815-2,11,13,1.388924867,2.55,0,2.55,0,0,0,6,5,2,3
815-2,53,55,1.387752222,2.55,0,2.55,0,1,1,5,6,3,2
815-2,53,64,1.370658046,2.55,0,3.44,1,1,1,5,5,3,2
815-2,51,64,1.369393473,2.55,0,3.44,1,1,1,5,5,3,2
815-2,1,18,1.358185985,2.55,0,3.44,1,0,0,6,6,3,2
815-2,15,16,1.277089864,3.04,2,2.55,0,0,0,6,6,2,2
815-2,19,21,1.546533676,2.55,0,2.55,0,0,0,5,0,4,1
815-2,19,25,1.53363152,2.55,0,2.55,0,0,0,5,0,4,1
815-2,29,33,1.52244055,2.55,0,2.55,0,0,0,0,0,2,2
815-2,68,69,1.51670032,2.55,0,2.55,0,0,0,0,0,1,2
815-2,39,40,1.508834254,2.55,0,2.55,0,0,0,0,0,3,1
815-2,5,59,1.486840745,2.55,0,2.55,0,0,1,6,6,3,3
815-2,20,29,1.454240818,3.04,2,2.55,0,0,0,5,0,3,2
815-2,33,36,1.432648517,2.55,0,3.44,1,0,0,0,0,2,2
815-2,67,69,1.42209669,3.44,1,2.55,0,0,0,0,0,2,2
815-2,36,39,1.354162834,3.44,1,2.55,0,0,0,0,0,2,3
815-2,50,67,1.354023813,2.55,0,3.44,1,1,0,6,0,3,2
815-2,39,44,1.204894297,2.55,0,3.44,1,0,0,0,0,3,1
816-2,17,19,1.594131461,2.55,0,2.55,0,0,0,5,5,4,4
816-2,16,17,1.525203775,2.55,0,2.55,0,0,0,6,5,2,4
816-2,13,19,1.523553906,2.55,0,2.55,0,1,0,5,5,3,4
816-2,17,20,1.462936047,2.55,0,3.04,2,0,0,5,5,4,3
816-2,53,57,1.449993346,2.55,0,2.55,0,1,1,5,5,3,3
816-2,17,18,1.429185908,2.55,0,3.44,1,0,0,5,6,4,2
816-2,53,58,1.421782112,2.55,0,2.55,0,1,1,5,5,3,3
816-2,57,60,1.420608085,2.55,0,2.55,0,1,1,5,5,3,3
816-2,59,63,1.410102024,2.55,0,2.55,0,0,0,6,6,3,2
816-2,13,14,1.408888186,2.55,0,2.55,0,1,1,5,5,3,3
816-2,1,2,1.408002698,2.55,0,2.55,0,0,0,6,6,3,3
816-2,48,51,1.407893139,2.55,0,2.55,0,0,0,6,6,2,2
816-2,4,5,1.407094256,2.55,0,2.55,0,0,0,6,6,2,3
816-2,10,11,1.406882865,2.55,0,2.55,0,1,1,6,6,2,2
816-2,7,8,1.403935665,2.55,0,2.55,0,1,1,6,6,2,2
816-2,0,5,1.403515818,2.55,0,2.55,0,0,0,6,6,2,3
816-2,49,53,1.402402557,2.55,0,2.55,0,0,1,6,5,2,3
816-2,2,3,1.40181216,2.55,0,2.55,0,0,0,6,6,3,2
816-2,56,58,1.401472726,2.55,0,2.55,0,0,1,6,5,2,3
816-2,60,61,1.401231949,2.55,0,3.04,2,1,1,5,5,3,3
816-2,58,61,1.400427328,2.55,0,3.04,2,1,1,5,5,3,3
816-2,2,15,1.399884861,2.55,0,3.04,2,0,0,6,6,3,2
816-2,7,14,1.399269518,2.55,0,2.55,0,1,1,6,5,2,3
816-2,60,64,1.398673448,2.55,0,2.55,0,1,0,5,6,3,2
816-2,54,57,1.398573786,2.55,0,2.55,0,0,1,6,5,2,3
816-2,63,64,1.396994341,2.55,0,2.55,0,0,0,6,6,2,2
816-2,8,10,1.396603871,2.55,0,2.55,0,1,1,6,6,2,2
816-2,54,59,1.396043674,2.55,0,2.55,0,0,0,6,6,2,3
816-2,0,1,1.396022651,2.55,0,2.55,0,0,0,6,6,2,3
816-2,51,56,1.395804443,2.55,0,2.55,0,0,0,6,6,2,2
816-2,48,49,1.394158428,2.55,0,2.55,0,0,0,6,6,2,2
816-2,3,4,1.392985534,2.55,0,2.55,0,0,0,6,6,2,2
816-2,14,20,1.39061359,2.55,0,3.04,2,1,0,5,5,3,3
816-2,11,13,1.388142833,2.55,0,2.55,0,1,1,6,5,2,3
816-2,1,18,1.360286855,2.55,0,3.44,1,0,0,6,6,3,2
816-2,15,16,1.276275362,3.04,2,2.55,0,0,0,6,6,2,2
816-2,19,25,1.544951791,2.55,0,2.55,0,0,0,5,0,4,1
816-2,19,21,1.536463856,2.55,0,2.55,0,0,0,5,0,4,1
816-2,29,33,1.531283305,2.55,0,2.55,0,0,0,0,0,2,2
816-2,68,69,1.510286009,2.55,0,2.55,0,0,0,0,0,3,1
816-2,39,40,1.509067637,2.55,0,2.55,0,0,0,0,0,3,1
816-2,20,29,1.44493674,3.04,2,2.55,0,0,0,5,0,3,2
816-2,33,36,1.432198697,2.55,0,3.44,1,0,0,0,0,2,2
816-2,5,61,1.417919059,2.55,0,3.04,2,0,1,6,5,3,3
816-2,59,67,1.392374606,2.55,0,3.44,1,0,0,6,0,3,2
816-2,67,68,1.357208911,3.44,1,2.55,0,0,0,0,0,2,3
816-2,36,39,1.352779529,3.44,1,2.55,0,0,0,0,0,2,3
816-2,39,44,1.204873285,2.55,0,3.44,1,0,0,0,0,3,1
816-2,68,73,1.203761474,2.55,0,3.44,1,0,0,0,0,3,1
822-2,17,19,1.581472712,2.55,0,2.55,0,0,0,5,5,4,4
822-2,13,19,1.521629446,2.55,0,2.55,0,0,0,5,5,3,4
822-2,16,17,1.509901775,2.55,0,2.55,0,0,0,6,5,2,4
822-2,17,20,1.480783815,2.55,0,3.04,2,0,0,5,5,4,3
822-2,2,15,1.456068428,2.55,0,2.55,0,0,0,6,6,3,2
822-2,77,78,1.436378131,2.55,0,2.55,0,1,1,6,6,3,3
822-2,45,46,1.435933021,2.55,0,2.55,0,1,1,6,6,3,3
822-2,17,18,1.433215756,2.55,0,3.44,1,0,0,5,6,4,2
822-2,77,83,1.424325208,2.55,0,2.55,0,1,0,6,6,3,2
822-2,78,86,1.424174932,2.55,0,2.55,0,1,0,6,6,3,2
822-2,74,75,1.423994519,2.55,0,2.55,0,1,1,6,6,3,2
822-2,46,47,1.423991991,2.55,0,2.55,0,1,1,6,6,3,2
822-2,43,48,1.423920334,2.55,0,2.55,0,1,1,6,6,3,2
822-2,76,77,1.42376216,2.55,0,2.55,0,1,1,6,6,2,3
822-2,45,52,1.4235082,2.55,0,2.55,0,1,1,6,6,3,2
822-2,46,55,1.423429624,2.55,0,2.55,0,1,1,6,6,3,2
822-2,84,85,1.419948953,2.55,0,2.55,0,0,0,6,6,2,3
822-2,78,79,1.419313028,2.55,0,2.55,0,1,1,6,6,3,2
822-2,44,45,1.418313585,2.55,0,2.55,0,1,1,6,6,2,3
822-2,53,54,1.417694442,2.55,0,2.55,0,1,1,6,6,3,2
822-2,0,1,1.414838267,2.55,0,2.55,0,0,0,6,6,3,3
822-2,1,2,1.412666975,2.55,0,2.55,0,0,0,6,6,3,3
822-2,13,14,1.409545168,2.55,0,2.55,0,0,0,5,5,3,3
822-2,10,11,1.406053342,2.55,0,2.55,0,0,0,6,6,2,2
822-2,7,8,1.403650037,2.55,0,2.55,0,0,0,6,6,2,2
822-2,14,20,1.4029292,2.55,0,3.04,2,0,0,5,5,3,3
822-2,4,5,1.398986254,2.55,0,2.55,0,0,0,6,6,3,2
822-2,2,3,1.398802773,2.55,0,2.55,0,0,0,6,6,3,2
822-2,7,14,1.397844252,2.55,0,2.55,0,0,0,6,5,2,3
822-2,0,5,1.397393081,2.55,0,2.55,0,0,0,6,6,3,2
822-2,8,10,1.396155278,2.55,0,2.55,0,0,0,6,6,2,2
822-2,3,4,1.390721104,2.55,0,2.55,0,0,0,6,6,2,3
822-2,11,13,1.388196039,2.55,0,2.55,0,0,0,6,5,2,3
822-2,74,79,1.386033676,2.55,0,2.55,0,1,1,6,6,3,2
822-2,43,44,1.385192457,2.55,0,2.55,0,1,1,6,6,3,2
822-2,83,84,1.378349008,2.55,0,2.55,0,0,0,6,6,2,2
822-2,85,86,1.37829559,2.55,0,2.55,0,0,0,6,6,3,2
822-2,47,48,1.377880831,2.55,0,2.55,0,1,1,6,6,2,2
822-2,54,55,1.377866169,2.55,0,2.55,0,1,1,6,6,2,2
822-2,75,76,1.37760425,2.55,0,2.55,0,1,1,6,6,2,2
822-2,52,53,1.375376537,2.55,0,2.55,0,1,1,6,6,2,3
822-2,1,18,1.353635938,2.55,0,3.44,1,0,0,6,6,3,2
822-2,15,16,1.341652295,2.55,0,2.55,0,0,0,6,6,2,2
822-2,19,25,1.545543665,2.55,0,2.55,0,0,0,5,0,4,1
822-2,19,21,1.533613092,2.55,0,2.55,0,0,0,5,0,4,1
822-2,29,35,1.52932815,2.55,0,2.55,0,0,0,0,0,2,2
822-2,33,66,1.521321731,2.55,0,2.55,0,0,0,0,0,2,2
822-2,91,92,1.512775591,2.55,0,2.55,0,0,0,0,0,3,1
822-2,0,33,1.512569595,2.55,0,2.55,0,0,0,6,0,3,2
822-2,60,61,1.505507573,2.55,0,2.55,0,0,0,0,0,3,1
822-2,42,43,1.494344179,2.55,0,2.55,0,0,1,0,6,3,3
822-2,72,74,1.493924029,2.55,0,2.55,0,0,1,0,6,3,3
822-2,4,98,1.471651012,2.55,0,3.04,2,0,0,6,0,3,3
822-2,20,29,1.450247422,3.04,2,2.55,0,0,0,5,0,3,2
822-2,66,69,1.432375644,2.55,0,3.44,1,0,0,0,0,2,2
822-2,35,38,1.430792703,2.55,0,3.44,1,0,0,0,0,2,2
822-2,53,59,1.392440184,2.55,0,3.44,1,1,0,6,0,3,2
822-2,85,90,1.383459534,2.55,0,3.44,1,0,0,6,0,3,2
822-2,90,91,1.376302224,3.44,1,2.55,0,0,0,0,0,2,3
822-2,59,60,1.362742343,3.44,1,2.55,0,0,0,0,0,2,3
822-2,38,42,1.352711555,3.44,1,2.55,0,0,0,0,0,2,3
822-2,69,72,1.352439405,3.44,1,2.55,0,0,0,0,0,2,3
822-2,98,99,1.222406023,3.04,2,3.44,1,0,0,0,0,3,1
822-2,98,100,1.222105368,3.04,2,3.44,1,0,0,0,0,3,1
822-2,72,73,1.209531896,2.55,0,3.44,1,0,0,0,0,3,1
822-2,41,42,1.209050935,3.44,1,2.55,0,0,0,0,0,1,3
822-2,60,65,1.203736394,2.55,0,3.44,1,0,0,0,0,3,1
822-2,91,96,1.196762616,2.55,0,3.44,1,0,0,0,0,3,1
823-2,17,19,1.59096708,2.55,0,2.55,0,0,0,5,5,4,4
823-2,13,19,1.522149614,2.55,0,2.55,0,1,0,5,5,3,4
823-2,16,17,1.509117848,2.55,0,2.55,0,0,0,6,5,2,4
823-2,17,20,1.464349276,2.55,0,3.04,2,0,0,5,5,4,3
823-2,2,15,1.45636109,2.55,0,2.55,0,1,0,6,6,3,2
823-2,17,18,1.446796769,2.55,0,3.44,1,0,0,5,6,4,2
823-2,44,45,1.433725863,2.55,0,2.55,0,1,1,6,6,3,3
823-2,44,56,1.424883739,2.55,0,2.55,0,1,1,6,6,3,2
823-2,40,55,1.424778498,2.55,0,2.55,0,1,1,6,6,3,2
823-2,43,45,1.423707946,2.55,0,2.55,0,1,1,6,6,2,3
823-2,45,60,1.42278421,2.55,0,2.55,0,1,1,6,6,3,2
823-2,44,63,1.420429955,2.55,0,2.55,0,1,1,6,6,3,2
823-2,61,62,1.418263356,2.55,0,2.55,0,1,1,6,6,2,3
823-2,10,11,1.413143133,2.55,0,2.55,0,1,1,6,6,3,2
823-2,1,2,1.413096005,2.55,0,2.55,0,1,1,6,6,3,3
823-2,0,1,1.409731545,2.55,0,2.55,0,1,1,6,6,3,3
823-2,13,14,1.408849167,2.55,0,2.55,0,1,1,5,5,3,3
823-2,7,8,1.40873744,2.55,0,2.55,0,1,1,6,6,2,2
823-2,14,20,1.401755264,2.55,0,3.04,2,1,0,5,5,3,3
823-2,8,10,1.400036228,2.55,0,2.55,0,1,1,6,6,2,3
823-2,2,3,1.399607479,2.55,0,2.55,0,1,1,6,6,3,2
823-2,4,5,1.397898655,2.55,0,2.55,0,1,1,6,6,3,2
823-2,3,4,1.392978659,2.55,0,2.55,0,1,1,6,6,2,3
823-2,7,14,1.392559317,2.55,0,2.55,0,1,1,6,5,2,3
823-2,0,5,1.388284439,2.55,0,2.55,0,1,1,6,6,3,2
823-2,11,13,1.383322658,2.55,0,2.55,0,1,1,6,5,2,3
823-2,40,43,1.3814454,2.55,0,2.55,0,1,1,6,6,3,2
823-2,62,63,1.378694784,2.55,0,2.55,0,1,1,6,6,3,2
823-2,60,61,1.37860108,2.55,0,2.55,0,1,1,6,6,2,2
823-2,55,56,1.376981864,2.55,0,2.55,0,1,1,6,6,2,2
823-2,1,18,1.343305463,2.55,0,3.44,1,1,0,6,6,3,2
823-2,15,16,1.342849136,2.55,0,2.55,0,0,0,6,6,2,2
823-2,19,21,1.54594061,2.55,0,2.55,0,0,0,5,0,4,1
823-2,19,25,1.534003241,2.55,0,2.55,0,0,0,5,0,4,1
823-2,29,40,1.520460956,2.55,0,2.55,0,0,1,0,6,2,3
823-2,68,69,1.507695532,2.55,0,2.55,0,0,0,0,0,1,3
823-2,34,38,1.504319128,2.55,0,2.55,0,0,0,0,0,3,1
823-2,4,35,1.471292667,2.55,0,3.04,2,1,0,6,0,3,3
823-2,20,29,1.452540184,3.04,2,2.55,0,0,0,5,0,3,2
823-2,47,48,1.407215999,3.44,1,2.55,0,0,0,0,0,2,1
823-2,62,70,1.389250633,2.55,0,3.44,1,1,0,6,0,3,2
823-2,0,33,1.382568853,2.55,0,3.44,1,1,0,6,0,3,2
823-2,33,34,1.375442336,3.44,1,2.55,0,0,0,0,0,2,3
823-2,69,70,1.367763984,2.55,0,3.44,1,0,0,0,0,3,2
823-2,10,47,1.363402785,2.55,0,3.44,1,1,0,6,0,3,2
823-2,35,37,1.221979563,3.04,2,3.44,1,0,0,0,0,3,1
823-2,35,36,1.221880609,3.04,2,3.44,1,0,0,0,0,3,1
823-2,69,71,1.200497901,2.55,0,3.44,1,0,0,0,0,3,1
823-2,34,46,1.199069926,2.55,0,3.44,1,0,0,0,0,3,1
con1,38,43,1.552562857,2.55,0,2.55,0,0,0,4,4,4,3
con1,42,43,1.552115044,2.55,0,2.55,0,0,0,4,4,4,3
con1,38,41,1.547505323,2.55,0,2.55,0,0,0,4,4,4,3
con1,41,42,1.547255386,2.55,0,2.55,0,0,0,4,4,3,4
con1,7,8,1.407392399,2.55,0,2.55,0,1,1,6,6,3,2
con1,21,24,1.40726427,2.55,0,2.55,0,1,1,6,6,3,2
con1,1,2,1.404158121,2.55,0,2.55,0,1,1,6,6,2,3
con1,27,29,1.40407252,2.55,0,2.55,0,1,1,6,6,2,3
con1,21,23,1.401820251,2.55,0,2.55,0,1,1,6,6,3,2
con1,5,7,1.401686822,2.55,0,2.55,0,1,1,6,6,2,3
con1,3,5,1.399421913,2.55,0,2.55,0,1,1,6,6,2,2
con1,23,25,1.39925116,2.55,0,2.55,0,1,1,6,6,2,2
con1,25,29,1.398368542,2.55,0,2.55,0,1,1,6,6,2,3
con1,2,3,1.398165589,2.55,0,2.55,0,1,1,6,6,3,2
con1,24,27,1.394643275,2.55,0,2.55,0,1,1,6,6,2,2
con1,1,8,1.394505293,2.55,0,2.55,0,1,1,6,6,2,2
con1,18,38,1.552282831,2.55,0,2.55,0,0,0,0,4,2,4
con1,22,42,1.552268507,2.55,0,2.55,0,0,0,0,4,2,4
con1,42,52,1.537988566,2.55,0,2.55,0,0,0,4,0,4,1
con1,38,48,1.53771306,2.55,0,2.55,0,0,0,4,0,4,1
con1,7,18,1.51667037,2.55,0,2.55,0,1,0,6,0,3,2
con1,21,22,1.516499498,2.55,0,2.55,0,1,0,6,0,3,2
con1,28,29,1.512131363,2.55,0,2.55,0,0,1,0,6,2,3
con1,2,10,1.512111651,2.55,0,2.55,0,1,0,6,0,3,2
con1,28,31,1.402801562,2.55,0,3.44,1,0,0,0,0,2,2
con1,10,11,1.402577297,2.55,0,3.44,1,0,0,0,0,2,2
con1,30,31,1.401521652,2.55,0,3.44,1,0,0,0,0,1,2
con1,11,14,1.401389151,3.44,1,2.55,0,0,0,0,0,2,1
con1,43,47,1.203109368,2.55,0,3.44,1,0,0,4,0,3,1
con1,41,46,1.20020192,2.55,0,3.44,1,0,0,4,0,3,1
con2,42,43,1.552780835,2.55,0,2.55,0,0,0,4,4,4,3
con2,38,43,1.552756838,2.55,0,2.55,0,0,0,4,4,4,3
con2,41,42,1.547266139,2.55,0,2.55,0,0,0,4,4,3,4
con2,38,41,1.54720508,2.55,0,2.55,0,0,0,4,4,4,3
con2,21,24,1.407461548,2.55,0,2.55,0,1,1,6,6,3,2
con2,7,8,1.40721057,2.55,0,2.55,0,1,1,6,6,3,2
con2,27,29,1.404326828,2.55,0,2.55,0,1,1,6,6,2,3
con2,1,2,1.404084713,2.55,0,2.55,0,1,1,6,6,2,3
con2,5,7,1.401873287,2.55,0,2.55,0,1,1,6,6,2,3
con2,21,23,1.401684852,2.55,0,2.55,0,1,1,6,6,3,2
con2,23,25,1.399482322,2.55,0,2.55,0,1,1,6,6,2,2
con2,3,5,1.399181836,2.55,0,2.55,0,1,1,6,6,2,2
con2,2,3,1.398501739,2.55,0,2.55,0,1,1,6,6,3,2
con2,25,29,1.398137333,2.55,0,2.55,0,1,1,6,6,2,3
con2,1,8,1.394702382,2.55,0,2.55,0,1,1,6,6,2,2
con2,24,27,1.394490115,2.55,0,2.55,0,1,1,6,6,2,2
con2,22,42,1.553902661,2.55,0,2.55,0,0,0,0,4,2,4
con2,18,38,1.553872326,2.55,0,2.55,0,0,0,0,4,2,4
con2,38,48,1.537141153,2.55,0,2.55,0,0,0,4,0,4,1
con2,42,52,1.537126575,2.55,0,2.55,0,0,0,4,0,4,1
con2,21,22,1.51619678,2.55,0,2.55,0,1,0,6,0,3,2
con2,7,18,1.516182414,2.55,0,2.55,0,1,0,6,0,3,2
con2,28,29,1.512242481,2.55,0,2.55,0,0,1,0,6,2,3
con2,2,10,1.512038296,2.55,0,2.55,0,1,0,6,0,3,2
con2,10,11,1.403091464,2.55,0,3.44,1,0,0,0,0,2,2
con2,28,31,1.402506818,2.55,0,3.44,1,0,0,0,0,2,2
con2,11,14,1.401641031,3.44,1,2.55,0,0,0,0,0,2,1
con2,30,31,1.401530548,2.55,0,3.44,1,0,0,0,0,1,2
con2,43,47,1.203174129,2.55,0,3.44,1,0,0,4,0,3,1
con2,41,46,1.200293839,2.55,0,3.44,1,0,0,4,0,3,1
con3,55,60,1.572725349,2.55,0,2.55,0,0,0,6,5,3,3
con3,54,62,1.572495374,2.55,0,2.55,0,0,0,6,5,3,3
con3,60,62,1.542564469,2.55,0,2.55,0,0,0,5,5,3,3
con3,60,65,1.525289931,2.55,0,2.55,0,0,0,5,5,3,3
con3,62,64,1.524798776,2.55,0,2.55,0,0,0,5,5,3,3
con3,45,55,1.521978062,2.55,0,2.55,0,0,0,6,6,3,3
con3,44,54,1.521411723,2.55,0,2.55,0,0,0,6,6,3,3
con3,55,56,1.520930314,2.55,0,2.55,0,0,0,6,6,3,2
con3,54,57,1.520872002,2.55,0,2.55,0,0,0,6,6,3,2
con3,38,49,1.514975029,2.55,0,2.55,0,1,1,6,6,2,3
con3,39,48,1.514922421,2.55,0,2.55,0,1,1,6,6,2,3
con3,38,42,1.499819215,2.55,0,2.55,0,1,1,6,6,2,2
con3,39,40,1.49977063,2.55,0,2.55,0,1,1,6,6,2,2
con3,47,49,1.42900551,2.55,0,2.55,0,0,1,6,6,3,3
con3,46,48,1.428655012,2.55,0,2.55,0,0,1,6,6,3,3
con3,2,4,1.413735079,2.55,0,2.55,0,1,1,6,6,2,3
con3,31,32,1.413695844,2.55,0,2.55,0,1,1,6,6,2,3
con3,30,32,1.410572131,2.55,0,2.55,0,1,1,6,6,2,3
con3,4,5,1.410435953,2.55,0,2.55,0,1,1,6,6,3,2
con3,45,47,1.40672687,2.55,0,2.55,0,0,0,6,6,3,3
con3,44,46,1.406513064,2.55,0,2.55,0,0,0,6,6,3,3
con3,21,26,1.402897224,2.55,0,2.55,0,1,1,6,6,3,2
con3,1,9,1.402865056,2.55,0,2.55,0,1,1,6,6,2,3
con3,21,25,1.402497454,2.55,0,2.55,0,1,1,6,6,3,2
con3,7,9,1.402473056,2.55,0,2.55,0,1,1,6,6,2,3
con3,48,49,1.399203487,2.55,0,2.55,0,1,1,6,6,3,3
con3,65,66,1.397950789,2.55,0,3.04,2,0,0,5,5,3,3
con3,44,45,1.397704088,2.55,0,2.55,0,0,0,6,6,3,3
con3,64,66,1.397491291,2.55,0,3.04,2,0,0,5,5,3,3
con3,5,7,1.395225548,2.55,0,2.55,0,1,1,6,6,2,2
con3,25,30,1.395215991,2.55,0,2.55,0,1,1,6,6,2,2
con3,26,31,1.389181846,2.55,0,2.55,0,1,1,6,6,2,2
con3,1,2,1.389162552,2.55,0,2.55,0,1,1,6,6,2,2
con3,56,57,1.339696982,2.55,0,2.55,0,0,0,6,6,2,2
con3,40,42,1.335294834,2.55,0,2.55,0,1,1,6,6,2,2
con3,67,68,1.525526128,2.55,0,2.55,0,0,0,0,0,2,2
con3,74,75,1.50899405,2.55,0,2.55,0,0,0,0,0,3,1
con3,20,22,1.508465684,2.55,0,2.55,0,0,0,0,0,3,1
con3,11,12,1.508374066,2.55,0,2.55,0,0,0,0,0,3,1
con3,66,67,1.453033308,3.04,2,2.55,0,0,0,5,0,3,2
con3,68,71,1.430053673,2.55,0,3.44,1,0,0,0,0,2,2
con3,32,33,1.427044758,2.55,0,2.55,0,1,0,6,0,3,2
con3,4,17,1.42700871,2.55,0,2.55,0,1,0,6,0,3,2
con3,34,47,1.426790184,2.55,0,2.55,0,0,0,0,6,2,3
con3,18,46,1.426750714,2.55,0,2.55,0,0,0,0,6,2,3
con3,21,23,1.383948479,2.55,0,3.44,1,1,0,6,0,3,2
con3,9,10,1.383815009,2.55,0,3.44,1,1,0,6,0,3,2
con3,20,23,1.363911429,2.55,0,3.44,1,0,0,0,0,3,2
con3,10,11,1.363779002,3.44,1,2.55,0,0,0,0,0,2,3
con3,71,74,1.352718027,3.44,1,2.55,0,0,0,0,0,2,3
con3,33,34,1.221739796,2.55,0,2.55,0,0,0,0,0,2,2
con3,17,18,1.22167562,2.55,0,2.55,0,0,0,0,0,2,2
con3,64,83,1.208503387,2.55,0,3.44,1,0,0,5,0,3,1
con3,65,82,1.208281208,2.55,0,3.44,1,0,0,5,0,3,1
con3,74,79,1.204754642,2.55,0,3.44,1,0,0,0,0,3,1
con3,11,16,1.201963069,2.55,0,3.44,1,0,0,0,0,3,1
con3,20,24,1.201950662,2.55,0,3.44,1,0,0,0,0,3,1
con4,19,21,1.568719937,2.55,0,2.55,0,0,0,6,5,3,3
con4,20,23,1.568692444,2.55,0,2.55,0,0,0,6,5,3,3
con4,21,23,1.546097928,2.55,0,2.55,0,0,0,5,5,3,3
con4,23,25,1.526744316,2.55,0,2.55,0,0,0,5,5,3,3
con4,21,27,1.525108224,2.55,0,2.55,0,0,0,5,5,3,3
con4,2,20,1.521102906,2.55,0,2.55,0,1,0,6,6,3,3
con4,3,19,1.520914495,2.55,0,2.55,0,1,0,6,6,3,3
con4,18,20,1.519876967,2.55,0,2.55,0,1,0,6,6,3,3
con4,17,19,1.519741156,2.55,0,2.55,0,1,0,6,6,3,3
con4,17,18,1.409788573,2.55,0,2.55,0,1,1,6,6,3,3
con4,2,3,1.409709912,2.55,0,2.55,0,1,1,6,6,3,3
con4,11,12,1.407203695,2.55,0,2.55,0,1,1,6,6,2,3
con4,13,15,1.402683069,2.55,0,2.55,0,1,1,6,6,2,2
con4,1,8,1.402590541,2.55,0,2.55,0,1,1,6,6,2,2
con4,4,6,1.402518646,2.55,0,2.55,0,1,1,6,6,2,2
con4,12,13,1.399061458,2.55,0,2.55,0,1,1,6,6,3,2
con4,6,8,1.397642737,2.55,0,2.55,0,1,1,6,6,2,2
con4,25,29,1.397202009,2.55,0,3.04,2,0,0,5,5,3,3
con4,27,29,1.397110899,2.55,0,3.04,2,0,0,5,5,3,3
con4,1,2,1.394236992,2.55,0,2.55,0,1,1,6,6,2,3
con4,3,4,1.394204324,2.55,0,2.55,0,1,1,6,6,3,2
con4,15,17,1.392792928,2.55,0,2.55,0,1,1,6,6,2,3
con4,11,18,1.391508274,2.55,0,2.55,0,1,1,6,6,2,3
con4,32,33,1.525428202,2.55,0,2.55,0,0,0,0,0,2,2
con4,49,50,1.515964646,2.55,0,2.55,0,0,0,0,0,3,1
con4,12,45,1.513889726,2.55,0,2.55,0,1,0,6,0,3,2
con4,39,40,1.508879502,2.55,0,2.55,0,0,0,0,0,3,1
con4,29,32,1.453711922,3.04,2,2.55,0,0,0,5,0,3,2
con4,33,36,1.429736524,2.55,0,3.44,1,0,0,0,0,2,2
con4,45,46,1.420196186,2.55,0,3.44,1,0,0,0,0,2,2
con4,46,49,1.360809284,3.44,1,2.55,0,0,0,0,0,2,3
con4,36,39,1.352852993,3.44,1,2.55,0,0,0,0,0,2,3
con4,25,30,1.208166779,2.55,0,3.44,1,0,0,5,0,3,1
con4,27,31,1.207957633,2.55,0,3.44,1,0,0,5,0,3,1
con4,39,44,1.204808124,2.55,0,3.44,1,0,0,0,0,3,1
con4,49,54,1.200035363,2.55,0,3.44,1,0,0,0,0,3,1
con5,11,13,1.574889621,2.55,0,2.55,0,0,0,5,5,3,3
con5,3,5,1.574175837,2.55,0,2.55,0,0,0,5,5,3,3
con5,5,11,1.54587515,2.55,0,2.55,0,0,0,5,5,3,3
con5,3,25,1.531435834,2.55,0,2.55,0,0,0,5,5,3,3
con5,4,11,1.525090466,2.55,0,2.55,0,0,0,5,5,3,3
con5,1,5,1.524795938,2.55,0,2.55,0,0,0,5,5,3,3
con5,13,27,1.523335742,2.55,0,2.55,0,0,0,5,5,3,2
con5,13,24,1.429119742,2.55,0,3.44,1,0,0,5,5,3,2
con5,3,24,1.425790029,2.55,0,3.44,1,0,0,5,5,3,2
con5,0,1,1.396593549,3.04,2,2.55,0,0,0,5,5,3,3
con5,0,4,1.396471225,3.04,2,2.55,0,0,0,5,5,3,3
con5,25,27,1.341979907,2.55,0,2.55,0,0,0,5,5,3,2
con5,10,15,1.525730668,2.55,0,2.55,0,0,0,0,0,2,2
con5,20,22,1.508867287,2.55,0,2.55,0,0,0,0,0,3,1
con5,34,36,1.508296102,2.55,0,2.55,0,0,0,0,0,3,1
con5,25,28,1.488236364,2.55,0,2.55,0,0,0,5,0,3,2
con5,0,10,1.453815374,3.04,2,2.55,0,0,0,5,0,3,2
con5,28,31,1.436815069,2.55,0,3.44,1,0,0,0,0,2,2
con5,14,15,1.429570082,3.44,1,2.55,0,0,0,0,0,2,2
con5,31,34,1.354218282,3.44,1,2.55,0,0,0,0,0,2,3
con5,14,20,1.353056756,3.44,1,2.55,0,0,0,0,0,2,3
con5,4,12,1.207510328,2.55,0,3.44,1,0,0,5,0,3,1
con5,1,7,1.207377729,2.55,0,3.44,1,0,0,5,0,3,1
con5,34,35,1.205153791,2.55,0,3.44,1,0,0,0,0,3,1
con5,20,21,1.204770562,2.55,0,3.44,1,0,0,0,0,3,1
con6,0,1,1.475905348,2.55,0,2.55,0,0,0,3,3,3,3
con6,1,4,1.429609677,2.55,0,3.44,1,0,0,3,3,3,2
con6,0,4,1.429488179,2.55,0,3.44,1,0,0,3,3,3,2
con6,3,10,1.53227147,2.55,0,2.55,0,0,0,0,0,2,1
con6,5,8,1.532212406,2.55,0,2.55,0,0,0,0,0,2,1
con6,0,3,1.511866843,2.55,0,2.55,0,0,0,3,0,3,2
con6,1,5,1.511848545,2.55,0,2.55,0,0,0,3,0,3,2
con7,0,1,1.518914362,2.55,0,2.55,0,0,0,6,6,2,4
con7,4,5,1.457948652,2.55,0,2.55,0,0,0,6,6,3,2
con7,1,2,1.450145468,2.55,0,3.44,1,0,0,6,6,4,2
con7,6,7,1.438649842,2.55,0,2.55,0,1,1,6,6,3,3
con7,4,6,1.438373583,2.55,0,2.55,0,0,1,6,6,3,3
con7,7,8,1.424073083,2.55,0,2.55,0,1,0,6,6,3,2
con7,11,12,1.420016027,2.55,0,2.55,0,1,1,6,6,3,2
con7,7,13,1.417891366,2.55,0,2.55,0,1,1,6,6,3,2
con7,3,9,1.417155993,2.55,0,2.55,0,0,0,6,6,3,2
con7,6,10,1.416298983,2.55,0,2.55,0,1,1,6,6,3,2
con7,20,29,1.405680168,2.55,0,2.55,0,1,1,6,6,3,2
con7,31,39,1.40367363,2.55,0,2.55,0,1,1,6,6,3,2
con7,21,23,1.401103871,2.55,0,2.55,0,1,1,6,6,2,2
con7,25,27,1.400815892,2.55,0,2.55,0,1,1,6,6,2,2
con7,31,32,1.400413587,2.55,0,2.55,0,1,1,6,6,3,2
con7,20,21,1.399605115,2.55,0,2.55,0,1,1,6,6,3,2
con7,32,34,1.398664488,2.55,0,2.55,0,1,1,6,6,2,2
con7,36,37,1.398381183,2.55,0,2.55,0,1,1,6,6,3,2
con7,34,36,1.3975519,2.55,0,2.55,0,1,1,6,6,2,3
con7,23,25,1.39557842,2.55,0,2.55,0,1,1,6,6,2,2
con7,3,4,1.395012109,2.55,0,2.55,0,0,0,6,6,3,3
con7,27,29,1.394744466,2.55,0,2.55,0,1,1,6,6,2,2
con7,37,39,1.394150555,2.55,0,2.55,0,1,1,6,6,2,2
con7,10,11,1.388157299,2.55,0,2.55,0,1,1,6,6,2,3
con7,12,13,1.381067776,2.55,0,2.55,0,1,1,6,6,2,2
con7,8,9,1.375603714,2.55,0,2.55,0,0,0,6,6,2,2
con7,2,3,1.35845895,3.44,1,2.55,0,0,0,6,6,2,3
con7,0,5,1.344691561,2.55,0,2.55,0,0,0,6,6,2,2
con7,1,20,1.544020129,2.55,0,2.55,0,0,1,6,6,4,3
con7,1,31,1.536995363,2.55,0,2.55,0,0,1,6,6,4,3
con7,50,51,1.518151065,2.55,0,2.55,0,0,0,0,0,2,2
con7,57,58,1.508956993,2.55,0,2.55,0,0,0,0,0,3,1
con7,42,43,1.508534074,2.55,0,2.55,0,0,0,0,0,3,1
con7,51,54,1.429338243,2.55,0,3.44,1,0,0,0,0,2,2
con7,49,50,1.411449275,3.44,1,2.55,0,0,0,0,0,2,2
con7,36,41,1.388820297,2.55,0,3.44,1,1,0,6,0,3,2
con7,41,42,1.365728454,3.44,1,2.55,0,0,0,0,0,2,3
con7,11,49,1.361718925,2.55,0,3.44,1,1,0,6,0,3,2
con7,54,57,1.353364985,3.44,1,2.55,0,0,0,0,0,2,3
con7,57,62,1.204313403,2.55,0,3.44,1,0,0,0,0,3,1
con7,42,47,1.200750972,2.55,0,3.44,1,0,0,0,0,3,1
con8,0,1,1.519138626,2.55,0,2.55,0,0,0,6,6,2,4
con8,4,5,1.459035614,2.55,0,2.55,0,0,0,6,6,3,2
con8,1,2,1.448172023,2.55,0,3.44,1,0,0,6,6,4,2
con8,4,6,1.435540823,2.55,0,2.55,0,0,1,6,6,3,3
con8,6,7,1.434786988,2.55,0,2.55,0,1,1,6,6,3,3
con8,6,10,1.425701069,2.55,0,2.55,0,1,1,6,6,3,2
con8,7,13,1.425422778,2.55,0,2.55,0,1,1,6,6,3,2
con8,7,8,1.423475775,2.55,0,2.55,0,1,0,6,6,3,2
con8,11,12,1.422183893,2.55,0,2.55,0,1,1,6,6,2,3
con8,3,9,1.413760123,2.55,0,2.55,0,0,0,6,6,3,2
con8,30,38,1.405371157,2.55,0,2.55,0,1,1,6,6,3,2
con8,19,28,1.404129816,2.55,0,2.55,0,1,1,6,6,3,2
con8,19,20,1.401389848,2.55,0,2.55,0,1,1,6,6,3,2
con8,31,33,1.400538244,2.55,0,2.55,0,1,1,6,6,2,2
con8,35,36,1.400458586,2.55,0,2.55,0,1,1,6,6,3,2
con8,20,22,1.399002504,2.55,0,2.55,0,1,1,6,6,2,2
con8,24,26,1.398682727,2.55,0,2.55,0,1,1,6,6,2,2
con8,30,31,1.398554298,2.55,0,2.55,0,1,1,6,6,3,2
con8,22,24,1.397236414,2.55,0,2.55,0,1,1,6,6,2,2
con8,26,28,1.397061381,2.55,0,2.55,0,1,1,6,6,2,2
con8,33,35,1.395757852,2.55,0,2.55,0,1,1,6,6,2,3
con8,3,4,1.395700077,2.55,0,2.55,0,0,0,6,6,3,3
con8,36,38,1.39165723,2.55,0,2.55,0,1,1,6,6,2,2
con8,12,13,1.383030465,2.55,0,2.55,0,1,1,6,6,3,2
con8,8,9,1.377837269,2.55,0,2.55,0,0,0,6,6,2,2
con8,10,11,1.375547057,2.55,0,2.55,0,1,1,6,6,2,2
con8,2,3,1.360657823,3.44,1,2.55,0,0,0,6,6,2,3
con8,0,5,1.344700849,2.55,0,2.55,0,0,0,6,6,2,2
con8,1,30,1.542278391,2.55,0,2.55,0,0,1,6,6,4,3
con8,1,19,1.538932119,2.55,0,2.55,0,0,1,6,6,4,3
con8,55,58,1.518227841,2.55,0,2.55,0,0,0,0,0,2,2
con8,50,52,1.509096782,2.55,0,2.55,0,0,0,0,0,1,3
con8,41,42,1.508225604,2.55,0,2.55,0,0,0,0,0,3,1
con8,54,55,1.429372899,3.44,1,2.55,0,0,0,0,0,2,2
con8,58,59,1.410666383,2.55,0,3.44,1,0,0,0,0,2,2
con8,35,40,1.387920504,2.55,0,3.44,1,1,0,6,0,3,2
con8,40,41,1.366456355,3.44,1,2.55,0,0,0,0,0,2,3
con8,12,59,1.360884958,2.55,0,3.44,1,1,0,6,0,3,2
con8,52,54,1.353314812,2.55,0,3.44,1,0,0,0,0,3,2
con8,51,52,1.204389274,3.44,1,2.55,0,0,0,0,0,1,3
con8,41,46,1.200646592,2.55,0,3.44,1,0,0,0,0,3,1