Molecule,Atom 1,Atom 2,Bond Length,Cos Part Angles,Cos(Length),InRing_B,Mayer,Elecneg_1,Ele_1,Elecneg_2,Ele_2,InConj_1,InConj_2,InRing_1,InRing_2,Bond Type,MullikenCharge1,MullikenCharge2,Neighbour1,Neighbour2,MaxRing,Ratio,IsBroken
4001,4,5,1.5531161,0.68436094,1.062891988,5,1.0233808,2.55,0,2.55,0,0,0,5,5,0,0.153553,-0.004328,3,3,7,0.428571429,0
4001,3,4,1.54246394,0.80990001,1.249241569,6,0.91251701,2.55,0,2.55,0,0,0,6,5,0,0.09627,0.153553,3,3,7,0.428571429,0
4001,0,3,1.49930898,0.73023685,1.094850661,6,0.95199582,2.55,0,2.55,0,0,0,6,6,0,-0.079206,0.09627,3,3,7,0.428571429,0
4001,5,16,1.53112448,0.68583706,1.05010191,0,0.91817929,2.55,0,2.55,0,0,0,5,0,0,-0.004328,0.204273,3,3,0,0,0
4001,7,0,1.49630052,0.73853275,1.105066929,0,0.92505606,2.55,0,2.55,0,0,0,0,6,0,0.21611,-0.079206,3,3,0,0,0
4001,18,19,1.43402168,0.86043508,1.233882563,0,0.90438998,3.44,1,2.55,0,0,0,0,0,1,-0.326362,0.193201,2,1,0,0,0
4001,9,8,1.42846457,0.85654639,1.223546173,0,0.92016415,2.55,0,3.44,1,0,0,0,0,1,0.194413,-0.321165,1,2,0,0,0
4001,8,7,1.35203982,0.68615807,0.927713029,0,1.19107268,3.44,1,2.55,0,0,0,0,0,1,-0.321165,0.21611,2,3,0,0,0
4001,16,18,1.34506559,0.68323526,0.918996247,0,1.15397882,2.55,0,3.44,1,0,0,0,0,1,0.204273,-0.326362,3,2,0,0,0
4003,5,6,1.572203504,0.712984493,1.120956717,5,1.0004462,2.55,0,2.55,0,0,0,5,5,0,0.040417,-0.028124,3,3,11,0.454545455,0
4003,6,2,1.564311364,0.785075245,1.228102127,5,1.03602672,2.55,0,2.55,0,0,0,5,5,0,-0.028124,0.20554,3,3,11,0.454545455,0
4003,2,1,1.516032766,0.826180386,1.252516535,6,0.94065223,2.55,0,2.55,0,0,1,5,6,0,0.20554,0.048792,3,3,11,0.454545455,0
4003,7,5,1.52866331,0.769926495,1.176958384,0,0.90493484,2.55,0,2.55,0,0,0,0,5,0,0.008445,0.040417,3,3,0,0,0
4003,15,14,1.517570336,0.861498268,1.307384216,0,1.07374572,2.55,0,2.55,0,0,0,0,0,0,0.006205,0.050513,3,1,0,0,0
4003,9,7,1.513716793,0.8512464,1.288545971,0,1.04533437,2.55,0,2.55,0,0,0,0,0,0,0.064409,0.008445,1,3,0,0,0
4003,19,15,1.507244398,0.746446273,1.125076964,0,0.90553643,2.55,0,2.55,0,1,0,6,0,0,0.047769,0.006205,3,3,0,0,0
4005,6,2,1.5919284,0.994472134,1.583128433,5,0.967469,2.55,0,2.55,0,0,0,5,5,0,0.101305,0.056378,3,4,5,0.2,1
4005,2,16,1.562256294,0.962658512,1.503919319,0,0.81296034,2.55,0,2.55,0,0,0,5,0,0,0.056378,-0.014912,4,3,0,0,0
4005,7,6,1.542373044,0.909100696,1.402172408,0,1.08400519,2.55,0,2.55,0,0,0,0,5,0,0.056658,0.101305,2,3,0,0,0
4005,12,7,1.538521358,0.715169239,1.100303149,0,1.08014113,2.55,0,2.55,0,0,0,0,0,0,-0.027634,0.056658,2,2,0,0,0
4005,27,12,1.532712337,0.832904943,1.276603683,0,1.10212439,2.55,0,2.55,0,0,0,0,0,0,0.012735,-0.027634,1,2,0,0,0
4005,16,41,1.523880283,0.868421538,1.32337046,0,1.0265053,2.55,0,2.55,0,0,0,0,0,0,-0.014912,0.055247,3,1,0,0,0
4006,16,14,1.55846091,0.687013829,1.070684197,0,1.01802484,2.55,0,2.55,0,0,0,0,7,0,0.024436,-0.081976,2,4,0,0,0
4006,17,16,1.529336722,0.853157915,1.30476573,0,1.10637149,2.55,0,2.55,0,0,0,0,0,0,0.013211,0.024436,1,2,0,0,0
4006,39,40,1.509259195,0.836950889,1.263175825,0,1.04049833,2.55,0,2.55,0,0,0,0,0,0,0.143733,0.042908,3,1,0,0,0
4006,9,28,1.494282264,0.970609573,1.450364671,0,0.97283194,2.55,0,2.55,0,0,1,7,6,0,0.058603,0.03012,3,3,0,0,0
4006,14,10,1.480981038,0.695145504,1.02949731,7,0.99409442,2.55,0,3.04,2,0,0,7,7,2,-0.081976,-0.154974,4,2,7,0.285714286,0
4006,10,9,1.416634342,0.785990244,1.113460772,7,1.15086801,3.04,2,2.55,0,0,0,7,7,2,-0.154974,0.058603,2,3,7,0.285714286,0
4006,31,38,1.387129057,0.962574689,1.33521532,0,1.00021494,2.55,0,3.44,1,1,0,6,0,1,0.216619,-0.271724,3,2,0,0,0
4006,38,39,1.361188982,0.72705583,0.989660384,0,1.07978284,3.44,1,2.55,0,0,0,0,0,1,-0.271724,0.143733,2,3,0,0,0
4007,7,4,1.56993965,0.963194863,1.02744742,5,1.02718388,2.55,0,2.55,0,0,0,5,5,0,0.270124,0.212222,3,3,10,0.4,0
4007,9,7,1.51063522,0.844520866,0.98863561,6,0.93870962,2.55,0,2.55,0,0,0,6,5,0,-0.153883,0.270124,2,3,10,0.4,0
4007,4,2,1.45293888,0.841310409,0.99721269,5,1.00478885,2.55,0,3.04,2,0,0,5,5,2,0.212222,-0.285104,3,3,10,0.4,0
4007,10,9,1.35466938,0.774672339,0.88656373,6,1.67251274,2.55,0,2.55,0,0,0,6,6,0,0.171726,-0.153883,3,2,10,0.4,0
4007,24,25,1.53413642,0.852133904,1.00401598,0,1.10764757,2.55,0,2.55,0,0,0,7,7,0,0.119388,-0.003171,2,1,0,0,0
4007,2,24,1.44879736,0.850398985,0.99437018,0,1.00522139,3.04,2,2.55,0,0,0,5,7,2,-0.285104,0.119388,3,2,0,0,0
4007,12,11,1.41052495,0.86581216,1.0025053,0,0.96548142,2.55,0,3.44,1,0,0,7,7,1,0.183204,-0.283522,1,2,0,0,0
4007,11,10,1.3430608,0.998206576,0.95455636,0,1.18791734,3.44,1,2.55,0,0,0,7,6,1,-0.283522,0.171726,2,3,0,0,0
4008,2,0,1.539537029,0.933871756,1.437730149,5,0.92614059,2.55,0,2.55,0,0,0,5,5,0,0.035047,-0.046236,4,3,5,0.2,1
4008,12,2,1.546434392,0.73541427,1.137269919,0,0.8281892,2.55,0,2.55,0,0,0,0,5,0,0.045139,0.035047,3,4,0,0,0
4008,19,20,1.535681623,0.836761778,1.284999685,0,1.08622436,2.55,0,2.55,0,0,0,0,0,0,0.087592,-0.008732,2,1,0,0,0
4008,14,12,1.510293209,0.841455754,1.270844912,0,1.05420461,2.55,0,2.55,0,0,0,0,0,0,0.056187,0.045139,1,3,0,0,0
4008,18,19,1.50193902,0.811946684,1.219494407,0,1.05387705,2.55,0,2.55,0,0,0,0,0,0,-0.105518,0.087592,2,2,0,0,0
4008,0,18,1.33999349,0.999913802,1.339877986,0,1.94404935,2.55,0,2.55,0,0,0,5,0,0,-0.046236,-0.105518,3,2,0,0,0
4009,7,8,1.5162336,0.999563039,1.515571065,3,0.82710298,2.55,0,2.55,0,0,0,3,3,0,-0.212865,-0.144253,4,4,3,0.333333333,1
4009,8,16,1.527734266,0.874112026,1.335410894,0,0.89146186,2.55,0,2.55,0,1,0,3,0,0,-0.144253,0.039214,4,3,0,0,0
4009,16,24,1.513674118,0.850478928,1.287347942,0,1.04012794,2.55,0,2.55,0,0,0,0,0,0,0.039214,0.056049,3,1,0,0,0
4009,17,7,1.512733141,0.756382852,1.144205407,0,0.91771247,2.55,0,2.55,0,0,1,0,3,0,0.044479,-0.212865,3,4,0,0,0
4009,20,17,1.508436433,0.851831024,1.284932951,0,1.06342164,2.55,0,2.55,0,0,0,0,0,0,0.062928,0.044479,1,3,0,0,0
4009-2,7,8,1.5160305,0.999684337,1.515551944,3,0.83050718,2.55,0,2.55,0,0,0,3,3,0,-0.216327,-0.146841,4,4,3,0.333333333,1
4009-2,8,16,1.52744274,0.86789131,1.325654281,0,0.89209419,2.55,0,2.55,0,1,0,3,0,0,-0.146841,0.039423,4,3,0,0,0
4009-2,17,7,1.514002935,0.756776726,1.145762185,0,0.91452758,2.55,0,2.55,0,0,1,0,3,0,0.049688,-0.216327,3,4,0,0,0
4009-2,16,24,1.513628025,0.850678103,1.287610217,0,1.04113993,2.55,0,2.55,0,0,0,0,0,0,0.039423,0.056179,3,1,0,0,0
4009-2,20,17,1.50853135,0.84993865,1.282159099,0,1.05905911,2.55,0,2.55,0,0,0,0,0,0,0.059875,0.049688,1,3,0,0,0
4010,7,8,1.530203104,0.998351182,1.527680077,3,0.81247495,2.55,0,2.55,0,0,0,3,3,0,-0.065885,-0.177588,4,4,3,0.333333333,1
4010,13,7,1.511852095,0.805567768,1.217899317,0,0.88386797,2.55,0,2.55,0,0,0,0,3,0,0.267453,-0.065885,3,4,0,0,0
4010,8,12,1.511849285,0.993894331,1.502618433,0,0.91188082,2.55,0,2.55,0,0,0,3,0,0,-0.177588,0.247892,4,3,0,0,0
4010,25,16,1.430579238,0.861722753,1.23276268,0,0.91229007,2.55,0,3.44,1,0,0,0,0,1,0.194604,-0.28275,1,2,0,0,0
4010,17,29,1.429785228,0.862013027,1.232493493,0,0.90970671,3.44,1,2.55,0,0,0,0,0,1,-0.301032,0.19885,2,1,0,0,0
4010,12,17,1.335830528,0.693947157,0.926995797,0,1.20597234,2.55,0,3.44,1,0,0,0,0,1,0.247892,-0.301032,3,2,0,0,0
4010,16,13,1.330918007,0.689592136,0.917790591,0,1.22964088,3.44,1,2.55,0,0,0,0,0,1,-0.28275,0.267453,2,3,0,0,0
4010-2,7,8,1.536073556,0.999759197,1.535703665,3,0.81199942,2.55,0,2.55,0,0,0,3,3,0,-0.129337,-0.153318,4,4,3,0.333333333,1
4010-2,8,12,1.511921195,0.937709754,1.417743252,0,0.90539517,2.55,0,2.55,0,0,0,3,0,0,-0.153318,0.213545,4,3,0,0,0
4010-2,13,7,1.51066622,0.781049537,1.179905152,0,0.92491172,2.55,0,2.55,0,0,0,0,3,0,0.272157,-0.129337,3,4,0,0,0
4010-2,17,29,1.431384305,0.859560633,1.230361598,0,0.91115807,3.44,1,2.55,0,0,0,0,0,1,-0.311222,0.196394,2,1,0,0,0
4010-2,25,16,1.429011103,0.859801959,1.228666545,0,0.91489018,2.55,0,3.44,1,0,0,0,0,1,0.196564,-0.298109,1,2,0,0,0
4010-2,12,17,1.343671948,0.681628895,0.915885625,0,1.17976906,2.55,0,3.44,1,0,0,0,0,1,0.213545,-0.311222,3,2,0,0,0
4010-2,16,13,1.341833001,0.678158729,0.909975762,0,1.22216091,3.44,1,2.55,0,0,0,0,0,1,-0.298109,0.272157,2,3,0,0,0
4011,7,8,1.555737153,0.999058549,1.554272502,3,0.91777701,2.55,0,2.55,0,0,0,3,3,0,-0.293273,-0.257017,4,4,3,0.333333333,1
4011,16,23,1.534337876,0.845406311,1.297138923,0,1.10428867,2.55,0,2.55,0,0,0,0,0,0,0.108253,0.008211,2,1,0,0,0
4011,19,17,1.531760643,0.863220599,1.32224734,0,1.13703261,2.55,0,2.55,0,0,0,0,0,0,0.024588,0.086085,1,2,0,0,0
4011,17,7,1.526481215,0.889519957,1.357835506,0,1.0536935,2.55,0,2.55,0,0,1,0,3,0,0.086085,-0.293273,2,4,0,0,0
4011,8,16,1.525085614,0.766243232,1.16858653,0,1.04164688,2.55,0,2.55,0,1,0,3,0,0,-0.257017,0.108253,4,2,0,0,0
4012,7,8,1.530231295,0.986501247,1.509575081,3,0.78045164,2.55,0,2.55,0,0,0,3,3,0,-0.125824,-0.10763,4,4,3,0.333333333,1
4012,17,7,1.540379996,0.784700425,1.208736838,0,0.84942399,2.55,0,2.55,0,0,0,0,3,0,0.086475,-0.125824,3,4,0,0,0
4012,8,16,1.524147819,0.755765265,1.15189798,0,0.92117718,2.55,0,2.55,0,0,0,3,0,0,-0.10763,0.056481,4,3,0,0,0
4012,16,24,1.518908964,0.861703457,1.308849105,0,1.06914823,2.55,0,2.55,0,0,0,0,0,0,0.056481,0.077761,3,1,0,0,0
4012,20,17,1.502454839,0.851103865,1.27874512,0,1.056937,2.55,0,2.55,0,0,0,0,0,0,0.057948,0.086475,1,3,0,0,0
4012-2,7,8,1.511521716,0.999088611,1.510144131,3,0.82753656,2.55,0,2.55,0,0,0,3,3,0,-0.124851,-0.13106,4,4,3,0.333333333,1
4012-2,17,7,1.539356681,0.90721131,1.396521791,0,0.86325171,2.55,0,2.55,0,0,0,0,3,0,0.078657,-0.124851,3,4,0,0,0
4012-2,8,16,1.530506109,0.768632181,1.176396249,0,0.8960261,2.55,0,2.55,0,0,0,3,0,0,-0.13106,0.045005,4,3,0,0,0
4012-2,16,24,1.514430411,0.851292659,1.289223491,0,1.05086505,2.55,0,2.55,0,0,0,0,0,0,0.045005,0.064342,3,1,0,0,0
4012-2,20,17,1.510247564,0.844998491,1.276156912,0,1.0462277,2.55,0,2.55,0,0,0,0,0,0,0.038992,0.078657,1,3,0,0,0
4013,4,1,1.529294788,0.934632545,1.42932868,5,0.96769901,2.55,0,2.55,0,0,0,5,5,0,0.00264,-0.096664,3,3,5,0.2,1
4013,5,4,1.524368088,0.77358334,1.179225757,0,0.90405665,2.55,0,2.55,0,0,0,0,5,0,0.174827,0.00264,3,3,0,0,0
4013,11,22,1.508797265,0.999951468,1.50872404,0,0.95363562,2.55,0,2.55,0,1,0,6,0,0,-0.095334,0.549081,3,4,0,0,0
4013,1,8,1.472396677,0.971588384,1.430563508,0,1.02271613,2.55,0,2.55,0,0,1,5,6,0,-0.096664,0.136876,3,3,0,0,0
4013,18,6,1.432656302,0.859615225,1.23153317,0,0.90784197,2.55,0,3.44,1,0,0,0,0,1,0.18777,-0.306401,1,2,0,0,0
4013,6,5,1.344646152,0.685028458,0.92112088,0,1.1658276,3.44,1,2.55,0,0,0,0,0,1,-0.306401,0.174827,2,3,0,0,0
4014,4,12,1.559853172,0.703112174,1.096751754,5,1.03046912,2.55,0,2.55,0,0,0,5,5,0,-0.0546,-0.021764,3,3,13,0.384615385,0
4014,12,17,1.55352129,0.897406547,1.394140177,5,1.02092747,2.55,0,2.55,0,0,0,5,5,0,-0.021764,-0.032094,3,3,13,0.384615385,0
4014,17,25,1.539138561,0.717660865,1.104579511,6,1.01803627,2.55,0,2.55,0,0,0,5,6,0,-0.032094,0.32594,3,3,13,0.384615385,0
4014,25,30,1.52332303,0.73104601,1.113619223,6,0.97035836,2.55,0,2.55,0,0,0,6,6,0,0.32594,0.033696,3,3,13,0.384615385,0
4014,1,4,1.504434584,0.875312017,1.31684967,5,0.95058875,2.55,0,2.55,0,0,0,5,5,0,0.098077,-0.0546,3,3,13,0.384615385,1
4014,6,7,1.505096716,0.837991946,1.261258926,0,1.04600169,2.55,0,2.55,0,0,0,0,0,0,0.052131,0.148114,1,3,0,0,0
4014,35,36,1.50377837,0.845696988,1.271740839,0,1.05299306,2.55,0,2.55,0,0,0,0,0,0,0.161074,0.055471,3,1,0,0,0
4014,30,34,1.399437341,0.920561125,1.288267613,0,0.94701345,2.55,0,3.44,1,0,0,6,0,1,0.033696,-0.262988,3,2,0,0,0
4014,5,1,1.375751684,0.849963089,1.169338152,0,1.0083233,3.44,1,2.55,0,0,0,0,5,1,-0.272255,0.098077,2,3,0,0,0
4014,7,5,1.371608478,0.699514048,0.959459398,0,1.06487123,2.55,0,3.44,1,0,0,0,0,1,0.148114,-0.272255,3,2,0,0,0
4014,34,35,1.35212557,0.701786513,0.948903489,0,1.13574987,3.44,1,2.55,0,0,0,0,0,1,-0.262988,0.161074,2,3,0,0,0
4015,5,4,1.561593255,0.699402173,1.092181716,5,1.03835435,2.55,0,2.55,0,0,0,5,5,0,-0.022446,-0.05644,3,3,13,0.384615385,0
4015,10,5,1.552179139,0.893751442,1.387262343,5,1.01985949,2.55,0,2.55,0,0,0,5,5,0,-0.033415,-0.022446,3,3,13,0.384615385,0
4015,18,10,1.539954293,0.717682114,1.105197652,6,1.01772938,2.55,0,2.55,0,0,0,6,5,0,0.328985,-0.033415,3,3,13,0.384615385,0
4015,23,18,1.522764299,0.730664794,1.112630263,6,0.97204489,2.55,0,2.55,0,0,0,6,6,0,0.032798,0.328985,3,3,13,0.384615385,0
4015,4,1,1.514426708,0.88353843,1.338054197,5,0.96326053,2.55,0,2.55,0,0,0,5,5,0,-0.05644,-0.094235,3,3,13,0.384615385,1
4015,47,48,1.509302252,0.836947752,1.263207126,0,1.04028228,2.55,0,2.55,0,0,0,0,0,0,0.144045,0.04261,3,1,0,0,0
4015,1,36,1.470621401,0.97292704,1.430807327,0,1.03508795,2.55,0,2.55,0,0,1,5,6,0,-0.094235,0.154794,3,3,0,0,0
4015,27,23,1.39973225,0.919564903,1.287144651,0,0.94707536,3.44,1,2.55,0,0,0,0,6,1,-0.263315,0.032798,2,3,0,0,0
4015,39,46,1.386822957,0.962407995,1.334689501,0,1.00063815,2.55,0,3.44,1,1,0,6,0,1,0.216845,-0.270247,3,2,0,0,0
4015,46,47,1.360634679,0.727382259,0.989701526,0,1.08178201,3.44,1,2.55,0,0,0,0,0,1,-0.270247,0.144045,2,3,0,0,0
4015,28,27,1.352395516,0.858105404,1.160497901,0,1.13506258,2.55,0,3.44,1,0,0,0,0,1,0.163282,-0.263315,3,2,0,0,0
4016,18,17,1.467554783,0.743357635,1.090918052,6,0.92988269,3.44,1,2.55,0,0,0,6,5,1,-0.288094,0.221047,2,4,15,0.266666667,1
4016,17,20,1.448418261,0.875221622,1.26768698,5,1.02634181,2.55,0,3.04,2,0,0,5,5,2,0.221047,-0.271683,4,3,15,0.266666667,0
4016,1,18,1.342185915,0.749923598,1.00653689,6,1.17512844,2.55,0,3.44,1,1,0,6,6,1,0.167929,-0.288094,3,2,15,0.266666667,0
4016,29,40,1.53415782,0.70402948,1.080092332,0,1.08929941,2.55,0,2.55,0,0,0,0,0,0,0.170344,0.001261,2,2,0,0,0
4016,40,43,1.531435323,0.697238488,1.067775649,0,1.08099637,2.55,0,2.55,0,0,0,0,0,0,0.001261,-0.028359,2,2,0,0,0
4016,43,46,1.529797288,0.835366177,1.277940912,0,1.10659702,2.55,0,2.55,0,0,0,0,0,0,-0.028359,0.020962,2,1,0,0,0
4016,20,29,1.456040275,0.775269461,1.128823559,0,0.95769958,3.04,2,2.55,0,0,0,5,0,2,-0.271683,0.170344,3,2,0,0,0
4016,34,33,1.413167138,0.868071849,1.22673061,0,0.95714451,2.55,0,3.44,1,0,0,0,0,1,0.179928,-0.297613,1,2,0,0,0
4016,33,0,1.349552791,0.725586821,0.979217719,0,1.17862081,3.44,1,2.55,0,0,1,0,6,1,-0.297613,0.210948,2,3,0,0,0
4017,18,17,1.463539808,0.737288198,1.079050628,6,0.93845329,3.44,1,2.55,0,0,0,6,5,1,-0.299603,0.227584,2,4,15,0.266666667,1
4017,17,20,1.446997698,0.878745457,1.271542653,5,1.0277245,2.55,0,3.04,2,0,0,5,5,2,0.227584,-0.279696,4,3,15,0.266666667,0
4017,1,18,1.34909022,0.747861965,1.008933263,6,1.15083438,2.55,0,3.44,1,1,0,6,6,1,0.111075,-0.299603,3,2,15,0.266666667,0
4017,29,35,1.534525269,0.704364156,1.080864595,0,1.08965131,2.55,0,2.55,0,0,0,0,0,0,0.173656,0.004312,2,2,0,0,0
4017,35,38,1.531446803,0.697779794,1.068612634,0,1.0809251,2.55,0,2.55,0,0,0,0,0,0,0.004312,-0.027028,2,2,0,0,0
4017,38,41,1.52994781,0.835563141,1.278367998,0,1.10627919,2.55,0,2.55,0,0,0,0,0,0,-0.027028,0.021501,2,1,0,0,0
4017,20,29,1.454100403,0.774714926,1.126513286,0,0.96499827,3.04,2,2.55,0,0,0,5,0,2,-0.279696,0.173656,3,2,0,0,0
4017,34,33,1.410706696,0.869010158,1.225918448,0,0.96379646,2.55,0,3.44,1,0,0,0,0,1,0.182053,-0.292768,1,2,0,0,0
4017,33,0,1.350462937,0.726884063,0.981629987,0,1.18261862,3.44,1,2.55,0,0,1,0,6,1,-0.292768,0.215997,2,3,0,0,0
4018,19,21,1.596679454,0.762122328,1.216865063,5,0.900345,2.55,0,2.55,0,0,0,5,5,0,0.226474,-0.190108,4,4,19,0.368421053,0
4018,21,15,1.521662272,0.72356883,1.101027389,5,0.92497324,2.55,0,2.55,0,0,1,5,5,0,-0.190108,0.057292,4,3,19,0.368421053,0
4018,20,19,1.467275349,0.779327782,1.143488444,6,0.92450692,3.44,1,2.55,0,0,0,6,5,1,-0.325747,0.226474,2,4,19,0.368421053,1
4018,1,20,1.354832801,0.757232138,1.025922938,6,1.11613647,2.55,0,3.44,1,1,0,6,6,1,0.13668,-0.325747,3,2,19,0.368421053,0
4018,34,35,1.537192462,0.839180764,1.289982346,0,1.10492602,2.55,0,2.55,0,0,0,0,0,0,0.06521,0.023443,2,1,0,0,0
4018,12,34,1.515205482,0.839175681,1.271523592,0,1.03973563,2.55,0,2.55,0,1,0,6,0,0,-0.012182,0.06521,3,2,0,0,0
4018,33,32,1.4214761,0.863211583,1.227034635,0,0.94693494,2.55,0,3.44,1,0,0,0,0,1,0.196318,-0.337362,1,2,0,0,0
4018,32,0,1.365333947,0.904525394,1.234979226,0,1.09742141,3.44,1,2.55,0,0,1,0,6,1,-0.337362,0.146138,2,3,0,0,0
4019,20,17,1.480435747,0.954304345,1.412786267,5,0.95337092,3.04,2,2.55,0,0,0,5,5,2,-0.234532,0.217291,3,4,15,0.266666667,0
4019,17,18,1.431997479,0.767227962,1.098668507,6,0.96432635,2.55,0,3.44,1,0,0,5,6,1,0.217291,-0.286203,4,2,15,0.266666667,1
4019,18,1,1.345534629,0.754678535,1.015446103,6,1.16254272,3.44,1,2.55,0,0,1,6,6,1,-0.286203,0.210633,2,3,15,0.266666667,0
4019,48,43,1.509577147,0.99990939,1.509440364,0,1.06459241,2.55,0,2.55,0,0,1,0,6,0,0.07783,-0.022436,1,3,0,0,0
4019,34,52,1.503883406,0.837560015,1.259592608,0,1.04952475,2.55,0,2.55,0,0,0,0,0,0,0.15931,0.04721,3,1,0,0,0
4019,29,20,1.412392683,0.971743939,1.37248403,0,0.96165826,2.55,0,3.04,2,1,0,6,5,2,0.184237,-0.234532,3,3,0,0,0
4019,0,33,1.38060922,0.88136373,1.216818891,0,0.97988091,2.55,0,3.44,1,1,0,6,0,1,0.169945,-0.278857,3,2,0,0,0
4019,33,34,1.372826583,0.698251591,0.958578346,0,1.06390291,3.44,1,2.55,0,0,0,0,0,1,-0.278857,0.15931,2,3,0,0,0
4020,17,18,1.478092926,0.782805942,1.157059926,6,0.89956576,2.55,0,3.44,1,0,0,5,6,1,0.2324,-0.294608,4,2,15,0.266666667,1
4020,20,17,1.444650645,0.874142642,1.262830731,5,1.04813734,3.04,2,2.55,0,0,0,5,5,2,-0.284957,0.2324,3,4,15,0.266666667,0
4020,18,1,1.334830211,0.754564038,1.007214873,6,1.19152064,3.44,1,2.55,0,0,1,6,6,1,-0.294608,0.206363,2,3,15,0.266666667,0
4020,39,29,1.528127107,0.684634698,1.046208841,0,1.07360796,2.55,0,2.55,0,0,0,0,0,0,0.220436,0.154209,2,2,0,0,0
4020,51,52,1.475924866,0.888445982,1.311279517,0,0.81490082,3.44,1,2.55,0,0,0,0,0,1,-0.290788,-0.066979,2,4,0,0,0
4020,29,20,1.453065372,0.774152075,1.124893572,0,0.9394912,2.55,0,3.04,2,0,0,0,5,2,0.154209,-0.284957,2,3,0,0,0
4020,42,39,1.402996746,0.667194082,0.936071126,0,1.02238695,3.44,1,2.55,0,0,0,0,0,1,-0.387061,0.220436,2,2,0,0,0
4020,45,42,1.402252362,0.839165033,1.17672115,0,1.00071414,2.55,0,3.44,1,0,0,0,0,1,0.191557,-0.387061,1,2,0,0,0
4020,0,33,1.37876814,0.887773201,1.224033406,0,1.00016438,2.55,0,3.44,1,1,0,6,0,1,0.158919,-0.255985,3,2,0,0,0
4020,33,34,1.365836424,0.694251375,0.948233815,0,1.07810242,3.44,1,2.55,0,0,0,0,0,1,-0.255985,0.349053,2,3,0,0,0
4020,34,51,1.321606363,0.697308707,0.921567624,0,1.23620825,2.55,0,3.44,1,0,0,0,0,1,0.349053,-0.290788,3,2,0,0,0
4021,18,17,1.480047754,0.841188389,1.244998986,6,0.90114892,3.44,1,2.55,0,0,0,6,5,1,-0.307812,0.175745,2,4,15,0.266666667,1
4021,17,20,1.454372183,0.844104346,1.227641881,5,1.02162213,2.55,0,3.04,2,0,0,5,5,2,0.175745,-0.262613,4,3,15,0.266666667,0
4021,0,1,1.41093061,0.998839444,1.409293145,6,1.38736082,2.55,0,2.55,0,0,0,6,6,0,-0.061664,0.138038,3,3,15,0.266666667,0
4021,1,18,1.358909029,0.733317263,0.99651145,6,1.15559725,2.55,0,3.44,1,0,0,6,6,1,0.138038,-0.307812,3,2,15,0.266666667,0
4021,26,30,1.535252693,0.701120701,1.076397445,0,1.07962815,2.55,0,2.55,0,0,0,0,0,0,0.169856,6.30E-05,2,2,0,0,0
4021,30,33,1.531917947,0.696421537,1.06686065,0,1.0798415,2.55,0,2.55,0,0,0,0,0,0,6.30E-05,-0.026656,2,2,0,0,0
4021,33,36,1.529781495,0.835703474,1.278443709,0,1.10650189,2.55,0,2.55,0,0,0,0,0,0,-0.026656,0.022885,2,1,0,0,0
4021,29,28,1.527500323,0.850585844,1.299270152,0,1.13199976,2.55,0,2.55,0,0,0,0,0,0,0.010811,0.064066,1,2,0,0,0
4021,28,0,1.515606304,0.740704611,1.122616578,0,1.02632397,2.55,0,2.55,0,0,0,0,6,0,0.064066,-0.061664,2,3,0,0,0
4021,20,26,1.452760426,0.777100418,1.128940734,0,0.98172096,3.04,2,2.55,0,0,0,5,0,2,-0.262613,0.169856,3,2,0,0,0
4022,1,23,1.54103587,0.884164611,1.36252938,0,0.93021055,2.55,0,2.55,0,0,1,6,6,0,0.218572,0.042364,4,3,0,0,0
4022,38,39,1.509229081,0.83664295,1.26268587,0,1.04017163,2.55,0,2.55,0,0,0,0,0,0,0.144153,0.042814,3,1,0,0,0
4022,35,33,1.496721953,0.838854028,1.255531238,0,1.07078583,2.55,0,2.55,0,0,1,0,5,0,0.114147,-0.18299,1,3,0,0,0
4022,27,37,1.386806452,0.962871091,1.335315841,0,1.00048447,2.55,0,3.44,1,1,0,6,0,1,0.222128,-0.272408,3,2,0,0,0
4022,37,38,1.36178054,0.727184446,0.990265628,0,1.07787387,3.44,1,2.55,0,0,0,0,0,1,-0.272408,0.144153,2,3,0,0,0
4023,1,2,1.447645443,0.830237748,1.201889892,6,0.94013307,2.55,0,3.44,1,0,0,6,6,1,0.220927,-0.331356,4,2,10,0.3,1
4023,3,9,1.434908375,0.999594825,1.434326987,6,1.21652453,2.55,0,2.55,0,0,0,6,6,0,0.121963,0.081552,3,3,10,0.3,0
4023,2,3,1.361471972,0.739569867,1.006903645,6,1.10812311,3.44,1,2.55,0,0,0,6,6,1,-0.331356,0.121963,2,3,10,0.3,0
4023,23,1,1.542757376,0.962380939,1.484720293,0,0.93180291,2.55,0,2.55,0,1,0,6,6,0,0.028403,0.220927,3,4,0,0,0
4023,9,43,1.467414686,0.781402067,1.14664087,0,1.05909192,2.55,0,2.55,0,0,0,6,0,0,0.081552,-0.004443,3,2,0,0,0
4023,44,45,1.463831374,0.999022945,1.462401131,0,1.11024857,2.55,0,2.55,0,0,1,0,6,0,-0.000193,0.115279,2,3,0,0,0
4023,63,64,1.411611527,0.870824076,1.229265303,0,0.95833842,3.44,1,2.55,0,0,0,0,0,1,-0.318852,0.183831,2,1,0,0,0
4023,48,63,1.357633085,0.731208239,0.992712498,0,1.13494912,2.55,0,3.44,1,1,0,6,0,1,0.207154,-0.318852,3,2,0,0,0
4023,43,44,1.354736932,0.805947477,1.091846812,0,1.64774725,2.55,0,2.55,0,0,0,0,0,0,-0.004443,-0.000193,2,2,0,0,0
4024-,17,19,1.596491957,0.767581871,1.225438283,5,0.90304239,2.55,0,2.55,0,0,0,5,5,0,0.235739,-0.227937,4,4,19,0.368421053,0
4024-,19,13,1.521645364,0.724488638,1.102414777,5,0.93732269,2.55,0,2.55,0,0,1,5,5,0,-0.227937,0.054004,4,3,19,0.368421053,0
4024-,18,17,1.450062225,0.791322222,1.147466462,6,0.96228563,3.44,1,2.55,0,0,0,6,5,1,-0.30137,0.235739,2,4,19,0.368421053,1
4024-,0,1,1.41684636,0.99997568,1.416811902,6,1.31597317,2.55,0,2.55,0,0,0,6,6,0,0.197248,0.119795,3,3,19,0.368421053,0
4024-,1,18,1.355265966,0.744458099,1.008938725,6,1.13937886,2.55,0,3.44,1,0,0,6,6,1,0.119795,-0.30137,3,2,19,0.368421053,0
4024-,10,34,1.502758301,0.877286171,1.318349076,0,0.96646236,2.55,0,2.55,0,1,0,6,0,0,-0.09449,0.537069,3,4,0,0,0
4024-,32,31,1.408601674,0.867415908,1.2218435,0,0.97094133,2.55,0,3.44,1,0,0,0,0,1,0.186299,-0.302893,1,2,0,0,0
4024-,31,0,1.35651718,0.727067315,0.986279303,0,1.1552661,3.44,1,2.55,0,0,0,0,6,1,-0.302893,0.197248,2,3,0,0,0
4025,20,17,1.468713844,0.908373916,1.334141346,5,0.99693051,3.04,2,2.55,0,0,0,5,5,2,-0.292002,0.183833,3,4,17,0.352941176,0
4025,17,18,1.463597075,0.737285817,1.079089366,7,0.93072401,2.55,0,3.44,1,0,0,5,7,1,0.183833,-0.359226,4,2,17,0.352941176,1
4025,29,20,1.453548634,0.874879584,1.271680023,0,1.00139142,2.55,0,3.04,2,0,0,0,5,2,0.143783,-0.292002,1,3,0,0,0
4025,46,47,1.408182972,0.866809104,1.220625821,0,0.97545738,3.44,1,2.55,0,0,0,0,0,1,-0.314844,0.187024,2,1,0,0,0
4025,18,1,1.378768385,0.963649643,1.328649662,7,1.04916478,3.44,1,2.55,0,0,0,7,6,1,-0.359226,0.183731,2,3,17,0.352941176,0
4025,4,46,1.360695324,0.957056503,1.302262308,0,1.12270592,2.55,0,3.44,1,0,0,6,0,1,0.252757,-0.314844,3,2,0,0,0
4026,4,7,1.526711942,0.939066938,1.433684708,4,0.99302822,2.55,0,2.55,0,1,0,4,4,0,0.056833,-0.070672,3,3,8,0.375,1
4026,21,24,1.5339784,0.698993756,1.072241324,0,1.09436477,2.55,0,2.55,0,0,0,0,0,0,0.031634,0.144252,2,2,0,0,0
4026,16,21,1.531831016,0.700106324,1.072444582,0,1.0863675,2.55,0,2.55,0,0,0,0,0,0,0.134945,0.031634,2,2,0,0,0
4026,41,46,1.530470634,0.895865451,1.371095765,7,0.97447837,2.55,0,2.55,0,0,0,7,7,0,0.086595,0.168325,3,2,11,0.454545455,0
4026,7,11,1.529518413,0.724446694,1.108054558,0,1.01806834,2.55,0,2.55,0,0,0,4,0,0,-0.070672,0.219613,3,2,0,0,0
4026,46,47,1.522475049,0.768571768,1.170131339,7,1.02742511,2.55,0,2.55,0,0,1,7,6,0,0.168325,-0.059217,2,3,11,0.454545455,0
4026,24,27,1.461037538,0.822387719,1.201539329,0,0.95996086,2.55,0,3.04,2,0,0,0,7,2,0.144252,-0.300238,2,3,0,0,0
4026,13,16,1.460267428,0.700131428,1.02237912,0,1.01644892,3.04,2,2.55,0,0,0,0,0,2,-0.365872,0.134945,3,2,0,0,0
4026,11,13,1.459119919,0.698387413,1.019030986,0,1.01290335,2.55,0,3.04,2,0,0,0,0,2,0.219613,-0.365872,2,3,0,0,0
4026,64,65,1.420390648,0.861505699,1.223674639,0,0.95112552,3.44,1,2.55,0,0,0,0,0,1,-0.333696,0.20534,2,1,0,0,0
4026,31,30,1.418535841,0.859003806,1.218527685,0,0.95636647,2.55,0,3.44,1,0,0,0,0,1,0.211607,-0.342084,1,2,0,0,0
4026,27,41,1.372434955,0.718361683,0.985904683,7,1.15700137,3.04,2,2.55,0,0,0,7,7,2,-0.300238,0.086595,3,3,11,0.454545455,0
4026,30,1,1.369082731,0.792994758,1.085675428,0,1.08125116,3.44,1,2.55,0,0,1,0,6,1,-0.342084,0.13222,2,3,0,0,0
4026,56,64,1.365269815,0.786720316,1.074085501,0,1.10978308,2.55,0,3.44,1,1,0,6,0,1,0.150632,-0.333696,3,2,0,0,0
4027,2,5,1.581942832,0.994182614,1.572740061,4,0.99764848,2.55,0,2.55,0,0,0,4,4,0,-0.342422,-0.015518,4,3,10,0.4,1
4027,14,13,1.542857874,0.830044426,1.280640579,7,1.08190305,2.55,0,2.55,0,0,0,7,7,0,0.092356,0.117715,2,2,10,0.4,0
4027,5,14,1.532839097,0.727597841,1.115290418,7,1.06972647,2.55,0,2.55,0,0,0,4,7,0,-0.015518,0.092356,3,2,10,0.4,0
4027,13,12,1.531050284,0.734277597,1.124215923,7,1.03394086,2.55,0,2.55,0,0,0,7,3,0,0.117715,-0.082294,2,4,10,0.4,0
4027,24,2,1.528717559,0.853357074,1.304541943,0,1.09201981,2.55,0,2.55,0,0,0,0,4,0,0.111877,-0.342422,1,4,0,0,0
4027,12,33,1.519898884,0.830525516,1.262314805,0,1.06691911,2.55,0,2.55,0,0,0,3,0,0,-0.082294,0.107446,4,1,0,0,0
4028,0,2,1.567215718,0.97353558,1.525740263,4,1.0130952,2.55,0,2.55,0,0,0,4,4,0,-0.012163,-0.290233,3,4,4,0.25,1
4028,2,20,1.534189951,0.833149084,1.278208952,0,1.04928742,2.55,0,2.55,0,0,0,4,0,0,-0.290233,0.100365,4,1,0,0,0
4028,3,0,1.523345297,0.866857555,1.32052338,0,1.10591952,2.55,0,2.55,0,0,0,0,4,0,0.102064,-0.012163,1,3,0,0,0
2059,1,2,1.563780983,1.023416874,1.327916117,4,1.01735937,2.55,0,2.55,0,0,0,4,4,0,-0.150949,0.060582,3,3,12,0.416666667,1
2059,2,5,1.493894614,0.977679721,1.445265413,6,0.99250262,2.55,0,2.55,0,0,1,4,6,0,0.060582,0.058096,3,3,12,0.416666667,0
2059,17,1,1.534175604,1.004041625,1.403904003,0,1.08677346,2.55,0,2.55,0,0,0,0,4,0,0.23666,-0.150949,2,3,0,0,0
2059,29,26,1.529818197,1.001189919,1.271699826,0,1.09300131,2.55,0,2.55,0,0,0,0,0,0,-0.01545,-0.014878,1,2,0,0,0
2059,26,25,1.519096664,0.994173209,1.027273954,0,1.07163034,2.55,0,2.55,0,0,0,0,0,0,-0.014878,0.200352,2,2,0,0,0
2059,16,37,1.516722368,0.992619351,1.248066902,0,1.10394612,2.55,0,2.55,0,0,0,0,0,0,0.144431,0.022456,2,1,0,0,0
2059,18,17,1.514544152,0.991193817,1.209437283,0,0.97500376,2.55,0,2.55,0,0,0,0,0,0,0.102746,0.23666,3,2,0,0,0
2059,25,21,1.438901517,1.02267343,0.994078326,0,0.89689413,2.55,0,3.44,1,0,0,0,0,1,0.200352,-0.318221,2,2,0,0,0
2059,15,16,1.421480835,1.010291994,0.995443728,0,0.94182316,3.44,1,2.55,0,0,0,0,0,1,-0.313236,0.144431,2,2,0,0,0
2059,11,15,1.353413885,0.961914631,1.298611504,0,1.13756913,2.55,0,3.44,1,1,0,6,0,1,0.238729,-0.313236,3,2,0,0,0
2059,21,18,1.349895458,0.959413971,0.931089741,0,1.14819344,3.44,1,2.55,0,0,0,0,0,1,-0.318221,0.102746,2,3,0,0,0
4030,5,7,1.573771691,0.818114302,1.287525129,4,0.97815209,2.55,0,2.55,0,0,0,4,4,0,0.050522,0.15768,4,3,8,0.25,1
4030,3,5,1.525371319,0.861680007,1.314381968,6,0.95042806,2.55,0,2.55,0,0,0,6,4,0,0.061462,0.050522,3,4,8,0.25,0
4030,49,9,1.516457178,0.868971472,1.317758027,0,1.08699907,2.55,0,2.55,0,0,0,0,0,0,0.056899,0.049681,1,3,0,0,0
4030,9,3,1.493829268,0.739280189,1.104358383,0,0.9482397,2.55,0,2.55,0,0,0,0,6,0,0.049681,0.061462,3,3,0,0,0
4030,15,16,1.493376173,0.966797423,1.443792236,0,0.90823992,2.55,0,2.55,0,0,1,0,6,0,0.189455,-0.022768,3,3,0,0,0
4030,7,14,1.417666072,0.798406051,1.131873171,0,0.96775719,2.55,0,3.44,1,0,0,4,0,1,0.15768,-0.272827,3,2,0,0,0
4030,22,57,1.355648763,0.999548385,1.355036533,0,1.19875437,2.55,0,3.44,1,1,0,6,0,1,0.197872,-0.181524,3,1,0,0,0
4030,14,15,1.351578719,0.701767894,0.948494551,0,1.16002298,3.44,1,2.55,0,0,0,0,0,1,-0.272827,0.189455,2,3,0,0,0
4031,0,2,1.547076673,0.702903948,1.087446301,4,1.08486181,2.55,0,2.55,0,0,0,4,4,0,-0.048079,-0.036129,3,3,4,0.25,0
4031,3,0,1.534642095,0.721193865,1.106774463,0,0.88628844,2.55,0,2.55,0,0,0,0,4,0,0.206842,-0.048079,3,3,0,0,0
4031,2,7,1.532209589,0.719102961,1.101816452,0,0.8923444,2.55,0,2.55,0,0,0,4,0,0,-0.036129,0.19967,3,3,0,0,0
4031,30,29,1.518320545,0.962598911,1.461533703,0,1.04618065,2.55,0,2.55,0,1,0,6,0,0,-0.045363,0.270771,3,2,0,0,0
4031,40,41,1.517413551,0.966614336,1.466753692,0,1.05910758,2.55,0,2.55,0,0,1,0,6,0,0.273453,-0.047382,2,3,0,0,0
4031,73,67,1.510294747,0.999990531,1.510280445,0,1.06445809,2.55,0,2.55,0,0,1,0,6,0,0.079686,-0.027816,1,3,0,0,0
4031,81,88,1.5102202,0.99998522,1.510197879,0,1.06458242,2.55,0,2.55,0,1,0,6,0,0,-0.026945,0.079945,3,1,0,0,0
4031,14,40,1.471611124,0.812291839,1.195377706,0,0.96607464,3.04,2,2.55,0,0,0,0,0,2,-0.308193,0.273453,3,2,0,0,0
4031,29,13,1.46709536,0.78039184,1.144909248,0,0.96123638,2.55,0,3.04,2,0,0,0,0,2,0.270771,-0.321753,2,3,0,0,0
4031,77,78,1.377233109,0.9637987,1.32737548,0,1.00606874,3.44,1,2.55,0,0,1,0,6,1,-0.276778,0.192826,2,3,0,0,0
4031,62,55,1.375408119,0.964772315,1.326955676,0,1.01226069,3.44,1,2.55,0,0,1,0,6,1,-0.280188,0.185655,2,3,0,0,0
4031,63,62,1.375304061,0.962610577,1.323882236,0,1.04121886,2.55,0,3.44,1,1,0,6,0,1,0.211124,-0.280188,3,2,0,0,0
4031,13,3,1.374006299,0.723610436,0.994245297,0,1.18564312,3.04,2,2.55,0,0,0,0,0,2,-0.321753,0.206842,3,3,0,0,0
4031,48,77,1.370573049,0.962767405,1.319543058,0,1.05359267,2.55,0,3.44,1,1,0,6,0,1,0.220973,-0.276778,3,2,0,0,0
4031,7,14,1.369136873,0.720961019,0.987094315,0,1.19222126,2.55,0,3.04,2,0,0,0,0,2,0.19967,-0.308193,3,3,0,0,0
4032,1,10,1.572743292,0.968290495,1.52287238,4,0.998364,2.55,0,2.55,0,0,0,4,4,0,-0.348306,-0.02609,4,3,10,0.2,1
4032,10,17,1.534879739,0.928924238,1.425786993,7,1.0376718,2.55,0,2.55,0,0,0,4,7,0,-0.02609,0.309819,3,3,10,0.2,0
4032,2,1,1.534174509,0.833856922,1.279282033,0,1.05153803,2.55,0,2.55,0,0,0,0,4,0,0.100785,-0.348306,1,4,0,0,0
4032,32,33,1.507593965,0.841894177,1.26923458,0,1.04480543,2.55,0,2.55,0,0,0,0,0,0,0.151556,0.054598,3,1,0,0,0
4032,17,31,1.434116718,0.875775915,1.255964882,0,0.91744133,2.55,0,3.44,1,0,0,7,0,1,0.309819,-0.322794,3,2,0,0,0
4032,31,32,1.356288547,0.698689647,0.947624767,0,1.0985694,3.44,1,2.55,0,0,0,0,0,1,-0.322794,0.151556,2,3,0,0,0
4033,0,2,1.565310554,0.853348847,1.335755956,4,1.02579792,2.55,0,2.55,0,0,0,4,4,0,-0.142623,-0.056882,3,3,30,0.333333333,1
4033,65,71,1.540703022,0.964061637,1.485332678,6,0.93431032,2.55,0,2.55,0,0,0,6,6,0,-0.239851,0.05751,4,3,30,0.333333333,0
4033,61,65,1.558849771,0.877578115,1.368012443,7,1.01970312,2.55,0,2.55,0,0,0,7,6,0,0.217856,-0.239851,2,4,30,0.333333333,0
4033,2,10,1.541427362,0.918293383,1.415482546,7,1.0741332,2.55,0,2.55,0,0,0,4,7,0,-0.056882,0.217733,3,2,30,0.333333333,0
4033,8,0,1.535248369,0.884916675,1.358566881,7,1.01848527,2.55,0,2.55,0,0,0,7,4,0,0.313106,-0.142623,3,3,30,0.333333333,0
4033,14,13,1.5277025,0.705804412,1.078259165,0,0.94758782,2.55,0,2.55,0,0,0,0,0,0,0.127718,0.254879,3,2,0,0,0
4033,84,88,1.510164735,0.999961209,1.510106154,0,1.06106861,2.55,0,2.55,0,0,0,6,0,0,-0.01704,0.084491,3,1,0,0,0
4033,10,60,1.47279215,0.85214559,1.255033336,7,0.98407466,2.55,0,3.04,2,0,0,7,7,2,0.217733,-0.313837,2,3,30,0.333333333,0
4033,60,61,1.4605911,0.769851242,1.124437872,7,0.98959764,3.04,2,2.55,0,0,0,7,7,2,-0.313837,0.217856,3,2,30,0.333333333,0
4033,18,17,1.429005404,0.860154362,1.229165232,0,0.92119077,2.55,0,3.44,1,0,0,0,0,1,0.190595,-0.312754,1,2,0,0,0
4033,12,8,1.426270959,0.694208534,0.990129471,0,0.96244168,3.44,1,2.55,0,0,0,0,7,1,-0.37239,0.313106,2,3,0,0,0
4033,13,12,1.393086901,0.827119976,1.152250005,0,1.02922309,2.55,0,3.44,1,0,0,0,0,1,0.254879,-0.37239,2,2,0,0,0
4033,17,14,1.344989915,0.678819568,0.913005472,0,1.16557527,3.44,1,2.55,0,0,0,0,0,1,-0.312754,0.127718,2,3,0,0,0
4034,23,27,1.583637968,0.996670808,1.578365734,4,1.01462973,2.55,0,2.55,0,0,0,4,4,0,-0.359543,0.020218,4,3,4,0.25,1
4034,42,44,1.436385875,0.685992199,0.985349505,5,0.97646415,3.44,1,2.55,0,0,0,5,5,1,-0.309372,0.318163,2,3,9,0.444444444,0
4034,34,42,1.366182225,0.732491889,1.000717398,5,1.07629764,2.55,0,3.44,1,1,0,5,5,1,0.201669,-0.309372,3,2,9,0.444444444,0
4034,27,53,1.551737557,0.879240382,1.364350322,0,1.05980455,2.55,0,2.55,0,0,0,4,0,0,0.020218,0.216194,3,2,0,0,0
4034,45,47,1.528912181,0.835033623,1.276693077,0,1.09640489,2.55,0,2.55,0,0,0,0,0,0,0.042704,-0.01104,2,1,0,0,0
4034,30,23,1.522309351,0.849830399,1.293704763,0,1.07838665,2.55,0,2.55,0,0,0,0,4,0,0.130748,-0.359543,1,4,0,0,0
4034,53,29,1.518560866,0.879965407,1.33628103,0,1.04533793,2.55,0,2.55,0,0,1,0,6,0,0.216194,-0.041114,2,3,0,0,0
4034,44,45,1.513977504,0.877997054,1.329267789,0,1.06689026,2.55,0,2.55,0,0,0,5,0,0,0.318163,0.042704,3,2,0,0,0
4035,2,0,1.574859282,0.613487479,0.966156451,4,0.99109025,2.55,0,2.55,0,0,0,4,4,0,-0.069453,-0.138979,3,4,14,0.428571429,1
4035,23,61,1.537117169,0.840348464,1.291714053,0,1.10389163,2.55,0,2.55,0,0,0,0,0,0,0.071676,0.017263,2,1,0,0,0
4035,5,2,1.527143558,0.844928052,1.290326431,0,1.08206118,2.55,0,2.55,0,0,0,0,4,0,0.06823,-0.069453,1,3,0,0,0
4035,18,23,1.512265857,0.979483877,1.481240024,0,1.03839812,2.55,0,2.55,0,1,0,6,0,0,-0.068283,0.071676,3,2,0,0,0
4036,34,28,1.496102967,0.871871636,1.304409742,5,0.93322624,3.04,2,2.55,0,0,0,5,5,2,-0.301986,0.155218,3,3,5,0.2,0
4036,29,45,1.479398822,0.869219416,1.28592218,5,0.98399853,2.55,0,3.04,2,0,0,5,5,2,0.091463,-0.333671,3,3,5,0.2,0
4036,57,56,1.535724776,0.731299239,1.123074359,0,0.92681091,2.55,0,2.55,0,0,0,0,0,0,0.118977,0.158522,3,3,0,0,0
4036,23,29,1.515143443,0.906792978,1.373921434,0,0.96607116,2.55,0,2.55,0,1,0,5,5,0,-0.047095,0.091463,3,3,0,0,0
4036,82,89,1.509643078,0.999927179,1.509533143,0,1.06441009,2.55,0,2.55,0,1,0,6,0,0,-0.017899,0.076989,3,1,0,0,0
4036,28,26,1.507047501,0.888629588,1.339207,0,0.99162347,2.55,0,2.55,0,0,1,5,5,0,0.155218,-0.05296,3,3,0,0,0
4036,18,12,1.464015532,0.995768713,1.457820861,0,1.00338813,2.55,0,2.55,0,1,1,5,6,0,0.071523,0.101247,3,3,0,0,0
4036,7,19,1.46321645,0.995003311,1.455905212,0,1.00837039,2.55,0,2.55,0,1,1,6,5,0,0.105898,0.066984,3,3,0,0,0
4036,68,57,1.449117576,0.716042517,1.037629797,0,0.98959801,3.04,2,2.55,0,0,0,0,0,2,-0.16774,0.118977,2,3,0,0,0
4036,77,78,1.440914964,0.967014027,1.393384982,0,0.9080609,3.04,2,2.55,0,0,1,0,6,2,-0.30384,0.099678,3,3,0,0,0
4036,72,71,1.423394596,0.85468517,1.216554252,0,0.93684657,2.55,0,3.44,1,0,0,0,0,1,0.200188,-0.325372,1,2,0,0,0
4036,76,77,1.394985751,0.732192849,1.021398591,0,1.1225259,2.55,0,3.04,2,0,0,0,0,2,0.263185,-0.30384,3,3,0,0,0
4036,45,76,1.377574661,0.742960077,1.023482976,0,1.15319105,3.04,2,2.55,0,0,0,5,0,2,-0.333671,0.263185,3,3,0,0,0
4036,70,68,1.358929682,0.720844531,0.979577029,0,1.19532579,2.55,0,3.04,2,0,0,0,0,2,0.224696,-0.16774,3,2,0,0,0
4036,71,70,1.355588765,0.692097607,0.938199741,0,1.1522286,3.44,1,2.55,0,0,0,0,0,1,-0.325372,0.224696,2,3,0,0,0
4036,56,34,1.354404407,0.735281048,0.995867892,0,1.2542898,2.55,0,3.04,2,0,0,0,5,2,0.158522,-0.301986,3,3,0,0,0
4037,27,28,1.871007443,0.823638228,1.541033255,0,0.93797223,2.58,3,2.55,0,0,0,0,5,7,-0.050053,-0.257641,2,3,0,0,1
4037,16,27,1.778822161,0.771817187,1.372925517,0,1.02854691,2.55,0,2.58,3,0,0,5,0,7,-0.216828,-0.050053,3,2,0,0,0
4038,2,0,1.569101653,0.795760009,1.248628345,4,1.02092325,2.55,0,2.55,0,0,0,4,4,0,-0.067212,0.078295,3,3,7,0.285714286,0
4038,0,4,1.557902975,0.995974819,1.551632134,5,0.9800953,2.55,0,2.55,0,0,0,4,5,0,0.078295,0.013975,3,3,7,0.285714286,1
4038,4,22,1.53815082,0.846953701,1.302742529,0,1.08295716,2.55,0,2.55,0,0,0,5,0,0,0.013975,0.057632,3,1,0,0,0
4038,12,2,1.535574438,0.863005102,1.325208576,0,0.97394855,2.55,0,2.55,0,0,0,0,4,0,0.174001,-0.067212,3,3,0,0,0
4038,14,12,1.523653831,0.829211793,1.263431726,0,1.09303587,2.55,0,2.55,0,0,0,0,0,0,0.05128,0.174001,1,3,0,0,0
4039,0,1,1.473181748,0.910783855,1.341750151,4,1.0096916,2.55,0,3.04,2,0,0,4,4,2,0.170193,-0.242611,3,3,4,0.25,1
4039,12,0,1.510899319,0.961000733,1.451975352,0,1.00546841,2.55,0,2.55,0,1,0,6,4,0,0.04445,0.170193,3,3,0,0,0
4039,36,42,1.420617971,0.861497101,1.223858263,0,0.94475328,3.44,1,2.55,0,0,0,0,0,1,-0.345502,0.20702,2,1,0,0,0
4039,22,21,1.408485341,0.86742057,1.221749157,0,0.971693,2.55,0,3.44,1,0,0,0,0,1,0.184785,-0.301371,1,2,0,0,0
4039,1,5,1.403448829,0.977870391,1.372391056,0,0.98949521,3.04,2,2.55,0,0,1,4,6,2,-0.242611,0.198552,3,3,0,0,0
4039,30,36,1.371209748,0.958337845,1.314082195,0,1.11921249,2.55,0,3.44,1,1,0,6,0,1,0.07802,-0.345502,3,2,0,0,0
4039,21,17,1.354883172,0.958114836,1.298133668,0,1.16361264,3.44,1,2.55,0,0,1,0,6,1,-0.301371,0.189207,2,3,0,0,0
4040,0,1,1.582362078,0.774852893,1.226097833,4,1.02819626,2.55,0,2.55,0,0,0,4,4,0,-0.013178,0.127517,3,3,4,0.25,1
4040,1,15,1.520120076,0.763576183,1.160727485,0,0.8942043,2.55,0,2.55,0,0,0,4,0,0,0.127517,0.195106,3,3,0,0,0
4040,3,0,1.506422113,0.958676145,1.444170944,0,0.9728446,2.55,0,2.55,0,1,0,6,4,0,-0.038418,-0.013178,3,3,0,0,0
4040,45,46,1.43098797,0.859657693,1.230159818,0,0.91415636,3.44,1,2.55,0,0,0,0,0,1,-0.30298,0.190019,2,1,0,0,0
4040,11,8,1.371652086,0.9993779,1.37079878,0,1.25463483,3.04,2,2.55,0,0,1,0,6,2,-0.054311,-0.023442,1,3,0,0,0
4040,15,45,1.340671121,0.681704848,0.913942003,0,1.19263815,2.55,0,3.44,1,0,0,0,0,1,0.195106,-0.30298,3,2,0,0,0
4041,11,13,1.428235941,0.854423817,1.220318805,4,0.98282403,3.04,2,3.04,2,0,0,4,4,4,-0.168148,-0.171249,3,3,4,0.25,1
4041,22,23,1.426850999,0.854213989,1.218836084,0,0.92614392,3.44,1,2.55,0,0,0,0,0,1,-0.331967,0.196571,2,1,0,0,0
4041,17,16,1.426604029,0.85549025,1.220445838,0,0.92581923,2.55,0,3.44,1,0,0,0,0,1,0.196765,-0.331669,1,2,0,0,0
4041,15,11,1.390740484,0.709073107,0.986136676,0,1.05895957,2.55,0,3.04,2,0,0,0,4,2,0.266947,-0.168148,3,3,0,0,0
4041,13,21,1.38648059,0.712432562,0.987773918,0,1.06249906,3.04,2,2.55,0,0,0,4,0,2,-0.171249,0.275205,3,3,0,0,0
4041,21,22,1.353068854,0.680590741,0.920886134,0,1.13728865,2.55,0,3.44,1,0,0,0,0,1,0.275205,-0.331967,3,2,0,0,0
4041,16,15,1.351148264,0.679817517,0.918534257,0,1.14523436,3.44,1,2.55,0,0,0,0,0,1,-0.331669,0.266947,2,3,0,0,0
4042,12,13,1.451048126,0.883932285,1.282628286,4,0.96726734,3.04,2,3.04,2,0,0,4,4,4,-0.193218,-0.221607,3,3,4,0.25,1
4042,41,44,1.532912481,0.847276513,1.298800742,0,1.07627353,2.55,0,2.55,0,0,0,6,0,0,-0.052128,0.085783,3,1,0,0,0
4042,9,5,1.50877169,0.999925581,1.508659408,0,1.0615218,2.55,0,2.55,0,0,1,0,6,0,0.079475,-0.031019,1,3,0,0,0
4042,13,11,1.4662335,0.872711804,1.279599283,0,0.9005603,3.04,2,2.55,0,0,0,4,6,2,-0.221607,0.119103,3,3,0,0,0
4042,0,12,1.412502369,0.967288399,1.366297155,0,1.0674612,2.55,0,3.04,2,1,0,6,4,2,0.085165,-0.193218,3,3,0,0,0
4043,9,10,1.563571919,0.654170782,1.022843064,4,0.94501468,2.55,0,2.55,0,0,0,4,4,0,0.34814,-0.082214,4,4,14,0.428571429,1
4043,47,55,1.530821469,0.932598073,1.427641153,0,1.08368301,2.55,0,2.55,0,0,0,6,0,0,-0.127136,0.078414,3,1,0,0,0
4043,0,9,1.524197817,0.839757928,1.279957201,0,0.94653478,2.55,0,2.55,0,1,0,6,4,0,0.00802,0.34814,3,4,0,0,0
4043,22,21,1.50388416,0.835486923,1.25647555,0,1.04373744,2.55,0,2.55,0,0,0,0,0,0,0.043724,0.149497,1,3,0,0,0
4043,20,6,1.378743449,0.956548853,1.318835465,0,1.04796229,3.44,1,2.55,0,0,1,0,6,1,-0.272204,0.251457,2,3,0,0,0
4043,21,20,1.372145055,0.716664446,0.983367576,0,1.04632201,2.55,0,3.44,1,0,0,0,0,1,0.149497,-0.272204,3,2,0,0,0
4044,1,21,1.526431346,0.957097369,1.460943425,6,0.94344566,2.55,0,2.55,0,1,1,6,5,0,0.023848,0.074456,3,4,15,0.333333333,0
4044,66,72,1.49800038,0.747643538,1.119970304,5,0.89114838,2.55,0,2.55,0,1,0,5,5,0,0.015742,0.213543,3,3,10,0.4,0
4044,72,74,1.406268154,0.700252979,0.984743464,5,1.03324851,2.55,0,3.04,2,0,0,5,5,2,0.213543,-0.313421,3,3,10,0.4,0
4044,50,49,1.530457612,0.849436358,1.30002634,0,1.11981521,2.55,0,2.55,0,0,0,0,0,0,0.011342,0.105188,1,2,0,0,0
4044,21,22,1.504280745,0.903115622,1.358536061,5,0.96869965,2.55,0,3.04,2,0,0,5,5,2,0.074456,-0.259034,4,3,15,0.333333333,1
4044,75,76,1.527242931,0.698476428,1.066743188,0,0.96294905,2.55,0,2.55,0,0,0,0,0,0,0.21338,0.138211,2,3,0,0,0
4044,49,48,1.46565785,0.873007802,1.279530738,0,0.97382108,2.55,0,3.04,2,0,0,0,0,2,0.105188,-0.30621,2,3,0,0,0
4044,74,75,1.435140933,0.849447392,1.219076723,0,0.96980911,3.04,2,2.55,0,1,0,5,0,2,-0.313421,0.21338,3,2,0,0,0
4044,79,80,1.429267256,0.859980775,1.229142363,0,0.91887114,3.44,1,2.55,0,0,0,0,0,1,-0.311651,0.190418,2,1,0,0,0
4044,22,63,1.414343425,0.768861248,1.08743385,0,1.02787286,3.04,2,2.55,0,1,1,5,6,2,-0.259034,0.186398,3,3,0,0,0
4044,48,27,1.396245874,0.969830794,1.354122245,0,1.09087585,3.04,2,2.55,0,0,1,0,6,2,-0.30621,0.223673,3,3,0,0,0
4044,76,79,1.342139033,0.677543544,0.909357637,0,1.17836687,2.55,0,3.44,1,0,0,0,0,1,0.138211,-0.311651,3,2,0,0,0
4045,2,1,1.867434049,0.822258897,1.535514262,6,1.03206309,2.58,3,2.55,0,0,0,6,6,7,0.111553,-0.183039,2,4,10,0.3,1
4045,3,2,1.772803573,0.674715603,1.196138232,6,1.02918199,2.55,0,2.58,3,0,0,6,6,7,-0.129837,0.111553,3,2,10,0.3,0
4046,1,0,2.042739005,0.763165265,1.558947453,0,1.14187372,2.58,3,2.58,3,0,0,0,0,6,-0.002053,0.00334,2,2,0,0,1
4046,0,2,1.849089771,0.661267706,1.222743351,0,0.89817538,2.58,3,2.55,0,0,0,0,0,7,0.00334,-0.00823,2,3,0,0,0
4046,3,1,1.846499504,0.652975796,1.205719483,0,0.90771068,2.55,0,2.58,3,0,0,0,0,7,-0.006063,-0.002053,3,2,0,0,0
92,11,26,2.141217077,1.019627179,1.593177107,0,0.99303505,2.58,3,2.58,3,0,0,0,0,6,-0.045082,-0.042799,2,2,0,0,1
92,9,11,1.782724514,0.974166401,1.159001057,0,0.9551756,2.55,0,2.58,3,1,0,6,0,7,-0.074259,-0.045082,3,2,0,0,0
92,26,24,1.782544848,0.974068223,1.754541582,0,0.95597837,2.58,3,2.55,0,0,1,0,6,7,-0.042799,-0.074768,2,3,0,0,0
4048,21,22,1.498212258,0.898472815,1.346106829,5,0.9847304,2.55,0,3.04,2,0,0,5,5,2,0.066902,-0.253648,4,3,15,0.333333333,1
4048,5,21,1.529989131,0.957119567,1.464382534,6,0.93776915,2.55,0,2.55,0,1,1,6,5,0,0.01255,0.066902,3,4,15,0.333333333,0
4048,33,2,1.5093427,0.999988552,1.509325422,0,1.06400541,2.55,0,2.55,0,0,1,0,6,0,0.080636,-0.01986,1,3,0,0,0
4048,22,43,1.424595207,0.766827331,1.09241854,0,0.99218992,3.04,2,2.55,0,1,1,5,6,2,-0.253648,0.189162,3,3,0,0,0
4048,56,57,1.41025121,0.868577115,1.224911928,0,0.96691387,3.44,1,2.55,0,0,0,0,0,1,-0.323165,0.1885,2,1,0,0,0
4048,46,56,1.362629323,0.999810094,1.362370552,0,1.15505531,2.55,0,3.44,1,1,0,6,0,1,0.207266,-0.323165,3,2,0,0,0
4049,19,20,1.574678908,0.841359213,1.324870607,6,1.02396185,2.55,0,2.55,0,0,0,6,5,0,-0.021509,-0.012528,4,3,9,0.333333333,1
4049,20,24,1.529673119,0.714623667,1.093140613,5,0.89544558,2.55,0,2.55,0,0,0,5,5,0,-0.012528,0.209255,3,3,9,0.333333333,0
4049,24,28,1.413502182,0.7142946,1.009656975,5,1.02593814,2.55,0,3.04,2,0,0,5,5,2,0.209255,-0.258248,3,3,9,0.333333333,0
4049,31,19,1.54553323,0.717598435,1.109072227,0,0.83771604,2.55,0,2.55,0,0,0,0,6,0,0.000587,-0.021509,3,4,0,0,0
4049,35,31,1.518585193,0.861726524,1.308605139,0,1.05101918,2.55,0,2.55,0,0,0,0,0,0,0.062599,0.000587,1,3,0,0,0
4049,50,51,1.514940518,0.820599206,1.243158986,0,1.1060896,2.55,0,2.55,0,0,0,0,0,0,0.184486,-0.002012,2,1,0,0,0
4049,43,48,1.49415621,0.962565357,1.438223007,0,0.93981051,2.55,0,2.55,0,1,0,6,0,0,-0.016669,0.224316,3,3,0,0,0
4049,49,50,1.436917048,0.688860709,0.989835696,0,0.89220368,3.44,1,2.55,0,0,0,0,0,1,-0.316354,0.184486,2,2,0,0,0
4049,28,32,1.428522824,0.973454127,1.390601439,0,0.90106527,3.04,2,2.55,0,0,1,5,6,2,-0.258248,0.172587,3,3,0,0,0
4049,48,49,1.347061803,0.693954976,0.934800241,0,1.20551418,2.55,0,3.44,1,0,0,0,0,1,0.224316,-0.316354,3,2,0,0,0
4050,15,16,1.593017472,0.895105095,1.425918055,6,1.02621842,2.55,0,2.55,0,0,1,6,5,0,-0.08648,-0.007518,4,3,9,0.333333333,1
4050,27,15,1.545278349,0.703477595,1.087068697,0,1.07190096,2.55,0,2.55,0,0,0,0,6,0,0.049015,-0.08648,2,4,0,0,0
4050,30,27,1.535943338,0.85344624,1.310845066,0,1.10456924,2.55,0,2.55,0,0,0,0,0,0,0.034207,0.049015,1,2,0,0,0
4050,28,34,1.527689813,0.69564712,1.062733019,0,0.96646918,2.55,0,2.55,0,0,0,0,0,0,0.219545,0.143146,2,3,0,0,0
4050,36,37,1.514204811,0.819479936,1.240860461,0,1.10816052,2.55,0,2.55,0,0,0,0,0,0,0.178124,-0.002078,2,1,0,0,0
4050,35,36,1.441942666,0.691185721,0.996650181,0,0.88692332,3.44,1,2.55,0,0,0,0,0,1,-0.314781,0.178124,2,2,0,0,0
4050,24,28,1.439811274,0.837905274,1.206425461,0,0.9563551,3.04,2,2.55,0,1,0,5,0,2,-0.275696,0.219545,3,2,0,0,0
4050,34,35,1.338187252,0.679351658,0.909099728,0,1.18754168,2.55,0,3.44,1,0,0,0,0,1,0.143146,-0.314781,3,2,0,0,0
4051,9,10,1.591551531,0.899747737,1.431994888,6,0.98322197,2.55,0,2.55,0,0,0,6,5,0,-0.041631,-0.0036,4,3,12,0.333333333,1
4051,10,30,1.558749266,0.688454349,1.073127711,5,1.01380536,2.55,0,2.55,0,0,0,5,5,0,-0.0036,-0.000321,3,3,12,0.333333333,0
4051,30,35,1.55306253,0.687179204,1.067232273,5,0.99601857,2.55,0,2.55,0,0,0,5,4,0,-0.000321,0.011697,3,3,12,0.333333333,0
4051,35,41,1.513419993,0.897852841,1.358828441,4,1.0066614,2.55,0,2.55,0,0,0,4,4,0,0.011697,0.000196,3,3,12,0.333333333,0
4051,12,9,1.537039475,0.700611133,1.076866967,0,1.06641274,2.55,0,2.55,0,0,0,0,6,0,0.092964,-0.041631,2,4,0,0,0
4051,14,12,1.532057707,0.847862125,1.298973703,0,1.11213782,2.55,0,2.55,0,0,0,0,0,0,0.023199,0.092964,1,2,0,0,0
4051,41,45,1.481503849,0.769848408,1.14053338,0,0.93420083,2.55,0,2.55,0,0,0,4,0,0,0.000196,0.149265,3,3,0,0,0
4051,46,47,1.426756199,0.86068088,1.22798178,0,0.92230079,3.44,1,2.55,0,0,0,0,0,1,-0.277308,0.197826,2,1,0,0,0
4051,45,46,1.337181315,0.698115118,0.933506491,0,1.25598539,2.55,0,3.44,1,0,0,0,0,1,0.149265,-0.277308,3,2,0,0,0
4052,20,19,1.587232824,0.889610372,1.412018783,6,1.0309106,2.55,0,2.55,0,0,0,5,6,0,-0.033435,0.04444,3,4,9,0.333333333,1
4052,24,20,1.530213942,0.736265292,1.126643416,5,0.89808492,2.55,0,2.55,0,0,0,5,5,0,0.218734,-0.033435,3,3,9,0.333333333,0
4052,28,24,1.405223596,0.708465539,0.995552492,5,1.02561367,3.04,2,2.55,0,0,0,5,5,2,-0.277799,0.218734,3,3,9,0.333333333,0
4052,55,58,1.541946653,0.820256273,1.264791415,0,1.02800409,2.55,0,2.55,0,0,0,5,0,0,-0.30532,0.081843,4,1,0,0,0
4052,54,55,1.540344364,0.891304365,1.372915656,0,1.03040853,2.55,0,2.55,0,0,0,0,5,0,0.117821,-0.30532,2,4,0,0,0
4052,49,51,1.533808472,0.711776083,1.091728186,0,0.94682535,2.55,0,2.55,0,0,0,0,0,0,0.097868,-0.001827,2,3,0,0,0
4052,51,54,1.524001363,0.729930765,1.112415481,0,0.95931228,2.55,0,2.55,0,0,0,0,0,0,-0.001827,0.117821,3,2,0,0,0
4052,19,31,1.515639652,0.742061877,1.124698404,0,0.97822203,2.55,0,2.55,0,0,0,6,0,0,0.04444,-0.028877,4,2,0,0,0
4052,44,39,1.509177231,0.999973444,1.509137153,0,1.05836629,2.55,0,2.55,0,0,1,0,6,0,0.075104,-0.020468,1,3,0,0,0
4052,35,49,1.500204727,0.80224963,1.203538688,0,1.03874215,2.55,0,2.55,0,0,0,0,0,0,-0.02644,0.097868,2,2,0,0,0
4052,32,28,1.419442287,0.972986753,1.381098542,0,0.90964029,2.55,0,3.04,2,1,0,6,5,2,0.144686,-0.277799,3,3,0,0,0
4052,31,35,1.337935991,0.777747359,1.040576184,0,1.87463497,2.55,0,2.55,0,0,0,0,0,0,-0.028877,-0.02644,2,2,0,0,0
4053,14,15,1.62089809,0.897406482,1.454604453,6,0.99041381,2.55,0,2.55,0,0,1,6,6,0,0.115483,0.075777,4,3,10,0.3,1
4053,20,19,1.51753939,0.64774875,0.982984243,0,1.07624404,2.55,0,2.55,0,0,0,0,0,0,0.206873,0.247832,2,2,0,0,0
4053,27,24,1.510478367,0.845153962,1.276586776,0,1.04166796,2.55,0,2.55,0,0,0,0,0,0,0.049317,0.120345,1,3,0,0,0
4053,42,43,1.506867659,0.839273389,1.264673928,0,1.04041202,2.55,0,2.55,0,0,0,0,0,0,0.132994,0.047424,3,1,0,0,0
4053,21,20,1.433574479,0.680009897,0.974844833,0,0.89970804,3.44,1,2.55,0,0,0,0,0,1,-0.330813,0.206873,2,2,0,0,0
4053,19,17,1.423320391,0.702867174,1.000405181,0,0.91060641,2.55,0,3.44,1,0,0,0,0,1,0.247832,-0.367315,2,2,0,0,0
4053,34,41,1.39144301,0.792565346,1.102809511,0,0.94584648,2.55,0,3.44,1,1,0,6,0,1,0.195382,-0.282766,3,2,0,0,0
4053,17,14,1.387545147,0.678113975,0.940913755,0,1.11593246,3.44,1,2.55,0,0,0,0,6,1,-0.367315,0.115483,2,4,0,0,0
4053,41,42,1.366804092,0.69974328,0.956411978,0,1.08495517,3.44,1,2.55,0,0,0,0,0,1,-0.282766,0.132994,2,3,0,0,0
4053,24,21,1.349459375,0.685895042,0.925587495,0,1.14053444,2.55,0,3.44,1,0,0,0,0,1,0.120345,-0.330813,3,2,0,0,0
4054,19,20,1.540677325,0.994592711,1.532346439,6,0.86402287,2.55,0,3.04,2,0,0,6,6,2,0.022823,-0.157489,4,3,14,0.357142857,1
4054,24,26,1.492302238,0.741799736,1.106989407,6,0.93272443,2.55,0,2.55,0,0,1,6,6,0,0.197512,0.002323,3,3,14,0.357142857,0
4054,20,24,1.381837096,0.754484999,1.04257536,6,1.11660271,3.04,2,2.55,0,0,0,6,6,2,-0.157489,0.197512,3,3,14,0.357142857,0
4054,29,19,1.541212349,0.710025764,1.094300475,0,1.13327103,2.55,0,2.55,0,0,0,0,6,0,0.082089,0.022823,2,4,0,0,0
4054,31,29,1.539139996,0.844890375,1.300404569,0,1.08190431,2.55,0,2.55,0,0,0,0,0,0,0.032135,0.082089,1,2,0,0,0
4054,43,44,1.53766233,0.83714763,1.287250375,0,1.10425464,2.55,0,2.55,0,0,0,0,0,0,0.064282,0.016249,2,1,0,0,0
4054,39,43,1.513565633,0.832114353,1.259459687,0,1.04137431,2.55,0,2.55,0,1,0,6,0,0,0.003916,0.064282,3,2,0,0,0
4055,1,20,1.580310252,0.830932636,1.313131363,5,1.02343959,2.55,0,2.55,0,0,0,5,5,0,0.103734,-0.00069,4,3,8,0.375,1
4055,20,28,1.521781593,0.751444126,1.14353384,5,0.90552604,2.55,0,2.55,0,0,0,5,5,0,-0.00069,0.18983,3,3,8,0.375,0
4055,28,27,1.40171867,0.70455838,0.987592635,5,1.03917226,2.55,0,3.04,2,0,0,5,5,2,0.18983,-0.297646,3,3,8,0.375,0
4055,29,30,1.528455635,0.841850536,1.286731196,0,1.12756251,2.55,0,2.55,0,0,0,0,0,0,0.146021,-0.012891,2,1,0,0,0
4055,0,1,1.506007606,0.967551685,1.457140197,0,0.93926463,2.55,0,2.55,0,1,0,6,5,0,0.04508,0.103734,3,4,0,0,0
4055,11,10,1.487255632,0.866939547,1.289360725,0,1.11318267,2.55,0,2.55,0,0,1,0,5,0,0.115341,0.036336,1,3,0,0,0
4055,27,29,1.45879259,0.830257628,1.211173675,0,0.91958689,3.04,2,2.55,0,0,0,5,0,2,-0.297646,0.146021,3,2,0,0,0
4055,7,4,1.453810834,0.957841871,1.39252089,0,1.05293481,2.55,0,2.55,0,1,1,5,6,0,0.199705,0.012444,3,3,0,0,0
4056,9,1,1.584856535,0.686490976,1.08798971,5,1.0050909,2.55,0,2.55,0,0,0,5,5,0,0.009405,-0.117946,3,4,9,0.444444444,0
4056,1,13,1.545840338,0.776150927,1.199805412,5,0.94135153,2.55,0,2.55,0,0,0,5,5,0,-0.117946,0.046073,4,3,9,0.444444444,0
4056,16,9,1.535372503,0.763641032,1.172473442,5,0.90129388,2.55,0,2.55,0,0,0,5,5,0,0.222778,0.009405,3,3,9,0.444444444,0
4056,15,16,1.408259835,0.715732224,1.007936944,5,1.03666007,3.04,2,2.55,0,0,0,5,5,2,-0.250989,0.222778,3,3,9,0.444444444,0
4056,69,70,1.518407617,0.861740881,1.308473918,0,1.07103076,2.55,0,2.55,0,0,0,0,0,0,0.007974,0.049681,3,1,0,0,0
4056,61,69,1.504516589,0.960781249,1.445511328,0,0.91551513,2.55,0,2.55,0,1,0,6,0,0,0.035325,0.007974,3,3,0,0,0
4056,13,57,1.47931886,0.968509788,1.432734795,0,1.03910897,2.55,0,2.55,0,0,1,5,6,0,0.046073,0.028068,3,3,0,0,0
4056,30,23,1.436704473,0.999995334,1.436697769,0,1.07050796,2.55,0,2.55,0,0,1,0,6,0,-0.115629,-0.071784,2,3,0,0,0
4056,17,15,1.427960564,0.971993143,1.387967878,0,0.89953501,2.55,0,3.04,2,1,0,6,5,2,0.174256,-0.250989,3,3,0,0,0
4056,31,30,1.16138316,0.999998295,1.16138118,0,3.0105305,3.04,2,2.55,0,0,0,0,0,2,0.059976,-0.115629,1,2,0,0,0
4057,0,1,1.588222903,0.859302986,1.364764683,5,0.99325847,2.55,0,2.55,0,0,0,5,5,0,-0.242466,0.000906,4,3,14,0.357142857,1
4057,24,19,1.541385086,0.693180881,1.068458672,6,1.06350988,2.55,0,2.55,0,0,0,6,6,0,-0.138607,0.207222,3,2,14,0.357142857,0
4057,19,0,1.530913227,0.822075463,1.258526199,6,1.04255802,2.55,0,2.55,0,0,0,6,5,0,0.207222,-0.242466,2,4,14,0.357142857,0
4057,1,8,1.521101639,0.760093915,1.1561801,5,0.9218955,2.55,0,2.55,0,0,0,5,5,0,0.000906,0.194695,3,3,14,0.357142857,0
4057,8,7,1.398858463,0.708946153,0.991715325,5,1.0568299,2.55,0,3.04,2,0,0,5,5,2,0.194695,-0.287384,3,3,14,0.357142857,0
4057,10,40,1.539152441,0.797752258,1.227862336,0,1.07122723,2.55,0,2.55,0,0,0,0,0,0,0.006179,0.157398,2,2,0,0,0
4057,9,10,1.53681102,0.706191572,1.08528299,0,1.09757644,2.55,0,2.55,0,0,0,0,0,0,0.171955,0.006179,2,2,0,0,0
4057,29,24,1.531405449,0.822643751,1.259801124,0,1.07983505,2.55,0,2.55,0,0,0,0,6,0,0.079729,-0.138607,1,3,0,0,0
4057,40,43,1.459063325,0.913755676,1.333227395,0,1.02339475,2.55,0,3.04,2,0,0,0,6,2,0.157398,-0.392968,2,3,0,0,0
4057,7,9,1.456433596,0.814222105,1.185860428,0,0.91792376,3.04,2,2.55,0,0,0,5,0,2,-0.287384,0.171955,3,2,0,0,0
4057,62,69,1.432387848,0.999994498,1.432379967,0,1.07752779,2.55,0,2.55,0,1,0,6,0,0,-0.097588,-0.120601,3,2,0,0,0
4057,50,59,1.389243461,0.999738362,1.388879981,0,1.13663108,3.04,2,2.55,0,0,1,6,6,2,-0.325561,0.225931,3,3,0,0,0
4057,69,70,1.162698435,0.999998214,1.162696359,0,3.0015956,2.55,0,3.04,2,0,0,0,0,2,-0.120601,0.040098,2,1,0,0,0
4058,4,3,1.5879503,0.935352696,1.485293594,5,0.97277783,2.55,0,2.55,0,0,1,5,5,0,-0.034389,-0.008076,4,3,8,0.375,1
4058,22,58,1.585257517,0.934687287,1.481720048,5,0.96035836,2.55,0,2.55,0,0,0,5,5,0,0.003482,-0.026791,3,4,8,0.375,1
4058,20,22,1.525683552,0.749824409,1.143994768,5,0.92188738,2.55,0,2.55,0,0,0,5,5,0,0.194988,0.003482,3,3,8,0.375,0
4058,18,20,1.390106531,0.709306299,0.986011318,5,1.0944362,3.04,2,2.55,0,0,0,5,5,2,-0.272301,0.194988,3,3,8,0.375,0
4058,24,23,1.528060866,0.680819062,1.040332965,0,1.08504224,2.55,0,2.55,0,0,0,0,0,0,0.206155,0.175922,2,2,0,0,0
4058,25,27,1.527790562,0.680693968,1.03995782,0,1.08756032,2.55,0,2.55,0,0,0,0,0,0,0.176901,0.206127,2,2,0,0,0
4058,58,46,1.517473208,0.862443553,1.308734986,0,1.04318879,2.55,0,2.55,0,0,0,5,0,0,-0.026791,0.337703,4,2,0,0,0
4058,51,48,1.512322222,0.87149583,1.31798251,0,1.03358237,2.55,0,2.55,0,0,0,0,0,0,0.13693,-0.04218,3,1,0,0,0
4058,33,4,1.511134254,0.693424327,1.047857252,0,1.04520957,2.55,0,2.55,0,0,0,0,5,0,0.357932,-0.034389,2,4,0,0,0
4058,38,37,1.508818182,0.843305159,1.272394157,0,1.04183994,2.55,0,2.55,0,0,0,0,0,0,0.052753,0.118783,1,3,0,0,0
4058,23,18,1.455278649,0.864962542,1.25876152,0,0.90258768,2.55,0,3.04,2,0,0,0,5,2,0.175922,-0.272301,2,3,0,0,0
4058,10,25,1.454451843,0.810727628,1.179164293,0,0.90424232,3.04,2,2.55,0,1,0,5,0,2,-0.273883,0.176901,3,2,0,0,0
4058,34,33,1.43006638,0.700383665,1.001595133,0,0.93758817,3.44,1,2.55,0,0,0,0,0,1,-0.31818,0.357932,2,2,0,0,0
4058,46,50,1.421874514,0.729260912,1.036917505,0,0.96569846,2.55,0,3.44,1,0,0,0,0,1,0.337703,-0.319564,2,2,0,0,0
4058,27,26,1.405952013,0.665962055,0.936310692,0,1.0014139,2.55,0,3.44,1,0,0,0,0,1,0.206127,-0.396285,2,2,0,0,0
4058,26,24,1.405590553,0.665914825,0.936003587,0,1.00247949,3.44,1,2.55,0,0,0,0,0,1,-0.396285,0.206155,2,2,0,0,0
4058,50,51,1.367533721,0.998149049,1.365002482,0,1.07541818,3.44,1,2.55,0,0,0,0,0,1,-0.319564,0.13693,2,3,0,0,0
4058,37,34,1.354289596,0.688741795,0.932755847,0,1.12503073,2.55,0,3.44,1,0,0,0,0,1,0.118783,-0.31818,3,2,0,0,0
4059,7,8,1.549228831,0.806460722,1.249392202,0,1.08397263,2.55,0,2.55,0,0,0,0,0,0,-0.106709,0.092202,4,1,0,0,0
4059,0,1,1.548073062,0.806361451,1.248306441,0,1.08522679,2.55,0,2.55,0,0,0,0,0,0,0.090888,-0.103374,1,4,0,0,0
4059,1,5,1.502998364,0.734176451,1.103466005,0,0.94846982,2.55,0,3.04,2,0,0,0,0,2,-0.103374,-0.097472,4,2,0,0,1
4059,6,7,1.50215131,0.748613446,1.124530668,0,0.95718936,3.04,2,2.55,0,0,0,0,0,2,-0.094089,-0.106709,2,4,0,0,1
4059,5,6,1.224501866,0.667524146,0.817384562,0,1.82606469,3.04,2,3.04,2,0,0,0,0,4,-0.097472,-0.094089,2,2,0,0,0
4060,17,20,1.46265396,0.931972271,1.363152933,5,0.98088817,2.55,0,3.04,2,0,0,5,5,2,0.155148,-0.306445,4,3,15,0.266666667,0
4060,18,17,1.442298449,0.733557697,1.058009128,6,0.92855749,3.44,1,2.55,0,0,0,6,5,1,-0.304464,0.155148,2,4,15,0.266666667,1
4060,1,18,1.350213673,0.745571317,1.006680586,6,1.15146739,2.55,0,3.44,1,1,0,6,6,1,0.221197,-0.304464,3,2,15,0.266666667,0
4060,29,37,1.528485429,0.678202451,1.036622564,0,1.07842451,2.55,0,2.55,0,0,0,0,0,0,0.155869,0.213601,2,2,0,0,0
4060,43,51,1.508755213,0.846491596,1.277148608,0,1.0432701,2.55,0,2.55,0,0,0,0,0,0,0.12865,0.051055,3,1,0,0,0
4060,46,32,1.502930869,0.83668409,1.257478347,0,1.0530494,2.55,0,2.55,0,0,0,0,0,0,0.042865,0.152082,1,3,0,0,0
4060,20,29,1.443941555,0.819052793,1.182664364,0,0.96596524,3.04,2,2.55,0,0,0,5,0,2,-0.306445,0.155869,3,2,0,0,0
4060,37,40,1.434140205,0.689890738,0.989400044,0,0.90594282,2.55,0,3.44,1,0,0,0,0,1,0.213601,-0.323398,2,2,0,0,0
4060,31,0,1.380998635,0.872043985,1.204291553,0,0.98136935,3.44,1,2.55,0,0,1,0,6,1,-0.291088,0.16126,2,3,0,0,0
4060,32,31,1.378954041,0.700300169,0.965681748,0,1.02372242,2.55,0,3.44,1,0,0,0,0,1,0.152082,-0.291088,3,2,0,0,0
4060,40,43,1.348673081,0.687273273,0.926906962,0,1.14682952,3.44,1,2.55,0,0,0,0,0,1,-0.323398,0.12865,2,3,0,0,0
4061,5,6,1.569588461,0.855426545,1.342667635,7,1.0146459,2.55,0,2.55,0,0,0,7,7,0,0.173065,0.093598,3,3,8,0.125,1
4061,7,5,1.527664029,0.962869549,1.470941175,0,0.98165637,2.55,0,2.55,0,1,0,6,7,0,-0.046816,0.173065,3,3,0,0,0
4061,6,10,1.526399485,0.961000582,1.466870794,0,0.97471272,2.55,0,2.55,0,0,1,7,6,0,0.093598,0.004112,3,3,0,0,0
4061,34,40,1.510077877,0.999880523,1.509897458,0,1.06374769,2.55,0,2.55,0,1,0,6,0,0,-0.031322,0.078377,3,1,0,0,0
4061,27,21,1.5100437,0.999905911,1.509901622,0,1.06370266,2.55,0,2.55,0,0,1,0,6,0,0.07886,-0.032305,1,3,0,0,0
4062,4,5,1.586478605,0.882356674,1.399839984,7,1.00327863,2.55,0,2.55,0,0,0,7,7,0,0.144238,0.13901,3,3,7,0.142857143,1
4062,6,4,1.527450552,0.961917462,1.469281357,0,0.98589174,2.55,0,2.55,0,1,0,6,7,0,0.00229,0.144238,3,3,0,0,0
4062,5,9,1.523292747,0.96090371,1.463737653,0,0.98511952,2.55,0,2.55,0,0,1,7,6,0,0.13901,-0.019944,3,3,0,0,0
4062,30,36,1.510262396,0.999959481,1.510201202,0,1.06393245,2.55,0,2.55,0,1,0,6,0,0,-0.030978,0.080204,3,1,0,0,0
4062,23,17,1.510178245,0.999992495,1.510166911,0,1.0635777,2.55,0,2.55,0,0,1,0,6,0,0.082947,-0.032165,1,3,0,0,0
4063,23,5,1.418512321,0.999864414,1.41831999,6,1.3860301,2.55,0,2.55,0,0,0,6,6,0,-0.087282,-0.044586,3,3,11,0.181818182,0
4063,5,4,1.53916725,0.981996375,1.51145666,7,1.01521526,2.55,0,2.55,0,0,0,6,7,0,-0.044586,0.157993,3,3,11,0.181818182,1
4063,4,8,1.534172723,0.781622474,1.199143878,0,0.88680379,2.55,0,2.55,0,0,0,7,0,0,0.157993,0.144571,3,3,0,0,0
4063,30,29,1.530888656,0.852128997,1.304514615,0,1.11522524,2.55,0,2.55,0,0,0,0,0,0,0.043411,0.024522,1,2,0,0,0
4063,29,23,1.524210215,0.760102389,1.158555826,0,1.05144603,2.55,0,2.55,0,0,0,0,6,0,0.024522,-0.087282,2,3,0,0,0
4063,36,37,1.42751297,0.858593912,1.225653945,0,0.9238633,3.44,1,2.55,0,0,0,0,0,1,-0.285678,0.19542,2,1,0,0,0
4063,8,36,1.342635147,0.694907005,0.933006569,0,1.21278076,2.55,0,3.44,1,0,0,0,0,1,0.144571,-0.285678,3,2,0,0,0
4064,11,10,1.597901279,0.999970816,1.597854645,4,1.0190709,2.55,0,2.55,0,0,0,4,4,0,-0.005683,-0.007522,3,3,4,0.25,1
4064,10,12,1.539687926,0.720165013,1.108829375,0,1.05340792,2.55,0,2.55,0,0,0,4,0,0,-0.007522,0.191771,3,2,0,0,0
4064,14,11,1.526427939,0.716236825,1.0932839,0,1.0463887,2.55,0,2.55,0,0,0,0,4,0,0.118815,-0.005683,2,3,0,0,0
4064,16,14,1.515921969,0.700450663,1.061828548,0,0.9733706,2.55,0,2.55,0,0,0,0,0,0,0.155581,0.118815,3,2,0,0,0
4064,38,44,1.508904576,0.999976507,1.508869127,0,1.06532158,2.55,0,2.55,0,1,0,6,0,0,-0.039405,0.08036,3,1,0,0,0
4064,12,24,1.501180717,0.803252946,1.205827832,0,1.03870116,2.55,0,2.55,0,0,0,0,0,0,0.191771,-0.07094,2,2,0,0,0
4064,29,30,1.464986682,0.974674241,1.427884783,0,1.07259814,2.55,0,2.55,0,0,1,0,6,0,-0.002101,0.106433,2,3,0,0,0
4064,27,28,1.450533988,0.799813901,1.160157247,0,1.11946018,2.55,0,2.55,0,0,0,0,0,0,0.020927,0.022171,2,2,0,0,0
4064,20,19,1.428357641,0.859282184,1.227362274,0,0.92338245,2.55,0,3.44,1,0,0,0,0,1,0.191118,-0.308099,1,2,0,0,0
4064,28,29,1.3543748,0.791831787,1.072437018,0,1.68021049,2.55,0,2.55,0,0,0,0,0,0,0.022171,-0.002101,2,2,0,0,0
4064,24,27,1.349357244,0.782788743,1.056261662,0,1.77276169,2.55,0,2.55,0,0,0,0,0,0,-0.07094,0.020927,2,2,0,0,0
4064,19,16,1.346905722,0.684108,0.921428979,0,1.1894586,3.44,1,2.55,0,0,0,0,0,1,-0.308099,0.155581,2,3,0,0,0
4065,11,10,1.588158439,0.778208164,1.235917863,4,1.01625574,2.55,0,2.55,0,0,0,4,4,0,0.020159,-0.001798,3,3,4,0.25,1
4065,10,12,1.538865805,0.713306594,1.097683127,0,1.01906719,2.55,0,2.55,0,0,0,4,0,0,-0.001798,0.182516,3,2,0,0,0
4065,14,11,1.525522736,0.709698322,1.082660926,0,1.01275789,2.55,0,2.55,0,0,0,0,4,0,0.113959,0.020159,2,3,0,0,0
4065,16,14,1.515703847,0.702687636,1.065066353,0,0.98198428,2.55,0,2.55,0,0,0,0,0,0,0.149303,0.113959,3,2,0,0,0
4065,38,44,1.508842721,0.999975643,1.50880597,0,1.06529017,2.55,0,2.55,0,1,0,6,0,0,-0.039391,0.0803,3,1,0,0,0
4065,12,24,1.500594285,0.804631997,1.207426177,0,1.04706729,2.55,0,2.55,0,0,0,0,0,0,0.182516,-0.077832,2,2,0,0,0
4065,29,30,1.464987119,0.97465726,1.427860332,0,1.07271837,2.55,0,2.55,0,0,1,0,6,0,-0.00255,0.107033,2,3,0,0,0
4065,27,28,1.450530374,0.800018682,1.160451398,0,1.11896163,2.55,0,2.55,0,0,0,0,0,0,0.021765,0.021873,2,2,0,0,0
4065,20,19,1.428296439,0.859221641,1.22722321,0,0.92352228,2.55,0,3.44,1,0,0,0,0,1,0.190583,-0.308256,1,2,0,0,0
4065,28,29,1.354403449,0.792004135,1.072693132,0,1.68082165,2.55,0,2.55,0,0,0,0,0,0,0.021873,-0.00255,2,2,0,0,0
4065,24,27,1.34947933,0.783207137,1.056921842,0,1.77122524,2.55,0,2.55,0,0,0,0,0,0,-0.077832,0.021765,2,2,0,0,0
4065,19,16,1.346567757,0.684373468,0.921555247,0,1.18587741,3.44,1,2.55,0,0,0,0,0,1,-0.308256,0.149303,2,3,0,0,0
4066,14,15,1.584681417,0.999999945,1.58468133,4,1.04773932,2.55,0,2.55,0,0,0,4,4,0,-0.030003,-0.028754,3,3,4,0.25,1
4066,15,19,1.526578468,0.85675818,1.30790859,0,1.08221674,2.55,0,2.55,0,0,0,4,0,0,-0.028754,0.09374,3,1,0,0,0
4066,17,14,1.526503669,0.856876105,1.308024518,0,1.08254461,2.55,0,2.55,0,0,0,0,4,0,0.093979,-0.030003,1,3,0,0,0
4067,4,0,1.547351505,0.999994689,1.547343287,3,0.80250353,2.55,0,2.55,0,0,0,3,3,0,-0.208958,-0.141812,4,4,3,0.333333333,1
4067,0,10,1.526589012,0.866364621,1.32258271,0,1.08966171,2.55,0,2.55,0,0,0,3,0,0,-0.141812,0.165037,4,1,0,0,0
4067,9,4,1.524018141,0.862446168,1.314383606,0,1.09147208,2.55,0,2.55,0,0,0,0,3,0,0.135952,-0.208958,1,4,0,0,0
4068,21,24,1.521301929,0.791652465,1.204342422,3,0.87166826,2.55,0,2.55,0,0,0,3,3,0,-0.049057,-0.03608,3,3,3,0.333333333,1
4068,10,2,1.510717387,0.879235494,1.328276348,0,1.06191578,2.55,0,2.55,0,0,1,0,6,0,0.083767,-0.03183,1,3,0,0,0
4068,42,43,1.510147465,0.878607866,1.326827441,0,1.06191013,2.55,0,2.55,0,1,0,6,0,0,-0.030043,0.08171,3,1,0,0,0
4068,20,21,1.506035932,0.843046981,1.269659045,0,1.04785145,2.55,0,2.55,0,0,0,0,3,0,0.331074,-0.049057,2,3,0,0,0
4068,24,29,1.503757411,0.722389408,1.086298425,0,1.04844402,2.55,0,2.55,0,0,0,3,0,0,-0.03608,0.334509,3,2,0,0,0
4068,34,35,1.478386211,0.735912534,1.087962942,0,0.99955537,2.55,0,2.55,0,0,0,0,0,0,0.230496,-0.069173,3,2,0,0,0
4068,15,17,1.475904077,0.77482815,1.143572026,0,1.0075928,2.55,0,2.55,0,0,0,0,0,0,-0.081526,0.236174,2,3,0,0,0
4068,5,14,1.467080654,0.811605968,1.190691414,0,1.10659719,2.55,0,2.55,0,1,0,6,0,0,0.067285,0.086084,3,2,0,0,0
4068,36,38,1.465184844,0.790259141,1.157875716,0,1.06166547,2.55,0,2.55,0,0,1,0,6,0,0.045208,0.102913,2,3,0,0,0
4068,19,20,1.431637141,0.68214172,0.976579421,0,0.91736159,3.44,1,2.55,0,0,0,0,0,1,-0.327596,0.331074,2,2,0,0,0
4068,29,31,1.43022793,0.68541103,0.980293999,0,0.91551871,2.55,0,3.44,1,0,0,0,0,1,0.334509,-0.31987,2,2,0,0,0
4068,14,15,1.358356294,0.999627365,1.357850123,0,1.73987584,2.55,0,2.55,0,0,0,0,0,0,0.086084,-0.081526,2,2,0,0,0
4068,17,19,1.358125504,0.68007167,0.923622679,0,1.13698739,2.55,0,3.44,1,0,0,0,0,1,0.236174,-0.327596,3,2,0,0,0
4068,31,34,1.354555347,0.686435369,0.9298147,0,1.1472136,3.44,1,2.55,0,0,0,0,0,1,-0.31987,0.230496,2,3,0,0,0
4068,35,36,1.348537753,0.776052762,1.046536448,0,1.72910605,2.55,0,2.55,0,0,0,0,0,0,-0.069173,0.045208,2,2,0,0,0
4068-2,21,24,1.52557488,0.999976554,1.525539112,3,0.88635185,2.55,0,2.55,0,0,0,3,3,0,-0.041841,-0.035055,3,3,3,0.333333333,1
4068-2,10,2,1.51083107,0.879308327,1.32848634,0,1.0618707,2.55,0,2.55,0,0,1,0,6,0,0.083461,-0.031085,1,3,0,0,0
4068-2,42,43,1.510188564,0.878551914,1.326779053,0,1.06174723,2.55,0,2.55,0,1,0,6,0,0,-0.030192,0.081372,3,1,0,0,0
4068-2,24,29,1.508354925,0.865408216,1.305342744,0,1.05931639,2.55,0,2.55,0,0,0,3,0,0,-0.035055,0.327057,3,2,0,0,0
4068-2,20,21,1.506010585,0.723114474,1.089018052,0,1.05743568,2.55,0,2.55,0,0,0,0,3,0,0.338678,-0.041841,2,3,0,0,0
4068-2,34,35,1.477779934,0.735595936,1.087048913,0,1.00041272,2.55,0,2.55,0,0,0,0,0,0,0.229938,-0.069086,3,2,0,0,0
4068-2,15,17,1.476465618,0.774920583,1.144143597,0,1.00670961,2.55,0,2.55,0,0,0,0,0,0,-0.080182,0.239648,2,3,0,0,0
4068-2,5,14,1.467418288,0.811667552,1.191055809,0,1.10484189,2.55,0,2.55,0,1,0,6,0,0,0.066877,0.084413,3,2,0,0,0
4068-2,36,38,1.464823258,0.790061282,1.157300141,0,1.06256408,2.55,0,2.55,0,0,1,0,6,0,0.046505,0.102524,2,3,0,0,0
4068-2,29,31,1.433543488,0.682415335,0.97827206,0,0.89936085,2.55,0,3.44,1,0,0,0,0,1,0.327057,-0.330883,2,2,0,0,0
4068-2,19,20,1.430536499,0.682925424,0.976949745,0,0.91700122,3.44,1,2.55,0,0,0,0,0,1,-0.322493,0.338678,2,2,0,0,0
4068-2,14,15,1.358077727,0.999619823,1.357561417,0,1.74162761,2.55,0,2.55,0,0,0,0,0,0,0.084413,-0.080182,2,2,0,0,0
4068-2,31,34,1.357162827,0.686225608,0.931319886,0,1.1379054,3.44,1,2.55,0,0,0,0,0,1,-0.330883,0.229938,2,3,0,0,0
4068-2,17,19,1.356598122,0.680113597,0.922640828,0,1.14049944,2.55,0,3.44,1,0,0,0,0,1,0.239648,-0.322493,3,2,0,0,0
4068-2,35,36,1.348745493,0.775867608,1.04644794,0,1.72804527,2.55,0,2.55,0,0,0,0,0,0,-0.069086,0.046505,2,2,0,0,0
4069,0,1,1.536548207,0.999336461,1.535528647,3,0.893358,2.55,0,2.55,0,0,0,3,3,0,0.04817,-0.006259,3,3,3,0.333333333,1
4069,33,34,1.529117534,0.85182449,1.302539764,0,1.12515729,2.55,0,2.55,0,0,0,0,0,0,0.050011,0.015599,2,1,0,0,0
4069,25,33,1.51542758,0.753232334,1.141469052,0,1.05408184,2.55,0,2.55,0,1,0,6,0,0,-0.015478,0.050011,3,2,0,0,0
4069,1,3,1.513446742,0.754696378,1.142192776,0,0.93201515,2.55,0,2.55,0,0,0,3,0,0,-0.006259,0.174812,3,3,0,0,0
4069,12,11,1.50979406,0.999958274,1.509731063,0,1.06407254,2.55,0,2.55,0,0,1,0,6,0,0.077476,-0.028818,1,3,0,0,0
4069,4,0,1.501552615,0.964130016,1.447691947,0,1.01084466,2.55,0,2.55,0,1,0,6,3,0,0.083766,0.04817,3,3,0,0,0
4069,22,23,1.427180113,0.924223988,1.319034095,0,0.95070573,3.04,2,2.55,0,0,1,0,6,2,-0.13566,0.068358,2,3,0,0,0
4069,3,22,1.381275939,0.736742909,1.017645253,0,1.14989727,2.55,0,3.04,2,0,0,0,0,2,0.174812,-0.13566,3,2,0,0,0
4070,11,10,1.538791405,0.728112897,1.120413868,6,0.9811536,2.55,0,2.55,0,0,0,3,6,0,-0.077414,0.271183,3,3,7,0.285714286,0
4070,14,11,1.517298684,0.786408669,1.193216838,3,0.85957667,2.55,0,2.55,0,0,0,3,3,0,0.203462,-0.077414,4,3,7,0.285714286,0
4070,10,12,1.526699281,0.790187011,1.206377942,0,1.0197981,2.55,0,2.55,0,0,1,6,6,0,0.271183,-0.048726,3,3,0,0,0
4070,32,37,1.513294437,0.884502078,1.338512075,0,1.09817957,2.55,0,2.55,0,1,0,6,0,0,-0.082601,0.095617,3,1,0,0,0
4070,24,19,1.499436354,0.848462505,1.272215525,0,1.07965283,2.55,0,2.55,0,0,1,0,5,0,0.110299,-0.201776,1,3,0,0,0
4070,16,14,1.485140676,0.749465071,1.113061063,0,1.00794436,2.55,0,2.55,0,1,0,5,3,0,-0.064886,0.203462,3,4,0,0,0
4071,3,7,1.553405406,0.999965122,1.553351227,3,0.81012873,2.55,0,2.55,0,0,0,3,3,0,-0.208674,-0.183321,4,4,3,0.333333333,1
4071,7,12,1.526613345,0.855457026,1.305952112,0,1.10677911,2.55,0,2.55,0,0,0,3,0,0,-0.183321,0.135257,4,1,0,0,0
4071,11,3,1.52548409,0.86326289,1.316893804,0,1.09285742,2.55,0,2.55,0,0,0,0,3,0,0.131288,-0.208674,1,4,0,0,0
4072,5,1,1.597544148,0.9886456,1.579404992,4,0.98016582,2.55,0,2.55,0,0,0,4,4,0,-0.195045,-0.212293,4,4,4,0.25,1
4072,1,9,1.535458225,0.834936535,1.28201017,0,0.8742964,2.55,0,2.55,0,0,0,4,0,0,-0.212293,0.251291,4,3,0,0,0
4072,12,5,1.526225729,0.709714191,1.083184058,0,0.87227453,2.55,0,2.55,0,0,0,0,4,0,0.224407,-0.195045,3,4,0,0,0
4072,19,18,1.428994238,0.859700828,1.22850753,0,0.92142745,2.55,0,3.44,1,0,0,0,0,1,0.195237,-0.31598,1,2,0,0,0
4072,23,24,1.426504432,0.857204046,1.22280537,0,0.92397836,3.44,1,2.55,0,0,0,0,0,1,-0.310877,0.197354,2,1,0,0,0
4072,18,12,1.346714217,0.681334526,0.917562892,0,1.16923777,3.44,1,2.55,0,0,0,0,0,1,-0.31598,0.224407,2,3,0,0,0
4072,9,23,1.344575022,0.689005815,0.926420009,0,1.18593889,2.55,0,3.44,1,0,0,0,0,1,0.251291,-0.310877,3,2,0,0,0
4073,0,2,1.551990614,0.99859804,1.549814785,3,0.83094113,2.55,0,2.55,0,0,0,3,3,0,0.077661,-0.181755,3,4,3,0.333333333,1
4073,6,24,1.544965169,0.698333547,1.078901006,0,1.07817882,2.55,0,2.55,0,0,0,0,0,0,0.134138,0.107826,2,2,0,0,0
4073,2,6,1.52377066,0.745632814,1.136173405,0,1.06458284,2.55,0,2.55,0,0,0,3,0,0,-0.181755,0.134138,4,2,0,0,0
4073,42,44,1.521127057,0.837830251,1.274446263,0,1.0242321,2.55,0,2.55,0,0,0,0,0,0,0.127426,0.449632,2,4,0,0,0
4073,24,27,1.512652639,0.814999552,1.232811223,0,1.03738366,2.55,0,2.55,0,0,1,0,6,0,0.107826,-0.004686,2,3,0,0,0
4073,32,38,1.509229249,0.932294729,1.407046473,0,0.87300035,2.55,0,2.55,0,1,0,6,0,0,-0.001472,0.137669,3,3,0,0,0
4073,14,9,1.504541128,0.999875425,1.5043537,0,1.10559343,2.55,0,2.55,0,0,1,0,6,0,0.110843,-0.046173,1,3,0,0,0
4073,3,0,1.500878656,0.964483373,1.447572508,0,1.0123912,2.55,0,2.55,0,1,0,6,3,0,0.025602,0.077661,3,3,0,0,0
4073,41,42,1.438266115,0.793360294,1.141063227,0,0.98942747,3.04,2,2.55,0,0,0,0,0,2,-0.202096,0.127426,2,2,0,0,0
4073,38,41,1.379153286,0.727245387,1.002982865,0,1.16523519,2.55,0,3.04,2,0,0,0,0,2,0.137669,-0.202096,3,2,0,0,0
4074,45,71,2.078793685,0.754535792,1.56852424,0,1.1077079,2.58,3,2.58,3,0,0,0,0,6,-0.058403,-0.057813,2,2,0,0,1
4074,39,45,1.844783873,0.626080825,1.154983809,0,0.96343776,2.55,0,2.58,3,0,0,0,0,7,-0.087576,-0.058403,2,2,0,0,0
4074,71,73,1.844565214,0.625809911,1.154347193,0,0.963738,2.58,3,2.55,0,0,0,0,0,7,-0.057813,-0.089526,2,2,0,0,0
4075,2,4,1.525494601,0.717109537,1.093946727,5,0.97799109,2.55,0,2.55,0,0,0,3,5,0,0.032927,-0.013048,3,3,6,0.333333333,0
4075,0,2,1.489080338,0.745700776,1.110408364,3,0.97152578,2.55,0,2.55,0,0,0,3,3,0,-0.20542,0.032927,4,3,6,0.333333333,0
4075,4,13,1.533107819,0.897285049,1.375634724,0,1.06877009,2.55,0,2.55,0,0,0,5,0,0,-0.013048,0.032813,3,2,0,0,0
4075,13,15,1.530401036,0.840764362,1.28670665,0,1.11026677,2.55,0,2.55,0,0,0,0,0,0,0.032813,0.0094,2,1,0,0,0
4075,3,0,1.511015808,0.885057488,1.337335854,0,1.09551248,2.55,0,2.55,0,0,0,0,3,0,0.15274,-0.20542,1,4,0,0,0
2258,2,1,1.514948583,0.991458496,1.512924381,3,0.89985525,2.55,0,2.55,0,0,0,3,3,0,-0.128745,-0.220169,4,4,3,0.333333333,1
2258,33,34,1.515440014,0.991780114,1.04722905,0,0.95981011,2.55,0,2.55,0,0,0,0,0,0,0.196022,0.128265,2,3,0,0,0
2258,4,2,1.508332584,0.987128654,1.338699237,0,1.10264504,2.55,0,2.55,0,0,0,0,3,0,0.143731,-0.128745,1,4,0,0,0
2258,1,5,1.507744963,0.986744086,1.172533821,0,0.89351871,2.55,0,2.55,0,0,0,3,0,0,-0.220169,0.164045,4,3,0,0,0
2258,32,33,1.440709966,0.988819469,1.032273215,0,0.98270602,3.04,2,2.55,0,0,0,0,0,2,-0.175625,0.196022,2,2,0,0,0
2258,37,38,1.430154084,1.016456349,1.230907237,0,0.91635448,3.44,1,2.55,0,0,0,0,0,1,-0.30558,0.189067,2,1,0,0,0
2258,5,32,1.35206429,0.927978236,0.983085093,0,1.30438108,2.55,0,3.04,2,0,0,0,0,2,0.164045,-0.175625,3,2,0,0,0
2258,34,37,1.339817143,0.95225099,0.913754943,0,1.19450768,2.55,0,3.44,1,0,0,0,0,1,0.128265,-0.30558,3,2,0,0,0
4077,0,2,1.540049323,0.999791933,1.539728891,3,0.88655357,2.55,0,2.55,0,0,0,3,3,0,-0.094488,-0.075919,4,4,3,0.333333333,1
4077,3,0,1.503419023,0.914046376,1.37419471,0,1.10941006,2.55,0,2.55,0,0,0,0,3,0,0.154205,-0.094488,1,4,0,0,0
4077,2,5,1.50022439,0.913942265,1.371118478,0,1.11628281,2.55,0,2.55,0,0,0,3,0,0,-0.075919,0.158983,4,1,0,0,0
4078,2,0,1.483636842,0.771986526,1.145347651,3,0.96511328,2.55,0,2.55,0,0,0,3,3,0,0.081412,0.124613,3,3,3,0.333333333,0
4078,21,22,1.552304494,0.988044801,1.533746385,0,0.90934293,2.55,0,2.55,0,0,0,0,0,0,0.113427,0.071843,3,3,0,0,0
4078,41,45,1.5400362,0.693782282,1.06844983,0,1.0550093,2.55,0,2.55,0,0,0,0,0,0,0.035261,-0.110055,2,3,0,0,0
4078,40,41,1.534986174,0.70878998,1.087982819,0,1.09084184,2.55,0,2.55,0,0,0,0,0,0,0.157002,0.035261,2,2,0,0,0
4078,45,52,1.534743906,0.820803545,1.259723238,0,1.07901729,2.55,0,2.55,0,0,0,0,0,0,-0.110055,0.047286,3,1,0,0,0
4078,12,9,1.529679036,0.831740216,1.272295571,0,1.09284941,2.55,0,2.55,0,0,0,0,0,0,-0.01651,-0.015907,1,2,0,0,0
4078,9,8,1.518484081,0.67502505,1.025014794,0,1.07390179,2.55,0,2.55,0,0,0,0,0,0,-0.015907,0.204816,2,2,0,0,0
4078,0,3,1.516576309,0.900567966,1.365780042,0,0.93147352,2.55,0,2.55,0,0,0,3,0,0,0.124613,0.146996,3,3,0,0,0
4078,5,2,1.508666076,0.964786149,1.455540133,0,0.95025448,2.55,0,2.55,0,0,0,0,3,0,0.223937,0.081412,3,3,0,0,0
4078,20,21,1.473265092,0.939071855,1.383501783,0,0.91734539,3.04,2,2.55,0,0,0,0,0,2,-0.148329,0.113427,2,3,0,0,0
4078,39,40,1.456592566,0.813610274,1.185098676,0,0.97694891,3.04,2,2.55,0,0,0,0,0,2,-0.168903,0.157002,2,2,0,0,0
4078,8,7,1.441282722,0.692006108,0.997376447,0,0.88748391,2.55,0,3.44,1,0,0,0,0,1,0.204816,-0.302986,2,2,0,0,0
4078,22,39,1.353946193,0.742410432,1.005183779,0,1.28359066,2.55,0,3.04,2,0,0,0,0,2,0.071843,-0.168903,3,2,0,0,0
4078,3,20,1.350149146,0.762468538,1.029446245,0,1.30119927,2.55,0,3.04,2,0,0,0,0,2,0.146996,-0.148329,3,2,0,0,0
4078,7,5,1.33551571,0.691756324,0.923851438,0,1.22510414,3.44,1,2.55,0,0,0,0,0,1,-0.302986,0.223937,2,3,0,0,0
4078-2,2,0,1.48761337,0.999873876,1.487425746,3,1.00579127,2.55,0,2.55,0,0,0,3,3,0,0.102827,0.123845,3,3,3,0.333333333,0
4078-2,21,22,1.550373021,0.939567791,1.456680554,0,0.91518831,2.55,0,2.55,0,0,0,0,0,0,0.114285,0.073554,3,3,0,0,0
4078-2,41,45,1.540087436,0.693617337,1.068231346,0,1.05122854,2.55,0,2.55,0,0,0,0,0,0,0.006167,-0.109889,2,3,0,0,0
4078-2,45,52,1.534509939,0.821750996,1.260985071,0,1.0794763,2.55,0,2.55,0,0,0,0,0,0,-0.109889,0.047759,3,1,0,0,0
4078-2,40,41,1.533200263,0.705333672,1.081417772,0,1.08648705,2.55,0,2.55,0,0,0,0,0,0,0.17014,0.006167,2,2,0,0,0
4078-2,12,9,1.53068011,0.829018412,1.268961993,0,1.09610201,2.55,0,2.55,0,0,0,0,0,0,-0.016228,-0.035481,1,2,0,0,0
4078-2,9,8,1.518653169,0.675402307,1.025701854,0,1.07404078,2.55,0,2.55,0,0,0,0,0,0,-0.035481,0.19778,2,2,0,0,0
4078-2,0,3,1.518576771,0.90045689,1.367412917,0,0.94018168,2.55,0,2.55,0,0,0,3,0,0,0.123845,0.126145,3,3,0,0,0
4078-2,5,2,1.511069052,0.927465369,1.401464216,0,0.93774732,2.55,0,2.55,0,0,0,0,3,0,0.214291,0.102827,3,3,0,0,0
4078-2,20,21,1.474484867,0.926666235,1.36635534,0,0.92805253,3.04,2,2.55,0,0,0,0,0,2,-0.129375,0.114285,2,3,0,0,0
4078-2,39,40,1.454082234,0.776537517,1.129149407,0,0.96444434,3.04,2,2.55,0,0,0,0,0,2,-0.180084,0.17014,2,2,0,0,0
4078-2,8,7,1.447685389,0.693810474,1.004419287,0,0.87597621,2.55,0,3.44,1,0,0,0,0,1,0.19778,-0.315994,2,2,0,0,0
4078-2,22,39,1.354594552,0.740563187,1.003162858,0,1.27572827,2.55,0,3.04,2,0,0,0,0,2,0.073554,-0.180084,3,2,0,0,0
4078-2,3,20,1.345558922,0.760915324,1.023856403,0,1.31285748,2.55,0,3.04,2,0,0,0,0,2,0.126145,-0.129375,3,2,0,0,0
4078-2,7,5,1.335754933,0.695916266,0.929573585,0,1.19952444,3.44,1,2.55,0,0,0,0,0,1,-0.315994,0.214291,2,3,0,0,0
4079,0,1,1.497754802,0.763055677,1.142870305,3,1.00726224,2.55,0,2.55,0,0,0,3,3,0,-0.021063,0.122908,4,3,3,0.333333333,0
4079,12,13,1.519845808,0.836817839,1.271834085,0,1.12830492,2.55,0,2.55,0,0,0,0,0,0,0.187859,-0.028065,2,1,0,0,0
4079,3,0,1.518094422,0.858718502,1.303615767,0,1.07528946,2.55,0,2.55,0,0,0,0,3,0,0.119511,-0.021063,1,4,0,0,0
4079,1,5,1.504665902,0.778710512,1.171699154,0,0.9072167,2.55,0,2.55,0,0,0,3,0,0,0.122908,0.21251,3,3,0,0,0
4079,11,12,1.440808066,0.825175225,1.188919121,0,0.89674122,3.44,1,2.55,0,0,0,0,0,1,-0.322003,0.187859,2,2,0,0,0
4079,5,11,1.347528972,0.680620486,0.917155824,0,1.15669928,2.55,0,3.44,1,0,0,0,0,1,0.21251,-0.322003,3,2,0,0,0
4080,0,1,1.543616609,0.997681329,1.540037469,3,0.80955057,2.55,0,2.55,0,0,0,3,3,0,-0.157343,0.008376,4,3,3,0.333333333,1
4080,3,0,1.525082998,0.866660243,1.321728802,0,1.07996043,2.55,0,2.55,0,0,0,0,3,0,0.173607,-0.157343,1,4,0,0,0
4080,12,13,1.519558812,0.838519547,1.274179768,0,1.12869767,2.55,0,2.55,0,0,0,0,0,0,0.19174,-0.027941,2,1,0,0,0
4080,1,5,1.50152976,0.962622855,1.445406864,0,0.96957915,2.55,0,2.55,0,0,0,3,0,0,0.008376,0.224322,3,3,0,0,0
4080,11,12,1.442798841,0.829340772,1.196571905,0,0.88897095,3.44,1,2.55,0,0,0,0,0,1,-0.309864,0.19174,2,2,0,0,0
4080,5,11,1.341248654,0.707056587,0.948338696,0,1.1908701,2.55,0,3.44,1,0,0,0,0,1,0.224322,-0.309864,3,2,0,0,0
4081,20,17,1.471830496,0.919014026,1.35263287,5,0.96445598,3.04,2,2.55,0,0,0,5,5,2,-0.291551,0.249442,3,4,19,0.315789474,0
4081,17,18,1.427076006,0.75515966,1.077670232,6,1.0017618,2.55,0,3.44,1,0,0,5,6,1,0.249442,-0.308892,4,2,19,0.315789474,1
4081,18,1,1.364561078,0.761656782,1.0393272,6,1.06138932,3.44,1,2.55,0,0,1,6,6,1,-0.308892,0.218116,2,3,19,0.315789474,0
4081,33,29,1.531633693,0.689374663,1.05586946,0,1.0643382,2.55,0,2.55,0,0,0,0,0,0,0.213701,0.150633,2,2,0,0,0
4081,41,39,1.509866418,0.845404764,1.276448263,0,1.04271966,2.55,0,2.55,0,0,0,0,0,0,0.049919,0.119543,1,3,0,0,0
4081,29,20,1.443105053,0.843724131,1.217582557,0,0.98867039,2.55,0,3.04,2,0,0,0,5,2,0.150633,-0.291551,2,3,0,0,0
4081,36,33,1.43385897,0.680669898,0.975984638,0,0.908741,3.44,1,2.55,0,0,0,0,0,1,-0.324766,0.213701,2,2,0,0,0
4081,53,54,1.409073521,0.86881668,1.224226578,0,0.96577977,3.44,1,2.55,0,0,0,0,0,1,-0.312354,0.18776,2,1,0,0,0
4081,50,53,1.357559052,0.724747831,0.983887978,0,1.17006367,2.55,0,3.44,1,1,0,6,0,1,0.199843,-0.312354,3,2,0,0,0
4081,39,36,1.35024606,0.687281859,0.927999622,0,1.13622049,2.55,0,3.44,1,0,0,0,0,1,0.119543,-0.324766,3,2,0,0,0
4082,17,19,1.589077566,0.654686864,1.040348209,5,0.9185388,2.55,0,2.55,0,0,0,5,5,0,0.216103,-0.267954,4,4,19,0.368421053,0
4082,19,13,1.523717489,0.723243951,1.102019456,5,0.91686775,2.55,0,2.55,0,0,1,5,5,0,-0.267954,0.060124,4,3,19,0.368421053,0
4082,18,17,1.44117563,0.752105083,1.083915517,6,0.95220613,3.44,1,2.55,0,0,0,6,5,1,-0.288596,0.216103,2,4,19,0.368421053,1
4082,60,62,1.432715038,0.683817977,0.979716299,5,0.99114367,3.44,1,2.55,0,0,0,5,5,1,-0.3049,0.318627,2,3,10,0.4,0
4082,53,60,1.367746073,0.733432353,1.003149221,5,1.06902368,2.55,0,3.44,1,1,0,5,5,1,0.210636,-0.3049,3,2,10,0.4,0
4082,1,18,1.344438953,0.754505877,1.014387091,6,1.1729287,2.55,0,3.44,1,1,0,6,6,1,0.198436,-0.288596,3,2,19,0.368421053,0
4082,63,65,1.528728298,0.835330268,1.276993019,0,1.09713419,2.55,0,2.55,0,0,0,0,0,0,0.041566,-0.009414,2,1,0,0,0
4082,62,63,1.514177245,0.691149754,1.04652323,0,1.06608464,2.55,0,2.55,0,0,0,5,0,0,0.318627,0.041566,3,2,0,0,0
4082,36,31,1.503910952,0.837277697,1.259191098,0,1.04922596,2.55,0,2.55,0,0,0,0,0,0,0.046677,0.159404,1,3,0,0,0
4082,48,50,1.467357468,0.785739032,1.152960036,0,1.09071966,2.55,0,2.55,0,0,1,0,6,0,0.005264,0.115442,2,3,0,0,0
4082,10,47,1.46505799,0.789139126,1.156134582,0,1.08535246,2.55,0,2.55,0,1,0,6,0,0,0.123528,0.006356,3,2,0,0,0
4082,30,0,1.381354654,0.886383736,1.224410299,0,0.98271318,3.44,1,2.55,0,0,1,0,6,1,-0.281476,0.168199,2,3,0,0,0
4082,31,30,1.374186289,0.697924116,0.95907775,0,1.06065203,2.55,0,3.44,1,0,0,0,0,1,0.159404,-0.281476,3,2,0,0,0
4082,47,48,1.353000043,0.803290682,1.086852328,0,1.67299733,2.55,0,2.55,0,0,0,0,0,0,0.006356,0.005264,2,2,0,0,0
4083,20,17,1.482116644,0.753932506,1.117415915,5,0.95252627,3.04,2,2.55,0,0,0,5,5,2,-0.253355,-0.069393,3,4,15,0.4,0
4083,31,29,1.531931975,0.691027195,1.058606655,0,1.06161941,2.55,0,2.55,0,0,0,0,0,0,0.218788,0.149501,2,2,0,0,0
4083,39,37,1.510159383,0.845394632,1.276680635,0,1.04248279,2.55,0,2.55,0,0,0,0,0,0,0.050512,0.119449,1,3,0,0,0
4083,4,54,1.508402413,0.966167278,1.457369053,0,1.10304096,2.55,0,2.55,0,0,0,6,0,0,-0.057411,0.099146,3,1,0,0,0
4083,29,20,1.443982801,0.855981814,1.236023018,0,0.99859027,2.55,0,3.04,2,0,0,0,5,2,0.149501,-0.253355,2,3,0,0,0
4083,34,31,1.434715526,0.67947176,0.974848683,0,0.90554822,3.44,1,2.55,0,0,0,0,0,1,-0.325273,0.218788,2,2,0,0,0
4083,37,34,1.349748723,0.687243007,0.927605371,0,1.1390496,2.55,0,3.44,1,0,0,0,0,1,0.119449,-0.325273,3,2,0,0,0
4084,18,17,1.484393358,0.757796734,1.124868438,6,0.8870356,3.44,1,2.55,0,0,0,6,5,1,-0.298748,0.211645,2,4,15,0.266666667,1
4084,68,65,1.465985909,0.920231292,1.349046106,5,0.98694682,3.04,2,2.55,0,0,0,5,5,2,-0.272052,0.234638,3,4,15,0.266666667,0
4084,17,20,1.442890683,0.868710722,1.253454607,5,1.04003632,2.55,0,3.04,2,0,0,5,5,2,0.211645,-0.268884,4,3,15,0.266666667,0
4084,65,66,1.442194101,0.774001858,1.116260914,6,0.95139072,2.55,0,3.44,1,0,0,5,6,1,0.234638,-0.293877,4,2,15,0.266666667,1
4084,0,1,1.412708542,0.999283234,1.411695961,6,1.32274753,2.55,0,2.55,0,0,0,6,6,0,0.170482,0.199758,3,3,15,0.266666667,0
4084,66,49,1.344995833,0.754951566,1.01540671,6,1.16452907,3.44,1,2.55,0,0,1,6,6,1,-0.293877,0.200207,2,3,15,0.266666667,0
4084,1,18,1.335158259,0.754155458,1.006916889,6,1.19584654,2.55,0,3.44,1,0,0,6,6,1,0.199758,-0.298748,3,2,15,0.266666667,0
4084,85,77,1.550359132,0.715550711,1.109360579,0,1.07748704,2.55,0,2.55,0,0,0,0,0,0,0.098147,0.162307,2,2,0,0,0
4084,29,37,1.543937957,0.703522809,1.086195568,0,1.09236422,2.55,0,2.55,0,0,0,0,0,0,0.172981,0.107748,2,2,0,0,0
4084,37,97,1.512295196,0.964322568,1.458340386,0,1.02927556,2.55,0,2.55,0,0,1,0,6,0,0.107748,-0.021603,2,3,0,0,0
4084,96,85,1.511740618,0.964544017,1.458140368,0,1.03252626,2.55,0,2.55,0,1,0,6,0,0,-0.019908,0.098147,3,2,0,0,0
4084,80,90,1.503731889,0.837712127,1.259694439,0,1.04982506,2.55,0,2.55,0,0,0,0,0,0,0.158877,0.047754,3,1,0,0,0
4084,42,32,1.503710539,0.838214238,1.260431584,0,1.04916661,2.55,0,2.55,0,0,0,0,0,0,0.044383,0.161509,1,3,0,0,0
4084,20,29,1.45355977,0.771177291,1.120952285,0,0.96564329,3.04,2,2.55,0,0,0,5,0,2,-0.268884,0.172981,3,2,0,0,0
4084,77,68,1.447200876,0.854289037,1.236327843,0,0.99244759,2.55,0,3.04,2,0,0,0,5,2,0.162307,-0.272052,2,3,0,0,0
4084,31,0,1.381521215,0.884962338,1.222594244,0,0.97524226,3.44,1,2.55,0,0,0,0,6,1,-0.281716,0.170482,2,3,0,0,0
4084,48,79,1.381207672,0.880062012,1.215548403,0,0.98540195,2.55,0,3.44,1,1,0,6,0,1,0.166092,-0.281091,3,2,0,0,0
4084,79,80,1.37452382,0.697593419,0.958858771,0,1.05956791,3.44,1,2.55,0,0,0,0,0,1,-0.281091,0.158877,2,3,0,0,0
4084,32,31,1.373125989,0.701817554,0.963683923,0,1.06267861,2.55,0,3.44,1,0,0,0,0,1,0.161509,-0.281716,3,2,0,0,0
4085,19,17,1.590694475,0.651856954,1.036905256,5,0.91814958,2.55,0,2.55,0,0,0,5,5,0,-0.272312,0.217181,4,4,19,0.421052632,0
4085,13,19,1.523269339,0.721927955,1.099690719,5,0.92383248,2.55,0,2.55,0,1,0,5,5,0,0.036477,-0.272312,3,4,19,0.421052632,0
4085,17,18,1.441469784,0.748530572,1.078984201,6,0.95350076,2.55,0,3.44,1,0,0,5,6,1,0.217181,-0.289005,4,2,19,0.421052632,1
4085,18,1,1.34701294,0.753542774,1.015031867,6,1.14517403,3.44,1,2.55,0,0,1,6,6,1,-0.289005,0.224722,2,3,19,0.421052632,0
4085,38,37,1.44147333,0.881252116,1.270301422,0,1.04984823,2.55,0,3.04,2,0,0,0,0,2,0.114758,-0.182133,1,2,0,0,0
4085,44,45,1.413834427,0.874168552,1.235929594,0,0.95076197,3.44,1,2.55,0,0,0,0,0,1,-0.268581,0.181368,2,1,0,0,0
4085,37,10,1.391714004,0.760421934,1.058289855,0,1.15427506,3.04,2,2.55,0,0,1,0,6,2,-0.182133,0.151469,2,3,0,0,0
4085,5,44,1.339098317,0.999870051,1.338924303,0,1.23269116,2.55,0,3.44,1,1,0,6,0,1,0.19349,-0.268581,3,2,0,0,0
4086,17,18,1.856931243,0.774441753,1.438085088,6,1.00056081,2.55,0,2.58,3,0,0,5,6,7,-0.081874,0.041915,4,2,15,0.266666667,1
4086,18,1,1.768730929,0.695549584,1.230240062,6,1.05484118,2.58,3,2.55,0,0,1,6,6,7,0.041915,-0.044084,2,3,15,0.266666667,0
4087,2,1,1.454726833,0.819683829,1.19241606,6,0.93347458,3.44,1,2.55,0,0,0,6,6,1,-0.327256,0.240087,2,4,17,0.411764706,1
4087,10,9,1.433894089,0.750467328,1.076090666,6,1.16093456,2.55,0,2.55,0,0,0,6,6,0,-0.150061,0.023215,2,3,17,0.411764706,0
4087,53,36,1.430879227,0.687043571,0.983076375,5,0.99191708,2.55,0,3.44,1,0,0,5,5,1,0.316651,-0.300016,3,2,17,0.411764706,0
4087,9,3,1.421031053,0.998801393,1.419327796,6,1.25990748,2.55,0,2.55,0,0,0,6,6,0,0.023215,0.137995,3,3,17,0.411764706,0
4087,36,11,1.365463098,0.73922218,1.009380607,5,1.0699647,3.44,1,2.55,0,0,0,5,5,1,-0.300016,0.232088,2,3,17,0.411764706,0
4087,11,10,1.364994461,0.780213125,1.064986593,6,1.42312737,2.55,0,2.55,0,0,0,5,6,0,0.232088,-0.150061,3,2,17,0.411764706,0
4087,3,2,1.358280928,0.743518441,1.009906918,6,1.13954125,2.55,0,3.44,1,0,0,6,6,1,0.137995,-0.327256,3,2,17,0.411764706,0
4087,1,24,1.541881475,0.965129944,1.488115981,0,0.92917007,2.55,0,2.55,0,0,1,6,6,0,0.240087,0.040613,4,3,0,0,0
4087,55,54,1.528615439,0.835480262,1.277128028,0,1.09656397,2.55,0,2.55,0,0,0,0,0,0,-0.00873,0.042901,1,2,0,0,0
4087,54,53,1.514739629,0.691343954,1.047206085,0,1.0653697,2.55,0,2.55,0,0,0,0,5,0,0.042901,0.316651,2,3,0,0,0
4087,49,66,1.508547265,0.836947566,1.262574962,0,1.03573976,2.55,0,2.55,0,0,0,0,0,0,0.140469,0.040225,3,1,0,0,0
4087,28,48,1.388816876,0.963019226,1.337457353,0,0.97263784,2.55,0,3.44,1,1,0,6,0,1,0.219215,-0.281518,3,2,0,0,0
4087,48,49,1.365154605,0.714579609,0.975511644,0,1.07925332,3.44,1,2.55,0,0,0,0,0,1,-0.281518,0.140469,2,3,0,0,0
4088,2,1,1.456641037,0.828457659,1.206765424,6,0.92224431,3.44,1,2.55,0,0,0,6,6,1,-0.324546,0.233791,2,4,14,0.357142857,1
4088,9,3,1.427826714,0.99981918,1.427568535,6,1.23885173,2.55,0,2.55,0,0,0,6,6,0,0.013812,0.128745,3,3,14,0.357142857,0
4088,10,9,1.418902954,0.759919125,1.078251492,6,1.199784,2.55,0,2.55,0,0,0,6,6,0,-0.128406,0.013812,2,3,14,0.357142857,0
4088,11,10,1.379575591,0.76073502,1.049491464,6,1.39415888,2.55,0,2.55,0,0,0,6,6,0,0.180976,-0.128406,3,2,14,0.357142857,0
4088,3,2,1.354771956,0.737514046,0.999163346,6,1.15026781,2.55,0,3.44,1,0,0,6,6,1,0.128745,-0.324546,3,2,14,0.357142857,0
4088,1,25,1.539902612,0.964449525,1.485158342,0,0.9357505,2.55,0,2.55,0,0,1,6,6,0,0.233791,0.029789,4,3,0,0,0
4088,37,38,1.420843902,0.872060735,1.239062178,0,0.9452454,2.55,0,3.44,1,0,0,0,0,1,0.197015,-0.321528,1,2,0,0,0
4088,53,54,1.409688879,0.868756644,1.224676579,0,0.97064295,3.44,1,2.55,0,0,0,0,0,1,-0.311743,0.184017,2,1,0,0,0
4088,38,11,1.35866034,0.766688082,1.04166869,0,1.14447936,3.44,1,2.55,0,0,0,0,6,1,-0.321528,0.180976,2,3,0,0,0
4088,29,53,1.357401735,0.959107723,1.301894487,0,1.1308177,2.55,0,3.44,1,1,0,6,0,1,0.236797,-0.311743,3,2,0,0,0
4089,6,16,1.529217489,0.894810175,1.368359369,5,0.94724287,2.55,0,2.55,0,0,0,5,5,0,-0.010205,-0.079378,3,4,9,0.333333333,0
4089,29,25,1.527504766,0.890765988,1.360649292,5,0.94713942,2.55,0,2.55,0,0,0,5,5,0,-0.081439,-0.019714,4,3,9,0.333333333,0
4089,25,23,1.410320646,0.78860654,1.112188085,6,1.25067546,2.55,0,2.55,0,0,0,5,6,0,-0.019714,-0.098613,3,2,9,0.333333333,0
4089,1,6,1.409765876,0.786710182,1.109077169,6,1.24641427,2.55,0,2.55,0,0,0,6,5,0,-0.100292,-0.010205,2,3,9,0.333333333,0
4089,23,21,1.385885158,0.754332061,1.045417608,6,1.44052703,2.55,0,2.55,0,0,0,6,6,0,-0.098613,-0.072106,2,3,9,0.333333333,0
4089,2,1,1.385419415,0.754028409,1.044645597,6,1.43681262,2.55,0,2.55,0,0,0,6,6,0,-0.075737,-0.100292,3,2,9,0.333333333,0
4089,16,29,1.61798964,0.704772108,1.14031397,0,0.9370922,2.55,0,2.55,0,0,0,5,5,0,-0.079378,-0.081439,4,4,0,0,1
4089,15,2,1.50913775,0.878505311,1.325785529,0,1.10449025,2.55,0,2.55,0,0,0,0,6,0,0.100272,-0.075737,1,3,0,0,0
4089,21,20,1.508781191,0.878977438,1.326184626,0,1.10330307,2.55,0,2.55,0,0,0,6,0,0,-0.072106,0.098716,3,1,0,0,0
4090,26,19,1.634982917,0.702174907,1.148043978,0,0.90716771,2.55,0,2.55,0,1,0,5,5,0,-0.166105,-0.160047,4,4,0,0,1
4090,31,26,1.546262199,0.955596762,1.477603151,0,0.92529109,2.55,0,2.55,0,1,1,6,5,0,0.039663,-0.166105,3,4,0,0,0
4090,19,9,1.544217721,0.957174932,1.478086492,0,0.92371174,2.55,0,2.55,0,0,1,5,6,0,-0.160047,0.041676,4,3,0,0,0
4090,4,18,1.516941626,0.966588446,1.466258248,0,1.00648787,2.55,0,2.55,0,1,0,6,0,0,-0.08651,0.304198,3,2,0,0,0
4090,23,24,1.516916562,0.967097076,1.467005572,0,1.00731604,2.55,0,2.55,0,0,1,0,6,0,0.305709,-0.088221,2,3,0,0,0
4090,18,53,1.410848066,0.825025157,1.163985147,0,1.04994688,2.55,0,3.44,1,0,0,0,0,1,0.304198,-0.312026,2,1,0,0,0
4090,50,23,1.410038952,0.825236728,1.163615931,0,1.05270734,3.44,1,2.55,0,0,0,0,0,1,-0.309342,0.305709,1,2,0,0,0
4091,0,58,1.624509795,0.883026249,1.063160861,0,0.8251773,2.55,0,2.55,0,1,1,5,5,0,0.041381,0.040496,4,4,0,0,1
4091,4,0,1.551092545,0.949496553,1.015112922,0,0.89788284,2.55,0,2.55,0,1,1,6,5,0,0.083931,0.041381,3,4,0,0,0
4091,58,62,1.550994419,0.951346274,1.015048704,0,0.89808649,2.55,0,2.55,0,1,1,5,6,0,0.040496,0.083179,4,3,0,0,0
4091,55,51,1.509475136,0.986565035,0.987876398,0,1.06205034,2.55,0,2.55,0,0,1,0,6,0,0.081741,-0.026212,1,3,0,0,0
4091,109,113,1.509380113,0.986728782,0.98781421,0,1.06192095,2.55,0,2.55,0,1,0,6,0,0,-0.026385,0.081197,3,1,0,0,0
4092,0,24,1.755143131,0.99915072,1.753609774,0,0.80184378,2.55,0,2.55,0,0,0,6,6,0,0.017332,0.016211,4,4,8,0,1
4092,0,44,1.556412737,0.82477825,1.283695373,6,0.89351269,2.55,0,2.55,0,0,0,6,6,0,0.017332,0.193273,4,3,14,0.357142857,0
4092,48,24,1.540595465,0.755798651,1.164379975,6,0.88275903,2.55,0,2.55,0,0,0,6,6,0,0.167067,0.016211,3,4,14,0.357142857,0
4092,44,68,1.405512339,0.723070905,1.016285078,6,1.04005048,2.55,0,3.04,2,0,0,6,6,2,0.193273,-0.293653,3,3,14,0.357142857,0
4092,47,48,1.395564566,0.732345482,1.022035405,6,1.12021852,3.04,2,2.55,0,0,0,6,6,2,-0.262808,0.167067,3,3,14,0.357142857,0
4092,58,55,1.5326431,0.700575595,1.073732352,0,1.08452891,2.55,0,2.55,0,0,0,0,0,0,-0.005895,-0.019471,2,2,0,0,0
4092,74,77,1.532545611,0.700208101,1.073100852,0,1.08461329,2.55,0,2.55,0,0,0,0,0,0,-0.022067,-0.004829,2,2,0,0,0
4092,70,71,1.531762573,0.699568891,1.071573444,0,1.10615663,2.55,0,2.55,0,0,0,0,0,0,0.176993,0.016672,2,2,0,0,0
4092,52,46,1.531679323,0.695753507,1.065671261,0,1.11101853,2.55,0,2.55,0,0,0,0,0,0,0.016863,0.180232,2,2,0,0,0
4092,55,52,1.531481306,0.69532218,1.064872921,0,1.0970481,2.55,0,2.55,0,0,0,0,0,0,-0.019471,0.016863,2,2,0,0,0
4092,71,74,1.531419491,0.693977645,1.062770892,0,1.09867465,2.55,0,2.55,0,0,0,0,0,0,0.016672,-0.022067,2,2,0,0,0
4092,61,58,1.529713958,0.836434786,1.279505966,0,1.1056194,2.55,0,2.55,0,0,0,0,0,0,0.017431,-0.005895,1,2,0,0,0
4092,77,80,1.529546661,0.836243374,1.27907326,0,1.10567589,2.55,0,2.55,0,0,0,0,0,0,-0.004829,0.017861,2,1,0,0,0
4092,68,70,1.475707688,0.830016533,1.224861778,0,0.92218199,3.04,2,2.55,0,0,0,6,0,2,-0.293653,0.176993,3,2,0,0,0
4092,46,47,1.475686889,0.820213968,1.210378999,0,0.91407915,2.55,0,3.04,2,0,0,0,6,2,0.180232,-0.262808,2,3,0,0,0
4093,20,24,1.585903854,0.686224389,1.088285904,5,1.00824873,2.55,0,2.55,0,0,0,5,5,0,0.020772,-0.116513,3,4,9,0.444444444,0
4093,24,28,1.546184394,0.775097631,1.198443861,5,0.93778432,2.55,0,2.55,0,0,0,5,5,0,-0.116513,0.052362,4,3,9,0.444444444,0
4093,18,20,1.534729145,0.76388251,1.172352751,5,0.89861089,2.55,0,2.55,0,0,0,5,5,0,0.207577,0.020772,3,3,9,0.444444444,0
4093,17,18,1.408883773,0.709642998,0.999804504,5,1.03341535,3.04,2,2.55,0,0,0,5,5,2,-0.247606,0.207577,3,3,9,0.444444444,0
4093,59,65,1.50916481,0.999985636,1.509143132,0,1.06531385,2.55,0,2.55,0,1,0,6,0,0,-0.029222,0.081109,3,1,0,0,0
4093,9,0,1.505545598,0.727392391,1.095122412,0,0.91470702,2.55,0,2.55,0,0,1,0,6,0,0.192814,-0.038621,3,3,0,0,0
4093,28,54,1.479357705,0.969075732,1.43360965,0,1.04369551,2.55,0,2.55,0,0,1,5,6,0,0.052362,0.015822,3,3,0,0,0
4093,4,17,1.42861356,0.946547217,1.35225019,0,0.88324071,2.55,0,3.04,2,1,0,6,5,2,0.192683,-0.247606,3,3,0,0,0
4093,11,10,1.427593087,0.859812127,1.227461849,0,0.91918203,2.55,0,3.44,1,0,0,0,0,1,0.194923,-0.290578,1,2,0,0,0
4093,10,9,1.337313953,0.697919582,0.933337595,0,1.23049819,3.44,1,2.55,0,0,0,0,0,1,-0.290578,0.192814,2,3,0,0,0
4093-2,20,24,1.574486866,0.907932113,1.429527188,5,0.99588284,2.55,0,2.55,0,1,0,5,5,0,-0.016079,-0.083274,3,4,9,0.444444444,1
4093-2,24,28,1.543071823,0.774154723,1.19457634,5,0.92742485,2.55,0,2.55,0,0,0,5,5,0,-0.083274,0.038095,4,3,9,0.444444444,0
4093-2,59,65,1.509076998,0.999986883,1.509057203,0,1.06536858,2.55,0,2.55,0,1,0,6,0,0,-0.026012,0.081436,3,1,0,0,0
4093-2,9,0,1.504935911,0.729265246,1.097497457,0,0.91304293,2.55,0,2.55,0,0,1,0,6,0,0.19218,-0.031684,3,3,0,0,0
4093-2,28,54,1.48009747,0.969722335,1.435283575,0,1.0489871,2.55,0,2.55,0,0,1,5,6,0,0.038095,-0.005783,3,3,0,0,0
4093-2,4,17,1.42963048,0.959274972,1.371408739,0,0.89007739,2.55,0,3.04,2,1,1,6,5,2,0.192276,-0.251945,3,3,0,0,0
4093-2,11,10,1.428443074,0.860082178,1.22857843,0,0.91800189,2.55,0,3.44,1,0,0,0,0,1,0.194558,-0.289412,1,2,0,0,0
4093-2,10,9,1.336739118,0.69750985,0.932388701,0,1.23052726,3.44,1,2.55,0,0,0,0,0,1,-0.289412,0.19218,2,3,0,0,0
4094,14,19,1.589683162,0.934351393,1.485322677,5,1.00692276,2.55,0,2.55,0,0,0,5,5,0,-0.004453,-0.19861,3,4,8,0.375,1
4094,12,14,1.528872606,0.755781547,1.155493703,5,0.8988106,2.55,0,2.55,0,0,0,5,5,0,0.199209,-0.004453,3,3,8,0.375,0
4094,10,12,1.408279055,0.709098257,0.998608223,5,1.03505545,3.04,2,2.55,0,0,0,5,5,2,-0.26519,0.199209,3,3,8,0.375,0
4094,56,57,1.533144586,0.845570778,1.29638226,0,1.11414737,2.55,0,2.55,0,0,0,0,0,0,0.129973,0.007552,2,1,0,0,0
4094,19,56,1.528419706,0.718587568,1.098303399,0,1.07349703,2.55,0,2.55,0,0,0,5,0,0,-0.19861,0.129973,4,2,0,0,0
4094,9,1,1.509694819,0.99988661,1.509523635,0,1.06279941,2.55,0,2.55,0,0,1,0,6,0,0.0764,-0.001222,1,3,0,0,0
4094,4,10,1.435479416,0.976280779,1.401430962,0,0.84363445,2.55,0,3.04,2,1,0,6,5,2,0.115476,-0.26519,3,3,0,0,0
4095,19,14,1.57880614,0.839771748,1.325836792,5,0.99842582,2.55,0,2.55,0,0,0,5,5,0,-0.171871,0.001576,4,3,8,0.375,1
4095,14,12,1.519571568,0.750520339,1.140469368,5,0.9163369,2.55,0,2.55,0,0,0,5,5,0,0.001576,0.223145,3,3,8,0.375,0
4095,12,10,1.406742546,0.707790793,0.995679423,5,1.02021343,2.55,0,3.04,2,0,0,5,5,2,0.223145,-0.261786,3,3,8,0.375,0
4095,48,47,1.532155254,0.849589439,1.301702923,0,1.10775219,2.55,0,2.55,0,0,0,0,0,0,0.005432,0.121177,1,2,0,0,0
4095,47,19,1.528536864,0.711876634,1.088129677,0,1.07112553,2.55,0,2.55,0,0,0,0,5,0,0.121177,-0.171871,2,4,0,0,0
4095,10,4,1.421576033,0.972438447,1.38239519,0,0.88347215,3.04,2,2.55,0,0,1,5,6,2,-0.261786,0.145235,3,3,0,0,0
4095,9,56,1.414030189,0.870986125,1.231600676,0,0.95457093,3.44,1,2.55,0,0,0,0,0,1,-0.300735,0.175679,2,1,0,0,0
4095,1,9,1.348686069,0.958622456,1.292880751,0,1.15718828,2.55,0,3.44,1,1,0,6,0,1,0.253964,-0.300735,3,2,0,0,0
4096,2,0,1.589288,0.872299482,1.386335099,5,0.98140456,2.55,0,2.55,0,0,0,5,5,0,-0.218118,0.125294,4,3,5,0.2,1
4096,8,2,1.528920872,0.723405694,1.106030065,0,0.85717238,2.55,0,2.55,0,0,0,0,5,0,0.015431,-0.218118,3,4,0,0,0
4096,0,3,1.519380991,0.961990946,1.461630757,0,0.98018439,2.55,0,2.55,0,0,1,5,6,0,0.125294,0.034831,3,3,0,0,0
4096,48,49,1.518998682,0.861677867,1.308887545,0,1.07025845,2.55,0,2.55,0,0,0,0,0,0,0.00654,0.051527,3,1,0,0,0
4096,11,8,1.516997276,0.854798453,1.296726924,0,1.06102852,2.55,0,2.55,0,0,0,0,0,0,0.055775,0.015431,1,3,0,0,0
4096,43,48,1.503688409,0.961083673,1.445170378,0,0.91760206,2.55,0,2.55,0,1,0,6,0,0,0.032488,0.00654,3,3,0,0,0
4097,2,0,1.587579775,0.958865369,1.522275268,5,0.94858877,2.55,0,2.55,0,0,0,5,5,0,-0.094011,-0.3033,4,4,5,0.2,1
4097,0,12,1.542406481,0.818211059,1.26201404,0,1.08926099,2.55,0,2.55,0,0,0,5,0,0,-0.3033,0.193407,4,1,0,0,0
4097,7,2,1.519205838,0.844391717,1.282804826,0,1.10892054,2.55,0,2.55,0,0,0,0,5,0,0.156063,-0.094011,1,4,0,0,0
4098,10,11,1.620000812,0.807744284,1.308546396,4,0.99312042,2.55,0,2.55,0,0,0,4,4,0,0.11297,0.111465,3,3,4,0.25,1
4098,24,38,1.509928043,0.999969012,1.509881253,0,1.06391359,2.55,0,2.55,0,1,0,6,0,0,-0.033082,0.080194,3,1,0,0,0
4098,34,18,1.50992208,0.999969133,1.509875473,0,1.06440554,2.55,0,2.55,0,0,1,0,6,0,0.081456,-0.033839,1,3,0,0,0
4098,11,15,1.508019511,0.966567239,1.457602255,0,0.99759597,2.55,0,2.55,0,0,1,4,6,0,0.111465,0.071569,3,3,0,0,0
4098,12,10,1.507940706,0.966825761,1.457915921,0,0.99780239,2.55,0,2.55,0,1,0,6,4,0,0.070851,0.11297,3,3,0,0,0
4099,2,1,1.549696159,0.730745531,1.132433542,5,1.0528199,2.55,0,2.55,0,0,0,5,5,0,0.0366,0.265255,3,2,5,0.4,0
4099,1,0,1.46877005,0.678374294,0.996375845,5,1.01730728,2.55,0,3.04,2,0,0,5,5,2,0.265255,-0.4158,2,3,5,0.4,0
4099,68,73,1.532567064,0.83362895,1.277592273,0,1.08127922,2.55,0,2.55,0,0,0,0,0,0,0.025014,0.03055,3,1,0,0,0
4099,59,56,1.498756134,0.906752405,1.359000728,0,1.09862684,2.55,0,2.55,0,0,1,0,5,0,0.118829,-0.109194,1,3,0,0,0
4099,44,37,1.48813665,0.975019076,1.450961622,0,1.00441312,2.55,0,2.55,0,1,1,6,6,0,0.062038,0.108434,3,3,0,0,0
4099,34,29,1.487321556,0.999893676,1.487163418,0,0.97831478,2.55,0,2.55,0,1,1,6,6,0,0.089843,0.084374,3,3,0,0,0
4099,0,68,1.46496906,0.692223352,1.014085793,0,0.98568935,3.04,2,2.55,0,0,0,5,0,2,-0.4158,0.025014,3,3,0,0,0
4099,12,2,1.459848449,0.777234263,1.134644233,0,0.92231715,3.04,2,2.55,0,1,0,5,5,2,-0.183651,0.0366,3,3,0,0,0
4099,53,52,1.401542452,0.864804841,1.212060697,0,1.04403612,2.55,0,3.04,2,1,0,5,0,2,0.172986,-0.061572,3,2,0,0,0
4099,52,46,1.379312605,0.765878915,1.056386442,0,1.1544804,3.04,2,2.55,0,0,1,0,6,2,-0.061572,0.004228,2,3,0,0,0
4100,11,3,1.606956156,0.837032872,1.345075126,5,0.94869999,2.55,0,2.55,0,0,0,5,5,0,0.128269,-0.038814,3,4,8,0.25,1
4100,16,11,1.453631061,0.834747612,1.213415057,5,0.96375247,3.04,2,2.55,0,0,0,5,5,2,-0.264921,0.128269,3,3,8,0.25,0
4100,26,27,1.53076043,0.840490865,1.286590158,0,1.10914643,2.55,0,2.55,0,0,0,0,0,0,0.069498,0.033884,2,1,0,0,0
4100,20,19,1.525558916,0.842420945,1.285162784,0,1.11352046,2.55,0,2.55,0,0,0,0,0,0,0.002368,0.143844,1,2,0,0,0
4100,3,26,1.5233278,0.706659767,1.076474469,0,1.06949055,2.55,0,2.55,0,0,0,5,0,0,-0.038814,0.069498,4,2,0,0,0
4100,19,16,1.455082888,0.743781223,1.08226333,0,0.96712712,2.55,0,3.04,2,0,0,0,5,2,0.143844,-0.264921,2,3,0,0,0
4101,11,14,1.529143328,0.916756484,1.401852061,5,0.93204782,2.55,0,2.55,0,0,1,5,5,0,-0.024952,0.267301,4,3,9,0.444444444,0
4101,67,71,1.527118822,0.948088123,1.447843218,5,0.9012915,2.55,0,2.55,0,0,1,5,5,0,0.277832,0.035524,4,3,9,0.444444444,0
4101,78,102,1.510801326,0.999859403,1.510588912,0,1.0603216,2.55,0,2.55,0,1,0,6,0,0,-0.024457,0.078379,3,1,0,0,0
4101,49,25,1.510734515,0.999879687,1.510552754,0,1.06081954,2.55,0,2.55,0,0,1,0,6,0,0.078029,-0.019942,1,3,0,0,0
4101,27,80,1.462513241,0.641870585,0.938744229,0,0.91612061,3.44,1,3.44,1,0,0,0,0,3,-0.198711,-0.22685,2,2,0,0,1
4101,14,27,1.421517033,0.837178458,1.190063438,0,1.01245063,2.55,0,3.44,1,1,0,5,0,1,0.267301,-0.198711,4,2,0,0,0
4101,80,67,1.41998035,0.879846267,1.24936441,0,1.00438427,3.44,1,2.55,0,0,0,0,5,1,-0.22685,0.277832,2,4,0,0,0
4102,2,1,1.449055767,0.832273774,1.206011111,6,0.93879997,3.44,1,2.55,0,0,0,6,6,1,-0.325595,0.228431,2,4,14,0.357142857,1
4102,9,3,1.42932775,0.999970287,1.429285281,6,1.20753792,2.55,0,2.55,0,1,0,6,6,0,0.030708,0.112968,3,3,14,0.357142857,0
4102,3,2,1.359199752,0.737092777,1.001856319,6,1.13921129,2.55,0,3.44,1,0,0,6,6,1,0.112968,-0.325595,3,2,14,0.357142857,0
4102,1,25,1.539904229,0.964631657,1.485440368,0,0.93478839,2.55,0,2.55,0,0,1,6,6,0,0.228431,0.033472,4,3,0,0,0
4102,51,52,1.409855816,0.869111603,1.225322048,0,0.96949048,3.44,1,2.55,0,0,0,0,0,1,-0.311319,0.182957,2,1,0,0,0
4102,37,38,1.408805592,0.869534268,1.225004739,0,0.97278904,2.55,0,3.44,1,0,0,0,0,1,0.185391,-0.312501,1,2,0,0,0
4102,38,11,1.359907194,0.736971078,1.002212271,0,1.12498777,3.44,1,2.55,0,0,1,0,6,1,-0.312501,0.25608,2,3,0,0,0
4102,29,51,1.35694923,0.959076672,1.301418351,0,1.13248816,2.55,0,3.44,1,1,0,6,0,1,0.236771,-0.311319,3,2,0,0,0
4103,2,1,1.451649022,0.826053056,1.19913911,6,0.93958916,3.44,1,2.55,0,0,0,6,6,1,-0.322476,0.235559,2,4,14,0.357142857,1
4103,9,3,1.43041263,0.999884633,1.430247607,6,1.20744655,2.55,0,2.55,0,1,0,6,6,0,0.028576,0.123653,3,3,14,0.357142857,0
4103,3,2,1.356454371,0.739465709,1.003051494,6,1.14815045,2.55,0,3.44,1,0,0,6,6,1,0.123653,-0.322476,3,2,14,0.357142857,0
4103,1,23,1.539653418,0.966763323,1.488480455,0,0.93558856,2.55,0,2.55,0,0,1,6,6,0,0.235559,0.036507,4,3,0,0,0
4103,48,49,1.410372197,0.869151536,1.225827161,0,0.96878136,3.44,1,2.55,0,0,0,0,0,1,-0.310797,0.183359,2,1,0,0,0
4103,35,36,1.409569889,0.869785667,1.226023686,0,0.97064933,2.55,0,3.44,1,0,0,0,0,1,0.184335,-0.311982,1,2,0,0,0
4103,36,11,1.359044215,0.736844297,1.001403979,0,1.12770684,3.44,1,2.55,0,0,1,0,6,1,-0.311982,0.256273,2,3,0,0,0
4103,27,48,1.356509447,0.959155414,1.301103381,0,1.13392635,2.55,0,3.44,1,1,0,6,0,1,0.237067,-0.310797,3,2,0,0,0
4104,18,13,1.519752656,0.984017777,1.49546363,4,0.97080233,2.55,0,2.55,0,0,0,4,4,0,0.065758,-0.177867,3,3,7,0.428571429,1
4104,24,18,1.510025132,0.849805173,1.283227169,5,0.96995671,2.55,0,2.55,0,0,0,5,4,0,0.005714,0.065758,2,3,7,0.428571429,0
4104,21,24,1.355101211,0.714450739,0.968153061,5,1.83885454,2.55,0,2.55,0,0,0,5,5,0,-0.245429,0.005714,3,2,7,0.428571429,0
4104,10,4,1.503948996,0.958598998,1.441684,0,0.91113891,2.55,0,2.55,0,0,1,0,6,0,0.157526,-0.013749,3,3,0,0,0
4104,26,21,1.497699532,0.905474171,1.356128242,0,1.09840229,2.55,0,2.55,0,0,0,0,5,0,0.105605,-0.245429,1,3,0,0,0
4104,11,10,1.389496631,0.730232515,1.01465562,0,1.1019456,3.04,2,2.55,0,0,0,0,0,2,-0.102316,0.157526,2,3,0,0,0
4104,12,11,1.357790143,0.757484485,1.028504968,0,0.98670805,3.04,2,3.04,2,0,0,0,0,4,0.044736,-0.102316,2,2,0,0,0
4104,1,33,1.354671421,0.999573078,1.354093083,0,1.20449887,2.55,0,3.44,1,1,0,6,0,1,0.170146,-0.180234,3,1,0,0,0
4104,13,12,1.267446941,0.790393004,1.001781196,0,1.95190237,2.55,0,3.04,2,0,0,4,0,2,-0.177867,0.044736,3,2,0,0,0
4105,0,2,1.547732326,0.974898679,1.5088822,4,1.05186514,2.55,0,2.55,0,0,0,4,4,0,0.011673,-0.036772,3,3,4,0.25,1
4105,2,6,1.524901029,0.729598744,1.112565875,0,0.89894295,2.55,0,2.55,0,0,0,4,0,0,-0.036772,0.186824,3,3,0,0,0
4105,20,21,1.519603146,0.964663213,1.465905254,0,1.06220056,2.55,0,2.55,0,0,1,0,6,0,0.284923,-0.044179,2,3,0,0,0
4105,97,94,1.50894076,0.836448904,1.262151846,0,1.04064402,2.55,0,2.55,0,0,0,0,0,0,0.144731,0.042192,3,1,0,0,0
4105,3,0,1.503329496,0.949673537,1.42767224,0,0.94801497,2.55,0,2.55,0,0,0,0,4,0,0.269353,0.011673,3,3,0,0,0
4105,18,20,1.471738983,0.816367422,1.201479759,0,0.96351443,3.04,2,2.55,0,0,0,0,0,2,-0.295262,0.284923,3,2,0,0,0
4105,13,12,1.432820593,0.863644269,1.237447293,0,0.90445422,2.55,0,3.44,1,0,0,0,0,1,0.191233,-0.29253,1,2,0,0,0
4105,37,96,1.38649847,0.756075842,1.048297999,0,0.99897491,2.55,0,3.44,1,1,0,6,0,1,0.203253,-0.273935,3,2,0,0,0
4105,27,33,1.373745016,0.962604531,1.322373177,0,1.02730452,2.55,0,3.44,1,1,0,6,0,1,0.20934,-0.276985,3,2,0,0,0
4105,33,34,1.372813245,0.763135953,1.047643144,0,1.03145715,3.44,1,2.55,0,0,1,0,6,1,-0.276985,0.201097,2,3,0,0,0
4105,6,18,1.371642285,0.720637796,0.988457274,0,1.21883036,2.55,0,3.04,2,0,0,0,0,2,0.186824,-0.295262,3,3,0,0,0
4105,96,97,1.362512155,0.727184157,0.990797252,0,1.07526706,3.44,1,2.55,0,0,0,0,0,1,-0.273935,0.144731,2,3,0,0,0
4105,12,3,1.327509858,0.700277525,0.929625317,0,1.24714368,3.44,1,2.55,0,0,0,0,0,1,-0.29253,0.269353,2,3,0,0,0
4106,1,3,1.588383774,0.998132912,1.585418122,4,1.0785152,2.55,0,2.55,0,0,0,4,4,0,0.055347,0.072099,3,3,12,0.333333333,1
4106,12,1,1.492594053,0.88752534,1.324715045,6,1.00230112,2.55,0,2.55,0,0,0,6,4,0,-0.126805,0.055347,3,3,12,0.333333333,0
4106,17,12,1.455750336,0.741689375,1.079714557,6,1.05193154,2.55,0,2.55,0,0,0,6,6,0,0.162473,-0.126805,3,3,12,0.333333333,0
4106,6,53,1.409310385,0.754513285,1.063343408,6,1.29028493,2.55,0,2.55,0,0,0,6,6,0,0.061545,-0.082771,3,2,6,0.333333333,0
4106,16,17,1.404583512,0.718365127,1.009003813,6,1.07394789,3.04,2,2.55,0,0,0,6,6,2,-0.240899,0.162473,3,3,12,0.333333333,0
4106,53,55,1.391028683,0.761469045,1.059225283,6,1.39971623,2.55,0,2.55,0,0,0,6,6,0,-0.082771,0.160061,2,3,6,0.333333333,0
4106,20,19,1.52144162,0.901452548,1.371507425,0,1.09598167,2.55,0,2.55,0,0,0,0,0,0,0.209636,0.168805,2,2,0,0,0
4106,3,6,1.518743451,0.911166827,1.38382865,0,0.95430263,2.55,0,2.55,0,0,0,4,6,0,0.072099,0.061545,3,3,0,0,0
4106,27,26,1.506992629,0.8476304,1.277372766,0,1.05210458,2.55,0,2.55,0,0,0,0,0,0,0.047971,0.148905,1,3,0,0,0
4106,19,16,1.467286498,0.845093067,1.239993646,0,0.95163438,2.55,0,3.04,2,0,0,0,6,2,0.168805,-0.240899,2,3,0,0,0
4106,23,20,1.431872939,0.693348738,0.992787295,0,0.92134852,3.44,1,2.55,0,0,0,0,0,1,-0.32173,0.209636,2,2,0,0,0
4106,61,67,1.424200704,0.861653679,1.227167776,0,0.93415469,3.44,1,2.55,0,0,0,0,0,1,-0.350702,0.199324,2,1,0,0,0
4106,55,61,1.369794452,0.795199941,1.089260467,0,1.06483534,2.55,0,3.44,1,0,0,6,0,1,0.160061,-0.350702,3,2,0,0,0
4106,26,23,1.350545413,0.689770706,0.931566662,0,1.1414951,2.55,0,3.44,1,0,0,0,0,1,0.148905,-0.32173,3,2,0,0,0
4106-2,3,1,1.586723217,0.997836044,1.583289618,4,1.07393835,2.55,0,2.55,0,0,0,4,4,0,0.074923,0.053217,3,3,16,0.4375,1
4106-2,1,12,1.494977042,0.950792815,1.42141343,6,0.99759668,2.55,0,2.55,0,0,0,4,6,0,0.053217,-0.128509,3,3,16,0.4375,0
4106-2,6,3,1.519198676,0.964635924,1.465473619,0,0.95137444,2.55,0,2.55,0,1,0,6,4,0,0.061452,0.074923,3,3,0,0,0
4106-2,70,71,1.508898296,0.836098386,1.26158743,0,1.0403422,2.55,0,2.55,0,0,0,0,0,0,0.145741,0.042103,3,1,0,0,0
4106-2,51,50,1.408254535,0.866875837,1.220781828,0,0.97285748,2.55,0,3.44,1,0,0,0,0,1,0.189118,-0.316881,1,2,0,0,0
4106-2,61,69,1.385900255,0.924624549,1.281437398,0,1.01454088,2.55,0,3.44,1,1,0,6,0,1,0.232554,-0.272532,3,2,0,0,0
4106-2,69,70,1.36346478,0.727203206,0.991515959,0,1.07089583,3.44,1,2.55,0,0,0,0,0,1,-0.272532,0.145741,2,3,0,0,0
4106-2,50,45,1.36145878,0.959903552,1.306869119,0,1.12508311,3.44,1,2.55,0,0,1,0,6,1,-0.316881,0.192938,2,3,0,0,0
4107,21,16,1.668190851,0.980339621,1.091747939,4,0.93343645,2.55,0,2.55,0,0,0,4,4,0,-0.258935,-0.212723,4,4,4,0.25,1
4107,5,1,1.668006454,0.978209427,1.091627261,4,0.93622943,2.55,0,2.55,0,0,0,4,4,0,-0.215817,-0.255304,4,4,4,0.25,1
4107,1,11,1.600652915,0.734030066,1.047547719,0,0.93779718,2.55,0,2.55,0,0,0,4,0,0,-0.255304,-0.247524,4,4,0,0,0
4107,24,21,1.597054701,0.734371078,1.045192867,0,0.94064958,2.55,0,2.55,0,0,0,0,4,0,-0.242413,-0.258935,4,4,0,0,0
4107,16,15,1.596457476,0.738397731,1.044802013,0,0.96358622,2.55,0,2.55,0,0,0,4,0,0,-0.212723,-0.183694,4,4,0,0,0
4107,8,5,1.5943806,0.734259466,1.043442801,0,0.95221014,2.55,0,2.55,0,0,0,0,4,0,-0.184482,-0.215817,4,4,0,0,0
4107,15,12,1.582335613,0.717087762,1.035559956,0,0.97824988,2.55,0,2.55,0,0,0,0,0,0,-0.183694,0.074842,4,2,0,0,0
4107,12,8,1.57770531,0.713912123,1.032529653,0,0.99768639,2.55,0,2.55,0,0,0,0,0,0,0.074842,-0.184482,2,4,0,0,0
4107,11,45,1.553633816,0.794352848,1.016776057,0,1.02711663,2.55,0,2.55,0,0,0,0,0,0,-0.247524,0.067177,4,1,0,0,0
4107,35,24,1.55274484,0.796438626,1.016194267,0,1.0270238,2.55,0,2.55,0,0,0,0,0,0,0.067753,-0.242413,1,4,0,0,0
4108,4,20,1.561322306,0.998482783,1.021807792,4,1.09777167,2.55,0,2.55,0,0,0,4,4,0,-0.016824,0.023625,3,3,10,0.4,1
4108,10,1,1.553456309,0.979083109,1.016659888,4,1.02724847,2.55,0,2.55,0,0,0,4,4,0,0.015239,-0.03305,3,3,10,0.4,1
4108,1,7,1.522877598,0.749080965,0.996647643,6,0.93320889,2.55,0,2.55,0,0,0,4,6,0,-0.03305,0.130857,3,3,10,0.4,0
4108,7,4,1.51997079,0.745298477,0.994745281,6,0.92477316,2.55,0,2.55,0,0,0,6,4,0,0.130857,-0.016824,3,3,10,0.4,0
4108,20,24,1.518076114,0.902300092,0.99350531,0,0.94679777,2.55,0,2.55,0,0,0,4,0,0,0.023625,0.181348,3,3,0,0,0
4108,13,10,1.50864742,0.717182494,0.987334699,0,0.93643523,2.55,0,2.55,0,0,0,0,4,0,0.203513,0.015239,3,3,0,0,0
4108,15,14,1.430146205,0.862488433,1.01645075,0,0.91354216,2.55,0,3.44,1,0,0,0,0,1,0.187333,-0.287409,1,2,0,0,0
4108,26,27,1.424445218,0.862755012,1.012398876,0,0.92013896,3.44,1,2.55,0,0,0,0,0,1,-0.299918,0.201504,2,1,0,0,0
4108,14,13,1.336539063,0.688698746,0.949921154,0,1.22418177,3.44,1,2.55,0,0,0,0,0,1,-0.287409,0.203513,2,3,0,0,0
4108,24,26,1.33594097,0.694505428,0.94949607,0,1.18342102,2.55,0,3.44,1,0,0,0,0,1,0.181348,-0.299918,3,2,0,0,0
4109,17,10,1.573464389,0.932126766,1.029754181,5,1.00473085,2.55,0,2.55,0,0,0,5,5,0,0.09704,-0.254985,3,4,7,0.285714286,1
4109,19,17,1.530626711,0.795258529,1.001719052,6,0.94752101,2.55,0,2.55,0,0,0,6,5,0,-0.113596,0.09704,3,3,7,0.285714286,0
4109,10,34,1.534332158,0.83425385,1.004144083,0,1.06918048,2.55,0,2.55,0,0,0,5,0,0,-0.254985,0.098419,4,1,0,0,0
4109,25,19,1.504583815,0.850710248,0.984675272,0,1.09865512,2.55,0,2.55,0,0,0,0,6,0,0.104602,-0.113596,1,3,0,0,0
4110,3,1,1.592330842,0.865351883,1.042101336,5,0.97224424,2.55,0,2.55,0,0,0,5,5,0,0.091607,-0.255582,3,4,9,0.222222222,1
4110,19,3,1.552861799,0.922457888,1.016270811,6,1.04274353,2.55,0,2.55,0,0,0,6,5,0,0.332259,0.091607,3,3,9,0.222222222,0
4110,1,0,1.558272341,0.711977301,1.019811741,0,1.00153636,2.55,0,2.55,0,0,0,5,0,0,-0.255582,0.028139,4,3,0,0,0
4110,0,2,1.552771784,0.701571388,1.016211901,0,1.03408959,2.55,0,2.55,0,0,0,0,0,0,0.028139,0.006659,3,2,0,0,0
4110,2,33,1.541039871,0.69755736,1.008533947,0,1.06926936,2.55,0,2.55,0,0,0,0,0,0,0.006659,0.123834,2,2,0,0,0
4110,55,54,1.520638839,0.666125345,0.995182487,0,1.06641864,2.55,0,2.55,0,0,0,0,0,0,0.217468,0.204748,2,2,0,0,0
4110,39,44,1.509187261,0.899320942,0.987687998,0,1.08695152,2.55,0,2.55,0,0,0,0,0,0,-0.176894,0.0851,3,1,0,0,0
4110,33,36,1.504969783,0.818476023,0.984927869,0,1.04823221,2.55,0,2.55,0,0,0,0,0,0,0.123834,-0.080974,2,2,0,0,0
4110,54,52,1.411819525,0.681732438,1.003425391,0,0.94772024,2.55,0,3.44,1,0,0,0,0,1,0.204748,-0.388086,2,2,0,0,0
4110,52,19,1.409774546,0.805878141,1.001971959,0,1.01742668,3.44,1,2.55,0,0,0,0,6,1,-0.388086,0.332259,2,3,0,0,0
4110,58,55,1.403559376,0.66452497,0.997554638,0,1.00710885,3.44,1,2.55,0,0,0,0,0,1,-0.396654,0.217468,2,2,0,0,0
4110,61,58,1.403114051,0.838694465,0.997238131,0,0.99931806,2.55,0,3.44,1,0,0,0,0,1,0.191136,-0.396654,1,2,0,0,0
4110,36,39,1.346356469,0.999770441,0.881123344,0,1.91924872,2.55,0,2.55,0,0,0,0,0,0,-0.080974,-0.176894,2,3,0,0,0
4111,4,2,1.632194242,0.979992586,1.068189949,5,0.92230007,2.55,0,2.55,0,0,0,5,5,0,-0.18154,-0.195164,4,4,5,0.2,1
4111,2,16,1.54844954,0.650557652,1.013383207,0,0.98800059,2.55,0,2.55,0,0,0,5,0,0,-0.195164,0.298522,4,2,0,0,0
4111,7,4,1.535258065,0.837540328,1.004750042,0,1.08603348,2.55,0,2.55,0,0,0,0,5,0,0.134013,-0.18154,1,4,0,0,0
4111,45,46,1.506229688,0.843629795,0.985752413,0,1.04986861,2.55,0,2.55,0,0,0,0,0,0,0.124013,0.052519,3,1,0,0,0
4111,16,42,1.427803149,0.676567912,1.014785465,0,0.92699579,2.55,0,3.44,1,0,0,0,0,1,0.298522,-0.32947,2,2,0,0,0
4111,42,45,1.359442739,0.687615249,0.96619953,0,1.09905889,3.44,1,2.55,0,0,0,0,0,1,-0.32947,0.124013,2,3,0,0,0
4112,0,3,1.552929387,0.903403464,1.016315044,7,1.01826883,2.55,0,2.55,0,0,0,7,7,0,0.142226,0.054086,3,3,7,0.142857143,1
4112,10,0,1.552604987,0.860132697,1.01610274,0,1.0467126,2.55,0,2.55,0,0,0,0,7,0,0.178933,0.142226,2,3,0,0,0
4112,3,12,1.516121826,0.802491371,0.992226326,0,0.97620763,2.55,0,2.55,0,0,0,7,0,0,0.054086,-0.012864,3,2,0,0,0
4112,14,10,1.513870092,0.961272329,0.990752678,0,1.03909087,2.55,0,2.55,0,1,0,6,0,0,-0.052346,0.178933,3,2,0,0,0
4112,30,24,1.49272708,0.962635559,0.976915628,0,0.94048562,2.55,0,2.55,0,0,1,0,6,0,0.21612,-0.034459,3,3,0,0,0
4112,40,46,1.491514782,0.962766495,0.976122239,0,0.94299571,2.55,0,2.55,0,1,0,6,0,0,-0.037622,0.215321,3,3,0,0,0
4112,17,19,1.471091739,0.974061487,0.962756374,0,1.07127752,2.55,0,2.55,0,0,1,0,6,0,3.70E-05,0.111817,2,3,0,0,0
4112,47,48,1.426331507,0.857754395,1.013739522,0,0.9234863,3.44,1,2.55,0,0,0,0,0,1,-0.311065,0.196754,2,1,0,0,0
4112,32,31,1.426290175,0.857807333,1.013710146,0,0.92362612,2.55,0,3.44,1,0,0,0,0,1,0.196085,-0.311509,1,2,0,0,0
4112,46,47,1.349099502,0.692706494,0.95884826,0,1.20404375,2.55,0,3.44,1,0,0,0,0,1,0.215321,-0.311065,3,2,0,0,0
4112,31,30,1.349067657,0.692370653,0.958825627,0,1.20301446,3.44,1,2.55,0,0,0,0,0,1,-0.311509,0.21612,2,3,0,0,0
4112,12,17,1.34635161,0.784546075,0.881120164,0,1.79661961,2.55,0,2.55,0,0,0,0,0,0,-0.012864,3.70E-05,2,2,0,0,0
4113,2,6,1.56194862,0.910037415,1.022217683,7,1.032698,2.55,0,2.55,0,0,0,7,7,0,0.191472,0.099639,3,3,7,0.142857143,1
4113,41,2,1.559179735,0.793667472,1.020405586,0,0.8991246,2.55,0,2.55,0,0,0,0,7,0,-0.004851,0.191472,3,3,0,0,0
4113,50,51,1.537306931,0.837744193,1.006090923,0,1.10447895,2.55,0,2.55,0,0,0,0,0,0,0.063136,0.01965,2,1,0,0,0
4113,6,36,1.536446092,0.961863518,1.005527547,0,0.98081423,2.55,0,2.55,0,0,1,7,6,0,0.099639,-0.01314,3,3,0,0,0
4113,44,41,1.513911757,0.865355538,0.990779945,0,1.04576484,2.55,0,2.55,0,0,0,0,0,0,0.078712,-0.004851,1,3,0,0,0
4113,35,50,1.513810271,0.966024587,0.990713528,0,1.04042134,2.55,0,2.55,0,1,0,6,0,0,-0.013464,0.063136,3,2,0,0,0
4114,4,9,1.583100335,0.754851209,1.036060429,0,0.94596783,2.55,0,2.55,0,0,0,7,0,0,0.061206,-0.041239,3,3,0,0,0
4114,5,4,1.56917112,0.850081958,1.02694445,7,1.02135454,2.55,0,2.55,0,0,0,7,7,0,0.084268,0.061206,3,3,7,0.142857143,1
4114,26,5,1.529030161,0.787571158,1.000674189,0,0.93324265,2.55,0,2.55,0,0,0,0,7,0,0.160135,0.084268,3,3,0,0,0
4114,9,41,1.52698433,0.914684857,0.999335295,0,0.91575831,2.55,0,2.55,0,0,0,0,0,0,-0.041239,0.175451,3,3,0,0,0
4114,44,45,1.514474079,0.817730758,0.991147958,0,1.10899084,2.55,0,2.55,0,0,0,0,0,0,0.182412,-0.001468,2,1,0,0,0
4114,30,29,1.514073346,0.819205046,0.990885698,0,1.10959855,2.55,0,2.55,0,0,0,0,0,0,-0.01213,0.183417,1,2,0,0,0
4114,29,28,1.445231676,0.69789894,1.027172477,0,0.87260238,2.55,0,3.44,1,0,0,0,0,1,0.183417,-0.32308,2,2,0,0,0
4114,43,44,1.438564687,0.694634456,1.022434035,0,0.8875868,3.44,1,2.55,0,0,0,0,0,1,-0.28179,0.182412,2,2,0,0,0
4114,28,26,1.344036234,0.696084246,0.955249634,0,1.17112532,3.44,1,2.55,0,0,0,0,0,1,-0.32308,0.160135,2,3,0,0,0
4114,41,43,1.327679744,0.693886243,0.943624552,0,1.22626996,2.55,0,3.44,1,0,0,0,0,1,0.175451,-0.28179,3,2,0,0,0
4115,5,4,1.550265653,0.825241406,1.014571762,7,1.01221453,2.55,0,2.55,0,0,0,7,7,0,0.060249,0.261128,3,3,7,0.142857143,1
4115,10,5,1.531934979,0.692014064,1.002575248,0,0.92600633,2.55,0,2.55,0,0,0,0,7,0,0.17328,0.060249,3,3,0,0,0
4115,21,22,1.525021992,0.851053814,0.998051042,0,1.11043144,2.55,0,2.55,0,0,0,0,0,0,0.177852,-0.023254,2,1,0,0,0
4115,14,13,1.514884302,0.820255046,0.991416428,0,1.10504323,2.55,0,2.55,0,0,0,0,0,0,-0.00135,0.183446,1,2,0,0,0
4115,13,12,1.438850729,0.68983129,1.022637334,0,0.89281268,2.55,0,3.44,1,0,0,0,0,1,0.183446,-0.312788,2,2,0,0,0
4115,4,8,1.428196454,0.717789994,1.015064999,0,0.99416569,2.55,0,3.44,1,0,0,7,0,1,0.261128,-0.400497,3,2,0,0,0
4115,8,21,1.420664142,0.841918194,1.009711544,0,0.98399223,3.44,1,2.55,0,0,0,0,0,1,-0.400497,0.177852,2,2,0,0,0
4115,12,10,1.34537496,0.690857009,0.956201109,0,1.19064823,3.44,1,2.55,0,0,0,0,0,1,-0.312788,0.17328,2,3,0,0,0
4116,11,16,1.416353583,0.993886989,0.926932973,6,1.36526193,2.55,0,2.55,0,0,0,6,6,0,-0.029288,-0.033828,3,3,11,0.181818182,1
4116,10,11,1.543244708,0.970214564,1.009976903,7,0.99483227,2.55,0,2.55,0,0,0,7,6,0,0.25237,-0.029288,3,3,11,0.181818182,0
4116,40,10,1.536917737,0.725841238,1.005836216,0,0.87642084,2.55,0,2.55,0,0,0,0,7,0,0.13875,0.25237,3,3,0,0,0
4116,16,48,1.499366263,0.984672546,0.981260643,0,0.9174739,2.55,0,2.55,0,0,0,6,0,0,-0.033828,0.181353,3,3,0,0,0
4116,44,43,1.428742385,0.857968192,1.01545301,0,0.92119743,2.55,0,3.44,1,0,0,0,0,1,0.193491,-0.299934,1,2,0,0,0
4116,49,50,1.425286827,0.861023093,1.012997034,0,0.91953082,3.44,1,2.55,0,0,0,0,0,1,-0.31481,0.19374,2,1,0,0,0
4116,48,49,1.346380055,0.692530506,0.956915462,0,1.17167479,2.55,0,3.44,1,0,0,0,0,1,0.181353,-0.31481,3,2,0,0,0
4116,43,40,1.342301523,0.698592108,0.954016718,0,1.19435914,3.44,1,2.55,0,0,0,0,0,1,-0.299934,0.13875,2,3,0,0,0
4117,0,1,1.580609773,0.995104618,1.03443048,5,0.9478387,2.55,0,2.55,0,0,0,5,5,0,0.075848,-0.001006,4,3,5,0.2,1
4117,13,0,1.52657391,0.928830438,0.999066695,0,0.84292379,2.55,0,2.55,0,0,0,0,5,0,0.197221,0.075848,3,4,0,0,0
4117,1,21,1.518704792,0.741281353,0.993916749,0,0.93904966,2.55,0,2.55,0,0,0,5,0,0,-0.001006,0.184626,3,3,0,0,0
4117,23,24,1.428247696,0.858487404,1.015101418,0,0.92340662,3.44,1,2.55,0,0,0,0,0,1,-0.297594,0.194273,2,1,0,0,0
4117,16,15,1.427755202,0.858593583,1.014751387,0,0.91978948,2.55,0,3.44,1,0,0,0,0,1,0.202119,-0.324901,1,2,0,0,0
4117,21,23,1.34529976,0.684555923,0.956147662,0,1.19940587,2.55,0,3.44,1,0,0,0,0,1,0.184626,-0.297594,3,2,0,0,0
4117,15,13,1.343393635,0.676408364,0.954792918,0,1.14677906,3.44,1,2.55,0,0,0,0,0,1,-0.324901,0.197221,2,3,0,0,0
4118,0,1,1.574199433,0.882129762,1.030235231,5,0.98174289,2.55,0,2.55,0,0,0,5,5,0,-0.273456,0.126219,4,3,5,0.2,1
4118,10,0,1.524672053,0.836014038,0.997822024,0,1.07594025,2.55,0,2.55,0,0,0,0,5,0,0.161065,-0.273456,1,4,0,0,0
4118,1,12,1.520557567,0.730882207,0.995129298,0,1.00027124,2.55,0,2.55,0,0,0,5,0,0,0.126219,-0.127981,3,3,0,0,0
4118,12,42,1.512732423,0.839010196,0.99000813,0,1.0772247,2.55,0,2.55,0,0,0,0,0,0,-0.127981,0.082629,3,1,0,0,0
4119,1,0,1.584267526,0.642806929,1.036824297,6,0.8634019,2.55,0,2.55,0,0,0,6,6,0,-0.187877,0.126905,3,3,11,0.454545455,0
4119,3,5,1.575013368,0.960980814,1.030767911,5,0.95821661,2.55,0,2.55,0,0,0,5,5,0,0.079649,-0.237548,4,4,11,0.454545455,1
4119,5,24,1.557300726,0.727925105,1.019175868,5,0.95286693,2.55,0,2.55,0,0,0,5,5,0,-0.237548,0.279473,4,3,11,0.454545455,0
4119,0,3,1.552923749,0.880926714,1.016311354,6,0.81415775,2.55,0,2.55,0,0,0,6,5,0,0.126905,0.079649,3,4,11,0.454545455,0
4119,24,26,1.547908856,0.670229904,1.013029356,5,1.02102529,2.55,0,2.55,0,0,0,5,5,0,0.279473,-0.101969,3,3,11,0.454545455,0
4119,26,37,1.526206965,0.694452619,0.998826548,0,0.90802959,2.55,0,2.55,0,0,0,5,0,0,-0.101969,0.215295,3,3,0,0,0
4119,40,41,1.513956913,0.819651815,0.990809498,0,1.10661906,2.55,0,2.55,0,0,0,0,0,0,0.179737,-0.000733,2,1,0,0,0
4119,10,1,1.49933702,0.82398187,0.981241505,0,1.1318993,2.55,0,2.55,0,0,0,0,6,0,0.117069,-0.187877,1,3,0,0,0
4119,39,40,1.441962222,0.690660318,1.024848772,0,0.88493963,3.44,1,2.55,0,0,0,0,0,1,-0.314271,0.179737,2,2,0,0,0
4119,37,39,1.34241576,0.686266451,0.95409791,0,1.19808489,2.55,0,3.44,1,0,0,0,0,1,0.215295,-0.314271,3,2,0,0,0
4120,6,7,1.569989113,0.859544369,1.027479786,7,0.992166,2.55,0,2.55,0,0,0,7,7,0,0.120071,0.150592,3,3,7,0.142857143,1
4120,11,6,1.54154557,0.765656321,1.008864902,0,0.91441553,2.55,0,2.55,0,0,0,0,7,0,0.107011,0.120071,3,3,0,0,0
4120,7,45,1.526639251,0.959953135,0.999109457,0,0.98127925,2.55,0,2.55,0,0,1,7,6,0,0.150592,-0.039434,3,3,0,0,0
4120,50,56,1.509918408,0.999922119,0.988166497,0,1.06358732,2.55,0,2.55,0,1,0,6,0,0,-0.031494,0.078982,3,1,0,0,0
4120,41,34,1.509107614,0.999921366,0.987635873,0,1.06500542,2.55,0,2.55,0,0,1,0,6,0,0.077613,-0.03313,1,3,0,0,0
4120,14,11,1.50254882,0.957158757,0.983343469,0,0.94521962,2.55,0,2.55,0,1,0,6,0,0,0.031146,0.107011,3,3,0,0,0
4120,31,24,1.485154549,0.99999993,0.971959783,0,0.98584708,2.55,0,2.55,0,1,1,6,6,0,0.078959,0.097271,3,3,0,0,0
4121,5,2,1.496932642,0.799449933,0.97966796,6,0.96238759,2.55,0,2.55,0,0,0,6,6,0,0.132985,-0.062609,3,2,11,0.272727273,0
4121,2,1,1.354777294,0.760567038,0.886634355,6,1.68898419,2.55,0,2.55,0,0,0,6,6,0,-0.062609,-0.022296,2,3,11,0.272727273,0
4121,9,5,1.561279069,0.979607359,1.021779495,7,0.90055423,2.55,0,2.55,0,0,0,7,6,0,-0.172658,0.132985,3,3,11,0.272727273,0
4121,17,16,1.525700429,0.846464242,0.998495045,0,1.12422516,2.55,0,2.55,0,0,0,0,0,0,0.054198,0.070891,1,2,0,0,0
4121,16,9,1.502685777,0.727901179,0.9834331,0,1.04670566,2.55,0,2.55,0,0,0,0,7,0,0.070891,-0.172658,2,3,0,0,0
4121,1,23,1.49635893,0.99940191,0.979292494,0,0.93269937,2.55,0,2.55,0,0,0,6,0,0,-0.022296,0.219174,3,3,0,0,0
4121,24,25,1.428495819,0.858722642,1.015277768,0,0.91637182,3.44,1,2.55,0,0,0,0,0,1,-0.310247,0.194161,2,1,0,0,0
4121,23,24,1.345339084,0.69367589,0.956175611,0,1.21345617,2.55,0,3.44,1,0,0,0,0,1,0.219174,-0.310247,3,2,0,0,0
4122,19,20,1.589056151,1.039958214,1.424762487,6,1.04343568,2.55,0,2.55,0,0,0,6,5,0,0.229674,0.024037,4,3,9,0.333333333,1
4122,64,61,1.58816951,1.039377951,1.425890991,6,1.04381416,2.55,0,2.55,0,0,0,5,6,0,0.021802,0.229792,3,4,9,0.333333333,1
4122,60,64,1.528800829,1.000524103,1.190175295,5,0.90439426,2.55,0,2.55,0,0,0,5,5,0,0.195625,0.021802,3,3,9,0.333333333,0
4122,20,24,1.528326995,1.000214002,1.190380955,5,0.90598152,2.55,0,2.55,0,0,0,5,5,0,0.024037,0.194028,3,3,9,0.333333333,0
4122,56,60,1.397873759,0.95941919,0.987255393,5,1.04867257,3.04,2,2.55,0,0,0,5,5,2,-0.293604,0.195625,3,3,9,0.333333333,0
4122,24,28,1.397363514,0.959068987,0.988193456,5,1.04830986,2.55,0,3.04,2,0,0,5,5,2,0.194028,-0.292418,3,3,9,0.333333333,0
4122,32,52,1.539127739,1.007282552,1.075185628,0,1.11885537,2.55,0,2.55,0,0,0,0,0,0,0.172096,0.178734,2,2,0,0,0
4122,35,34,1.50684005,0.986151865,1.263096644,0,1.04677703,2.55,0,2.55,0,0,0,0,0,0,0.060334,0.163889,1,3,0,0,0
4122,51,50,1.506690009,0.986053671,1.262954756,0,1.04692065,2.55,0,2.55,0,0,0,0,0,0,0.163339,0.060594,3,1,0,0,0
4122,52,56,1.455202258,0.998766135,1.226155223,0,0.9335705,2.55,0,3.04,2,0,0,0,5,2,0.178734,-0.293604,2,3,0,0,0
4122,28,32,1.454676808,0.998405496,1.23986397,0,0.93468384,3.04,2,2.55,0,0,0,5,0,2,-0.292418,0.172096,3,2,0,0,0
4122,31,19,1.426292031,1.013711465,1.238818195,0,0.95305754,3.44,1,2.55,0,0,0,0,6,1,-0.327366,0.229674,2,4,0,0,0
4122,61,57,1.426289274,1.013709505,1.237408148,0,0.95225257,2.55,0,3.44,1,0,0,6,0,1,0.229792,-0.327491,4,2,0,0,0
4122,34,31,1.366364184,0.971118823,0.986642249,0,1.06258901,2.55,0,3.44,1,0,0,0,0,1,0.163889,-0.327366,3,2,0,0,0
4122,57,51,1.366238998,0.97102985,0.985617976,0,1.06281392,3.44,1,2.55,0,0,0,0,0,1,-0.327491,0.163339,2,3,0,0,0
89,60,67,1.451428665,1.031576876,1.020198803,6,0.95184965,2.55,0,3.44,1,0,0,6,6,1,0.268316,-0.323131,4,2,10,0.3,1
89,2,1,1.448384466,1.029413267,1.180707743,6,0.95468272,3.44,1,2.55,0,0,0,6,6,1,-0.31841,0.270009,2,4,10,0.3,1
89,68,74,1.421907767,0.93056791,1.421903622,6,1.24938558,2.55,0,2.55,0,0,0,6,6,0,0.139376,0.203463,3,3,10,0.3,0
89,67,68,1.354958134,0.963012178,0.999541846,6,1.13588845,3.44,1,2.55,0,0,0,6,6,1,-0.323131,0.139376,2,3,10,0.3,0
89,3,2,1.354563745,0.962731873,0.99749041,6,1.12074771,2.55,0,3.44,1,1,0,6,6,1,0.147246,-0.31841,3,2,10,0.3,0
89,1,39,1.525521253,0.998377784,1.08648447,0,0.93958992,2.55,0,2.55,0,0,1,6,5,0,0.270009,-0.169635,4,3,0,0,0
89,45,60,1.521287603,0.99560707,1.493523358,0,0.91415567,2.55,0,2.55,0,1,0,5,6,0,-0.143142,0.268316,3,4,0,0,0
89,21,20,1.506325524,0.985815133,1.26174229,0,1.04465626,2.55,0,2.55,0,0,0,0,0,0,0.044122,0.147946,1,3,0,0,0
89,80,81,1.503833474,0.984184211,1.259927407,0,1.0511436,2.55,0,2.55,0,0,0,0,0,0,0.151797,0.049688,3,1,0,0,0
89,19,9,1.385020366,0.98437837,1.216852708,0,0.96456577,3.44,1,2.55,0,0,1,0,6,1,-0.293033,0.20122,2,3,0,0,0
89,74,77,1.382038936,0.982259372,1.218122172,0,0.97970379,2.55,0,3.44,1,0,0,6,0,1,0.203463,-0.282191,3,2,0,0,0
89,20,19,1.375208206,0.977404553,0.957735488,0,1.05080678,2.55,0,3.44,1,0,0,0,0,1,0.147946,-0.293033,3,2,0,0,0
89,77,80,1.37394879,0.976509446,0.959351478,0,1.06271865,3.44,1,2.55,0,0,0,0,0,1,-0.282191,0.151797,2,3,0,0,0
104,12,16,1.551757226,1.015547923,1.227651524,3,0.85809421,2.55,0,2.55,0,0,0,3,3,0,-0.148568,-0.178272,3,3,3,0.333333333,1
104,0,4,1.551720531,1.015523908,1.225883997,3,0.85746188,2.55,0,2.55,0,0,0,3,3,0,-0.160189,-0.159332,3,3,3,0.333333333,1
104,7,24,1.535575756,1.004957956,1.072581071,0,1.08153448,2.55,0,2.55,0,0,0,0,0,0,0.11835,0.109496,2,2,0,0,0
104,19,31,1.531582047,1.002344272,1.27925408,0,1.10457457,2.55,0,2.55,0,0,0,0,0,0,0.089778,0.009723,2,1,0,0,0
104,10,6,1.530524313,1.001652038,1.279793154,0,1.10610882,2.55,0,2.55,0,0,0,0,0,0,0.010025,0.083187,1,2,0,0,0
104,16,19,1.516846587,0.992700646,1.122557692,0,1.04249346,2.55,0,2.55,0,0,0,3,0,0,-0.178272,0.089778,3,2,0,0,0
104,6,0,1.516412848,0.992416785,1.291021814,0,1.04799253,2.55,0,2.55,0,0,0,0,3,0,0.083187,-0.160189,2,3,0,0,0
104,4,7,1.516001608,0.992147649,1.122614622,0,1.04112107,2.55,0,2.55,0,0,0,3,0,0,-0.159332,0.11835,3,2,0,0,0
104,24,12,1.515496066,0.991816797,1.283109569,0,1.04492576,2.55,0,2.55,0,0,0,0,3,0,0.109496,-0.148568,2,3,0,0,0
613,13,15,1.834255538,1.00232543,1.165296801,0,1.00237963,2.58,3,2.55,0,0,0,0,0,7,-0.114143,-0.089868,2,2,0,0,1
613,1,5,1.834255504,1.002325412,1.165296609,0,1.0023791,2.55,0,2.58,3,0,0,0,0,7,-0.089869,-0.114142,2,2,0,0,1
613,11,13,1.833913905,1.002138746,1.160514426,0,1.00549329,2.55,0,2.58,3,0,0,0,0,7,-0.04818,-0.114143,2,2,0,0,1
613,5,8,1.83391387,1.002138727,1.160514424,0,1.00549316,2.58,3,2.55,0,0,0,0,0,7,-0.114142,-0.048179,2,2,0,0,1
748,20,18,1.591443684,1.041520735,1.208641336,5,0.90888857,2.55,0,2.55,0,0,0,5,5,0,-0.228264,0.216499,4,4,19,0.421052632,0
748,14,20,1.522835751,0.996620256,1.102250974,5,0.92903195,2.55,0,2.55,0,1,0,5,5,0,0.066571,-0.228264,3,4,19,0.421052632,0
748,18,19,1.471076609,1.0455413,1.127245193,6,0.9174392,2.55,0,3.44,1,0,0,5,6,1,0.216499,-0.300247,4,2,19,0.421052632,1
748,19,1,1.34372062,0.955025316,1.015732089,6,1.13225231,3.44,1,2.55,0,0,1,6,6,1,-0.300247,0.227256,2,3,19,0.421052632,0
748,74,63,1.542009038,1.009168219,1.085731079,0,1.07376632,2.55,0,2.55,0,0,0,0,0,0,-0.044098,0.074334,2,2,0,0,0
748,96,97,1.530693956,1.00176306,1.092612089,0,1.11130875,2.55,0,2.55,0,0,0,0,0,0,0.061178,-0.029759,2,2,0,0,0
748,97,100,1.530217978,1.001451557,1.273708981,0,1.10396797,2.55,0,2.55,0,0,0,0,0,0,-0.029759,0.025921,2,1,0,0,0
748,77,74,1.528367574,1.000240559,1.269344819,0,1.10859408,2.55,0,2.55,0,0,0,0,0,0,0.023441,-0.044098,1,2,0,0,0
748,91,96,1.517947687,0.993421261,1.458038879,0,1.00338957,2.55,0,2.55,0,1,0,6,0,0,0.000354,0.061178,3,2,0,0,0
748,63,62,1.462153581,0.956906794,1.347307814,0,1.05701123,2.55,0,2.55,0,0,0,0,0,0,0.074334,-0.101092,2,2,0,0,0
748,61,56,1.429446193,0.935501435,1.429317244,0,0.91548417,2.55,0,2.55,0,0,1,0,6,0,-0.031051,-0.014424,2,3,0,0,0
748,85,86,1.427217146,0.934042635,1.427217849,0,0.94717603,2.55,0,2.55,0,0,1,0,6,0,-0.000636,-0.012591,2,3,0,0,0
748,51,11,1.425641826,0.933011666,1.339460139,0,0.93364014,2.55,0,2.55,0,0,1,0,6,0,0.005522,-0.013056,2,3,0,0,0
748,47,84,1.425150234,0.932689944,1.425146775,0,0.95087457,2.55,0,2.55,0,1,0,6,0,0,-0.002087,-0.002456,3,2,0,0,0
748,53,52,1.424125682,0.932019426,1.423971406,0,0.93116614,2.55,0,2.55,0,1,0,6,0,0,-0.00046,-0.023372,3,2,0,0,0
748,41,42,1.423241024,0.931440461,1.423158229,0,0.96414651,2.55,0,2.55,0,0,1,0,6,0,0.011059,-0.032056,2,3,0,0,0
748,6,40,1.421152316,0.930073505,1.341430507,0,0.95626787,2.55,0,2.55,0,1,0,6,0,0,-0.00559,0.005001,3,2,0,0,0
748,52,51,1.221452152,0.799379681,1.221422548,0,2.33942752,2.55,0,2.55,0,0,0,0,0,0,-0.023372,0.005522,2,2,0,0,0
748,84,85,1.22115843,0.799187454,1.221158477,0,2.37728891,2.55,0,2.55,0,0,0,0,0,0,-0.002456,-0.000636,2,2,0,0,0
748,40,41,1.220726745,0.798904938,1.218823418,0,2.34477756,2.55,0,2.55,0,0,0,0,0,0,0.005001,0.011059,2,2,0,0,0
748,62,61,1.217167915,0.79657586,1.217119392,0,2.44602898,2.55,0,2.55,0,0,0,0,0,0,-0.101092,-0.031051,2,2,0,0,0
765,20,21,1.454947429,1.034077775,1.202262473,6,0.93074319,3.44,1,2.55,0,0,0,6,6,1,-0.312068,0.21824,2,4,14,0.357142857,1
765,1,2,1.452565682,1.032384991,1.204745995,6,0.93342503,2.55,0,3.44,1,0,0,6,6,1,0.210827,-0.312099,4,2,14,0.357142857,1
765,3,9,1.421182149,0.93009303,1.419703406,6,1.25368568,2.55,0,2.55,0,0,0,6,6,0,0.121493,0.123418,3,3,14,0.357142857,0
765,2,3,1.35455555,0.962726049,0.997203399,6,1.1460256,3.44,1,2.55,0,0,0,6,6,1,-0.312099,0.121493,2,3,14,0.357142857,0
765,9,20,1.353634202,0.962071217,0.996493054,6,1.15017896,2.55,0,3.44,1,0,0,6,6,1,0.123418,-0.312068,3,2,14,0.357142857,0
765,26,1,1.539536297,1.007549933,1.483387726,0,0.93599715,2.55,0,2.55,0,1,0,6,6,0,0.019662,0.210827,3,4,0,0,0
765,21,27,1.538517811,1.006883384,1.481003741,0,0.93653241,2.55,0,2.55,0,0,1,6,6,0,0.21824,0.012516,4,3,0,0,0
765,55,56,1.517579709,0.993180438,1.249690709,0,1.10406799,2.55,0,2.55,0,0,0,0,0,0,0.153302,0.019582,2,1,0,0,0
765,49,48,1.517565799,0.993171335,1.249822234,0,1.10397191,2.55,0,2.55,0,0,0,0,0,0,0.019173,0.153408,1,2,0,0,0
765,48,46,1.41781133,1.007683959,0.991578332,0,0.95302783,2.55,0,3.44,1,0,0,0,0,1,0.153408,-0.317081,2,2,0,0,0
765,47,55,1.417694838,1.007601164,0.991747912,0,0.952808,3.44,1,2.55,0,0,0,0,0,1,-0.316806,0.153302,2,2,0,0,0
765,46,39,1.35846299,0.965503191,1.303130414,0,1.12401087,3.44,1,2.55,0,0,1,0,6,1,-0.317081,0.236667,2,3,0,0,0
765,31,47,1.358122132,0.965260932,1.302788358,0,1.12468146,2.55,0,3.44,1,1,0,6,0,1,0.237015,-0.316806,3,2,0,0,0
768,75,77,1.467370246,1.007117533,0.990456188,5,0.99780218,3.04,2,2.55,0,0,0,5,5,2,-0.29217,0.210597,3,4,35,0.416666667,0
768,13,16,1.467003275,1.006865666,1.008289289,5,0.99356832,2.55,0,3.04,2,0,0,5,5,2,0.218036,-0.298617,4,3,35,0.416666667,0
768,72,70,1.457312757,0.953738715,1.066225383,6,1.2168817,2.55,0,2.55,0,0,0,6,6,0,0.054505,0.05503,3,3,35,0.416666667,0
768,77,66,1.448609509,1.029573212,1.117583846,6,0.92455817,2.55,0,3.44,1,0,0,5,6,1,0.210597,-0.273659,4,2,35,0.416666667,1
768,14,13,1.441352205,1.024415213,1.148801508,6,0.93561,3.44,1,2.55,0,0,0,6,5,1,-0.281375,0.218036,2,4,35,0.416666667,1
768,70,69,1.437084876,0.940500573,1.121596396,6,1.21378475,2.55,0,2.55,0,0,0,6,5,0,0.05503,0.134801,3,3,35,0.416666667,0
768,10,72,1.436108902,0.939861847,1.121239181,6,1.21033853,2.55,0,2.55,0,0,0,5,6,0,0.14273,0.054505,3,3,35,0.416666667,0
768,69,75,1.406401936,0.965272434,1.047812939,5,1.08117921,2.55,0,3.04,2,0,0,5,5,2,0.134801,-0.29217,3,3,35,0.416666667,0
768,16,10,1.398106261,0.959578765,1.045857399,5,1.08088021,3.04,2,2.55,0,0,0,5,5,2,-0.298617,0.14273,3,3,35,0.416666667,0
768,1,14,1.337187775,0.950382214,1.012072789,6,1.21234515,2.55,0,3.44,1,1,0,6,6,1,0.203239,-0.281375,3,2,35,0.416666667,0
768,66,73,1.334926531,0.948775075,1.011175787,6,1.23337495,3.44,1,2.55,0,0,1,6,6,1,-0.273659,0.209571,2,3,35,0.416666667,0
768,50,47,1.497145112,0.979807011,1.243418481,0,1.0640438,2.55,0,2.55,0,0,0,0,0,0,0.159337,0.04939,3,1,0,0,0
768,35,33,1.49708788,0.979769555,1.243690637,0,1.06434807,2.55,0,2.55,0,0,0,0,0,0,0.049244,0.159177,1,3,0,0,0
768,33,32,1.396379974,0.992452007,0.977808605,0,0.95566943,2.55,0,3.44,1,0,0,0,0,1,0.159177,-0.274075,3,2,0,0,0
768,56,50,1.396295641,0.992392069,0.978110727,0,0.95644906,3.44,1,2.55,0,0,0,0,0,1,-0.273537,0.159337,2,3,0,0,0
768,32,5,1.357206517,0.964610176,1.078570041,0,1.15437983,3.44,1,2.55,0,0,1,0,6,1,-0.274075,0.145323,2,3,0,0,0
768,61,56,1.356924189,0.964409516,1.07682129,0,1.15360164,2.55,0,3.44,1,1,0,6,0,1,0.14818,-0.273537,3,2,0,0,0
818-2,18,16,1.592795764,1.042405605,1.19078699,5,0.90936374,2.55,0,2.55,0,0,0,5,5,0,-0.250506,0.225808,4,4,19,0.368421053,0
818-2,12,18,1.523267527,0.996902832,1.09938092,5,0.9315393,2.55,0,2.55,0,0,0,5,5,0,0.011879,-0.250506,3,4,19,0.368421053,0
818-2,16,17,1.472578935,1.046609051,1.085571203,6,0.91086193,2.55,0,3.44,1,0,0,5,6,1,0.225808,-0.292403,4,2,19,0.368421053,1
818-2,10,11,1.423175656,0.931397681,1.084653138,6,1.25105372,2.55,0,2.55,0,0,0,6,6,0,0.090187,0.008493,3,3,19,0.368421053,0
818-2,11,12,1.39205801,0.911032729,1.101413503,6,1.40114136,2.55,0,2.55,0,0,0,6,5,0,0.008493,0.011879,3,3,19,0.368421053,0
818-2,17,1,1.338160249,0.951073383,1.009705953,6,1.18595335,3.44,1,2.55,0,0,1,6,6,1,-0.292403,0.167723,2,3,19,0.368421053,0
818-2,52,51,1.516878387,0.992721457,1.247428256,0,1.107508,2.55,0,2.55,0,0,0,0,0,0,0.017849,0.1462,1,2,0,0,0
818-2,62,63,1.505854749,0.985507035,1.257992332,0,1.04131592,2.55,0,2.55,0,0,0,0,0,0,0.140358,0.043075,3,1,0,0,0
818-2,37,10,1.47099561,0.962693462,1.153701229,0,0.99798062,2.55,0,2.55,0,1,0,5,6,0,-0.018309,0.090187,3,3,0,0,0
818-2,51,50,1.421652517,1.010414014,0.999520432,0,0.94008816,2.55,0,3.44,1,0,0,0,0,1,0.1462,-0.310303,2,2,0,0,0
818-2,0,66,1.378878934,0.980013457,1.05662406,0,1.03397303,2.55,0,3.44,1,1,0,6,0,1,0.190716,-0.272143,3,2,0,0,0
818-2,66,62,1.370926793,0.974361615,0.977534488,0,1.0560497,3.44,1,2.55,0,0,0,0,0,1,-0.272143,0.140358,2,3,0,0,0
818-2,50,44,1.353425019,0.961922544,1.003019633,0,1.1405161,3.44,1,2.55,0,0,1,0,6,1,-0.310303,0.235878,2,3,0,0,0
1003,20,17,1.470116261,1.009002238,1.299601784,5,0.99478648,3.04,2,2.55,0,0,0,5,5,2,-0.286609,0.234197,3,4,15,0.266666667,0
1003,17,18,1.441322122,1.024393832,1.144442562,6,0.95357627,2.55,0,3.44,1,0,0,5,6,1,0.234197,-0.290294,4,2,15,0.266666667,1
1003,1,0,1.409511275,0.922455023,1.4086585,6,1.33289521,2.55,0,2.55,0,0,0,6,6,0,0.205913,0.167885,3,3,15,0.266666667,0
1003,18,1,1.343933806,0.955176834,1.014288376,6,1.16958392,3.44,1,2.55,0,0,0,6,6,1,-0.290294,0.205913,2,3,15,0.266666667,0
1003,67,57,1.556967574,1.018957836,1.420681275,0,1.04957807,2.55,0,2.55,0,0,0,0,0,0,0.060118,-0.120526,2,3,0,0,0
1003,51,48,1.552765572,1.016207835,1.337834819,0,1.03397056,2.55,0,2.55,0,0,0,0,0,0,0.05148,-0.039269,2,3,0,0,0
1003,69,67,1.552259576,1.015876686,1.405720625,0,1.06647643,2.55,0,2.55,0,0,0,0,0,0,-0.075847,0.060118,3,2,0,0,0
1003,87,90,1.540782407,1.00836545,1.068842844,0,1.05440536,2.55,0,2.55,0,0,0,0,0,0,-0.085773,0.021761,3,2,0,0,0
1003,72,69,1.539335186,1.007418315,1.105074608,0,1.05770184,2.55,0,2.55,0,0,0,0,0,0,0.04888,-0.075847,2,3,0,0,0
1003,38,87,1.537660279,1.006322172,1.059618235,0,1.05092249,2.55,0,2.55,0,0,0,0,0,0,0.06953,-0.085773,2,3,0,0,0
1003,57,51,1.537245835,1.006050939,1.094200164,0,1.07039115,2.55,0,2.55,0,0,0,0,0,0,-0.120526,0.05148,3,2,0,0,0
1003,40,29,1.533937278,1.003885653,1.073828172,0,1.09817266,2.55,0,2.55,0,0,0,0,0,0,0.231008,0.129145,2,2,0,0,0
1003,90,91,1.53317235,1.003385046,1.08344789,0,1.08576474,2.55,0,2.55,0,0,0,0,0,0,0.021761,0.000443,2,2,0,0,0
1003,73,72,1.531089081,1.00202165,1.281500274,0,1.09536295,2.55,0,2.55,0,0,0,0,0,0,0.023722,0.04888,1,2,0,0,0
1003,91,94,1.530230404,1.001459688,1.276408017,0,1.10779888,2.55,0,2.55,0,0,0,0,0,0,0.000443,0.015024,2,1,0,0,0
1003,48,47,1.522873287,0.996644821,1.269489019,0,0.93035401,2.55,0,2.55,0,0,0,0,0,0,-0.039269,0.182329,3,3,0,0,0
1003,34,38,1.511505566,0.989205213,1.068753578,0,0.98595246,2.55,0,2.55,0,0,0,0,0,0,0.199313,0.06953,3,2,0,0,0
1003,29,20,1.45176873,0.996409561,1.122702343,0,0.96149397,2.55,0,3.04,2,0,0,0,5,2,0.129145,-0.286609,2,3,0,0,0
1003,43,40,1.441020416,1.0241794,1.217685902,0,0.89705215,3.44,1,2.55,0,0,0,0,0,1,-0.336006,0.231008,2,2,0,0,0
1003,0,33,1.383371743,0.98320664,1.22927017,0,0.97351409,2.55,0,3.44,1,0,0,6,0,1,0.167885,-0.27527,3,2,0,0,0
1003,33,34,1.369856179,0.973600696,0.96420211,0,1.08936152,3.44,1,2.55,0,0,0,0,0,1,-0.27527,0.199313,2,3,0,0,0
1003,47,43,1.357648911,0.964924599,0.941613594,0,1.13271923,2.55,0,3.44,1,0,0,0,0,1,0.182329,-0.336006,3,2,0,0,0
1004,19,18,1.484345408,1.054971861,1.204095989,6,0.88255671,3.44,1,2.55,0,0,0,6,5,1,-0.299433,0.235548,2,4,15,0.266666667,1
1004,18,21,1.441737268,0.989524549,1.261298528,5,1.06256526,2.55,0,3.04,2,0,0,5,5,2,0.235548,-0.270533,4,3,15,0.266666667,0
1004,1,19,1.334479254,0.948457181,1.00422509,6,1.19383632,2.55,0,3.44,1,1,0,6,6,1,0.198717,-0.299433,3,2,15,0.266666667,0
1004,72,92,1.550254028,1.014564155,1.097331752,0,1.0555166,2.55,0,2.55,0,0,0,0,0,0,0.100941,0.021823,3,2,0,0,0
1004,30,45,1.544232232,1.010623188,1.069671475,0,1.077651,2.55,0,2.55,0,0,0,0,0,0,0.139063,0.043995,2,2,0,0,0
1004,53,69,1.541564349,1.008877192,1.153091378,0,0.90184122,2.55,0,2.55,0,0,0,0,0,0,0.108109,0.101919,3,3,0,0,0
1004,92,94,1.527143572,0.999439511,1.079194273,0,1.06933465,2.55,0,2.55,0,0,0,0,0,0,0.021823,0.046954,2,2,0,0,0
1004,45,48,1.52551352,0.998372722,1.218116057,0,0.96651949,2.55,0,2.55,0,0,0,0,0,0,0.043995,0.047682,2,3,0,0,0
1004,116,117,1.51742123,0.993076721,1.249719001,0,1.10519638,2.55,0,2.55,0,0,0,0,0,0,0.153617,0.018022,2,1,0,0,0
1004,94,97,1.515340995,0.991715311,1.056076949,0,0.97671705,2.55,0,2.55,0,0,0,0,0,0,0.046954,0.170134,2,3,0,0,0
1004,101,102,1.509361523,0.987802044,1.18661136,0,1.05629296,2.55,0,2.55,0,0,1,0,6,0,0.31399,-0.027041,2,3,0,0,0
1004,33,32,1.503010489,0.983645608,1.259359243,0,1.05244876,2.55,0,2.55,0,0,0,0,0,0,0.045477,0.158033,1,3,0,0,0
1004,21,30,1.453986452,0.997931676,1.118305172,0,0.9629447,3.04,2,2.55,0,0,0,5,0,2,-0.270533,0.139063,3,2,0,0,0
1004,71,72,1.45362617,0.997684399,1.239459601,0,0.97470694,3.04,2,2.55,0,0,0,0,0,2,-0.145827,0.100941,2,3,0,0,0
1004,51,53,1.45339166,0.997523446,1.137776618,0,0.98472523,3.04,2,2.55,0,0,0,0,0,2,-0.141312,0.108109,2,3,0,0,0
1004,100,101,1.445644609,1.027465962,1.104434488,0,0.89558656,3.44,1,2.55,0,0,0,0,0,1,-0.312215,0.31399,2,2,0,0,0
1004,115,116,1.417883208,1.007735045,0.991355472,0,0.95176218,3.44,1,2.55,0,0,0,0,0,1,-0.317661,0.153617,2,2,0,0,0
1004,31,0,1.379741598,0.98062658,1.235287858,0,0.98734631,3.44,1,2.55,0,0,1,0,6,1,-0.283193,0.169701,2,3,0,0,0
1004,32,31,1.377954358,0.979356331,0.961081901,0,1.05172225,2.55,0,3.44,1,0,0,0,0,1,0.158033,-0.283193,3,2,0,0,0
1004,48,51,1.370803629,0.940839827,1.366927141,0,1.18976848,2.55,0,3.04,2,0,0,0,0,2,0.047682,-0.141312,3,2,0,0,0
1004,109,115,1.358737517,0.965698306,0.993822752,0,1.12416622,2.55,0,3.44,1,1,0,6,0,1,0.227785,-0.317661,3,2,0,0,0
1004,69,71,1.354500364,0.929650216,0.99365491,0,1.24703704,2.55,0,3.04,2,0,0,0,0,2,0.101919,-0.145827,3,2,0,0,0
1004,97,100,1.344055107,0.955263047,0.930941418,0,1.19280092,2.55,0,3.44,1,0,0,0,0,1,0.170134,-0.312215,3,2,0,0,0
1008,20,17,1.460539987,1.002429641,1.350535262,5,0.99478901,3.04,2,2.55,0,0,0,5,5,2,-0.292152,0.24888,3,4,15,0.266666667,0
1008,17,18,1.444559833,1.026694977,1.105284223,6,0.94811584,2.55,0,3.44,1,0,0,5,6,1,0.24888,-0.303461,4,2,15,0.266666667,1
1008,1,0,1.403665814,0.918629459,1.403606462,6,1.34406527,2.55,0,2.55,0,0,0,6,6,0,0.178368,0.170024,3,3,15,0.266666667,0
1008,18,1,1.345243584,0.956107736,1.015444936,6,1.15365617,3.44,1,2.55,0,0,0,6,6,1,-0.303461,0.178368,2,3,15,0.266666667,0
1008,50,48,1.540951655,1.008476214,1.383940215,0,1.01642555,2.55,0,2.55,0,0,0,0,0,0,0.202103,0.0842,4,2,0,0,0
1008,41,29,1.538365324,1.006783589,1.08342403,0,1.0829387,2.55,0,2.55,0,0,0,0,0,0,0.226015,0.108049,2,2,0,0,0
1008,35,71,1.537589753,1.006276017,1.070892117,0,1.01912499,2.55,0,2.55,0,0,0,0,0,0,0.159886,0.154114,3,3,0,0,0
1008,34,35,1.534007243,1.003931442,1.411306953,0,0.90315684,2.55,0,2.55,0,0,0,0,0,0,0.232118,0.159886,3,3,0,0,0
1008,72,73,1.533170845,1.003384061,1.069339222,0,1.0807614,2.55,0,2.55,0,0,0,0,0,0,0.016829,-0.005631,2,2,0,0,0
1008,54,53,1.532867587,1.003185594,1.085744538,0,1.10053528,2.55,0,2.55,0,0,0,0,0,0,-0.012181,0.049303,2,2,0,0,0
1008,53,50,1.531893662,1.002548208,1.087391161,0,1.02964059,2.55,0,2.55,0,0,0,0,0,0,0.049303,0.202103,2,4,0,0,0
1008,71,72,1.531760562,1.002461101,1.073094585,0,1.06199002,2.55,0,2.55,0,0,0,0,0,0,0.154114,0.016829,3,2,0,0,0
1008,57,54,1.530709574,1.001773281,1.266683947,0,1.10645816,2.55,0,2.55,0,0,0,0,0,0,0.007495,-0.012181,1,2,0,0,0
1008,73,76,1.529297689,1.000849273,1.27319101,0,1.10673458,2.55,0,2.55,0,0,0,0,0,0,-0.005631,0.020897,2,1,0,0,0
1008,48,47,1.512284193,0.989714786,1.083266844,0,0.95784647,2.55,0,2.55,0,0,0,0,0,0,0.0842,0.160825,2,3,0,0,0
1008,29,20,1.444303452,0.991285828,1.214240629,0,0.9846937,2.55,0,3.04,2,0,0,0,5,2,0.108049,-0.292152,2,3,0,0,0
1008,44,41,1.436208588,1.02075948,1.17919246,0,0.90449181,3.44,1,2.55,0,0,0,0,0,1,-0.303832,0.226015,2,2,0,0,0
1008,0,33,1.393387711,0.99032531,1.224838864,0,0.93994227,2.55,0,3.44,1,0,0,6,0,1,0.170024,-0.277538,3,2,0,0,0
1008,33,34,1.351510285,0.960561681,0.932751964,0,1.12243075,3.44,1,2.55,0,0,0,0,0,1,-0.277538,0.232118,2,3,0,0,0
1008,47,44,1.347895217,0.957992336,0.92298701,0,1.18789885,2.55,0,3.44,1,0,0,0,0,1,0.160825,-0.303832,3,2,0,0,0
1013,17,20,1.473913079,1.011608153,1.009126513,5,0.9731706,2.55,0,3.04,2,0,0,5,5,2,0.216117,-0.271674,4,3,19,0.368421053,0
1013,18,17,1.428550968,1.015316963,1.135784472,6,0.9818828,3.44,1,2.55,0,0,0,6,5,1,-0.298381,0.216117,2,4,19,0.368421053,1
1013,20,14,1.386597523,0.951679837,1.030405446,5,1.09042165,3.04,2,2.55,0,0,1,5,5,2,-0.271674,0.186135,3,3,19,0.368421053,0
1013,1,18,1.354554865,0.962725562,1.023526892,6,1.13313486,2.55,0,3.44,1,1,0,6,6,1,0.174839,-0.298381,3,2,19,0.368421053,0
1013,62,61,1.516698837,0.992603951,1.247701876,0,1.10593502,2.55,0,2.55,0,0,0,0,0,0,0.146867,0.018489,2,1,0,0,0
1013,51,50,1.516668367,0.99258401,1.247428672,0,1.10628249,2.55,0,2.55,0,0,0,0,0,0,0.017677,0.146011,1,2,0,0,0
1013,74,71,1.486778776,0.973022759,1.426935313,0,0.9527076,2.55,0,2.55,0,0,1,0,6,0,0.242981,-0.041627,3,3,0,0,0
1013,38,37,1.483669628,0.970987976,1.424865928,0,0.96665711,2.55,0,2.55,0,1,0,6,0,0,-0.039781,0.269689,3,3,0,0,0
1013,50,49,1.422780429,1.011215656,0.999055062,0,0.93795667,2.55,0,3.44,1,0,0,0,0,1,0.146011,-0.306589,2,2,0,0,0
1013,65,62,1.422256267,1.010843118,0.997929501,0,0.93989229,3.44,1,2.55,0,0,0,0,0,1,-0.307796,0.146867,2,2,0,0,0
1013,9,77,1.392017459,0.989351428,1.09629623,0,0.92538131,2.55,0,3.44,1,1,0,6,0,1,0.216597,-0.295348,3,2,0,0,0
1013,36,0,1.38505514,0.984403084,1.22994785,0,0.96277781,3.44,1,2.55,0,0,1,0,6,1,-0.288162,0.161621,2,3,0,0,0
1013,37,36,1.369785417,0.973550403,0.967507639,0,1.11206268,2.55,0,3.44,1,0,0,0,0,1,0.269689,-0.288162,3,2,0,0,0
1013,77,74,1.367302894,0.971785994,0.97471979,0,1.12469104,3.44,1,2.55,0,0,0,0,0,1,-0.295348,0.242981,2,3,0,0,0
1013,68,65,1.3512043,0.960344207,1.295553051,0,1.14788153,2.55,0,3.44,1,1,0,6,0,1,0.232934,-0.307796,3,2,0,0,0
1013,49,43,1.35023215,0.959653269,1.294628674,0,1.15116202,3.44,1,2.55,0,0,1,0,6,1,-0.306589,0.234171,2,3,0,0,0
1028,55,54,1.479218636,0.968075023,1.138964097,6,1.01222749,2.55,0,2.55,0,0,1,6,6,0,0.065523,0.123492,3,3,20,0.3,0
1028,17,20,1.466716907,1.006669119,1.005516565,5,0.98942795,2.55,0,3.04,2,0,0,5,5,2,0.221672,-0.270013,4,3,19,0.368421053,0
1028,39,49,1.44257783,0.944095438,1.087543092,6,1.23654539,2.55,0,2.55,0,0,0,6,6,0,0.074109,0.041365,3,3,20,0.3,0
1028,38,39,1.439809586,0.942283761,1.100456348,6,1.24188983,2.55,0,2.55,0,0,0,6,6,0,0.047669,0.074109,3,3,20,0.3,0
1028,49,55,1.436588904,0.940175985,1.076659332,6,1.22579661,2.55,0,2.55,0,0,0,6,6,0,0.041365,0.065523,3,3,20,0.3,0
1028,18,17,1.436425435,1.0209136,1.141200391,6,0.9599528,3.44,1,2.55,0,0,0,6,5,1,-0.292933,0.221672,2,4,19,0.368421053,1
1028,20,14,1.387745871,0.952467996,1.359685332,5,1.08294721,3.04,2,2.55,0,0,1,5,5,2,-0.270013,0.200047,3,3,19,0.368421053,0
1028,1,18,1.346311452,0.956866703,1.014904885,6,1.15708776,2.55,0,3.44,1,1,0,6,6,1,0.167565,-0.292933,3,2,19,0.368421053,0
1028,70,72,1.518790722,0.993972986,1.309644722,0,1.07585727,2.55,0,2.55,0,0,0,0,0,0,0.000585,0.056301,3,1,0,0,0
1028,68,70,1.504139252,0.984384327,1.12125426,0,0.90082771,2.55,0,2.55,0,1,0,6,0,0,0.07739,0.000585,3,3,0,0,0
1028,35,34,1.503870262,0.984208287,1.260185127,0,1.0493179,2.55,0,2.55,0,0,0,0,0,0,0.04584,0.155595,1,3,0,0,0
1028,10,38,1.488887261,0.974402658,1.44130983,0,0.95560896,2.55,0,2.55,0,1,0,6,6,0,0.024396,0.047669,3,3,0,0,0
1028,33,0,1.382085042,0.982292141,1.229187356,0,0.98396617,3.44,1,2.55,0,0,1,0,6,1,-0.282862,0.183623,2,3,0,0,0
1028,34,33,1.374368914,0.976808041,0.957112484,0,1.06002836,2.55,0,3.44,1,0,0,0,0,1,0.155595,-0.282862,3,2,0,0,0
1037,16,18,1.593917702,1.043139858,1.044525794,5,0.90907737,2.55,0,2.55,0,0,0,5,5,0,0.227829,-0.259924,4,4,17,0.352941176,0
1037,18,13,1.529137692,1.000744563,1.101248033,5,0.93952516,2.55,0,2.55,0,0,0,5,5,0,-0.259924,0.012239,4,3,17,0.352941176,0
1037,17,16,1.436285772,1.020814337,0.99628558,6,0.94208237,3.44,1,2.55,0,0,0,6,5,1,-0.284816,0.227829,2,4,17,0.352941176,1
1037,13,12,1.39799148,0.91491589,1.39702143,6,1.41299193,2.55,0,2.55,0,0,0,5,6,0,0.012239,0.137663,3,3,17,0.352941176,0
1037,1,17,1.352323597,0.961139728,0.973980903,6,1.15489145,2.55,0,3.44,1,1,0,6,6,1,0.197933,-0.284816,3,2,17,0.352941176,0
1037,41,42,1.517023279,0.992816282,1.249500424,0,1.10526371,2.55,0,2.55,0,0,0,0,0,0,0.155391,0.01572,2,1,0,0,0
1037,33,32,1.516300624,0.99234334,1.247256031,0,1.10430883,2.55,0,2.55,0,0,0,0,0,0,0.02454,0.140865,1,2,0,0,0
1037,32,31,1.423149168,1.011477731,0.994117591,0,0.93404574,2.55,0,3.44,1,0,0,0,0,1,0.140865,-0.300972,2,2,0,0,0
1037,40,41,1.420891957,1.009873459,0.995920957,0,0.94194261,3.44,1,2.55,0,0,0,0,0,1,-0.328083,0.155391,2,2,0,0,0
1037,12,40,1.361033487,0.967330125,1.004913273,0,1.14493049,2.55,0,3.44,1,0,0,6,0,1,0.137663,-0.328083,3,2,0,0,0
1037,31,0,1.348268275,0.95825748,0.977908447,0,1.18793913,3.44,1,2.55,0,0,1,0,6,1,-0.300972,0.195437,2,3,0,0,0
2017,53,61,1.5876865,1.039061845,1.327504986,5,0.98586532,2.55,0,2.55,0,0,0,5,5,0,-0.03848,0.008226,3,4,8,0.375,1
2017,4,3,1.587502183,1.03894122,1.320346633,5,1.00628229,2.55,0,2.55,0,0,0,5,5,0,-0.002528,-0.030205,4,3,8,0.375,1
2017,23,22,1.537759505,1.006387111,1.108429714,5,0.93055354,2.55,0,2.55,0,0,0,5,5,0,-0.092097,0.188469,3,3,5,0.4,0
2017,66,77,1.537023149,1.005905202,1.110973241,5,0.93598011,2.55,0,2.55,0,0,0,5,5,0,0.201111,-0.093972,3,3,5,0.4,0
2017,3,11,1.518978807,0.994096078,1.151753012,5,0.9064837,2.55,0,2.55,0,0,0,5,5,0,-0.030205,0.196173,3,3,8,0.375,0
2017,50,53,1.516895357,0.992732563,1.136590026,5,0.91082846,2.55,0,2.55,0,0,0,5,5,0,0.196148,-0.03848,3,3,8,0.375,0
2017,51,50,1.402384137,0.96251485,0.990048767,5,1.0386821,3.04,2,2.55,0,0,0,5,5,2,-0.30811,0.196148,3,3,8,0.375,0
2017,11,10,1.397976026,0.95948938,0.987472754,5,1.04270428,2.55,0,3.04,2,0,0,5,5,2,0.196173,-0.307387,3,3,8,0.375,0
2017,22,19,1.392589562,0.955792424,0.988995425,5,1.07942575,2.55,0,3.04,2,0,0,5,5,2,0.188469,-0.287411,3,3,5,0.4,0
2017,68,66,1.389263773,0.953509796,0.992310249,5,1.08113204,3.04,2,2.55,0,0,0,5,5,2,-0.281464,0.201111,3,3,5,0.4,0
2017,77,78,1.566992301,1.025518521,1.068912363,0,0.9905924,2.55,0,2.55,0,0,0,5,0,0,-0.093972,-0.258935,3,4,0,0,0
2017,30,23,1.565360185,1.024450383,1.070500914,0,0.98949701,2.55,0,2.55,0,0,0,0,5,0,-0.25596,-0.092097,4,3,0,0,0
2017,78,82,1.556533108,1.0186735,1.070760404,0,1.03372283,2.55,0,2.55,0,0,0,0,0,0,-0.258935,0.04962,4,2,0,0,0
2017,36,30,1.556349204,1.018553144,1.071665613,0,1.03529963,2.55,0,2.55,0,0,0,0,0,0,0.0498,-0.25596,2,4,0,0,0
2017,16,48,1.538469118,1.006851517,1.073400733,0,1.12129611,2.55,0,2.55,0,0,0,0,0,0,0.17356,0.175611,2,2,0,0,0
2017,61,60,1.534269843,1.0041033,1.262536682,0,1.03786732,2.55,0,2.55,0,0,0,5,0,0,0.008226,0.32115,4,2,0,0,0
2017,82,76,1.53209594,1.002680589,1.301246364,0,1.11213627,2.55,0,2.55,0,0,0,0,0,0,0.04962,0.027414,2,1,0,0,0
2017,41,36,1.532031048,1.002638121,1.300694931,0,1.11236565,2.55,0,2.55,0,0,0,0,0,0,0.02905,0.0498,1,2,0,0,0
2017,18,4,1.520526427,0.995108918,1.072472319,0,1.06230481,2.55,0,2.55,0,0,0,0,5,0,0.325473,-0.002528,2,4,0,0,0
2017,10,16,1.454945477,0.998589895,1.250247478,0,0.93030383,3.04,2,2.55,0,0,0,5,0,2,-0.307387,0.17356,3,2,0,0,0
2017,48,51,1.454230414,0.998099117,1.164657782,0,0.93286963,2.55,0,3.04,2,0,0,0,5,2,0.175611,-0.30811,2,3,0,0,0
2017,60,68,1.452403092,0.99684495,1.27349008,0,0.94878715,2.55,0,3.04,2,0,0,0,5,2,0.32115,-0.281464,2,3,0,0,0
2017,19,18,1.452139188,0.996663822,1.238325371,0,0.93785725,3.04,2,2.55,0,0,0,5,0,2,-0.287411,0.325473,3,2,0,0,0
2018,0,1,1.596738001,1.044985602,1.33940311,5,0.97410353,2.55,0,2.55,0,1,0,5,5,0,-0.022735,0.026044,3,4,8,0.375,1
2018,26,24,1.585354788,1.037535856,1.328277227,5,0.98897668,2.55,0,2.55,0,0,1,5,5,0,0.031253,-0.032496,4,3,8,0.375,1
2018,67,68,1.522451472,0.996368764,1.040549111,0,1.06299926,2.55,0,2.55,0,0,0,0,0,0,0.129131,0.198705,2,2,0,0,0
2018,36,52,1.521027473,0.995436828,1.461669439,0,1.04378819,2.55,0,2.55,0,1,0,6,0,0,-0.008437,0.221967,3,2,0,0,0
2018,1,67,1.51778958,0.993317788,1.321252263,0,1.04787132,2.55,0,2.55,0,0,0,5,0,0,0.026044,0.129131,4,2,0,0,0
2018,52,45,1.517429503,0.993082135,1.462789095,0,1.04393823,2.55,0,2.55,0,0,1,0,6,0,0.221967,-0.016416,2,3,0,0,0
2018,61,60,1.515353657,0.991723598,1.318897727,0,1.02460554,2.55,0,2.55,0,0,0,0,0,0,-0.009282,0.13198,1,3,0,0,0
2018,56,26,1.510965163,0.988851546,1.396124703,0,1.02402696,2.55,0,2.55,0,0,0,0,5,0,0.300703,0.031253,2,4,0,0,0
2018,74,75,1.510184297,0.988340508,1.276049295,0,1.04055119,2.55,0,2.55,0,0,0,0,0,0,0.11872,0.04973,3,1,0,0,0
2018,68,71,1.43554703,1.020289289,0.981881321,0,0.90760377,2.55,0,3.44,1,0,0,0,0,1,0.198705,-0.324159,2,2,0,0,0
2018,42,10,1.431156157,0.98226229,1.393157598,0,0.88586491,2.55,0,3.04,2,1,1,6,5,2,0.161361,-0.263159,3,3,0,0,0
2018,19,32,1.430336782,0.981699919,1.393476129,0,0.88457876,3.04,2,2.55,0,1,1,5,6,2,-0.267563,0.162932,3,3,0,0,0
2018,57,56,1.419809998,1.009104476,1.018893874,0,0.97279528,3.44,1,2.55,0,0,0,0,0,1,-0.297878,0.300703,2,2,0,0,0
2018,60,57,1.362730988,0.968536594,1.360505695,0,1.09022601,2.55,0,3.44,1,0,0,0,0,1,0.13198,-0.297878,3,2,0,0,0
2018,71,74,1.35089918,0.960127349,0.927047403,0,1.13594757,3.44,1,2.55,0,0,0,0,0,1,-0.324159,0.11872,2,3,0,0,0
2075,10,0,1.57099128,1.028135654,1.33641039,4,1.02561976,2.55,0,2.55,0,0,0,4,4,0,-0.076747,0.077316,3,3,4,0.25,1
2075,21,28,1.536367176,1.0054759,1.29173632,0,1.10058141,2.55,0,2.55,0,0,0,0,0,0,0.090857,0.003011,2,1,0,0,0
2075,4,21,1.509825479,0.98810568,1.34712344,0,1.05828416,2.55,0,2.55,0,1,0,5,0,0,-0.016923,0.090857,3,2,0,0,0
2075,13,10,1.506392819,0.985859175,1.455980553,0,1.00529234,2.55,0,2.55,0,1,0,6,4,0,0.111287,-0.076747,3,3,0,0,0
2075,0,2,1.495510408,0.978737178,1.239886494,0,1.00318881,2.55,0,2.55,0,0,1,4,5,0,0.077316,-0.127963,3,3,0,0,0
2075,22,14,1.492728631,0.976916644,1.436963344,0,0.94050382,2.55,0,2.55,0,0,1,0,6,0,0.215525,-0.031748,3,3,0,0,0
2075,24,23,1.426120736,1.01358972,1.223309697,0,0.92432928,2.55,0,3.44,1,0,0,0,0,1,0.196658,-0.310384,1,2,0,0,0
2075,23,22,1.348973219,0.958758507,0.934139395,0,1.2036605,3.44,1,2.55,0,0,0,0,0,1,-0.310384,0.215525,2,3,0,0,0
2076,10,0,1.572286092,1.028983044,1.336399986,4,1.02520178,2.55,0,2.55,0,0,0,4,4,0,-0.079513,0.078162,3,3,4,0.25,1
2076,21,28,1.536408635,1.005503033,1.291918754,0,1.10049985,2.55,0,2.55,0,0,0,0,0,0,0.090987,0.00238,2,1,0,0,0
2076,4,21,1.509767675,0.98806785,1.348864318,0,1.05813294,2.55,0,2.55,0,1,0,5,0,0,-0.017074,0.090987,3,2,0,0,0
2076,13,10,1.505787207,0.985462832,1.457404894,0,1.00527624,2.55,0,2.55,0,1,0,6,4,0,0.119677,-0.079513,3,3,0,0,0
2076,22,14,1.495834677,0.978949396,1.433086165,0,0.93260438,2.55,0,2.55,0,0,1,0,6,0,0.209184,-0.106649,3,3,0,0,0
2076,0,2,1.495389879,0.978658298,1.241739089,0,1.00422616,2.55,0,2.55,0,0,1,4,5,0,0.078162,-0.12831,3,3,0,0,0
2076,24,23,1.426990935,1.014208198,1.225131366,0,0.92311249,2.55,0,3.44,1,0,0,0,0,1,0.193599,-0.290586,1,2,0,0,0
2076,23,22,1.341339277,0.953332819,0.934618825,0,1.24223063,3.44,1,2.55,0,0,0,0,0,1,-0.290586,0.209184,2,3,0,0,0
2100,1,3,1.547553841,1.012797016,1.193912746,4,1.07428843,2.55,0,2.55,0,0,0,4,4,0,0.07874,0.078443,3,3,4,0.25,1
2100,4,1,1.51617355,0.992260177,1.454023066,0,0.8979104,2.55,0,2.55,0,0,0,0,4,0,0.224559,0.07874,3,3,0,0,0
2100,3,9,1.515739666,0.991976221,1.457810306,0,0.89807675,2.55,0,2.55,0,0,0,4,0,0,0.078443,0.223824,3,3,0,0,0
2100,11,12,1.427249604,1.014392043,1.226343279,0,0.92117852,3.44,1,2.55,0,0,0,0,0,1,-0.30384,0.196851,2,1,0,0,0
2100,8,6,1.427238633,1.014384245,1.226368755,0,0.9213934,2.55,0,3.44,1,0,0,0,0,1,0.196017,-0.304923,1,2,0,0,0
2100,6,4,1.343650181,0.954975253,0.919136278,0,1.20093116,3.44,1,2.55,0,0,0,0,0,1,-0.304923,0.224559,2,3,0,0,0
2100,9,11,1.343121057,0.954599188,0.919828127,0,1.2029604,2.55,0,3.44,1,0,0,0,0,1,0.223824,-0.30384,3,2,0,0,0
2101,1,3,1.547540278,1.01278814,1.19388899,4,1.07375629,2.55,0,2.55,0,0,0,4,4,0,0.077476,0.077541,3,3,4,0.25,1
2101,4,1,1.516360861,0.992382763,1.453603274,0,0.89802934,2.55,0,2.55,0,0,0,0,4,0,0.224368,0.077476,3,3,0,0,0
2101,3,9,1.515862882,0.99205686,1.457033307,0,0.89798515,2.55,0,2.55,0,0,0,4,0,0,0.077541,0.223432,3,3,0,0,0
2101,11,12,1.42752422,1.014587221,1.226589156,0,0.92045859,3.44,1,2.55,0,0,0,0,0,1,-0.303711,0.19652,2,1,0,0,0
2101,8,6,1.427462132,1.014543093,1.226354419,0,0.92081979,2.55,0,3.44,1,0,0,0,0,1,0.196219,-0.304721,1,2,0,0,0
2101,6,4,1.343395659,0.954794356,0.918446096,0,1.20184794,3.44,1,2.55,0,0,0,0,0,1,-0.304721,0.224368,2,3,0,0,0
2101,9,11,1.342912461,0.954450932,0.919282969,0,1.20392251,2.55,0,3.44,1,0,0,0,0,1,0.223432,-0.303711,3,2,0,0,0
2138-2,9,12,1.627234242,1.064943876,1.503721576,6,0.99585058,2.55,0,2.55,0,0,0,6,6,0,-0.15966,0.139085,4,3,10,0.2,1
2138-2,12,38,1.510131823,0.988306167,1.306077263,6,0.99011943,2.55,0,2.55,0,0,0,6,6,0,0.139085,0.04348,3,3,10,0.2,0
2138-2,13,9,1.537063166,1.005931391,1.080473625,0,1.04976419,2.55,0,2.55,0,0,0,0,6,0,0.061848,-0.15966,2,4,0,0,0
2138-2,33,13,1.525122361,0.998116728,1.041286092,0,1.06547367,2.55,0,2.55,0,0,0,0,0,0,0.238491,0.061848,2,2,0,0,0
2138-2,16,15,1.510326595,0.988433636,1.27736868,0,1.04146411,2.55,0,2.55,0,0,0,0,0,0,0.05018,0.120194,1,3,0,0,0
2138-2,59,57,1.507560711,0.986623502,1.264091848,0,1.0512951,2.55,0,2.55,0,0,0,0,0,0,0.134869,0.062382,3,1,0,0,0
2138-2,14,33,1.439374215,1.023009392,0.980588993,0,0.90897325,3.44,1,2.55,0,0,0,0,0,1,-0.326224,0.238491,2,2,0,0,0
2138-2,38,61,1.39477498,0.991311286,1.084826142,0,0.99170428,2.55,0,3.44,1,0,0,6,0,1,0.04348,-0.30338,3,2,0,0,0
2138-2,61,59,1.367962111,0.972254521,0.980895575,0,1.0475961,3.44,1,2.55,0,0,0,0,0,1,-0.30338,0.134869,2,3,0,0,0
2138-2,15,14,1.350059413,0.9595305,0.926398072,0,1.13777976,2.55,0,3.44,1,0,0,0,0,1,0.120194,-0.326224,3,2,0,0,0
2176,1,0,1.56350545,1.023236551,1.453441185,6,1.05586409,2.55,0,2.55,0,0,0,5,5,0,0.131818,-0.024651,3,3,12,0.416666667,1
2176,0,6,1.529248596,1.000817144,1.116356338,5,0.91548076,2.55,0,2.55,0,0,0,5,5,0,-0.024651,0.174861,3,3,12,0.416666667,0
2176,18,1,1.502174343,0.983098392,1.141396336,5,0.98801165,2.55,0,2.55,0,0,0,5,5,0,-0.016408,0.131818,2,3,12,0.416666667,0
2176,6,7,1.403683347,0.963406553,1.001471905,5,1.04652286,2.55,0,3.04,2,0,0,5,5,2,0.174861,-0.240822,3,3,12,0.416666667,0
2176,20,18,1.341190854,0.877742706,1.030288046,5,1.72455709,2.55,0,2.55,0,0,0,5,5,0,0.101505,-0.016408,3,2,12,0.416666667,0
2176,43,44,1.508620586,0.987317138,1.262046154,0,1.04127396,2.55,0,2.55,0,0,0,0,0,0,0.144703,0.042645,3,1,0,0,0
2176,28,26,1.504349681,0.984522043,1.254508403,0,1.04634316,2.55,0,2.55,0,0,0,0,0,0,0.041304,0.149504,1,3,0,0,0
2176,7,32,1.431252365,0.982328322,1.393556341,0,0.88122573,3.04,2,2.55,0,0,1,5,6,2,-0.240822,0.173377,3,3,0,0,0
2176,35,42,1.385204072,0.984508935,1.332992512,0,1.00576494,2.55,0,3.44,1,1,0,6,0,1,0.233242,-0.271112,3,2,0,0,0
2176,26,25,1.379261498,0.980285357,0.987908899,0,1.02342654,2.55,0,3.44,1,0,0,0,0,1,0.149504,-0.264237,3,2,0,0,0
2176,42,43,1.362866493,0.968632902,0.991034293,0,1.07421121,3.44,1,2.55,0,0,0,0,0,1,-0.271112,0.144703,2,3,0,0,0
2176,25,20,1.361939213,0.967973855,1.358241137,0,1.05747406,3.44,1,2.55,0,0,0,0,5,1,-0.264237,0.101505,2,3,0,0,0
2194,65,66,1.592949225,1.042506037,1.411073217,6,1.02827471,2.55,0,2.55,0,0,1,6,5,0,0.032475,-0.001138,4,3,9,0.333333333,1
2194,20,19,1.592768475,1.042387745,1.401549959,6,1.03277397,2.55,0,2.55,0,1,0,5,6,0,-0.015623,0.035545,3,4,9,0.333333333,1
2194,33,32,1.528476055,1.000311554,1.040466413,0,1.08752136,2.55,0,2.55,0,0,0,0,0,0,0.207243,0.179868,2,2,0,0,0
2194,78,79,1.52840175,1.000262925,1.040091704,0,1.08767715,2.55,0,2.55,0,0,0,0,0,0,0.181061,0.204921,2,2,0,0,0
2194,85,86,1.51780001,0.993324614,1.257844751,0,1.1080365,2.55,0,2.55,0,0,0,0,0,0,0.179881,0.00492,2,1,0,0,0
2194,40,39,1.517751114,0.993292614,1.257697955,0,1.10848981,2.55,0,2.55,0,0,0,0,0,0,0.00463,0.179636,1,2,0,0,0
2194,93,65,1.459176878,0.95495869,1.326121624,0,0.87097541,2.55,0,2.55,0,0,0,0,6,0,0.014825,0.032475,2,4,0,0,0
2194,19,92,1.458435877,0.954473742,1.333059969,0,0.86767295,2.55,0,2.55,0,0,0,6,0,0,0.035545,0.029929,4,2,0,0,0
2194,32,28,1.454397794,0.998213998,1.208871033,0,0.90557498,2.55,0,3.04,2,0,1,0,5,2,0.179868,-0.291118,2,3,0,0,0
2194,74,78,1.454362086,0.99818949,1.227467816,0,0.90562078,3.04,2,2.55,0,1,0,5,0,2,-0.291887,0.181061,3,2,0,0,0
2194,96,97,1.423096964,0.931346181,1.423083311,0,0.90903724,2.55,0,2.55,0,0,1,0,6,0,-0.025742,-0.059114,2,3,0,0,0
2194,95,94,1.422963555,0.931258871,1.422941685,0,0.87848186,2.55,0,2.55,0,1,0,6,0,0,-0.021073,-0.011529,3,2,0,0,0
2194,39,36,1.410796953,1.002698616,0.95284021,0,0.98423111,2.55,0,3.44,1,0,0,0,0,1,0.179636,-0.396061,2,2,0,0,0
2194,82,85,1.410617249,1.002570895,0.951896628,0,0.98518197,3.44,1,2.55,0,0,0,0,0,1,-0.396082,0.179881,2,2,0,0,0
2194,79,82,1.403641295,0.99761286,0.932953099,0,1.01553528,2.55,0,3.44,1,0,0,0,0,1,0.204921,-0.396082,2,2,0,0,0
2194,36,33,1.403382203,0.997428716,0.932502591,0,1.01642014,3.44,1,2.55,0,0,0,0,0,1,-0.396061,0.207243,2,2,0,0,0
2194,94,93,1.215500901,0.795484883,1.215445821,0,2.38001596,2.55,0,2.55,0,0,0,0,0,0,-0.011529,0.014825,2,2,0,0,0
2194,92,96,1.214883187,0.79508062,1.21476644,0,2.38621781,2.55,0,2.55,0,0,0,0,0,0,0.029929,-0.025742,2,2,0,0,0
2199,3,4,1.622462822,1.061821219,1.319480789,5,0.9111394,2.55,0,2.55,0,1,0,5,5,0,-0.296371,0.08554,4,4,8,0.375,1
2199,15,14,1.527615796,0.999748558,1.364796412,0,1.1035375,2.55,0,2.55,0,0,0,0,0,0,0.21883,0.142794,2,2,0,0,0
2199,4,34,1.5147574,0.991333377,1.030282785,0,1.04951557,2.55,0,2.55,0,0,0,5,0,0,0.08554,0.305524,4,2,0,0,0
2199,31,33,1.514420673,0.991113006,1.31725463,0,1.02491268,2.55,0,2.55,0,0,0,0,0,0,0.129703,-0.014145,3,1,0,0,0
2199,18,17,1.503873845,0.984210631,1.268101462,0,1.04913423,2.55,0,2.55,0,0,0,0,0,0,0.050039,0.129041,1,3,0,0,0
2199,14,8,1.462070436,1.003480052,1.220924354,0,0.91092151,2.55,0,3.04,2,0,1,0,5,2,0.142794,-0.283531,2,3,0,0,0
2199,16,15,1.426836484,1.014098425,1.187428736,0,0.94905969,3.44,1,2.55,0,0,0,0,0,1,-0.323914,0.21883,2,2,0,0,0
2199,34,35,1.415394322,1.005966114,1.009233907,0,0.99643615,2.55,0,3.44,1,0,0,0,0,1,0.305524,-0.293312,2,2,0,0,0
2199,35,31,1.368682116,0.972766251,1.36631994,0,1.07420303,3.44,1,2.55,0,0,0,0,0,1,-0.293312,0.129703,2,3,0,0,0
2199,17,16,1.360851086,0.967200488,0.938113078,0,1.10581512,2.55,0,3.44,1,0,0,0,0,1,0.129041,-0.323914,3,2,0,0,0
2206,1,2,1.554583662,1.017397684,1.554582783,3,0.8148296,2.55,0,2.55,0,0,0,3,3,0,0.013698,0.013674,3,3,3,0.333333333,1
2206,12,13,1.498928096,0.980973885,1.350647357,0,1.0692976,2.55,0,2.55,0,0,0,0,0,0,-0.103892,0.062579,2,1,0,0,0
2206,8,7,1.498908255,0.9809609,1.350495738,0,1.06953889,2.55,0,2.55,0,0,0,0,0,0,0.063331,-0.10394,1,2,0,0,0
2206,2,3,1.480891036,0.969169526,1.188626107,0,1.07428588,2.55,0,2.55,0,0,0,3,0,0,0.013674,0.079991,3,2,0,0,0
2206,6,1,1.48088805,0.969167572,1.190598074,0,1.07447594,2.55,0,2.55,0,0,0,0,3,0,0.079044,0.013698,2,3,0,0,0
2206,7,6,1.341087875,0.877675311,1.040084018,0,1.89277485,2.55,0,2.55,0,0,0,0,0,0,-0.10394,0.079044,2,2,0,0,0
2206,3,12,1.341065712,0.877660806,1.040271789,0,1.8928807,2.55,0,2.55,0,0,0,0,0,0,0.079991,-0.103892,2,2,0,0,0
2206-,1,2,1.548852549,1.013646956,1.238603959,3,0.81046444,2.55,0,2.55,0,0,0,3,3,0,0.015978,0.016811,3,3,3,0.333333333,1
2206-,8,7,1.49929473,0.981213829,1.350616513,0,1.06958183,2.55,0,2.55,0,0,0,0,0,0,0.063065,-0.103258,1,2,0,0,0
2206-,12,13,1.499229768,0.981171314,1.350567906,0,1.06952661,2.55,0,2.55,0,0,0,0,0,0,-0.103141,0.062909,2,1,0,0,0
2206-,6,1,1.480102039,0.968653167,1.183359844,0,1.0692354,2.55,0,2.55,0,0,0,0,3,0,0.072619,0.015978,2,3,0,0,0
2206-,2,3,1.479892821,0.968516244,1.182109146,0,1.06941609,2.55,0,2.55,0,0,0,3,0,0,0.016811,0.072816,3,2,0,0,0
2206-,7,6,1.340986329,0.877608854,1.042319193,0,1.89066938,2.55,0,2.55,0,0,0,0,0,0,-0.103258,0.072619,2,2,0,0,0
2206-,3,12,1.340946323,0.877582672,1.042422308,0,1.89055944,2.55,0,2.55,0,0,0,0,0,0,0.072816,-0.103141,2,2,0,0,0
2213,1,2,1.571017054,1.028152522,1.571006095,3,0.81136195,2.55,0,2.55,0,0,0,3,3,0,-0.076105,-0.073972,3,3,3,0.333333333,1
2213,8,7,1.458752998,0.954681281,1.458741893,0,1.12078619,2.55,0,2.55,0,0,0,0,0,0,0.071756,-0.209034,1,2,0,0,0
2213,12,13,1.458635789,0.954604574,1.458621987,0,1.12154851,2.55,0,2.55,0,0,0,0,0,0,-0.207238,0.073317,2,1,0,0,0
2213,6,1,1.437764277,0.940945207,1.339644448,0,0.99430314,2.55,0,2.55,0,0,0,0,3,0,0.076212,-0.076105,2,3,0,0,0
2213,2,3,1.437670717,0.940883977,1.339614402,0,0.99608741,2.55,0,2.55,0,0,0,3,0,0,-0.073972,0.072783,3,2,0,0,0
2213,7,6,1.21335713,0.794081892,1.213285114,0,2.48013397,2.55,0,2.55,0,0,0,0,0,0,-0.209034,0.076212,2,2,0,0,0
2213,3,12,1.213326002,0.79406152,1.213262133,0,2.48131962,2.55,0,2.55,0,0,0,0,0,0,0.072783,-0.207238,2,2,0,0,0
2214,1,2,1.554565387,1.017385725,1.554565205,3,0.82739157,2.55,0,2.55,0,0,0,3,3,0,-0.021848,-0.020576,3,3,3,0.333333333,1
2214,12,13,1.458535346,0.954538839,1.458513311,0,1.12045212,2.55,0,2.55,0,0,0,0,0,0,-0.210316,0.07388,2,1,0,0,0
2214,8,7,1.458449696,0.954482785,1.458430764,0,1.12038081,2.55,0,2.55,0,0,0,0,0,0,0.074169,-0.211653,1,2,0,0,0
2214,2,3,1.437564818,0.940814671,1.340996889,0,1.00841678,2.55,0,2.55,0,0,0,3,0,0,-0.020576,0.078028,3,2,0,0,0
2214,6,1,1.437447305,0.940737765,1.340526233,0,1.0073758,2.55,0,2.55,0,0,0,0,3,0,0.07997,-0.021848,2,3,0,0,0
2214,3,12,1.213265243,0.794021756,1.213126252,0,2.47099238,2.55,0,2.55,0,0,0,0,0,0,0.078028,-0.210316,2,2,0,0,0
2214,7,6,1.213207801,0.793984163,1.213052125,0,2.46846524,2.55,0,2.55,0,0,0,0,0,0,-0.211653,0.07997,2,2,0,0,0
2215,1,2,1.570565465,1.02785698,1.570565325,3,0.81243867,2.55,0,2.55,0,0,0,3,3,0,-0.108775,-0.108481,3,3,3,0.333333333,1
2215,12,13,1.458740739,0.954673259,1.458740642,0,1.12026879,2.55,0,2.55,0,0,0,0,0,0,-0.212822,0.072676,2,1,0,0,0
2215,8,7,1.458727311,0.954664471,1.458727074,0,1.12070849,2.55,0,2.55,0,0,0,0,0,0,0.073804,-0.214099,1,2,0,0,0
2215,2,3,1.436671578,0.94023009,1.337784535,0,0.960891,2.55,0,2.55,0,0,0,3,0,0,-0.108481,0.083138,3,2,0,0,0
2215,6,1,1.436669814,0.940228936,1.337610801,0,0.96051813,2.55,0,2.55,0,0,0,0,3,0,0.083713,-0.108775,2,3,0,0,0
2215,3,12,1.213213453,0.793987862,1.213144148,0,2.48002362,2.55,0,2.55,0,0,0,0,0,0,0.083138,-0.212822,2,2,0,0,0
2215,7,6,1.2131966,0.793976832,1.213127154,0,2.47957121,2.55,0,2.55,0,0,0,0,0,0,-0.214099,0.083713,2,2,0,0,0
2231,2,1,1.547448105,1.012727817,1.547448044,3,0.79948174,2.55,0,2.55,0,0,0,3,3,0,-0.215363,-0.216287,4,4,3,0.333333333,1
2231,1,5,1.519801509,0.994634495,1.325024942,0,1.10293441,2.55,0,2.55,0,0,0,3,0,0,-0.216287,0.150774,4,1,0,0,0
2231,4,2,1.519680561,0.994555341,1.324631699,0,1.10289632,2.55,0,2.55,0,0,0,0,3,0,0.149873,-0.215363,1,4,0,0,0
2231-3,1,2,1.532815859,1.00315174,1.180104904,3,0.82588126,2.55,0,2.55,0,0,0,3,3,0,-0.218796,-0.006811,4,3,6,0.333333333,1
2231-3,2,3,1.52632946,0.998906715,1.078870846,6,1.03591517,2.55,0,2.55,0,0,0,3,6,0,-0.006811,0.016156,3,3,6,0.333333333,0
2231-3,3,12,1.531221944,1.002108602,1.268689696,0,1.08687265,2.55,0,2.55,0,0,0,6,0,0,0.016156,0.062303,3,1,0,0,0
2231-3,5,1,1.518542975,0.993810848,1.317267724,0,1.09025766,2.55,0,2.55,0,0,0,0,3,0,0.14801,-0.218796,1,4,0,0,0
2239,2,1,1.552747557,1.016196045,1.552584227,3,0.82910896,2.55,0,2.55,0,0,0,3,3,0,-0.227134,-0.183641,4,4,3,0.333333333,1
2239,26,27,1.531240871,1.002120989,1.055125975,0,1.07103781,2.55,0,2.55,0,0,0,0,0,0,0.132601,0.207935,2,2,0,0,0
2239,33,34,1.51790883,0.993395831,1.258899275,0,1.10862809,2.55,0,2.55,0,0,0,0,0,0,0.178867,0.005418,2,1,0,0,0
2239,19,26,1.516018848,0.992158932,1.205031089,0,1.03538552,2.55,0,2.55,0,1,0,6,0,0,-0.071641,0.132601,3,2,0,0,0
2239,4,2,1.515543926,0.991848119,1.349364675,0,1.11269188,2.55,0,2.55,0,0,0,0,3,0,0.134633,-0.227134,1,4,0,0,0
2239,1,5,1.510526445,0.988564427,1.412949988,0,1.01438372,2.55,0,2.55,0,0,1,3,6,0,-0.183641,0.073318,4,3,0,0,0
2239,30,33,1.411376978,1.003110858,0.952816015,0,0.98261889,3.44,1,2.55,0,0,0,0,0,1,-0.396597,0.178867,2,2,0,0,0
2239,27,30,1.408460021,1.001037684,0.944572659,0,0.9911165,2.55,0,3.44,1,0,0,0,0,1,0.207935,-0.396597,2,2,0,0,0
2243,14,15,1.532822124,1.00315584,1.188192422,3,0.8693858,2.55,0,2.55,0,0,0,3,3,0,-0.093843,0.099347,3,3,3,0.333333333,1
2243,11,10,1.531390632,1.002219,1.189260307,3,0.86763464,2.55,0,2.55,0,0,0,3,3,0,0.097286,-0.094773,3,3,3,0.333333333,1
2243,30,24,1.506158125,0.985705579,1.266295913,0,1.04904535,2.55,0,2.55,0,0,0,0,0,0,0.052237,0.129679,1,3,0,0,0
2243,28,34,1.505835809,0.98549464,1.265917707,0,1.04927529,2.55,0,2.55,0,0,0,0,0,0,0.129793,0.052381,3,1,0,0,0
2243,4,14,1.499207832,0.981156958,1.449091552,0,0.99507985,2.55,0,2.55,0,1,0,6,3,0,0.060525,-0.093843,3,3,0,0,0
2243,10,1,1.498926395,0.980972771,1.447469906,0,0.99347507,2.55,0,2.55,0,0,1,3,6,0,-0.094773,0.063917,3,3,0,0,0
2243,22,11,1.400988977,0.995727773,1.013244605,0,0.97207562,3.44,1,2.55,0,0,0,0,3,1,-0.290112,0.097286,2,3,0,0,0
2243,15,26,1.400835872,0.995618957,1.013230184,0,0.97307864,2.55,0,3.44,1,0,0,3,0,1,0.099347,-0.290133,3,2,0,0,0
2243,26,28,1.367406426,0.971859578,0.93718075,0,1.07602818,3.44,1,2.55,0,0,0,0,0,1,-0.290133,0.129793,2,3,0,0,0
2243,24,22,1.366967786,0.971547822,0.937212202,0,1.07673951,2.55,0,3.44,1,0,0,0,0,1,0.129679,-0.290112,3,2,0,0,0
2244,1,0,1.543006363,1.009820918,1.320330448,3,0.8138357,2.55,0,2.55,0,0,0,3,3,0,0.123438,-0.409936,3,4,12,0.416666667,1
2244,3,4,1.5353321,1.004798495,1.490854193,3,0.82211267,2.55,0,2.55,0,0,0,3,3,0,-0.417108,0.146134,4,3,12,0.416666667,1
2244,18,12,1.506395216,0.985860743,1.266892495,0,1.04839528,2.55,0,2.55,0,0,0,0,0,0,0.051898,0.131322,1,3,0,0,0
2244,16,22,1.506171581,0.985714386,1.266855457,0,1.04932854,2.55,0,2.55,0,0,0,0,0,0,0.130988,0.052818,3,1,0,0,0
2244,10,1,1.402634296,0.996897155,1.019397417,0,0.97199464,3.44,1,2.55,0,0,0,0,3,1,-0.290809,0.123438,2,3,0,0,0
2244,4,14,1.402285989,0.996649601,1.01930319,0,0.97916207,2.55,0,3.44,1,0,0,3,0,1,0.146134,-0.290613,3,2,0,0,0
2244,14,16,1.366565333,0.971261786,0.937294254,0,1.07186172,3.44,1,2.55,0,0,0,0,0,1,-0.290613,0.130988,2,3,0,0,0
2244,12,10,1.3665243,0.971232623,0.938345869,0,1.07086973,2.55,0,3.44,1,0,0,0,0,1,0.131322,-0.290809,3,2,0,0,0
2255,2,1,1.496047709,0.979088814,1.49485361,3,0.94770775,2.55,0,2.55,0,0,0,3,3,0,0.022268,-0.156626,3,4,3,0.333333333,1
2255,6,7,1.534744962,1.004414242,1.082378421,0,1.08898919,2.55,0,2.55,0,0,0,0,0,0,0.131455,-0.031168,2,2,0,0,0
2255,8,3,1.533628692,1.003683699,1.074991539,0,1.08854538,2.55,0,2.55,0,0,0,0,0,0,-0.023888,0.120089,2,2,0,0,0
2255,7,13,1.529775887,1.00116223,1.271181305,0,1.10511087,2.55,0,2.55,0,0,0,0,0,0,-0.031168,0.018982,2,1,0,0,0
2255,9,8,1.529197243,1.000783536,1.273464353,0,1.09922607,2.55,0,2.55,0,0,0,0,0,0,0.024099,-0.023888,1,2,0,0,0
2255,1,6,1.52444097,0.997670792,1.1442118,0,1.05572469,2.55,0,2.55,0,0,0,3,0,0,-0.156626,0.131455,4,2,0,0,0
2255,3,2,1.514328841,0.991052907,1.154291786,0,1.06354466,2.55,0,2.55,0,0,0,0,3,0,0.120089,0.022268,2,3,0,0,0
2255-2,2,1,1.494104442,0.977817043,1.151583626,3,0.94673505,2.55,0,2.55,0,0,0,3,3,0,-0.177954,0.01546,4,3,3,0.333333333,1
2255-2,5,6,1.538331676,1.006761568,1.341926052,0,1.08836741,2.55,0,2.55,0,0,0,0,0,0,0.098976,0.011643,2,2,0,0,0
2255-2,7,3,1.533797829,1.00379439,1.084463984,0,1.09031838,2.55,0,2.55,0,0,0,0,0,0,-0.019724,0.129021,2,2,0,0,0
2255-2,6,12,1.530998194,1.001962169,1.286188456,0,1.10348672,2.55,0,2.55,0,0,0,0,0,0,0.011643,-0.007559,2,1,0,0,0
2255-2,8,7,1.53000089,1.001309483,1.272564698,0,1.10450981,2.55,0,2.55,0,0,0,0,0,0,0.01755,-0.019724,1,2,0,0,0
2255-2,3,2,1.525590154,0.998422876,1.134322501,0,1.04237594,2.55,0,2.55,0,0,0,0,3,0,0.129021,-0.177954,2,4,0,0,0
2255-2,1,5,1.52190917,0.996013855,1.13117134,0,1.04850074,2.55,0,2.55,0,0,0,3,0,0,0.01546,0.098976,3,2,0,0,0
2272-2,0,2,1.502802836,0.98350971,1.501568067,3,0.99590793,2.55,0,2.55,0,0,0,3,3,0,0.057383,0.163343,4,3,3,0.333333333,1
2272-2,21,0,1.519942814,0.994726973,1.284432339,0,0.87410208,2.55,0,2.55,0,0,0,0,3,0,0.224893,0.057383,3,4,0,0,0
2272-2,17,34,1.509103925,0.987633458,1.262948966,0,1.04054071,2.55,0,2.55,0,0,0,0,0,0,0.144147,0.0423,3,1,0,0,0
2272-2,2,4,1.49260294,0.976834385,1.450234263,0,1.00515259,2.55,0,2.55,0,0,1,3,6,0,0.163343,0.050598,3,3,0,0,0
2272-2,23,22,1.431435328,1.017366971,1.230908107,0,0.912189,2.55,0,3.44,1,0,0,0,0,1,0.190333,-0.28914,1,2,0,0,0
2272-2,11,16,1.386584148,0.9854898,1.33463941,0,1.00126599,2.55,0,3.44,1,1,0,6,0,1,0.216584,-0.272157,3,2,0,0,0
2272-2,16,17,1.362067216,0.96806483,0.99042476,0,1.07748672,3.44,1,2.55,0,0,0,0,0,1,-0.272157,0.144147,2,3,0,0,0
2272-2,22,21,1.335448381,0.949145971,0.919772108,0,1.22327213,3.44,1,2.55,0,0,0,0,0,1,-0.28914,0.224893,2,3,0,0,0
2272-3,0,2,1.50305212,0.983672853,1.50153523,3,1.00324871,2.55,0,2.55,0,0,0,3,3,0,0.053148,0.162496,4,3,3,0.333333333,1
2272-3,21,0,1.522335466,0.996292844,1.24777957,0,0.86384004,2.55,0,2.55,0,0,0,0,3,0,0.23038,0.053148,3,4,0,0,0
2272-3,17,34,1.517126438,0.992883794,1.249024806,0,1.10521565,2.55,0,2.55,0,0,0,0,0,0,0.150867,0.018033,2,1,0,0,0
2272-3,2,4,1.491242219,0.975943861,1.448538272,0,1.0066817,2.55,0,2.55,0,0,1,3,6,0,0.162496,0.05036,3,3,0,0,0
2272-3,23,22,1.430757839,1.016885458,1.229096344,0,0.91369268,2.55,0,3.44,1,0,0,0,0,1,0.193736,-0.312076,1,2,0,0,0
2272-3,16,17,1.419168654,1.008648652,0.993869356,0,0.94859048,3.44,1,2.55,0,0,0,0,0,1,-0.313286,0.150867,2,2,0,0,0
2272-3,11,16,1.356205618,0.963898804,1.300352634,0,1.13202906,2.55,0,3.44,1,1,0,6,0,1,0.229654,-0.313286,3,2,0,0,0
2272-3,22,21,1.344205702,0.955370079,0.917692538,0,1.17155299,3.44,1,2.55,0,0,0,0,0,1,-0.312076,0.23038,2,3,0,0,0
2281,3,0,1.542587954,1.00954709,1.370027115,0,0.99840113,2.55,0,2.55,0,0,0,6,4,0,-0.05164,0.022254,3,3,0,0,0
2281,16,45,1.538723318,1.007017878,1.368199803,0,1.05824701,2.55,0,2.55,0,0,0,6,0,0,-0.122598,0.046495,3,2,0,0,0
2281,44,19,1.538391702,1.006800852,1.370931324,0,1.05833192,2.55,0,2.55,0,0,0,0,6,0,0.04618,-0.11333,2,3,0,0,0
2281,2,6,1.534215943,1.004068026,1.379383643,0,1.03387047,2.55,0,2.55,0,0,0,4,6,0,0.055355,-0.045143,3,3,0,0,0
2281,45,47,1.530959617,1.001936922,1.292540682,0,1.1073656,2.55,0,2.55,0,0,0,0,0,0,0.046495,0.020775,2,1,0,0,0
2281,46,44,1.530930937,1.001918152,1.292452591,0,1.10711501,2.55,0,2.55,0,0,0,0,0,0,0.020023,0.04618,1,2,0,0,0
2282,4,1,1.561157709,1.021700071,1.557025432,4,0.99905424,2.55,0,2.55,0,0,0,4,4,0,0.236892,0.216401,3,3,4,0.25,1
2282,31,30,1.511329745,0.989090147,1.268857938,0,1.03537372,2.55,0,2.55,0,0,0,0,0,0,0.044123,0.140768,1,3,0,0,0
2282,35,36,1.508464048,0.987214691,1.273469024,0,1.04241587,2.55,0,2.55,0,0,0,0,0,0,0.140261,0.048544,3,1,0,0,0
2282,1,28,1.429604812,1.016065965,1.035897379,0,0.92323784,2.55,0,3.44,1,0,0,4,0,1,0.216401,-0.302687,3,2,0,0,0
2282,27,4,1.429059948,1.015678712,1.250813132,0,0.93166328,3.44,1,2.55,0,0,0,0,4,1,-0.320463,0.236892,2,3,0,0,0
2282,30,27,1.358422298,0.96547427,0.966205613,0,1.08354336,2.55,0,3.44,1,0,0,0,0,1,0.140768,-0.320463,3,2,0,0,0
2282,28,35,1.35286888,0.961527278,0.940723713,0,1.12773491,3.44,1,2.55,0,0,0,0,0,1,-0.302687,0.140261,2,3,0,0,0
2283,4,1,1.553377394,1.016608242,1.262946315,4,1.04448362,2.55,0,2.55,0,0,0,4,4,0,0.261644,0.239032,3,3,4,0.25,1
2283,31,30,1.509453627,0.987862322,1.272073634,0,1.03732185,2.55,0,2.55,0,0,0,0,0,0,0.049784,0.140827,1,3,0,0,0
2283,35,36,1.50897347,0.987548082,1.273381829,0,1.04119615,2.55,0,2.55,0,0,0,0,0,0,0.138901,0.050935,3,1,0,0,0
2283,1,28,1.433259008,1.018663118,1.046722764,0,0.90211961,2.55,0,3.44,1,0,0,4,0,1,0.239032,-0.30993,3,2,0,0,0
2283,27,4,1.43157434,1.017465771,1.337304095,0,0.91939981,3.44,1,2.55,0,0,0,0,4,1,-0.311476,0.261644,2,3,0,0,0
2283,30,27,1.354677148,0.962812472,0.951001029,0,1.11468258,2.55,0,3.44,1,0,0,0,0,1,0.140827,-0.311476,3,2,0,0,0
2283,28,35,1.351808563,0.960773677,0.939308366,0,1.1337026,3.44,1,2.55,0,0,0,0,0,1,-0.30993,0.138901,2,3,0,0,0