Molecule,Atom 1,Atom 2,Bond Length,Elecneg_1,Ele_1,Elecneg_2,Ele_2,InConj_1,InConj_2,InRing_1,InRing_2,Neighbour1,Neighbour2
4001,5,6,1.575511804,2.55,0,2.55,0,0,0,5,5,3,3
4001,2,6,1.567686216,2.55,0,2.55,0,0,0,5,5,3,3
4001,4,5,1.553116095,2.55,0,2.55,0,0,0,5,5,3,3
4001,3,4,1.542463943,2.55,0,2.55,0,0,0,6,5,3,3
4001,1,2,1.508980394,2.55,0,2.55,0,0,0,6,5,2,3
4001,0,3,1.49930898,2.55,0,2.55,0,0,0,6,6,3,3
4001,2,28,1.417333924,2.55,0,3.44,1,0,0,5,5,3,2
4001,4,28,1.412871651,2.55,0,3.44,1,0,0,5,5,3,2
4001,0,1,1.35268712,2.55,0,2.55,0,0,0,6,6,3,2
4001,5,16,1.53112448,2.55,0,2.55,0,0,0,5,0,3,3
4001,6,14,1.527790185,2.55,0,2.55,0,0,0,5,0,3,2
4001,0,7,1.496300517,2.55,0,2.55,0,0,0,6,0,3,3
4001,18,19,1.434021684,3.44,1,2.55,0,0,0,0,0,2,1
4001,8,9,1.42846457,3.44,1,2.55,0,0,0,0,0,2,1
4001,7,8,1.352039817,2.55,0,3.44,1,0,0,0,0,3,2
4001,16,18,1.345065594,2.55,0,3.44,1,0,0,0,0,3,2
4001,3,26,1.209525479,2.55,0,3.44,1,0,0,6,0,3,1
4001,14,23,1.204445934,2.55,0,3.44,1,0,0,0,0,2,1
4001,7,13,1.203929222,2.55,0,3.44,1,0,0,0,0,3,1
4001,16,25,1.202994654,2.55,0,3.44,1,0,0,0,0,3,1
4003,4,5,1.580052577,2.55,0,2.55,0,0,0,5,5,4,3
4003,5,6,1.572203504,2.55,0,2.55,0,0,0,5,5,3,3
4003,2,6,1.564311364,2.55,0,2.55,0,0,0,5,5,3,3
4003,3,4,1.55177827,2.55,0,2.55,0,0,0,6,5,3,4
4003,1,2,1.516032766,2.55,0,2.55,0,1,0,6,5,3,3
4003,0,3,1.493494117,2.55,0,2.55,0,1,0,6,6,3,3
4003,4,12,1.429650641,2.55,0,3.44,1,0,0,5,5,4,2
4003,2,12,1.422785872,2.55,0,3.44,1,0,0,5,5,3,2
4003,0,1,1.41037169,2.55,0,2.55,0,1,1,6,6,3,3
4003,18,19,1.407287663,2.55,0,2.55,0,1,1,6,6,2,3
4003,19,20,1.405775744,2.55,0,2.55,0,1,1,6,6,3,2
4003,0,17,1.399662634,2.55,0,2.55,0,1,1,6,6,3,2
4003,17,18,1.393470163,2.55,0,2.55,0,1,1,6,6,2,2
4003,1,20,1.393368476,2.55,0,2.55,0,1,1,6,6,3,2
4003,34,36,1.534372883,2.55,0,2.55,0,0,0,0,0,2,2
4003,6,34,1.533264507,2.55,0,2.55,0,0,0,5,0,3,2
4003,36,39,1.529833404,2.55,0,2.55,0,0,0,0,0,2,1
4003,5,7,1.52866331,2.55,0,2.55,0,0,0,5,0,3,3
4003,4,13,1.517900148,2.55,0,2.55,0,0,0,5,0,4,1
4003,14,15,1.517570336,2.55,0,2.55,0,0,0,0,0,1,3
4003,7,9,1.513716793,2.55,0,2.55,0,0,0,0,0,3,1
4003,15,19,1.507244398,2.55,0,2.55,0,0,1,0,6,3,3
4003,15,16,1.215895101,2.55,0,3.44,1,0,0,0,0,3,1
4003,7,10,1.213058625,2.55,0,3.44,1,0,0,0,0,3,1
4003,3,11,1.212567116,2.55,0,3.44,1,0,0,6,0,3,1
4005,2,6,1.5919284,2.55,0,2.55,0,0,0,5,5,4,3
4005,5,6,1.565804789,2.55,0,2.55,0,0,0,5,5,3,3
4005,4,5,1.558598705,2.55,0,2.55,0,0,0,5,5,4,3
4005,3,4,1.548281366,2.55,0,2.55,0,0,0,6,5,3,4
4005,1,2,1.539866689,2.55,0,2.55,0,0,0,6,5,3,4
4005,0,3,1.495350992,2.55,0,2.55,0,0,0,6,6,3,3
4005,4,15,1.432203334,2.55,0,3.44,1,0,0,5,5,4,2
4005,2,15,1.426939993,2.55,0,3.44,1,0,0,5,5,4,2
4005,0,1,1.41006984,2.55,0,2.55,0,0,0,6,6,3,3
4005,0,18,1.401036536,2.55,0,2.55,0,0,0,6,6,3,2
4005,1,21,1.40043917,2.55,0,2.55,0,0,0,6,6,3,2
4005,20,21,1.399440993,2.55,0,2.55,0,0,0,6,6,2,2
4005,19,20,1.399295958,2.55,0,2.55,0,0,0,6,6,2,2
4005,18,19,1.394253187,2.55,0,2.55,0,0,0,6,6,2,2
4005,2,16,1.562256294,2.55,0,2.55,0,0,0,5,0,4,3
4005,6,7,1.542373044,2.55,0,2.55,0,0,0,5,0,3,2
4005,7,12,1.538521358,2.55,0,2.55,0,0,0,0,0,2,2
4005,12,27,1.532712337,2.55,0,2.55,0,0,0,0,0,2,1
4005,5,9,1.528228426,2.55,0,2.55,0,0,0,5,0,3,3
4005,16,41,1.523880283,2.55,0,2.55,0,0,0,0,0,3,1
4005,9,11,1.523547639,2.55,0,2.55,0,0,0,0,0,3,1
4005,4,17,1.519580998,2.55,0,2.55,0,0,0,5,0,4,1
4005,9,13,1.209603006,2.55,0,3.44,1,0,0,0,0,3,1
4005,3,14,1.20907307,2.55,0,3.44,1,0,0,6,0,3,1
4005,16,40,1.202096557,2.55,0,3.44,1,0,0,0,0,3,1
4006,2,6,1.544346412,2.55,0,2.55,0,0,0,5,5,2,3
4006,1,3,1.516967874,2.55,0,2.55,0,0,0,5,5,2,3
4006,3,6,1.516706739,2.55,0,2.55,0,0,0,5,5,3,3
4006,0,1,1.419522737,3.44,1,2.55,0,0,0,5,5,2,2
4006,0,2,1.411363527,3.44,1,2.55,0,0,0,5,5,2,2
4006,28,33,1.406948815,2.55,0,2.55,0,1,1,6,6,3,2
4006,28,29,1.406814711,2.55,0,2.55,0,1,1,6,6,3,2
4006,31,32,1.401126822,2.55,0,2.55,0,1,1,6,6,3,2
4006,30,31,1.400063781,2.55,0,2.55,0,1,1,6,6,2,3
4006,32,33,1.397912875,2.55,0,2.55,0,1,1,6,6,2,2
4006,29,30,1.393440555,2.55,0,2.55,0,1,1,6,6,2,2
4006,14,16,1.55846091,2.55,0,2.55,0,0,0,7,0,4,2
4006,14,15,1.549383262,2.55,0,2.55,0,0,0,7,0,4,1
4006,16,17,1.529336722,2.55,0,2.55,0,0,0,0,0,2,1
4006,13,14,1.517527695,2.55,0,2.55,0,0,0,7,7,2,4
4006,39,40,1.509259195,2.55,0,2.55,0,0,0,0,0,3,1
4006,6,11,1.504339959,2.55,0,2.55,0,0,0,5,7,3,2
4006,9,28,1.494282264,2.55,0,2.55,0,0,1,7,6,3,3
4006,10,14,1.480981038,3.04,2,2.55,0,0,0,7,7,2,4
4006,9,10,1.416634342,2.55,0,3.04,2,0,0,7,7,3,2
4006,31,38,1.387129057,2.55,0,3.44,1,1,0,6,0,3,2
4006,38,39,1.361188982,3.44,1,2.55,0,0,0,0,0,2,3
4006,3,9,1.348954203,2.55,0,2.55,0,0,0,5,7,3,3
4006,11,13,1.337729498,2.55,0,2.55,0,0,0,7,7,2,2
4006,39,41,1.202661929,2.55,0,3.44,1,0,0,0,0,3,1
4007,3,5,1.595449274,2.55,0,2.55,0,0,0,5,5,4,4
4007,4,7,1.569939651,2.55,0,2.55,0,0,0,5,5,3,3
4007,3,4,1.567531252,2.55,0,2.55,0,0,0,5,5,4,3
4007,3,17,1.556578167,2.55,0,2.55,0,0,0,5,5,4,2
4007,17,19,1.554245016,2.55,0,2.55,0,0,0,5,5,2,4
4007,18,19,1.545083547,2.55,0,2.55,0,0,0,5,5,2,4
4007,5,6,1.533496491,2.55,0,2.55,0,0,0,5,6,4,3
4007,1,3,1.517331195,2.55,0,2.55,0,1,0,5,5,3,4
4007,5,18,1.517308391,2.55,0,2.55,0,0,0,5,5,4,2
4007,7,9,1.510635216,2.55,0,2.55,0,0,0,5,6,3,2
4007,6,10,1.503040445,2.55,0,2.55,0,0,0,6,6,3,3
4007,2,4,1.452938883,3.04,2,2.55,0,0,0,5,5,3,3
4007,5,60,1.429777168,2.55,0,3.44,1,0,0,5,5,4,2
4007,7,60,1.41854195,2.55,0,3.44,1,0,0,5,5,3,2
4007,0,1,1.412936929,2.55,0,2.55,0,1,1,5,5,3,3
4007,0,34,1.402138157,2.55,0,2.55,0,1,1,5,6,3,2
4007,33,34,1.401690579,2.55,0,2.55,0,1,1,6,6,2,2
4007,31,32,1.397828531,2.55,0,2.55,0,1,1,6,6,2,3
4007,32,33,1.392530486,2.55,0,2.55,0,1,1,6,6,3,2
4007,1,31,1.391899371,2.55,0,2.55,0,1,1,5,6,3,2
4007,0,2,1.388538276,2.55,0,3.04,2,1,0,5,5,3,3
4007,9,10,1.354669379,2.55,0,2.55,0,0,0,6,6,2,3
4007,19,40,1.540888214,2.55,0,2.55,0,0,0,5,7,4,3
4007,19,39,1.535096681,2.55,0,2.55,0,0,0,5,7,4,3
4007,24,25,1.534136421,2.55,0,2.55,0,0,0,7,7,2,1
4007,50,51,1.514642052,2.55,0,2.55,0,0,0,7,7,2,1
4007,42,43,1.514130893,2.55,0,2.55,0,0,0,7,7,2,1
4007,2,24,1.448797356,3.04,2,2.55,0,0,0,5,7,3,2
4007,41,42,1.442155034,3.44,1,2.55,0,0,0,7,7,2,2
4007,49,50,1.440084989,3.44,1,2.55,0,0,0,7,7,2,2
4007,11,12,1.410524955,3.44,1,2.55,0,0,0,7,7,2,1
4007,40,49,1.343172782,2.55,0,3.44,1,0,0,7,7,3,2
4007,10,11,1.3430608,2.55,0,3.44,1,0,0,6,7,3,2
4007,39,41,1.341398103,2.55,0,3.44,1,0,0,7,7,3,2
4007,6,59,1.209758819,2.55,0,3.44,1,0,0,6,7,3,1
4007,39,57,1.206777373,2.55,0,3.44,1,0,0,7,7,3,1
4007,40,58,1.203672086,2.55,0,3.44,1,0,0,7,7,3,1
4008,1,4,1.574398996,2.55,0,2.55,0,0,0,5,5,3,3
4008,2,3,1.551717449,2.55,0,2.55,0,0,0,5,6,4,3
4008,0,2,1.539537029,2.55,0,2.55,0,0,0,5,5,3,4
4008,4,5,1.525623674,2.55,0,2.55,0,0,0,5,6,3,3
4008,0,1,1.52233401,2.55,0,2.55,0,0,0,5,5,3,3
4008,3,6,1.479633949,2.55,0,2.55,0,0,0,6,6,3,2
4008,2,9,1.437453283,2.55,0,3.44,1,0,0,5,5,4,2
4008,4,9,1.410613723,2.55,0,3.44,1,0,0,5,5,3,2
4008,5,6,1.352437233,2.55,0,2.55,0,0,0,6,6,3,2
4008,7,31,1.549027645,2.55,0,2.55,0,0,0,7,7,2,2
4008,2,12,1.546434392,2.55,0,2.55,0,0,0,5,0,4,3
4008,19,20,1.535681623,2.55,0,2.55,0,0,0,0,0,2,1
4008,30,31,1.530366201,2.55,0,2.55,0,0,0,7,7,2,2
4008,5,7,1.518127195,2.55,0,2.55,0,0,0,6,7,3,2
4008,1,28,1.513320325,2.55,0,2.55,0,0,0,5,7,3,3
4008,12,14,1.510293209,2.55,0,2.55,0,0,0,0,0,3,1
4008,18,19,1.50193902,2.55,0,2.55,0,0,0,0,0,2,2
4008,29,30,1.43573932,3.44,1,2.55,0,0,0,7,7,2,2
4008,28,29,1.353040776,2.55,0,3.44,1,0,0,7,7,3,2
4008,0,18,1.33999349,2.55,0,2.55,0,0,0,5,0,3,2
4008,3,8,1.214847187,2.55,0,3.44,1,0,0,6,0,3,1
4008,12,13,1.206770987,2.55,0,3.44,1,0,0,0,0,3,1
4008,28,38,1.204965344,2.55,0,3.44,1,0,0,7,0,3,1
4009,7,13,1.540108434,2.55,0,2.55,0,0,0,3,3,4,2
4009,6,7,1.524492454,2.55,0,2.55,0,0,0,5,3,3,4
4009,7,8,1.5162336,2.55,0,2.55,0,0,0,3,3,4,4
4009,5,8,1.515945855,2.55,0,2.55,0,0,0,5,3,3,4
4009,8,13,1.498695383,2.55,0,2.55,0,0,0,3,3,4,2
4009,1,6,1.48944531,2.55,0,2.55,0,0,0,5,5,3,3
4009,1,5,1.356926165,2.55,0,2.55,0,0,0,5,5,3,3
4009,8,16,1.527734266,2.55,0,2.55,0,0,0,3,0,4,3
4009,16,24,1.513674118,2.55,0,2.55,0,0,0,0,0,3,1
4009,7,17,1.512733141,2.55,0,2.55,0,0,0,3,0,4,3
4009,17,20,1.508436433,2.55,0,2.55,0,0,0,0,0,3,1
4009,0,1,1.49567921,2.55,0,2.55,0,0,0,0,5,1,3
4009,5,9,1.495532776,2.55,0,2.55,0,0,0,5,0,3,1
4009,6,18,1.215044219,2.55,0,3.44,1,0,0,5,0,3,1
4009,17,19,1.214319018,2.55,0,3.44,1,0,0,0,0,3,1
4009,16,28,1.209008927,2.55,0,3.44,1,0,0,0,0,3,1
4009-2,7,13,1.536999298,2.55,0,2.55,0,0,0,3,3,4,2
4009-2,6,7,1.525245729,2.55,0,2.55,0,0,0,5,3,3,4
4009-2,7,8,1.516030499,2.55,0,2.55,0,0,0,3,3,4,4
4009-2,5,8,1.51570929,2.55,0,2.55,0,0,0,5,3,3,4
4009-2,8,13,1.500517663,2.55,0,2.55,0,0,0,3,3,4,2
4009-2,1,6,1.489256265,2.55,0,2.55,0,0,0,5,5,3,3
4009-2,1,5,1.35706693,2.55,0,2.55,0,0,0,5,5,3,3
4009-2,8,16,1.52744274,2.55,0,2.55,0,0,0,3,0,4,3
4009-2,7,17,1.514002935,2.55,0,2.55,0,0,0,3,0,4,3
4009-2,16,24,1.513628025,2.55,0,2.55,0,0,0,0,0,3,1
4009-2,17,20,1.50853135,2.55,0,2.55,0,0,0,0,0,3,1
4009-2,0,1,1.495669466,2.55,0,2.55,0,0,0,0,5,1,3
4009-2,5,9,1.495590279,2.55,0,2.55,0,0,0,5,0,3,1
4009-2,6,18,1.214905871,2.55,0,3.44,1,0,0,5,0,3,1
4009-2,17,19,1.213771924,2.55,0,3.44,1,0,0,0,0,3,1
4009-2,16,28,1.209221014,2.55,0,3.44,1,0,0,0,0,3,1
4010,6,7,1.550938474,2.55,0,2.55,0,0,0,5,3,3,4
4010,1,5,1.546993762,2.55,0,2.55,0,0,0,5,5,4,2
4010,5,8,1.539397473,2.55,0,2.55,0,0,0,5,3,2,4
4010,1,6,1.538105836,2.55,0,2.55,0,0,0,5,5,4,3
4010,7,8,1.530203104,2.55,0,2.55,0,0,0,3,3,4,4
4010,8,9,1.526108381,2.55,0,2.55,0,0,0,3,3,4,4
4010,7,9,1.495797743,2.55,0,2.55,0,0,0,3,3,4,4
4010,1,19,1.551912877,2.55,0,2.55,0,0,0,5,0,4,1
4010,0,1,1.530433654,2.55,0,2.55,0,0,0,0,5,1,4
4010,7,13,1.511852095,2.55,0,2.55,0,0,0,3,0,4,3
4010,8,12,1.511849285,2.55,0,2.55,0,0,0,3,0,4,3
4010,16,25,1.430579238,3.44,1,2.55,0,0,0,0,0,2,1
4010,17,29,1.429785228,3.44,1,2.55,0,0,0,0,0,2,1
4010,12,17,1.335830528,2.55,0,3.44,1,0,0,0,0,3,2
4010,13,16,1.330918007,2.55,0,3.44,1,0,0,0,0,3,2
4010,12,18,1.206735907,2.55,0,3.44,1,0,0,0,0,3,1
4010,13,15,1.206245313,2.55,0,3.44,1,0,0,0,0,3,1
4010,6,14,1.199674165,2.55,0,3.44,1,0,0,5,0,3,1
4010-2,1,5,1.549581829,2.55,0,2.55,0,0,0,5,5,4,2
4010-2,5,8,1.545480809,2.55,0,2.55,0,0,0,5,3,2,4
4010-2,1,6,1.542715745,2.55,0,2.55,0,0,0,5,5,4,3
4010-2,6,7,1.539665142,2.55,0,2.55,0,0,0,5,3,3,4
4010-2,7,8,1.536073556,2.55,0,2.55,0,0,0,3,3,4,4
4010-2,7,9,1.524115541,2.55,0,2.55,0,0,0,3,3,4,4
4010-2,8,9,1.497425182,2.55,0,2.55,0,0,0,3,3,4,4
4010-2,0,1,1.548967108,2.55,0,2.55,0,0,0,0,5,1,4
4010-2,1,19,1.529757462,2.55,0,2.55,0,0,0,5,0,4,1
4010-2,8,12,1.511921195,2.55,0,2.55,0,0,0,3,0,4,3
4010-2,7,13,1.51066622,2.55,0,2.55,0,0,0,3,0,4,3
4010-2,17,29,1.431384305,3.44,1,2.55,0,0,0,0,0,2,1
4010-2,16,25,1.429011103,3.44,1,2.55,0,0,0,0,0,2,1
4010-2,12,17,1.343671948,2.55,0,3.44,1,0,0,0,0,3,2
4010-2,13,16,1.341833001,2.55,0,3.44,1,0,0,0,0,3,2
4010-2,13,15,1.203408683,2.55,0,3.44,1,0,0,0,0,3,1
4010-2,12,18,1.20197863,2.55,0,3.44,1,0,0,0,0,3,1
4010-2,6,14,1.199817103,2.55,0,3.44,1,0,0,5,0,3,1
4011,7,8,1.555735739,2.55,0,2.55,0,1,1,3,3,4,4
4011,6,7,1.530201331,2.55,0,2.55,0,1,1,5,3,3,4
4011,5,8,1.51723619,2.55,0,2.55,0,1,1,5,3,3,4
4011,7,13,1.502258326,2.55,0,2.55,0,1,0,3,3,4,4
4011,8,13,1.498891953,2.55,0,2.55,0,1,0,3,3,4,4
4011,1,6,1.483312863,2.55,0,2.55,0,1,1,5,5,3,3
4011,1,5,1.356267279,2.55,0,2.55,0,1,1,5,5,3,3
4011,16,23,1.534337876,2.55,0,2.55,0,0,0,0,0,2,1
4011,17,19,1.531760643,2.55,0,2.55,0,0,0,0,0,2,1
4011,7,17,1.526481215,2.55,0,2.55,0,1,0,3,0,4,2
4011,8,16,1.525085614,2.55,0,2.55,0,1,0,3,0,4,2
4011,5,9,1.49590713,2.55,0,2.55,0,1,0,5,0,3,1
4011,0,1,1.495167994,2.55,0,2.55,0,0,1,0,5,1,3
4011,6,18,1.212729397,2.55,0,3.44,1,1,0,5,0,3,1
4012,1,5,1.555927396,2.55,0,2.55,0,0,0,5,5,3,3
4012,5,8,1.551792201,2.55,0,2.55,0,0,0,5,3,3,4
4012,6,7,1.534790793,2.55,0,2.55,0,0,0,5,3,3,4
4012,8,13,1.531151627,2.55,0,2.55,0,0,0,3,3,4,4
4012,7,8,1.530231295,2.55,0,2.55,0,0,0,3,3,4,4
4012,1,6,1.528753084,2.55,0,2.55,0,0,0,5,5,3,3
4012,7,13,1.498186077,2.55,0,2.55,0,0,0,3,3,4,4
4012,7,17,1.540379996,2.55,0,2.55,0,0,0,3,0,4,3
4012,5,9,1.538326494,2.55,0,2.55,0,0,0,5,0,3,1
4012,0,1,1.530473842,2.55,0,2.55,0,0,0,0,5,1,3
4012,13,14,1.529085327,2.55,0,2.55,0,0,0,3,0,4,3
4012,8,16,1.524147819,2.55,0,2.55,0,0,0,3,0,4,3
4012,16,24,1.518908964,2.55,0,2.55,0,0,0,0,0,3,1
4012,17,20,1.502454839,2.55,0,2.55,0,0,0,0,0,3,1
4012,31,32,1.432193384,3.44,1,2.55,0,0,0,0,0,2,1
4012,14,31,1.336833172,2.55,0,3.44,1,0,0,0,0,3,2
4012,16,28,1.212165535,2.55,0,3.44,1,0,0,0,0,3,1
4012,17,19,1.207504268,2.55,0,3.44,1,0,0,0,0,3,1
4012,6,18,1.204378495,2.55,0,3.44,1,0,0,5,0,3,1
4012,14,36,1.202968102,2.55,0,3.44,1,0,0,0,0,3,1
4012-2,5,8,1.563582406,2.55,0,2.55,0,0,0,5,3,3,4
4012-2,1,5,1.5594604,2.55,0,2.55,0,0,0,5,5,3,3
4012-2,6,7,1.544301016,2.55,0,2.55,0,0,0,5,3,3,4
4012-2,1,6,1.532432812,2.55,0,2.55,0,0,0,5,5,3,3
4012-2,8,13,1.531221476,2.55,0,2.55,0,0,0,3,3,4,4
4012-2,7,13,1.516374484,2.55,0,2.55,0,0,0,3,3,4,4
4012-2,7,8,1.511521716,2.55,0,2.55,0,0,0,3,3,4,4
4012-2,7,17,1.539356681,2.55,0,2.55,0,0,0,3,0,4,3
4012-2,5,9,1.535007926,2.55,0,2.55,0,0,0,5,0,3,1
4012-2,8,16,1.530506109,2.55,0,2.55,0,0,0,3,0,4,3
4012-2,0,1,1.526788776,2.55,0,2.55,0,0,0,0,5,1,3
4012-2,16,24,1.514430411,2.55,0,2.55,0,0,0,0,0,3,1
4012-2,13,14,1.511950248,2.55,0,2.55,0,0,0,3,0,4,3
4012-2,17,20,1.510247564,2.55,0,2.55,0,0,0,0,0,3,1
4012-2,31,32,1.43224779,3.44,1,2.55,0,0,0,0,0,2,1
4012-2,14,31,1.328948144,2.55,0,3.44,1,0,0,0,0,3,2
4012-2,14,36,1.210873969,2.55,0,3.44,1,0,0,0,0,3,1
4012-2,16,28,1.210310481,2.55,0,3.44,1,0,0,0,0,3,1
4012-2,17,19,1.204763398,2.55,0,3.44,1,0,0,0,0,3,1
4012-2,6,18,1.202126291,2.55,0,3.44,1,0,0,5,0,3,1
4013,3,4,1.547907821,2.55,0,2.55,0,0,0,5,5,3,3
4013,1,4,1.529294788,2.55,0,2.55,0,0,0,5,5,3,3
4013,2,3,1.462861235,3.44,1,2.55,0,0,0,5,5,2,3
4013,30,32,1.41046319,2.55,0,2.55,0,1,1,6,6,3,2
4013,8,9,1.409693868,2.55,0,2.55,0,1,1,6,6,3,2
4013,30,34,1.408721101,2.55,0,2.55,0,1,1,6,6,3,2
4013,8,13,1.408040523,2.55,0,2.55,0,1,1,6,6,3,2
4013,10,11,1.401203971,2.55,0,2.55,0,1,1,6,6,2,3
4013,33,36,1.40087833,2.55,0,2.55,0,1,1,6,6,2,2
4013,11,12,1.399527765,2.55,0,2.55,0,1,1,6,6,3,2
4013,35,36,1.397441449,2.55,0,2.55,0,1,1,6,6,2,2
4013,34,35,1.39656746,2.55,0,2.55,0,1,1,6,6,2,2
4013,12,13,1.395265027,2.55,0,2.55,0,1,1,6,6,2,2
4013,32,33,1.393797824,2.55,0,2.55,0,1,1,6,6,2,2
4013,9,10,1.391368349,2.55,0,2.55,0,1,1,6,6,2,2
4013,0,2,1.358351012,3.04,2,3.44,1,0,0,5,5,2,2
4013,0,1,1.287882939,3.04,2,2.55,0,0,0,5,5,2,3
4013,4,5,1.524368088,2.55,0,2.55,0,0,0,5,0,3,3
4013,11,22,1.508797265,2.55,0,2.55,0,1,0,6,0,3,4
4013,3,26,1.491891946,2.55,0,2.55,0,0,0,5,0,3,2
4013,1,8,1.472396677,2.55,0,2.55,0,0,1,5,6,3,3
4013,28,30,1.470936964,2.55,0,2.55,0,0,1,0,6,2,3
4013,6,18,1.432656302,3.44,1,2.55,0,0,0,0,0,2,1
4013,26,28,1.344846913,2.55,0,2.55,0,0,0,0,0,2,2
4013,5,6,1.344646152,2.55,0,3.44,1,0,0,0,0,3,2
4013,5,7,1.204898455,2.55,0,3.44,1,0,0,0,0,3,1
4014,16,17,1.576166806,2.55,0,2.55,0,0,0,5,5,3,3
4014,4,12,1.559853172,2.55,0,2.55,0,0,0,5,5,3,3
4014,14,16,1.555313506,2.55,0,2.55,0,0,0,5,5,3,3
4014,3,4,1.555057084,2.55,0,2.55,0,0,0,5,5,3,3
4014,12,17,1.55352129,2.55,0,2.55,0,0,0,5,5,3,3
4014,14,18,1.548648138,2.55,0,2.55,0,0,0,5,5,3,2
4014,12,18,1.547772433,2.55,0,2.55,0,0,0,5,5,3,2
4014,16,23,1.544549004,2.55,0,2.55,0,0,0,5,6,3,3
4014,17,25,1.539138561,2.55,0,2.55,0,0,0,5,6,3,3
4014,3,14,1.537127952,2.55,0,2.55,0,0,0,5,5,3,3
4014,23,27,1.524332871,2.55,0,2.55,0,0,0,6,6,3,2
4014,25,30,1.52332303,2.55,0,2.55,0,0,0,6,6,3,3
4014,1,4,1.504434584,2.55,0,2.55,0,0,0,5,5,3,3
4014,2,3,1.462350659,3.44,1,2.55,0,0,0,5,5,2,3
4014,0,2,1.377653778,3.04,2,3.44,1,0,0,5,5,2,2
4014,27,30,1.337108426,2.55,0,2.55,0,0,0,6,6,2,3
4014,0,1,1.274284637,3.04,2,2.55,0,0,0,5,5,2,3
4014,6,7,1.505096716,2.55,0,2.55,0,0,0,0,0,1,3
4014,35,36,1.50377837,2.55,0,2.55,0,0,0,0,0,3,1
4014,25,31,1.430122004,2.55,0,3.44,1,0,0,6,0,3,1
4014,23,29,1.419765156,2.55,0,3.44,1,0,0,6,0,3,1
4014,30,34,1.399437341,2.55,0,3.44,1,0,0,6,0,3,2
4014,1,5,1.375751684,2.55,0,3.44,1,0,0,5,0,3,2
4014,5,7,1.371608478,3.44,1,2.55,0,0,0,0,0,2,3
4014,34,35,1.35212557,3.44,1,2.55,0,0,0,0,0,2,3
4014,35,41,1.210933308,2.55,0,3.44,1,0,0,0,0,3,1
4014,7,8,1.200011281,2.55,0,3.44,1,0,0,0,0,3,1
4015,9,10,1.575911817,2.55,0,2.55,0,0,0,5,5,3,3
4015,4,5,1.561593255,2.55,0,2.55,0,0,0,5,5,3,3
4015,7,9,1.556685431,2.55,0,2.55,0,0,0,5,5,3,3
4015,5,10,1.552179139,2.55,0,2.55,0,0,0,5,5,3,3
4015,3,4,1.549861233,2.55,0,2.55,0,0,0,5,5,3,3
4015,5,11,1.548948663,2.55,0,2.55,0,0,0,5,5,3,2
4015,7,11,1.548310957,2.55,0,2.55,0,0,0,5,5,3,2
4015,9,16,1.544144652,2.55,0,2.55,0,0,0,5,6,3,3
4015,10,18,1.539954293,2.55,0,2.55,0,0,0,5,6,3,3
4015,3,7,1.537385702,2.55,0,2.55,0,0,0,5,5,3,3
4015,16,20,1.524185978,2.55,0,2.55,0,0,0,6,6,3,2
4015,18,23,1.522764299,2.55,0,2.55,0,0,0,6,6,3,3
4015,1,4,1.514426708,2.55,0,2.55,0,0,0,5,5,3,3
4015,2,3,1.456734762,3.44,1,2.55,0,0,0,5,5,2,3
4015,36,37,1.411316832,2.55,0,2.55,0,1,1,6,6,3,2
4015,36,41,1.405020366,2.55,0,2.55,0,1,1,6,6,3,2
4015,38,39,1.404448294,2.55,0,2.55,0,1,1,6,6,2,3
4015,40,41,1.399476021,2.55,0,2.55,0,1,1,6,6,2,2
4015,39,40,1.398967005,2.55,0,2.55,0,1,1,6,6,3,2
4015,37,38,1.387949743,2.55,0,2.55,0,1,1,6,6,2,2
4015,0,2,1.374899504,3.04,2,3.44,1,0,0,5,5,2,2
4015,20,23,1.33712337,2.55,0,2.55,0,0,0,6,6,2,3
4015,0,1,1.288729085,3.04,2,2.55,0,0,0,5,5,2,3
4015,47,48,1.509302252,2.55,0,2.55,0,0,0,0,0,3,1
4015,28,29,1.503775319,2.55,0,2.55,0,0,0,0,0,3,1
4015,1,36,1.470621401,2.55,0,2.55,0,0,1,5,6,3,3
4015,18,24,1.43000467,2.55,0,3.44,1,0,0,6,0,3,1
4015,16,22,1.419819493,2.55,0,3.44,1,0,0,6,0,3,1
4015,23,27,1.39973225,2.55,0,3.44,1,0,0,6,0,3,2
4015,39,46,1.386822957,2.55,0,3.44,1,1,0,6,0,3,2
4015,46,47,1.360634679,3.44,1,2.55,0,0,0,0,0,2,3
4015,27,28,1.352395516,3.44,1,2.55,0,0,0,0,0,2,3
4015,28,34,1.210910548,2.55,0,3.44,1,0,0,0,0,3,1
4015,47,52,1.202904903,2.55,0,3.44,1,0,0,0,0,3,1
4016,17,19,1.593269874,2.55,0,2.55,0,0,0,5,5,4,4
4016,13,19,1.521719372,2.55,0,2.55,0,1,0,5,5,3,4
4016,16,17,1.506115228,2.55,0,2.55,0,0,0,6,5,2,4
4016,17,18,1.467554783,2.55,0,3.44,1,0,0,5,6,4,2
4016,2,15,1.457516562,2.55,0,2.55,0,1,0,6,6,3,2
4016,17,20,1.448418261,2.55,0,3.04,2,0,0,5,5,4,3
4016,0,1,1.42210305,2.55,0,2.55,0,1,1,6,6,3,3
4016,10,11,1.408013603,2.55,0,2.55,0,1,1,6,6,3,2
4016,1,2,1.407211778,2.55,0,2.55,0,1,1,6,6,3,3
4016,13,14,1.407203481,2.55,0,2.55,0,1,1,5,5,3,3
4016,2,3,1.40298192,2.55,0,2.55,0,1,1,6,6,3,2
4016,4,5,1.402713262,2.55,0,2.55,0,1,1,6,6,3,2
4016,7,14,1.400649691,2.55,0,2.55,0,1,1,6,5,2,3
4016,8,10,1.40053938,2.55,0,2.55,0,1,1,6,6,2,3
4016,7,8,1.398388115,2.55,0,2.55,0,1,1,6,6,2,2
4016,0,5,1.394624604,2.55,0,2.55,0,1,1,6,6,3,2
4016,14,20,1.389928264,2.55,0,3.04,2,1,0,5,5,3,3
4016,3,4,1.388675003,2.55,0,2.55,0,1,1,6,6,2,3
4016,11,13,1.385719407,2.55,0,2.55,0,1,1,6,5,2,3
4016,15,16,1.343543417,2.55,0,2.55,0,0,0,6,6,2,2
4016,1,18,1.342185915,2.55,0,3.44,1,1,0,6,6,3,2
4016,19,25,1.545399393,2.55,0,2.55,0,0,0,5,0,4,1
4016,29,40,1.53415782,2.55,0,2.55,0,0,0,0,0,2,2
4016,19,21,1.534076767,2.55,0,2.55,0,0,0,5,0,4,1
4016,40,43,1.531435323,2.55,0,2.55,0,0,0,0,0,2,2
4016,43,46,1.529797288,2.55,0,2.55,0,0,0,0,0,2,1
4016,10,39,1.503691546,2.55,0,2.55,0,1,0,6,0,3,4
4016,4,35,1.470287072,2.55,0,3.04,2,1,0,6,0,3,3
4016,20,29,1.456040275,3.04,2,2.55,0,0,0,5,0,3,2
4016,33,34,1.413167138,3.44,1,2.55,0,0,0,0,0,2,1
4016,0,33,1.349552791,2.55,0,3.44,1,1,0,6,0,3,2
4016,35,37,1.223243927,3.04,2,3.44,1,0,0,0,0,3,1
4016,35,36,1.22237763,3.04,2,3.44,1,0,0,0,0,3,1
4017,17,19,1.593063291,2.55,0,2.55,0,0,0,5,5,4,4
4017,13,19,1.521873137,2.55,0,2.55,0,1,0,5,5,3,4
4017,16,17,1.504749792,2.55,0,2.55,0,0,0,6,5,2,4
4017,17,18,1.463539808,2.55,0,3.44,1,0,0,5,6,4,2
4017,2,15,1.461711833,2.55,0,2.55,0,0,0,6,6,3,2
4017,17,20,1.446997698,2.55,0,3.04,2,0,0,5,5,4,3
4017,0,1,1.419737282,2.55,0,2.55,0,0,0,6,6,3,3
4017,2,3,1.419029922,2.55,0,2.55,0,0,0,6,6,3,3
4017,13,14,1.407162774,2.55,0,2.55,0,1,1,5,5,3,3
4017,10,11,1.407038568,2.55,0,2.55,0,1,1,6,6,2,2
4017,7,8,1.404241095,2.55,0,2.55,0,1,1,6,6,2,2
4017,1,2,1.40289701,2.55,0,2.55,0,0,0,6,6,3,3
4017,4,5,1.401392666,2.55,0,2.55,0,0,0,6,6,2,2
4017,7,14,1.39845814,2.55,0,2.55,0,1,1,6,5,2,3
4017,0,5,1.397664416,2.55,0,2.55,0,0,0,6,6,3,2
4017,8,10,1.396683269,2.55,0,2.55,0,1,1,6,6,2,2
4017,14,20,1.395832019,2.55,0,3.04,2,1,0,5,5,3,3
4017,3,4,1.391425798,2.55,0,2.55,0,0,0,6,6,3,2
4017,11,13,1.387792985,2.55,0,2.55,0,1,1,6,5,2,3
4017,1,18,1.34909022,2.55,0,3.44,1,0,0,6,6,3,2
4017,15,16,1.343804744,2.55,0,2.55,0,0,0,6,6,2,2
4017,19,25,1.545256943,2.55,0,2.55,0,0,0,5,0,4,1
4017,29,35,1.534525269,2.55,0,2.55,0,0,0,0,0,2,2
4017,19,21,1.534092562,2.55,0,2.55,0,0,0,5,0,4,1
4017,35,38,1.531446803,2.55,0,2.55,0,0,0,0,0,2,2
4017,38,41,1.52994781,2.55,0,2.55,0,0,0,0,0,2,1
4017,3,52,1.506651768,2.55,0,2.55,0,0,0,6,0,3,4
4017,20,29,1.454100403,3.04,2,2.55,0,0,0,5,0,3,2
4017,33,34,1.410706696,3.44,1,2.55,0,0,0,0,0,2,1
4017,0,33,1.350462937,2.55,0,3.44,1,0,0,6,0,3,2
4018,19,21,1.596679454,2.55,0,2.55,0,0,0,5,5,4,4
4018,15,21,1.521662272,2.55,0,2.55,0,1,0,5,5,3,4
4018,18,19,1.506194542,2.55,0,2.55,0,0,0,6,5,2,4
4018,19,20,1.467275349,2.55,0,3.44,1,0,0,5,6,4,2
4018,2,17,1.456042632,2.55,0,2.55,0,1,0,6,6,3,2
4018,19,22,1.448915657,2.55,0,3.04,2,0,0,5,5,4,3
4018,12,13,1.412943907,2.55,0,2.55,0,1,1,6,6,3,2
4018,0,1,1.411688879,2.55,0,2.55,0,1,1,6,6,3,3
4018,1,2,1.408904721,2.55,0,2.55,0,1,1,6,6,3,3
4018,15,16,1.405941485,2.55,0,2.55,0,1,1,5,5,3,3
4018,2,3,1.405314865,2.55,0,2.55,0,1,1,6,6,3,2
4018,9,10,1.404340309,2.55,0,2.55,0,1,1,6,6,2,2
4018,10,12,1.401691273,2.55,0,2.55,0,1,1,6,6,2,3
4018,0,6,1.3999764,2.55,0,2.55,0,1,1,6,6,3,2
4018,5,6,1.399690229,2.55,0,2.55,0,1,1,6,6,2,2
4018,16,22,1.398583099,2.55,0,3.04,2,1,0,5,5,3,3
4018,9,16,1.396078287,2.55,0,2.55,0,1,1,6,5,2,3
4018,3,5,1.393821231,2.55,0,2.55,0,1,1,6,6,2,2
4018,13,15,1.387144396,2.55,0,2.55,0,1,1,6,5,2,3
4018,1,20,1.354832801,2.55,0,3.44,1,1,0,6,6,3,2
4018,17,18,1.344322081,2.55,0,2.55,0,0,0,6,6,2,2
4018,21,23,1.559672763,2.55,0,2.55,0,0,0,5,0,4,2
4018,34,35,1.537192462,2.55,0,2.55,0,0,0,0,0,2,1
4018,21,24,1.535931214,2.55,0,2.55,0,0,0,5,0,4,1
4018,23,43,1.531504589,2.55,0,2.55,0,0,0,0,0,2,1
4018,12,34,1.515205482,2.55,0,2.55,0,1,0,6,0,3,2
4018,22,28,1.445886137,3.04,2,2.55,0,0,0,5,0,3,1
4018,32,33,1.4214761,3.44,1,2.55,0,0,0,0,0,2,1
4018,0,32,1.365333947,2.55,0,3.44,1,1,0,6,0,3,2
4019,17,19,1.590800156,2.55,0,2.55,0,0,0,5,5,4,4
4019,13,19,1.521519637,2.55,0,2.55,0,1,0,5,5,3,4
4019,16,17,1.511613469,2.55,0,2.55,0,0,0,6,5,2,4
4019,17,20,1.480435747,2.55,0,3.04,2,0,0,5,5,4,3
4019,2,15,1.456676388,2.55,0,2.55,0,1,0,6,6,3,2
4019,17,18,1.431997479,2.55,0,3.44,1,0,0,5,6,4,2
4019,1,2,1.412899084,2.55,0,2.55,0,1,1,6,6,3,3
4019,0,1,1.40966748,2.55,0,2.55,0,1,1,6,6,3,3
4019,13,14,1.408260947,2.55,0,2.55,0,1,1,5,5,3,3
4019,29,39,1.407819206,2.55,0,2.55,0,0,0,6,6,3,2
4019,29,41,1.405605305,2.55,0,2.55,0,0,0,6,6,3,2
4019,10,11,1.405298185,2.55,0,2.55,0,1,1,6,6,2,2
4019,40,43,1.404454458,2.55,0,2.55,0,0,0,6,6,2,3
4019,42,43,1.402629592,2.55,0,2.55,0,0,0,6,6,2,3
4019,7,8,1.402402866,2.55,0,2.55,0,1,1,6,6,2,2
4019,14,20,1.400081393,2.55,0,3.04,2,1,0,5,5,3,3
4019,7,14,1.399768755,2.55,0,2.55,0,1,1,6,5,2,3
4019,2,3,1.399319107,2.55,0,2.55,0,1,1,6,6,3,2
4019,8,10,1.397872962,2.55,0,2.55,0,1,1,6,6,2,2
4019,4,5,1.397393338,2.55,0,2.55,0,1,1,6,6,3,2
4019,41,42,1.396416877,2.55,0,2.55,0,0,0,6,6,2,2
4019,39,40,1.394461191,2.55,0,2.55,0,0,0,6,6,2,2
4019,3,4,1.392597174,2.55,0,2.55,0,1,1,6,6,2,3
4019,11,13,1.389362686,2.55,0,2.55,0,1,1,6,5,2,3
4019,0,5,1.38878885,2.55,0,2.55,0,1,1,6,6,3,2
4019,1,18,1.345534629,2.55,0,3.44,1,1,0,6,6,3,2
4019,15,16,1.341439318,2.55,0,2.55,0,0,0,6,6,2,2
4019,19,25,1.544972981,2.55,0,2.55,0,0,0,5,0,4,1
4019,19,21,1.533449472,2.55,0,2.55,0,0,0,5,0,4,1
4019,43,48,1.509577147,2.55,0,2.55,0,0,0,6,0,3,1
4019,34,52,1.503883406,2.55,0,2.55,0,0,0,0,0,3,1
4019,4,35,1.471181893,2.55,0,3.04,2,1,0,6,0,3,3
4019,20,29,1.412392683,3.04,2,2.55,0,0,0,5,6,3,3
4019,0,33,1.38060922,2.55,0,3.44,1,1,0,6,0,3,2
4019,33,34,1.372826583,3.44,1,2.55,0,0,0,0,0,2,3
4019,35,36,1.222025989,3.04,2,3.44,1,0,0,0,0,3,1
4019,35,37,1.221785498,3.04,2,3.44,1,0,0,0,0,3,1
4019,34,56,1.199692474,2.55,0,3.44,1,0,0,0,0,3,1
4020,17,19,1.58969882,2.55,0,2.55,0,0,0,5,5,4,4
4020,13,19,1.522352103,2.55,0,2.55,0,1,0,5,5,3,4
4020,16,17,1.503937739,2.55,0,2.55,0,0,0,6,5,2,4
4020,17,18,1.478092926,2.55,0,3.44,1,0,0,5,6,4,2
4020,2,15,1.45499689,2.55,0,2.55,0,0,0,6,6,3,2
4020,17,20,1.444650645,2.55,0,3.04,2,0,0,5,5,4,3
4020,1,2,1.413569182,2.55,0,2.55,0,0,0,6,6,3,3
4020,0,1,1.411771413,2.55,0,2.55,0,0,0,6,6,3,3
4020,10,11,1.406768076,2.55,0,2.55,0,1,1,6,6,2,2
4020,13,14,1.406411402,2.55,0,2.55,0,1,1,5,5,3,3
4020,7,8,1.404312805,2.55,0,2.55,0,1,1,6,6,2,2
4020,14,20,1.399393533,2.55,0,3.04,2,1,0,5,5,3,3
4020,4,5,1.3992913,2.55,0,2.55,0,0,0,6,6,3,2
4020,2,3,1.399122475,2.55,0,2.55,0,0,0,6,6,3,2
4020,7,14,1.397623218,2.55,0,2.55,0,1,1,6,5,2,3
4020,8,10,1.397332241,2.55,0,2.55,0,1,1,6,6,2,2
4020,3,4,1.392633028,2.55,0,2.55,0,0,0,6,6,2,3
4020,11,13,1.388224006,2.55,0,2.55,0,1,1,6,5,2,3
4020,0,5,1.387547584,2.55,0,2.55,0,0,0,6,6,3,2
4020,15,16,1.344048707,2.55,0,2.55,0,0,0,6,6,2,2
4020,1,18,1.334830211,2.55,0,3.44,1,0,0,6,6,3,2
4020,19,25,1.545966797,2.55,0,2.55,0,0,0,5,0,4,1
4020,19,21,1.533526058,2.55,0,2.55,0,0,0,5,0,4,1
4020,52,57,1.531462171,2.55,0,2.55,0,0,0,0,0,4,1
4020,52,53,1.530099238,2.55,0,2.55,0,0,0,0,0,4,1
4020,52,61,1.528974679,2.55,0,2.55,0,0,0,0,0,4,1
4020,29,39,1.528127107,2.55,0,2.55,0,0,0,0,0,2,2
4020,51,52,1.475924866,3.44,1,2.55,0,0,0,0,0,2,4
4020,4,35,1.469574506,2.55,0,3.04,2,0,0,6,0,3,3
4020,20,29,1.453065372,3.04,2,2.55,0,0,0,5,0,3,2
4020,39,42,1.402996746,2.55,0,3.44,1,0,0,0,0,2,2
4020,42,45,1.402252362,3.44,1,2.55,0,0,0,0,0,2,1
4020,0,33,1.37876814,2.55,0,3.44,1,0,0,6,0,3,2
4020,33,34,1.365836424,3.44,1,2.55,0,0,0,0,0,2,3
4020,34,51,1.321606363,2.55,0,3.44,1,0,0,0,0,3,2
4020,35,36,1.222667233,3.04,2,3.44,1,0,0,0,0,3,1
4020,35,37,1.221986425,3.04,2,3.44,1,0,0,0,0,3,1
4020,34,50,1.20275293,2.55,0,3.44,1,0,0,0,0,3,1
4021,21,51,1.570852457,2.55,0,2.55,0,0,0,6,6,2,2
4021,50,51,1.566583681,2.55,0,2.55,0,0,0,6,6,2,2
4021,17,19,1.56398003,2.55,0,2.55,0,0,0,5,5,4,4
4021,19,21,1.530590127,2.55,0,2.55,0,0,0,5,6,4,2
4021,13,19,1.526003293,2.55,0,2.55,0,0,0,5,5,3,4
4021,16,17,1.514444662,2.55,0,2.55,0,0,0,6,5,3,4
4021,16,50,1.506505031,2.55,0,2.55,0,0,0,6,6,3,2
4021,17,18,1.480047754,2.55,0,3.44,1,0,0,5,6,4,2
4021,2,15,1.45613664,2.55,0,2.55,0,0,0,6,6,3,2
4021,17,20,1.454372183,2.55,0,3.04,2,0,0,5,5,4,3
4021,13,14,1.41867421,2.55,0,2.55,0,0,0,5,5,3,3
4021,1,2,1.414509094,2.55,0,2.55,0,0,0,6,6,3,3
4021,0,1,1.41093061,2.55,0,2.55,0,0,0,6,6,3,3
4021,10,11,1.409903909,2.55,0,2.55,0,0,0,6,6,2,2
4021,14,20,1.408305046,2.55,0,3.04,2,0,0,5,5,3,3
4021,7,8,1.407643857,2.55,0,2.55,0,0,0,6,6,2,2
4021,2,3,1.406385043,2.55,0,2.55,0,0,0,6,6,3,2
4021,4,5,1.403655615,2.55,0,2.55,0,0,0,6,6,2,2
4021,0,5,1.400765675,2.55,0,2.55,0,0,0,6,6,3,2
4021,7,14,1.395206817,2.55,0,2.55,0,0,0,6,5,2,3
4021,8,10,1.394957454,2.55,0,2.55,0,0,0,6,6,2,2
4021,3,4,1.391534039,2.55,0,2.55,0,0,0,6,6,2,2
4021,11,13,1.383970935,2.55,0,2.55,0,0,0,6,5,2,3
4021,1,18,1.358909029,2.55,0,3.44,1,0,0,6,6,3,2
4021,15,16,1.353614914,2.55,0,2.55,0,0,0,6,6,2,3
4021,19,22,1.561749743,2.55,0,2.55,0,0,0,5,0,4,1
4021,26,30,1.535252693,2.55,0,2.55,0,0,0,0,0,2,2
4021,30,33,1.531917947,2.55,0,2.55,0,0,0,0,0,2,2
4021,33,36,1.529781495,2.55,0,2.55,0,0,0,0,0,2,1
4021,28,29,1.527500323,2.55,0,2.55,0,0,0,0,0,2,1
4021,0,28,1.515606304,2.55,0,2.55,0,0,0,6,0,3,2
4021,20,26,1.452760426,3.04,2,2.55,0,0,0,5,0,3,2
4022,32,33,1.789878166,2.58,3,2.55,0,1,1,5,5,2,3
4022,6,32,1.749709566,2.55,0,2.58,3,1,1,5,5,3,2
4023,0,1,1.518360488,2.55,0,2.55,0,0,0,6,6,2,4
4023,4,5,1.459366329,2.55,0,2.55,0,0,0,6,6,3,2
4023,1,2,1.447645443,2.55,0,3.44,1,0,0,6,6,4,2
4023,45,48,1.447518394,2.55,0,2.55,0,1,1,6,6,3,3
4023,6,7,1.436178747,2.55,0,2.55,0,1,1,6,6,3,3
4023,4,6,1.435211069,2.55,0,2.55,0,0,1,6,6,3,3
4023,3,9,1.434908375,2.55,0,2.55,0,0,0,6,6,3,3
4023,50,51,1.432115082,2.55,0,2.55,0,1,1,6,6,3,3
4023,7,32,1.424790489,2.55,0,2.55,0,1,1,6,6,3,2
4023,50,55,1.423379545,2.55,0,2.55,0,1,1,6,6,3,2
4023,51,52,1.423181309,2.55,0,2.55,0,1,1,6,6,3,2
4023,6,38,1.422517107,2.55,0,2.55,0,1,1,6,6,3,2
4023,51,58,1.421792172,2.55,0,2.55,0,1,1,6,6,3,2
4023,56,57,1.417987628,2.55,0,2.55,0,1,1,6,6,2,2
4023,49,50,1.417366296,2.55,0,2.55,0,1,1,6,6,2,3
4023,7,8,1.417110325,2.55,0,2.55,0,1,0,6,6,3,2
4023,36,37,1.416755479,2.55,0,2.55,0,1,1,6,6,2,2
4023,23,30,1.40607719,2.55,0,2.55,0,1,1,6,6,3,2
4023,12,21,1.40371147,2.55,0,2.55,0,1,1,6,6,3,2
4023,12,13,1.402674229,2.55,0,2.55,0,1,1,6,6,3,2
4023,23,24,1.39999332,2.55,0,2.55,0,1,1,6,6,3,2
4023,24,25,1.399576662,2.55,0,2.55,0,1,1,6,6,2,2
4023,13,15,1.39838597,2.55,0,2.55,0,1,1,6,6,2,2
4023,19,21,1.396443515,2.55,0,2.55,0,1,1,6,6,2,2
4023,27,28,1.395675489,2.55,0,2.55,0,1,1,6,6,3,2
4023,3,4,1.394628081,2.55,0,2.55,0,0,0,6,6,3,3
4023,28,30,1.393898006,2.55,0,2.55,0,1,1,6,6,2,2
4023,17,19,1.393106534,2.55,0,2.55,0,1,1,6,6,3,2
4023,15,17,1.392692873,2.55,0,2.55,0,1,1,6,6,2,3
4023,45,49,1.392216529,2.55,0,2.55,0,1,1,6,6,3,2
4023,25,27,1.390686342,2.55,0,2.55,0,1,1,6,6,2,3
4023,8,9,1.390061504,2.55,0,2.55,0,0,0,6,6,2,3
4023,48,52,1.383416638,2.55,0,2.55,0,1,1,6,6,3,2
4023,37,38,1.381657706,2.55,0,2.55,0,1,1,6,6,2,2
4023,57,58,1.38144357,2.55,0,2.55,0,1,1,6,6,2,2
4023,55,56,1.380066446,2.55,0,2.55,0,1,1,6,6,2,2
4023,32,36,1.378625458,2.55,0,2.55,0,1,1,6,6,2,2
4023,2,3,1.361471972,3.44,1,2.55,0,0,0,6,6,2,3
4023,0,5,1.343853196,2.55,0,2.55,0,0,0,6,6,2,2
4023,1,23,1.542757376,2.55,0,2.55,0,0,1,6,6,4,3
4023,1,12,1.538231717,2.55,0,2.55,0,0,1,6,6,4,3
4023,9,43,1.467414686,2.55,0,2.55,0,0,0,6,0,3,2
4023,44,45,1.463831374,2.55,0,2.55,0,0,1,0,6,2,3
4023,63,64,1.411611527,3.44,1,2.55,0,0,0,0,0,2,1
4023,48,63,1.357633085,2.55,0,3.44,1,1,0,6,0,3,2
4023,43,44,1.354736932,2.55,0,2.55,0,0,0,0,0,2,2
4024-,17,19,1.596491957,2.55,0,2.55,0,0,0,5,5,4,4
4024-,46,49,1.549847867,2.55,0,2.55,0,0,0,5,5,3,4
4024-,49,50,1.522203054,2.55,0,2.55,0,0,1,5,5,4,3
4024-,13,19,1.521645364,2.55,0,2.55,0,1,0,5,5,3,4
4024-,16,17,1.503281643,2.55,0,2.55,0,0,0,6,5,2,4
4024-,2,15,1.479481105,2.55,0,2.55,0,0,0,6,6,3,3
4024-,17,20,1.457744983,2.55,0,3.04,2,0,0,5,5,4,3
4024-,17,18,1.450062225,2.55,0,3.44,1,0,0,5,6,4,2
4024-,0,1,1.41684636,2.55,0,2.55,0,0,0,6,6,3,3
4024-,2,3,1.40987287,2.55,0,2.55,0,0,0,6,6,3,2
4024-,10,11,1.409777344,2.55,0,2.55,0,1,1,6,6,3,2
4024-,13,14,1.40859579,2.55,0,2.55,0,1,1,5,5,3,3
4024-,54,55,1.406624555,2.55,0,2.55,0,1,1,6,6,2,2
4024-,1,2,1.404879288,2.55,0,2.55,0,0,0,6,6,3,3
4024-,50,53,1.404818589,2.55,0,2.55,0,1,1,5,5,3,3
4024-,56,57,1.403597489,2.55,0,2.55,0,1,1,6,6,2,2
4024-,4,5,1.403296899,2.55,0,2.55,0,0,0,6,6,2,2
4024-,7,14,1.400309445,2.55,0,2.55,0,1,1,6,5,2,3
4024-,8,10,1.400132835,2.55,0,2.55,0,1,1,6,6,2,3
4024-,7,8,1.399424096,2.55,0,2.55,0,1,1,6,6,2,2
4024-,0,5,1.399297192,2.55,0,2.55,0,0,0,6,6,3,2
4024-,48,53,1.399196795,3.04,2,2.55,0,0,1,5,5,3,3
4024-,53,57,1.39779706,2.55,0,2.55,0,1,1,5,6,3,2
4024-,55,56,1.397483857,2.55,0,2.55,0,1,1,6,6,2,2
4024-,46,48,1.394430469,2.55,0,3.04,2,0,0,5,5,3,3
4024-,3,4,1.390112229,2.55,0,2.55,0,0,0,6,6,2,2
4024-,50,54,1.388584914,2.55,0,2.55,0,1,1,5,6,3,2
4024-,14,20,1.386941916,2.55,0,3.04,2,1,0,5,5,3,3
4024-,11,13,1.384473041,2.55,0,2.55,0,1,1,6,5,2,3
4024-,15,16,1.355769092,2.55,0,2.55,0,0,0,6,6,3,2
4024-,1,18,1.355265966,2.55,0,3.44,1,0,0,6,6,3,2
4024-,49,51,1.545176291,2.55,0,2.55,0,0,0,5,0,4,1
4024-,19,25,1.544781281,2.55,0,2.55,0,0,0,5,0,4,1
4024-,49,52,1.541820437,2.55,0,2.55,0,0,0,5,0,4,1
4024-,19,21,1.533276155,2.55,0,2.55,0,0,0,5,0,4,1
4024-,10,34,1.502758301,2.55,0,2.55,0,1,0,6,0,3,4
4024-,15,45,1.480956306,2.55,0,2.55,0,0,0,6,0,3,2
4024-,48,62,1.448308488,3.04,2,2.55,0,0,0,5,0,3,1
4024-,20,29,1.446481272,3.04,2,2.55,0,0,0,5,0,3,1
4024-,31,32,1.408601674,3.44,1,2.55,0,0,0,0,0,2,1
4024-,45,46,1.358569494,2.55,0,2.55,0,0,0,0,5,2,3
4024-,0,31,1.35651718,2.55,0,3.44,1,0,0,6,0,3,2
4025,17,19,1.614220795,2.55,0,2.55,0,0,0,5,5,4,4
4025,13,19,1.516154897,2.55,0,2.55,0,1,0,5,5,3,4
4025,17,20,1.468713844,2.55,0,3.04,2,0,0,5,5,4,3
4025,1,2,1.415540707,2.55,0,2.55,0,0,0,6,6,3,3
4025,10,11,1.406379132,2.55,0,2.55,0,1,1,6,6,2,2
4025,7,8,1.4040012,2.55,0,2.55,0,1,1,6,6,2,2
4025,14,20,1.402939606,2.55,0,3.04,2,1,0,5,5,3,3
4025,3,4,1.401811757,2.55,0,2.55,0,0,0,6,6,2,3
4025,13,14,1.401774618,2.55,0,2.55,0,1,1,5,5,3,3
4025,0,1,1.400969328,2.55,0,2.55,0,0,0,6,6,2,3
4025,4,5,1.400645926,2.55,0,2.55,0,0,0,6,6,3,2
4025,2,3,1.399641248,2.55,0,2.55,0,0,0,6,6,3,2
4025,7,14,1.399503222,2.55,0,2.55,0,1,1,6,5,2,3
4025,0,5,1.397438435,2.55,0,2.55,0,0,0,6,6,2,2
4025,8,10,1.39661625,2.55,0,2.55,0,1,1,6,6,2,2
4025,11,13,1.388278359,2.55,0,2.55,0,1,1,6,5,2,3
4025,19,25,1.55269709,2.55,0,2.55,0,0,0,5,0,4,1
4025,16,17,1.545737576,2.55,0,2.55,0,0,0,7,5,2,4
4025,16,35,1.541952926,2.55,0,2.55,0,0,0,7,7,2,2
4025,15,38,1.54046279,2.55,0,2.55,0,0,0,7,7,2,2
4025,35,38,1.533512245,2.55,0,2.55,0,0,0,7,7,2,2
4025,19,21,1.531289011,2.55,0,2.55,0,0,0,5,0,4,1
4025,2,15,1.51115458,2.55,0,2.55,0,0,0,6,7,3,2
4025,17,18,1.463597075,2.55,0,3.44,1,0,0,5,7,4,2
4025,20,29,1.453548634,3.04,2,2.55,0,0,0,5,0,3,1
4025,46,47,1.408182972,3.44,1,2.55,0,0,0,0,0,2,1
4025,1,18,1.378768385,2.55,0,3.44,1,0,0,6,7,3,2
4025,4,46,1.360695324,2.55,0,3.44,1,0,0,6,0,3,2
4026,7,8,1.580923103,2.55,0,2.55,0,0,0,4,4,3,2
4026,4,7,1.526711942,2.55,0,2.55,0,1,0,4,4,3,3
4026,5,8,1.5213774,2.55,0,2.55,0,1,0,4,4,3,2
4026,1,2,1.42643031,2.55,0,2.55,0,1,1,6,6,3,3
4026,55,56,1.416296938,2.55,0,2.55,0,0,0,6,6,3,3
4026,50,54,1.409912272,2.55,0,2.55,0,0,0,6,6,3,2
4026,2,3,1.408999401,2.55,0,2.55,0,1,1,6,6,3,2
4026,47,53,1.408834146,2.55,0,2.55,0,0,0,6,6,3,2
4026,47,50,1.407606049,2.55,0,2.55,0,0,0,6,6,3,3
4026,0,1,1.402699231,2.55,0,2.55,0,1,1,6,6,2,3
4026,54,55,1.396034517,2.55,0,2.55,0,0,0,6,6,2,3
4026,3,5,1.393073368,2.55,0,2.55,0,1,1,6,4,2,3
4026,0,4,1.392667582,2.55,0,2.55,0,1,1,6,4,2,3
4026,4,5,1.391129894,2.55,0,2.55,0,1,1,4,4,3,3
4026,53,56,1.390801118,2.55,0,2.55,0,0,0,6,6,2,3
4026,21,24,1.5339784,2.55,0,2.55,0,0,0,0,0,2,2
4026,16,21,1.531831016,2.55,0,2.55,0,0,0,0,0,2,2
4026,41,46,1.530470634,2.55,0,2.55,0,0,0,7,7,3,2
4026,7,11,1.529518413,2.55,0,2.55,0,0,0,4,0,3,2
4026,42,43,1.529322691,2.55,0,2.55,0,0,0,7,7,2,2
4026,46,47,1.522475049,2.55,0,2.55,0,0,0,7,6,2,3
4026,43,50,1.522436918,2.55,0,2.55,0,0,0,7,6,2,3
4026,24,27,1.461037538,2.55,0,3.04,2,0,0,0,7,2,3
4026,13,16,1.460267428,3.04,2,2.55,0,0,0,0,0,3,2
4026,11,13,1.459119919,2.55,0,3.04,2,0,0,0,0,2,3
4026,27,42,1.458186054,3.04,2,2.55,0,0,0,7,7,3,2
4026,13,17,1.45349686,3.04,2,2.55,0,0,0,0,0,3,1
4026,64,65,1.420390648,3.44,1,2.55,0,0,0,0,0,2,1
4026,30,31,1.418535841,3.44,1,2.55,0,0,0,0,0,2,1
4026,59,60,1.409347647,3.44,1,2.55,0,0,0,0,0,2,1
4026,36,37,1.408080107,3.44,1,2.55,0,0,0,0,0,2,1
4026,27,41,1.372434955,3.04,2,2.55,0,0,0,7,7,3,3
4026,1,30,1.369082731,2.55,0,3.44,1,1,0,6,0,3,2
4026,56,64,1.365269815,2.55,0,3.44,1,0,0,6,0,3,2
4026,2,36,1.362429863,2.55,0,3.44,1,1,0,6,0,3,2
4026,55,59,1.360193118,2.55,0,3.44,1,0,0,6,0,3,2
4026,41,69,1.221253355,2.55,0,3.44,1,0,0,7,0,3,1
4027,2,5,1.581942832,2.55,0,2.55,0,0,0,4,4,4,3
4027,1,5,1.575473197,2.55,0,2.55,0,0,0,4,4,3,3
4027,0,2,1.556465835,2.55,0,2.55,0,0,0,4,4,2,4
4027,0,1,1.543013591,2.55,0,2.55,0,0,0,4,4,2,3
4027,9,12,1.478036186,2.55,0,2.55,0,0,0,3,3,3,4
4027,12,31,1.434108297,2.55,0,3.44,1,0,0,3,3,4,2
4027,9,31,1.425872519,2.55,0,3.44,1,0,0,3,3,3,2
4027,13,14,1.542857874,2.55,0,2.55,0,0,0,7,7,2,2
4027,2,20,1.533471081,2.55,0,2.55,0,0,0,4,0,4,1
4027,5,14,1.532839097,2.55,0,2.55,0,0,0,4,7,3,2
4027,8,9,1.531283988,2.55,0,2.55,0,0,0,7,3,2,3
4027,12,13,1.531050284,2.55,0,2.55,0,0,0,3,7,4,2
4027,2,24,1.528717559,2.55,0,2.55,0,0,0,4,0,4,1
4027,12,33,1.519898884,2.55,0,2.55,0,0,0,3,0,4,1
4027,6,8,1.519837752,2.55,0,2.55,0,0,0,7,7,3,2
4027,1,6,1.502958136,2.55,0,2.55,0,0,0,4,7,3,3
4027,6,28,1.339607453,2.55,0,2.55,0,0,0,7,0,3,1
4028,2,5,1.580523861,2.55,0,2.55,0,0,0,4,4,4,3
4028,1,5,1.572716244,2.55,0,2.55,0,0,0,4,4,3,3
4028,0,2,1.567215718,2.55,0,2.55,0,0,0,4,4,3,4
4028,0,1,1.544987402,2.55,0,2.55,0,0,0,4,4,3,3
4028,9,12,1.480333487,2.55,0,2.55,0,0,0,3,3,3,4
4028,12,31,1.436232698,2.55,0,3.44,1,0,0,3,3,4,2
4028,9,31,1.424600847,2.55,0,3.44,1,0,0,3,3,3,2
4028,13,14,1.538512305,2.55,0,2.55,0,0,0,7,7,2,2
4028,2,20,1.534189951,2.55,0,2.55,0,0,0,4,0,4,1
4028,5,14,1.533096858,2.55,0,2.55,0,0,0,4,7,3,2
4028,2,24,1.529070101,2.55,0,2.55,0,0,0,4,0,4,1
4028,8,9,1.528816556,2.55,0,2.55,0,0,0,7,3,2,3
4028,12,13,1.528439628,2.55,0,2.55,0,0,0,3,7,4,2
4028,0,3,1.523345297,2.55,0,2.55,0,0,0,4,0,3,1
4028,12,33,1.522443287,2.55,0,2.55,0,0,0,3,0,4,1
4028,6,8,1.517436437,2.55,0,2.55,0,0,0,7,7,3,2
4028,1,6,1.503284438,2.55,0,2.55,0,0,0,4,7,3,3
4028,6,28,1.340175187,2.55,0,2.55,0,0,0,7,0,3,1
2059,1,2,1.563780983,2.55,0,2.55,0,0,0,4,4,3,3
2059,2,3,1.563533778,2.55,0,2.55,0,0,0,4,4,3,4
2059,0,3,1.555483623,2.55,0,2.55,0,0,0,4,4,2,4
2059,0,1,1.551138785,2.55,0,2.55,0,0,0,4,4,2,3
2059,3,4,1.531696959,2.55,0,2.55,0,0,0,4,6,4,3
2059,2,5,1.493894614,2.55,0,2.55,0,0,1,4,6,3,3
2059,10,11,1.409119158,2.55,0,2.55,0,1,1,6,6,2,3
2059,5,9,1.405569266,2.55,0,2.55,0,1,1,6,6,3,2
2059,11,12,1.401593265,2.55,0,2.55,0,1,1,6,6,3,2
2059,6,12,1.398630266,2.55,0,2.55,0,1,1,6,6,3,2
2059,5,6,1.39838365,2.55,0,2.55,0,1,1,6,6,3,3
2059,9,10,1.390014715,2.55,0,2.55,0,1,1,6,6,2,2
2059,6,7,1.381498389,2.55,0,3.44,1,1,0,6,6,3,2
2059,4,7,1.363047624,2.55,0,3.44,1,0,0,6,6,3,2
2059,1,17,1.534175604,2.55,0,2.55,0,0,0,4,0,3,2
2059,26,29,1.529818197,2.55,0,2.55,0,0,0,0,0,2,1
2059,3,44,1.521105622,2.55,0,2.55,0,0,0,4,0,4,3
2059,25,26,1.519096664,2.55,0,2.55,0,0,0,0,0,2,2
2059,16,37,1.516722368,2.55,0,2.55,0,0,0,0,0,2,1
2059,17,18,1.514544152,2.55,0,2.55,0,0,0,0,0,2,3
2059,46,47,1.514301814,2.55,0,2.55,0,0,0,0,0,2,1
2059,45,46,1.441547155,3.44,1,2.55,0,0,0,0,0,2,2
2059,21,25,1.438901517,3.44,1,2.55,0,0,0,0,0,2,2
2059,15,16,1.421480835,3.44,1,2.55,0,0,0,0,0,2,2
2059,11,15,1.353413885,2.55,0,3.44,1,1,0,6,0,3,2
2059,18,21,1.349895458,2.55,0,3.44,1,0,0,0,0,3,2
2059,44,45,1.340894836,2.55,0,3.44,1,0,0,0,0,3,2
2059,18,24,1.207676063,2.55,0,3.44,1,0,0,0,0,3,1
2059,44,50,1.207449568,2.55,0,3.44,1,0,0,0,0,3,1
2059,4,8,1.197334833,2.55,0,3.44,1,0,0,6,0,3,1
4030,4,5,1.581726635,2.55,0,2.55,0,0,0,4,4,4,4
4030,5,7,1.573771691,2.55,0,2.55,0,0,0,4,4,4,3
4030,17,33,1.572298528,2.55,0,2.55,0,0,0,5,5,2,4
4030,31,33,1.570480803,2.55,0,2.55,0,0,0,5,5,2,4
4030,4,6,1.561151132,2.55,0,2.55,0,0,0,4,4,4,2
4030,0,4,1.539883738,2.55,0,2.55,0,0,0,5,4,3,4
4030,1,17,1.538868582,2.55,0,2.55,0,0,0,5,5,3,2
4030,0,1,1.536473863,2.55,0,2.55,0,0,0,5,5,3,3
4030,0,31,1.533729963,2.55,0,2.55,0,0,0,5,5,3,2
4030,6,7,1.533605272,2.55,0,2.55,0,0,0,4,4,2,3
4030,3,5,1.525371319,2.55,0,2.55,0,0,0,6,4,3,4
4030,1,2,1.498474191,2.55,0,2.55,0,0,0,5,6,3,2
4030,16,19,1.420035805,2.55,0,2.55,0,0,0,6,6,3,3
4030,16,20,1.412798286,2.55,0,2.55,0,0,0,6,6,3,3
4030,20,23,1.402062267,2.55,0,2.55,0,0,0,6,6,3,2
4030,21,22,1.400741422,2.55,0,2.55,0,0,0,6,6,2,3
4030,22,23,1.397867647,2.55,0,2.55,0,0,0,6,6,3,2
4030,19,21,1.397049592,2.55,0,2.55,0,0,0,6,6,3,2
4030,2,3,1.351615688,2.55,0,2.55,0,0,0,6,6,2,3
4030,33,38,1.537860959,2.55,0,2.55,0,0,0,5,0,4,1
4030,33,42,1.537382373,2.55,0,2.55,0,0,0,5,0,4,1
4030,4,10,1.526009151,2.55,0,2.55,0,0,0,4,0,4,1
4030,9,49,1.516457178,2.55,0,2.55,0,0,0,0,0,3,1
4030,19,24,1.510411161,2.55,0,2.55,0,0,0,6,0,3,1
4030,3,9,1.493829268,2.55,0,2.55,0,0,0,6,0,3,3
4030,15,16,1.493376173,2.55,0,2.55,0,0,0,0,6,3,3
4030,7,14,1.417666072,2.55,0,3.44,1,0,0,4,0,3,2
4030,5,8,1.404591745,2.55,0,3.44,1,0,0,4,0,4,1
4030,22,57,1.355648763,2.55,0,3.44,1,0,0,6,0,3,1
4030,20,55,1.355498627,2.55,0,3.44,1,0,0,6,0,3,1
4030,14,15,1.351578719,3.44,1,2.55,0,0,0,0,0,2,3
4030,9,48,1.226074463,2.55,0,3.44,1,0,0,0,0,3,1
4030,15,47,1.211420881,2.55,0,3.44,1,0,0,0,0,3,1
4031,0,1,1.579181343,2.55,0,2.55,0,0,0,4,4,3,3
4031,2,5,1.578832121,2.55,0,2.55,0,0,0,4,4,3,3
4031,0,2,1.547076673,2.55,0,2.55,0,0,0,4,4,3,3
4031,1,5,1.535376981,2.55,0,2.55,0,0,0,4,4,3,3
4031,41,46,1.407171864,2.55,0,2.55,0,0,0,6,6,3,2
4031,67,68,1.406651585,2.55,0,2.55,0,1,1,6,6,3,2
4031,81,82,1.40632802,2.55,0,2.55,0,1,1,6,6,3,2
4031,30,53,1.405921119,2.55,0,2.55,0,1,1,6,6,3,2
4031,47,48,1.403357142,2.55,0,2.55,0,0,0,6,6,2,3
4031,80,81,1.402573074,2.55,0,2.55,0,1,1,6,6,2,3
4031,54,55,1.402147015,2.55,0,2.55,0,1,1,6,6,2,3
4031,78,83,1.401593432,2.55,0,2.55,0,1,1,6,6,3,2
4031,66,67,1.401549797,2.55,0,2.55,0,1,1,6,6,2,3
4031,30,57,1.40148813,2.55,0,2.55,0,1,1,6,6,3,2
4031,63,65,1.401368631,2.55,0,2.55,0,1,1,6,6,3,2
4031,41,44,1.4006574,2.55,0,2.55,0,0,0,6,6,3,2
4031,45,48,1.399788095,2.55,0,2.55,0,0,0,6,6,2,3
4031,64,66,1.399362333,2.55,0,2.55,0,1,1,6,6,2,2
4031,44,45,1.399323139,2.55,0,2.55,0,0,0,6,6,2,2
4031,63,64,1.398788715,2.55,0,2.55,0,1,1,6,6,3,2
4031,56,57,1.398319957,2.55,0,2.55,0,1,1,6,6,2,2
4031,79,80,1.398003675,2.55,0,2.55,0,1,1,6,6,2,2
4031,55,56,1.396657592,2.55,0,2.55,0,1,1,6,6,3,2
4031,78,79,1.396474791,2.55,0,2.55,0,1,1,6,6,3,2
4031,82,83,1.395127974,2.55,0,2.55,0,1,1,6,6,2,2
4031,53,54,1.394605952,2.55,0,2.55,0,1,1,6,6,2,2
4031,65,68,1.393514953,2.55,0,2.55,0,1,1,6,6,2,2
4031,46,47,1.392596589,2.55,0,2.55,0,0,0,6,6,2,2
4031,0,3,1.534642095,2.55,0,2.55,0,0,0,4,0,3,3
4031,2,7,1.532209589,2.55,0,2.55,0,0,0,4,0,3,3
4031,33,34,1.531474805,2.55,0,2.55,0,0,0,0,0,2,1
4031,22,23,1.529761753,2.55,0,2.55,0,0,0,0,0,2,1
4031,29,30,1.518320545,2.55,0,2.55,0,0,1,0,6,2,3
4031,5,9,1.518112623,2.55,0,2.55,0,0,0,4,0,3,3
4031,40,41,1.517413551,2.55,0,2.55,0,0,0,0,6,2,3
4031,1,11,1.516986656,2.55,0,2.55,0,0,0,4,0,3,3
4031,67,73,1.510294747,2.55,0,2.55,0,1,0,6,0,3,1
4031,81,88,1.5102202,2.55,0,2.55,0,1,0,6,0,3,1
4031,14,40,1.471611124,3.04,2,2.55,0,0,0,0,0,3,2
4031,13,29,1.46709536,3.04,2,2.55,0,0,0,0,0,3,2
4031,13,22,1.466514227,3.04,2,2.55,0,0,0,0,0,3,2
4031,14,33,1.465192497,3.04,2,2.55,0,0,0,0,0,3,2
4031,77,78,1.377233109,3.44,1,2.55,0,0,1,0,6,2,3
4031,55,62,1.375408119,2.55,0,3.44,1,1,0,6,0,3,2
4031,62,63,1.375304061,3.44,1,2.55,0,0,1,0,6,2,3
4031,3,13,1.374006299,2.55,0,3.04,2,0,0,0,0,3,3
4031,48,77,1.370573049,2.55,0,3.44,1,0,0,6,0,3,2
4031,7,14,1.369136873,2.55,0,3.04,2,0,0,0,0,3,3
4031,11,12,1.35461571,2.55,0,3.44,1,0,0,0,0,3,1
4031,9,15,1.354345188,2.55,0,3.44,1,0,0,0,0,3,1
4031,7,16,1.227641803,2.55,0,3.44,1,0,0,0,0,3,1
4031,3,21,1.226603355,2.55,0,3.44,1,0,0,0,0,3,1
4031,9,17,1.201294793,2.55,0,3.44,1,0,0,0,0,3,1
4031,11,19,1.201232057,2.55,0,3.44,1,0,0,0,0,3,1
4032,10,11,1.574797771,2.55,0,2.55,0,0,0,4,4,3,3
4032,1,10,1.572743292,2.55,0,2.55,0,0,0,4,4,4,3
4032,0,1,1.558728514,2.55,0,2.55,0,0,0,4,4,2,4
4032,0,11,1.551744315,2.55,0,2.55,0,0,0,4,4,2,3
4032,17,23,1.553596108,2.55,0,2.55,0,0,0,7,7,3,3
4032,10,17,1.534879739,2.55,0,2.55,0,0,0,4,7,3,3
4032,1,2,1.534174509,2.55,0,2.55,0,0,0,4,0,4,1
4032,1,6,1.52846605,2.55,0,2.55,0,0,0,4,0,4,1
4032,20,28,1.527908027,2.55,0,2.55,0,0,0,7,7,3,2
4032,11,20,1.515738525,2.55,0,2.55,0,0,0,4,7,3,3
4032,19,21,1.509316197,2.55,0,2.55,0,0,0,0,7,1,3
4032,24,28,1.508595445,2.55,0,2.55,0,0,0,7,7,2,2
4032,32,33,1.507593965,2.55,0,2.55,0,0,0,0,0,3,1
4032,21,23,1.505029391,2.55,0,2.55,0,0,0,7,7,3,3
4032,17,31,1.434116718,2.55,0,3.44,1,0,0,7,0,3,2
4032,31,32,1.356288547,3.44,1,2.55,0,0,0,0,0,2,3
4032,21,24,1.34777582,2.55,0,2.55,0,0,0,7,7,3,2
4032,16,20,1.340755222,2.55,0,2.55,0,0,0,0,7,1,3
4032,23,27,1.212885603,2.55,0,3.44,1,0,0,7,0,3,1
4032,32,34,1.205239998,2.55,0,3.44,1,0,0,0,0,3,1
4033,36,42,1.84260609,2.55,0,2.58,3,0,0,7,7,3,4
4033,42,44,1.7055932,2.58,3,3.04,2,0,0,7,7,4,2
4033,42,45,1.474222268,2.58,3,3.44,1,0,0,7,0,4,1
4033,42,46,1.46279222,2.58,3,3.44,1,0,0,7,0,4,1
4034,23,27,1.583637968,2.55,0,2.55,0,0,0,4,4,4,3
4034,11,27,1.573420184,2.55,0,2.55,0,0,0,4,4,3,3
4034,12,23,1.573300459,2.55,0,2.55,0,0,0,4,4,3,4
4034,0,4,1.571225333,2.55,0,2.55,0,0,0,6,6,3,3
4034,21,23,1.554661377,2.55,0,2.55,0,0,0,5,4,2,4
4034,11,12,1.54929588,2.55,0,2.55,0,0,0,4,4,3,3
4034,3,7,1.542032486,2.55,0,2.55,0,0,0,5,5,3,3
4034,3,21,1.533030339,2.55,0,2.55,0,0,0,5,5,3,2
4034,4,7,1.532385583,2.55,0,2.55,0,0,0,6,5,3,3
4034,7,12,1.528496386,2.55,0,2.55,0,0,0,5,4,3,3
4034,0,1,1.519696792,2.55,0,2.55,0,0,0,6,6,3,2
4034,4,8,1.517253599,2.55,0,2.55,0,0,0,6,6,3,2
4034,10,11,1.505184909,2.55,0,2.55,0,0,0,6,4,2,3
4034,2,3,1.498686871,2.55,0,2.55,0,0,0,6,5,2,3
4034,42,44,1.436385875,3.44,1,2.55,0,0,0,5,5,2,3
4034,43,44,1.433318488,3.44,1,2.55,0,0,0,5,5,2,3
4034,29,32,1.418803139,2.55,0,2.55,0,0,0,6,6,3,2
4034,31,33,1.410806463,2.55,0,2.55,0,0,0,6,6,2,2
4034,29,31,1.402306721,2.55,0,2.55,0,0,0,6,6,3,2
4034,34,35,1.398375443,2.55,0,2.55,0,0,0,5,5,3,3
4034,32,34,1.382550497,2.55,0,2.55,0,0,0,6,5,2,3
4034,33,35,1.382243265,2.55,0,2.55,0,0,0,6,5,2,3
4034,35,43,1.366950861,2.55,0,3.44,1,0,0,5,5,3,2
4034,34,42,1.366182225,2.55,0,3.44,1,0,0,5,5,3,2
4034,1,2,1.345760726,2.55,0,2.55,0,0,0,6,6,2,2
4034,8,10,1.344329069,2.55,0,2.55,0,0,0,6,6,2,2
4034,27,53,1.551737557,2.55,0,2.55,0,0,0,4,0,3,2
4034,0,5,1.545084715,2.55,0,2.55,0,0,0,6,0,3,3
4034,45,47,1.528912181,2.55,0,2.55,0,0,0,0,0,2,1
4034,23,30,1.522309351,2.55,0,2.55,0,0,0,4,0,4,1
4034,29,53,1.518560866,2.55,0,2.55,0,0,0,6,0,3,2
4034,44,45,1.513977504,2.55,0,2.55,0,0,0,5,0,3,2
4034,5,18,1.350390502,2.55,0,3.44,1,0,0,0,0,3,1
4034,5,19,1.200683881,2.55,0,3.44,1,0,0,0,0,3,1
4035,0,2,1.574859282,2.55,0,2.55,0,0,0,4,4,4,3
4035,2,3,1.557767927,2.55,0,2.55,0,0,0,4,4,3,2
4035,1,3,1.549695067,2.55,0,2.55,0,0,0,4,4,2,2
4035,0,1,1.545857767,2.55,0,2.55,0,0,0,4,4,4,2
4035,11,12,1.536669047,2.55,0,2.55,0,0,0,6,6,2,3
4035,12,15,1.525450691,2.55,0,2.55,0,0,0,6,6,3,3
4035,0,11,1.519001302,2.55,0,2.55,0,0,0,4,6,4,2
4035,0,10,1.442838891,2.55,0,3.44,1,0,0,4,6,4,2
4035,15,16,1.41830574,2.55,0,2.55,0,0,0,6,6,3,3
4035,37,51,1.406392848,2.55,0,2.55,0,1,1,6,6,3,2
4035,37,52,1.404749329,2.55,0,2.55,0,1,1,6,6,3,2
4035,17,18,1.404190637,2.55,0,2.55,0,0,0,6,6,2,3
4035,18,19,1.40033656,2.55,0,2.55,0,0,0,6,6,3,2
4035,52,53,1.397582154,2.55,0,2.55,0,1,1,6,6,2,2
4035,51,54,1.397099886,2.55,0,2.55,0,1,1,6,6,2,2
4035,15,17,1.395069223,2.55,0,2.55,0,0,0,6,6,3,2
4035,54,55,1.393735317,2.55,0,2.55,0,1,1,6,6,2,3
4035,53,55,1.392619433,2.55,0,2.55,0,1,1,6,6,2,3
4035,10,16,1.351639622,3.44,1,2.55,0,0,0,6,6,2,3
4035,19,20,1.332146399,2.55,0,3.04,2,0,0,6,6,2,2
4035,16,20,1.327008376,2.55,0,3.04,2,0,0,6,6,3,2
4035,30,34,1.552540875,2.55,0,2.55,0,0,0,0,0,3,3
4035,34,36,1.551735988,2.55,0,2.55,0,0,0,0,0,3,2
4035,29,30,1.540462216,2.55,0,2.55,0,0,0,0,0,2,3
4035,23,61,1.537117169,2.55,0,2.55,0,0,0,0,0,2,1
4035,2,5,1.527143558,2.55,0,2.55,0,0,0,4,0,3,1
4035,44,46,1.51802651,2.55,0,2.55,0,0,0,0,0,3,1
4035,36,37,1.513811559,2.55,0,2.55,0,0,1,0,6,2,3
4035,18,23,1.512265857,2.55,0,2.55,0,0,0,6,0,3,2
4035,34,42,1.476555878,2.55,0,3.04,2,0,0,0,0,3,2
4035,12,27,1.459362822,2.55,0,3.04,2,0,0,6,0,3,2
4035,27,29,1.455901375,3.04,2,2.55,0,0,0,0,0,2,2
4035,30,33,1.411549357,2.55,0,3.44,1,0,0,0,0,3,1
4035,42,44,1.359263177,3.04,2,2.55,0,0,0,0,0,2,3
4035,44,50,1.229995443,2.55,0,3.44,1,0,0,0,0,3,1
4036,47,49,1.551628008,2.55,0,2.55,0,0,0,5,5,2,2
4036,29,47,1.548676625,2.55,0,2.55,0,0,0,5,5,3,2
4036,28,39,1.541389711,2.55,0,2.55,0,0,0,5,5,3,2
4036,46,49,1.536379314,2.55,0,2.55,0,0,0,5,5,2,2
4036,36,39,1.533745786,2.55,0,2.55,0,0,0,5,5,2,2
4036,35,36,1.531119,2.55,0,2.55,0,0,0,5,5,2,2
4036,1,3,1.506980151,2.55,0,2.55,0,1,1,4,4,3,3
4036,0,2,1.505703088,2.55,0,2.55,0,1,1,4,4,3,3
4036,28,34,1.496102967,2.55,0,3.04,2,0,0,5,5,3,3
4036,29,45,1.479398822,2.55,0,3.04,2,0,0,5,5,3,3
4036,34,35,1.469999264,3.04,2,2.55,0,0,0,5,5,3,2
4036,45,46,1.466154028,3.04,2,2.55,0,0,0,5,5,3,2
4036,11,12,1.434719677,2.55,0,2.55,0,1,1,6,6,2,3
4036,5,7,1.434420911,2.55,0,2.55,0,1,1,6,6,2,3
4036,0,1,1.426063064,2.55,0,2.55,0,1,1,4,4,3,3
4036,2,3,1.425485805,2.55,0,2.55,0,1,1,4,4,3,3
4036,13,14,1.417737647,2.55,0,2.55,0,1,1,6,6,2,2
4036,4,6,1.41653409,2.55,0,2.55,0,1,1,6,6,2,2
4036,6,7,1.405830013,2.55,0,2.55,0,1,1,6,6,2,3
4036,81,82,1.405515461,2.55,0,2.55,0,0,0,6,6,2,3
4036,12,13,1.404673373,2.55,0,2.55,0,1,1,6,6,3,2
4036,78,80,1.402790866,2.55,0,2.55,0,0,0,6,6,3,2
4036,82,83,1.402366815,2.55,0,2.55,0,0,0,6,6,3,2
4036,78,84,1.400297314,2.55,0,2.55,0,0,0,6,6,3,2
4036,83,84,1.397973585,2.55,0,2.55,0,0,0,6,6,2,2
4036,80,81,1.394907503,2.55,0,2.55,0,0,0,6,6,2,2
4036,19,21,1.392480885,2.55,0,2.55,0,1,1,5,5,3,2
4036,18,24,1.391714644,2.55,0,2.55,0,0,0,5,5,3,2
4036,18,27,1.381182515,2.55,0,3.04,2,0,0,5,5,3,2
4036,19,20,1.380320276,2.55,0,3.04,2,1,1,5,5,3,2
4036,2,4,1.377266987,2.55,0,2.55,0,1,1,4,6,3,2
4036,1,14,1.376881571,2.55,0,2.55,0,1,1,4,6,3,2
4036,3,5,1.373388099,2.55,0,2.55,0,1,1,4,6,3,2
4036,0,11,1.37304705,2.55,0,2.55,0,1,1,4,6,3,2
4036,24,25,1.366924666,2.55,0,3.04,2,0,0,5,5,2,2
4036,21,22,1.365955197,2.55,0,3.04,2,1,1,5,5,2,2
4036,26,27,1.364033105,2.55,0,3.04,2,0,0,5,5,3,2
4036,20,23,1.362021612,3.04,2,2.55,0,1,1,5,5,2,3
4036,22,23,1.322979929,3.04,2,2.55,0,1,1,5,5,2,3
4036,25,26,1.320746915,3.04,2,2.55,0,0,0,5,5,2,3
4036,57,58,1.565420791,2.55,0,2.55,0,0,0,0,0,3,3
4036,79,97,1.536396708,2.55,0,2.55,0,0,0,0,0,3,1
4036,56,57,1.535724776,2.55,0,2.55,0,0,0,0,0,3,3
4036,58,63,1.533029415,2.55,0,2.55,0,0,0,0,0,3,1
4036,58,59,1.532470965,2.55,0,2.55,0,0,0,0,0,3,1
4036,79,93,1.531915642,2.55,0,2.55,0,0,0,0,0,3,1
4036,23,29,1.515143443,2.55,0,2.55,0,1,0,5,5,3,3
4036,82,89,1.509643078,2.55,0,2.55,0,0,0,6,0,3,1
4036,26,28,1.507047501,2.55,0,2.55,0,0,0,5,5,3,3
4036,77,79,1.488311317,3.04,2,2.55,0,0,0,0,0,3,3
4036,12,18,1.464015532,2.55,0,2.55,0,1,0,6,5,3,3
4036,7,19,1.46321645,2.55,0,2.55,0,1,1,6,5,3,3
4036,57,68,1.449117576,2.55,0,3.04,2,0,0,0,0,3,2
4036,77,78,1.440914964,3.04,2,2.55,0,0,0,0,6,3,3
4036,71,72,1.423394596,3.44,1,2.55,0,0,0,0,0,2,1
4036,76,77,1.394985751,2.55,0,3.04,2,0,0,0,0,3,3
4036,45,76,1.377574661,3.04,2,2.55,0,0,0,5,0,3,3
4036,68,70,1.358929682,3.04,2,2.55,0,0,0,0,0,2,3
4036,70,71,1.355588765,2.55,0,3.44,1,0,0,0,0,3,2
4036,34,56,1.354404407,3.04,2,2.55,0,0,0,5,0,3,3
4036,56,103,1.238179541,2.55,0,3.44,1,0,0,0,0,3,1
4036,76,102,1.234451239,2.55,0,3.44,1,0,0,0,0,3,1
4036,70,104,1.215431768,2.55,0,3.44,1,0,0,0,0,3,1
4037,27,28,1.871007443,2.58,3,2.55,0,0,0,0,5,2,3
4037,16,27,1.778822161,2.55,0,2.58,3,0,0,5,0,3,2
4038,0,2,1.569101653,2.55,0,2.55,0,0,0,4,4,3,3
4038,0,4,1.557902975,2.55,0,2.55,0,0,0,4,5,3,3
4038,2,3,1.54210917,2.55,0,2.55,0,0,0,4,4,3,3
4038,4,6,1.541603041,2.55,0,2.55,0,0,0,5,5,3,3
4038,0,1,1.478270031,2.55,0,3.04,2,0,0,4,4,3,3
4038,1,5,1.424314368,3.04,2,2.55,0,0,0,4,5,3,3
4038,1,3,1.380566322,3.04,2,2.55,0,0,0,4,4,3,3
4038,5,6,1.356062742,2.55,0,2.55,0,0,0,5,5,3,3
4038,4,22,1.53815082,2.55,0,2.55,0,0,0,5,0,3,1
4038,2,12,1.535574438,2.55,0,2.55,0,0,0,4,0,3,3
4038,12,14,1.523653831,2.55,0,2.55,0,0,0,0,0,3,1
4038,5,26,1.496110287,2.55,0,2.55,0,0,0,5,0,3,3
4038,6,7,1.494237423,2.55,0,2.55,0,0,0,5,0,3,1
4038,12,18,1.417774248,2.55,0,3.44,1,0,0,0,0,3,1
4038,26,28,1.3395124,2.55,0,3.44,1,0,0,0,0,3,1
4038,3,30,1.213786757,2.55,0,3.44,1,0,0,4,0,3,1
4038,26,27,1.207627152,2.55,0,3.44,1,0,0,0,0,3,1
4039,0,2,1.582229418,2.55,0,2.55,0,0,0,4,4,3,3
4039,2,3,1.535954035,2.55,0,2.55,0,0,0,4,4,3,3
4039,0,1,1.473181748,2.55,0,3.04,2,0,0,4,4,3,3
4039,29,30,1.420662085,2.55,0,2.55,0,1,1,6,6,3,3
4039,15,17,1.419542587,2.55,0,2.55,0,1,1,6,6,3,3
4039,30,31,1.40902699,2.55,0,2.55,0,1,1,6,6,3,3
4039,5,28,1.408936083,2.55,0,2.55,0,1,1,6,6,3,2
4039,12,13,1.407693223,2.55,0,2.55,0,1,1,6,6,3,2
4039,31,32,1.407616926,2.55,0,2.55,0,1,1,6,6,3,2
4039,14,16,1.40300577,2.55,0,2.55,0,1,1,6,6,2,2
4039,16,17,1.397757524,2.55,0,2.55,0,1,1,6,6,2,3
4039,28,29,1.395816663,2.55,0,2.55,0,1,1,6,6,2,3
4039,12,14,1.39561613,2.55,0,2.55,0,1,1,6,6,3,2
4039,5,32,1.394419785,2.55,0,2.55,0,1,1,6,6,3,2
4039,13,15,1.393876116,2.55,0,2.55,0,1,1,6,6,2,3
4039,1,3,1.385335549,3.04,2,2.55,0,0,0,4,4,3,3
4039,2,6,1.52066127,2.55,0,2.55,0,0,0,4,0,3,1
4039,0,12,1.510899319,2.55,0,2.55,0,0,1,4,6,3,3
4039,36,42,1.420617971,3.44,1,2.55,0,0,0,0,0,2,1
4039,37,46,1.416446779,3.44,1,2.55,0,0,0,0,0,2,1
4039,35,38,1.412200342,3.44,1,2.55,0,0,0,0,0,2,1
4039,21,22,1.408485341,3.44,1,2.55,0,0,0,0,0,2,1
4039,1,5,1.403448829,3.04,2,2.55,0,0,1,4,6,3,3
4039,30,36,1.371209748,2.55,0,3.44,1,1,0,6,0,3,2
4039,29,35,1.359323242,2.55,0,3.44,1,1,0,6,0,3,2
4039,31,37,1.357856539,2.55,0,3.44,1,1,0,6,0,3,2
4039,15,26,1.356645808,2.55,0,3.44,1,1,0,6,0,3,1
4039,17,21,1.354883172,2.55,0,3.44,1,1,0,6,0,3,2
4039,3,4,1.207875127,2.55,0,3.44,1,0,0,4,0,3,1
4040,0,1,1.582362078,2.55,0,2.55,0,0,0,4,4,3,3
4040,0,17,1.541378785,2.55,0,2.55,0,0,0,4,4,3,3
4040,27,39,1.5411778,2.55,0,2.55,0,0,0,6,6,3,2
4040,27,29,1.540703063,2.55,0,2.55,0,0,0,6,6,3,2
4040,36,39,1.536209333,2.55,0,2.55,0,0,0,6,6,2,2
4040,29,30,1.534614653,2.55,0,2.55,0,0,0,6,6,2,2
4040,30,33,1.533758125,2.55,0,2.55,0,0,0,6,6,2,2
4040,33,36,1.533652237,2.55,0,2.55,0,0,0,6,6,2,2
4040,1,2,1.457803425,2.55,0,3.04,2,0,0,4,4,3,3
4040,6,8,1.417240894,2.55,0,2.55,0,1,1,6,6,2,3
4040,3,4,1.407607005,2.55,0,2.55,0,1,1,6,6,3,2
4040,3,5,1.40133295,2.55,0,2.55,0,1,1,6,6,3,2
4040,4,6,1.386319636,2.55,0,2.55,0,1,1,6,6,2,2
4040,2,17,1.380770868,3.04,2,2.55,0,0,0,4,4,3,3
4040,7,8,1.339453547,3.04,2,2.55,0,1,1,6,6,2,3
4040,5,7,1.333929837,2.55,0,3.04,2,1,1,6,6,2,2
4040,22,27,1.551967864,2.55,0,2.55,0,0,0,0,6,3,3
4040,22,23,1.533016013,2.55,0,2.55,0,0,0,0,0,3,1
4040,1,15,1.520120076,2.55,0,2.55,0,0,0,4,0,3,3
4040,0,3,1.506422113,2.55,0,2.55,0,0,1,4,6,3,3
4040,21,22,1.462245591,3.04,2,2.55,0,0,0,0,0,2,3
4040,45,46,1.43098797,3.44,1,2.55,0,0,0,0,0,2,1
4040,2,20,1.415727304,3.04,2,2.55,0,0,0,4,0,3,3
4040,8,11,1.371652086,2.55,0,3.04,2,1,0,6,0,3,1
4040,20,21,1.356746162,2.55,0,3.04,2,0,0,0,0,3,2
4040,15,45,1.340671121,2.55,0,3.44,1,0,0,0,0,3,2
4040,20,51,1.216804347,2.55,0,3.44,1,0,0,0,0,3,1
4040,17,19,1.207318308,2.55,0,3.44,1,0,0,4,0,3,1
4040,15,50,1.204938232,2.55,0,3.44,1,0,0,0,0,3,1
4041,32,33,1.790555218,2.58,3,2.55,0,0,1,0,6,4,3
4041,29,32,1.717668506,3.04,2,2.58,3,0,0,3,0,3,4
4041,32,45,1.471377994,2.58,3,3.44,1,0,0,0,0,4,1
4041,32,44,1.461034726,2.58,3,3.44,1,0,0,0,0,4,1
4042,11,23,1.551940546,2.55,0,2.55,0,0,0,6,6,3,3
4042,25,41,1.551693111,2.55,0,2.55,0,0,0,6,6,3,3
4042,34,41,1.5515986,2.55,0,2.55,0,0,0,6,6,3,3
4042,10,11,1.550089594,2.55,0,2.55,0,0,0,6,6,3,3
4042,23,32,1.543738312,2.55,0,2.55,0,0,0,6,6,3,2
4042,10,37,1.54325299,2.55,0,2.55,0,0,0,6,6,3,2
4042,32,34,1.542990779,2.55,0,2.55,0,0,0,6,6,2,3
4042,25,28,1.542738186,2.55,0,2.55,0,0,0,6,6,3,2
4042,34,37,1.542714538,2.55,0,2.55,0,0,0,6,6,3,2
4042,23,24,1.542297886,2.55,0,2.55,0,0,0,6,6,3,2
4042,10,28,1.540795417,2.55,0,2.55,0,0,0,6,6,3,2
4042,24,25,1.540620171,2.55,0,2.55,0,0,0,6,6,2,3
4042,15,16,1.53388633,2.55,0,2.55,0,0,0,4,4,3,2
4042,12,16,1.497426058,3.04,2,2.55,0,0,0,4,4,3,2
4042,12,13,1.451048126,3.04,2,3.04,2,0,0,4,4,3,3
4042,0,8,1.418057421,2.55,0,2.55,0,1,1,6,6,3,3
4042,0,1,1.40845218,2.55,0,2.55,0,1,1,6,6,3,2
4042,3,5,1.405182745,2.55,0,2.55,0,1,1,6,6,2,3
4042,6,8,1.39810111,2.55,0,2.55,0,1,1,6,6,2,3
4042,5,6,1.396748458,2.55,0,2.55,0,1,1,6,6,3,2
4042,1,3,1.392647247,2.55,0,2.55,0,1,1,6,6,2,2
4042,13,15,1.383699909,3.04,2,2.55,0,0,0,4,4,3,3
4042,41,44,1.532912481,2.55,0,2.55,0,0,0,6,0,3,1
4042,5,9,1.50877169,2.55,0,2.55,0,1,0,6,0,3,1
4042,8,20,1.468397491,2.55,0,3.04,2,1,0,6,0,3,3
4042,11,13,1.4662335,2.55,0,3.04,2,0,0,6,4,3,3
4042,0,12,1.412502369,2.55,0,3.04,2,1,0,6,4,3,3
4042,20,22,1.223442869,3.04,2,3.44,1,0,0,0,0,3,1
4042,20,21,1.222252383,3.04,2,3.44,1,0,0,0,0,3,1
4042,14,15,1.204094164,3.44,1,2.55,0,0,0,0,4,1,3
4043,9,10,1.563571919,2.55,0,2.55,0,0,0,4,4,4,4
4043,28,30,1.55344582,2.55,0,2.55,0,0,0,6,6,3,2
4043,27,29,1.547220227,2.55,0,2.55,0,0,0,6,6,3,2
4043,27,40,1.542229735,2.55,0,2.55,0,0,0,6,6,3,2
4043,46,47,1.536594319,2.55,0,2.55,0,0,0,6,6,2,3
4043,29,31,1.535125221,2.55,0,2.55,0,0,0,6,6,2,2
4043,47,50,1.533630156,2.55,0,2.55,0,0,0,6,6,3,2
4043,30,31,1.533359754,2.55,0,2.55,0,0,0,6,6,2,2
4043,45,50,1.531347327,2.55,0,2.55,0,0,0,6,6,2,2
4043,10,28,1.531249636,2.55,0,2.55,0,0,0,4,6,4,3
4043,10,27,1.527967715,2.55,0,2.55,0,0,0,4,6,4,3
4043,28,38,1.520898805,2.55,0,2.55,0,0,0,6,6,3,3
4043,38,45,1.514378805,2.55,0,2.55,0,0,0,6,6,3,2
4043,40,42,1.5138562,2.55,0,2.55,0,0,0,6,6,2,3
4043,42,46,1.513718538,2.55,0,2.55,0,0,0,6,6,3,2
4043,11,12,1.468794544,3.44,1,3.44,1,0,0,4,4,2,2
4043,10,12,1.467964278,2.55,0,3.44,1,0,0,4,4,4,2
4043,9,11,1.437145827,2.55,0,3.44,1,0,0,4,4,4,2
4043,5,6,1.411976716,2.55,0,2.55,0,1,1,6,6,3,3
4043,3,5,1.405573541,2.55,0,2.55,0,1,1,6,6,2,3
4043,0,7,1.403081941,2.55,0,2.55,0,1,1,6,6,3,2
4043,0,1,1.402786479,2.55,0,2.55,0,1,1,6,6,3,2
4043,6,7,1.39396781,2.55,0,2.55,0,1,1,6,6,3,2
4043,1,3,1.393411081,2.55,0,2.55,0,1,1,6,6,2,2
4043,38,42,1.349480737,2.55,0,2.55,0,0,0,6,6,3,3
4043,47,55,1.530821469,2.55,0,2.55,0,0,0,6,0,3,1
4043,0,9,1.524197817,2.55,0,2.55,0,1,0,6,4,3,4
4043,21,22,1.50388416,2.55,0,2.55,0,0,0,0,0,3,1
4043,5,8,1.43490693,2.55,0,2.55,0,1,0,6,0,3,2
4043,13,14,1.421108438,3.44,1,2.55,0,0,0,0,0,2,1
4043,9,13,1.394299337,2.55,0,3.44,1,0,0,4,0,4,2
4043,6,20,1.378743449,2.55,0,3.44,1,1,0,6,0,3,2
4043,20,21,1.372145055,3.44,1,2.55,0,0,0,0,0,2,3
4043,21,26,1.200227142,2.55,0,3.44,1,0,0,0,0,3,1
4043,8,19,1.161154172,2.55,0,3.04,2,0,0,0,0,2,1
4044,10,21,1.529582558,2.55,0,2.55,0,1,1,5,5,3,4
4044,5,21,1.527100309,2.55,0,2.55,0,1,1,6,5,3,4
4044,1,21,1.526431346,2.55,0,2.55,0,0,1,6,5,3,4
4044,21,22,1.504277004,2.55,0,3.04,2,1,1,5,5,4,3
4044,66,72,1.49800038,2.55,0,2.55,0,1,0,5,5,3,3
4044,68,73,1.489334812,2.55,0,2.55,0,1,0,5,5,3,3
4044,11,23,1.479169866,2.55,0,2.55,0,1,1,5,5,3,3
4044,63,64,1.42101534,2.55,0,2.55,0,1,1,6,6,3,2
4044,27,28,1.419517874,2.55,0,2.55,0,0,0,6,6,3,2
4044,2,8,1.417975768,2.55,0,2.55,0,1,1,6,6,3,2
4044,63,65,1.417277698,2.55,0,2.55,0,1,1,6,6,3,2
4044,22,23,1.411887862,3.04,2,2.55,0,1,1,5,5,3,3
4044,73,74,1.408284408,2.55,0,3.04,2,0,0,5,5,3,3
4044,25,27,1.40826575,2.55,0,2.55,0,0,0,6,6,2,3
4044,2,3,1.407569343,2.55,0,2.55,0,1,1,6,6,3,2
4044,14,16,1.406712637,2.55,0,2.55,0,1,1,6,6,2,2
4044,72,74,1.406268154,2.55,0,3.04,2,0,0,5,5,3,3
4044,1,26,1.402210456,2.55,0,2.55,0,0,0,6,6,3,2
4044,5,6,1.400637917,2.55,0,2.55,0,1,1,6,6,3,2
4044,4,5,1.400562573,2.55,0,2.55,0,1,1,6,6,3,3
4044,0,1,1.400107228,2.55,0,2.55,0,0,0,6,6,3,3
4044,16,18,1.399382309,2.55,0,2.55,0,1,1,6,6,2,2
4044,65,67,1.398691728,2.55,0,2.55,0,1,1,6,6,2,2
4044,0,25,1.397733187,2.55,0,2.55,0,0,0,6,6,3,2
4044,66,68,1.397584525,2.55,0,2.55,0,1,1,5,5,3,3
4044,11,12,1.397411372,2.55,0,2.55,0,1,1,5,6,3,2
4044,3,4,1.397409902,2.55,0,2.55,0,1,1,6,6,2,3
4044,12,14,1.395854649,2.55,0,2.55,0,1,1,6,6,2,2
4044,10,18,1.395065609,2.55,0,2.55,0,1,1,5,6,3,2
4044,6,8,1.390714422,2.55,0,2.55,0,1,1,6,6,2,2
4044,26,28,1.389100788,2.55,0,2.55,0,0,0,6,6,2,2
4044,67,68,1.388155925,2.55,0,2.55,0,1,1,6,5,2,3
4044,10,11,1.388068689,2.55,0,2.55,0,1,1,5,5,3,3
4044,64,66,1.385166759,2.55,0,2.55,0,1,1,6,5,2,3
4044,0,20,1.369337524,2.55,0,3.44,1,0,0,6,6,3,2
4044,4,20,1.368783842,2.55,0,3.44,1,1,0,6,6,3,2
4044,41,42,1.5314272,2.55,0,2.55,0,0,0,0,0,2,4
4044,49,50,1.530457612,2.55,0,2.55,0,0,0,0,0,2,1
4044,56,57,1.528021149,2.55,0,2.55,0,0,0,0,0,2,4
4044,75,76,1.527242931,2.55,0,2.55,0,0,0,0,0,2,3
4044,34,35,1.526696931,2.55,0,2.55,0,0,0,0,0,2,1
4044,33,34,1.468340833,3.04,2,2.55,0,0,0,0,0,3,2
4044,48,49,1.46565785,3.04,2,2.55,0,0,0,0,0,3,2
4044,33,41,1.448319887,3.04,2,2.55,0,0,0,0,0,3,2
4044,48,56,1.441020459,3.04,2,2.55,0,0,0,0,0,3,2
4044,74,75,1.435140933,3.04,2,2.55,0,0,0,5,0,3,2
4044,79,80,1.429267256,3.44,1,2.55,0,0,0,0,0,2,1
4044,22,63,1.414343425,3.04,2,2.55,0,1,1,5,6,3,3
4044,2,33,1.406014457,2.55,0,3.04,2,1,0,6,0,3,3
4044,27,48,1.396245874,2.55,0,3.04,2,0,0,6,0,3,3
4044,76,79,1.342139033,2.55,0,3.44,1,0,0,0,0,3,2
4044,23,24,1.214473517,2.55,0,3.44,1,1,0,5,0,3,1
4044,73,85,1.20945544,2.55,0,3.44,1,0,0,5,0,3,1
4044,72,84,1.207866833,2.55,0,3.44,1,0,0,5,0,3,1
4044,76,86,1.202818332,2.55,0,3.44,1,0,0,0,0,3,1
4045,1,2,1.867434049,2.55,0,2.58,3,0,0,6,6,4,2
4045,2,3,1.772803573,2.58,3,2.55,0,0,0,6,6,2,3
4046,0,1,2.042739005,2.58,3,2.58,3,0,0,0,0,2,2
4046,0,2,1.849089771,2.58,3,2.55,0,0,0,0,0,2,3
4046,1,3,1.846499504,2.58,3,2.55,0,0,0,0,0,2,3
4046,3,23,1.65238095,2.55,0,2.58,3,0,0,0,0,3,1
4046,2,22,1.649365167,2.55,0,2.58,3,0,0,0,0,3,1
92,11,26,2.141217077,2.58,3,2.58,3,0,0,0,0,2,2
92,9,11,1.782724514,2.55,0,2.58,3,1,0,6,0,3,2
92,24,26,1.782544848,2.55,0,2.58,3,1,0,6,0,3,2
4048,5,21,1.529989131,2.55,0,2.55,0,1,1,6,5,3,4
4048,10,21,1.529731845,2.55,0,2.55,0,1,1,5,5,3,4
4048,1,21,1.525847372,2.55,0,2.55,0,1,1,6,5,3,4
4048,21,22,1.498216536,2.55,0,3.04,2,1,1,5,5,4,3
4048,11,23,1.481712784,2.55,0,2.55,0,1,1,5,5,3,3
4048,27,28,1.422342014,2.55,0,2.55,0,1,1,6,6,3,2
4048,43,44,1.412996601,2.55,0,2.55,0,1,1,6,6,3,2
4048,46,48,1.412600045,2.55,0,2.55,0,1,1,6,6,3,3
4048,25,27,1.410523054,2.55,0,2.55,0,1,1,6,6,2,3
4048,2,8,1.409008092,2.55,0,2.55,0,1,1,6,6,3,2
4048,14,16,1.40627959,2.55,0,2.55,0,1,1,6,6,2,2
4048,43,45,1.404838936,2.55,0,2.55,0,1,1,6,6,3,2
4048,5,6,1.403736482,2.55,0,2.55,0,1,1,6,6,3,2
4048,3,4,1.402804977,2.55,0,2.55,0,1,1,6,6,2,3
4048,1,26,1.402589656,2.55,0,2.55,0,1,1,6,6,3,2
4048,22,23,1.402468597,3.04,2,2.55,0,1,1,5,5,3,3
4048,4,5,1.399754446,2.55,0,2.55,0,1,1,6,6,3,3
4048,16,18,1.39974625,2.55,0,2.55,0,1,1,6,6,2,2
4048,45,47,1.398612865,2.55,0,2.55,0,1,1,6,6,2,2
4048,0,25,1.398497049,2.55,0,2.55,0,1,1,6,6,3,2
4048,0,1,1.398299563,2.55,0,2.55,0,1,1,6,6,3,3
4048,44,46,1.397706784,2.55,0,2.55,0,1,1,6,6,2,3
4048,11,12,1.396832144,2.55,0,2.55,0,1,1,5,6,3,2
4048,12,14,1.396571655,2.55,0,2.55,0,1,1,6,6,2,2
4048,2,3,1.395595838,2.55,0,2.55,0,1,1,6,6,3,2
4048,10,18,1.394675698,2.55,0,2.55,0,1,1,5,6,3,2
4048,47,48,1.394372359,2.55,0,2.55,0,1,1,6,6,2,3
4048,6,8,1.390827985,2.55,0,2.55,0,1,1,6,6,2,2
4048,10,11,1.388054819,2.55,0,2.55,0,1,1,5,5,3,3
4048,26,28,1.387843315,2.55,0,2.55,0,1,1,6,6,2,2
4048,0,20,1.371714454,2.55,0,3.44,1,1,0,6,6,3,2
4048,4,20,1.368439496,2.55,0,3.44,1,1,0,6,6,3,2
4048,35,36,1.532283001,2.55,0,2.55,0,0,0,0,0,2,1
4048,42,61,1.529377084,2.55,0,2.55,0,0,0,0,0,2,1
4048,2,33,1.5093427,2.55,0,2.55,0,1,0,6,0,3,1
4048,48,52,1.504973036,2.55,0,2.55,0,1,0,6,0,3,1
4048,34,35,1.463907166,3.04,2,2.55,0,0,0,0,0,3,2
4048,34,42,1.459275396,3.04,2,2.55,0,0,0,0,0,3,2
4048,22,43,1.424595207,3.04,2,2.55,0,1,1,5,6,3,3
4048,56,57,1.41025121,3.44,1,2.55,0,0,0,0,0,2,1
4048,27,34,1.392091715,2.55,0,3.04,2,1,0,6,0,3,3
4048,46,56,1.362629323,2.55,0,3.44,1,1,0,6,0,3,2
4048,23,24,1.218650199,2.55,0,3.44,1,1,0,5,0,3,1
4049,19,20,1.574678908,2.55,0,2.55,0,0,0,6,5,4,3
4049,18,21,1.568675743,2.55,0,2.55,0,0,0,6,5,3,3
4049,13,19,1.547303592,2.55,0,2.55,0,0,0,6,6,3,4
4049,0,19,1.5384616,2.55,0,2.55,0,0,0,6,6,3,4
4049,20,21,1.537261579,2.55,0,2.55,0,0,0,5,5,3,3
4049,20,24,1.529673119,2.55,0,2.55,0,0,0,5,5,3,3
4049,21,26,1.52192077,2.55,0,2.55,0,0,0,5,5,3,3
4049,8,18,1.516415547,2.55,0,2.55,0,0,0,6,6,3,3
4049,14,18,1.512164728,2.55,0,2.55,0,0,0,6,6,3,3
4049,24,28,1.413502182,2.55,0,3.04,2,0,0,5,5,3,3
4049,0,8,1.413347388,2.55,0,2.55,0,0,0,6,6,3,3
4049,26,28,1.408119841,2.55,0,3.04,2,0,0,5,5,3,3
4049,13,14,1.407972354,2.55,0,2.55,0,0,0,6,6,3,3
4049,32,33,1.404057181,2.55,0,2.55,0,1,1,6,6,3,2
4049,32,40,1.403253578,2.55,0,2.55,0,1,1,6,6,3,2
4049,41,43,1.403150354,2.55,0,2.55,0,1,1,6,6,2,3
4049,42,43,1.40314669,2.55,0,2.55,0,1,1,6,6,2,3
4049,10,11,1.40190146,2.55,0,2.55,0,0,0,6,6,2,2
4049,1,3,1.401750892,2.55,0,2.55,0,0,0,6,6,2,2
4049,15,17,1.400742371,2.55,0,2.55,0,0,0,6,6,2,2
4049,4,6,1.399749363,2.55,0,2.55,0,0,0,6,6,2,2
4049,0,1,1.398309395,2.55,0,2.55,0,0,0,6,6,3,2
4049,11,13,1.397687763,2.55,0,2.55,0,0,0,6,6,2,3
4049,10,17,1.396472288,2.55,0,2.55,0,0,0,6,6,2,2
4049,3,4,1.396229568,2.55,0,2.55,0,0,0,6,6,2,2
4049,6,8,1.395408555,2.55,0,2.55,0,0,0,6,6,2,3
4049,14,15,1.394340141,2.55,0,2.55,0,0,0,6,6,3,2
4049,40,41,1.393967648,2.55,0,2.55,0,1,1,6,6,2,2
4049,33,42,1.39223713,2.55,0,2.55,0,1,1,6,6,2,2
4049,19,31,1.54553323,2.55,0,2.55,0,0,0,6,0,4,3
4049,31,35,1.518585193,2.55,0,2.55,0,0,0,0,0,3,1
4049,50,51,1.514940518,2.55,0,2.55,0,0,0,0,0,2,1
4049,43,48,1.49415621,2.55,0,2.55,0,1,0,6,0,3,3
4049,49,50,1.436917048,3.44,1,2.55,0,0,0,0,0,2,2
4049,28,32,1.428522824,3.04,2,2.55,0,0,1,5,6,3,3
4049,48,49,1.347061803,2.55,0,3.44,1,0,0,0,0,3,2
4049,48,57,1.210381638,2.55,0,3.44,1,0,0,0,0,3,1
4049,31,39,1.209333945,2.55,0,3.44,1,0,0,0,0,3,1
4049,26,30,1.205981295,2.55,0,3.44,1,0,0,5,0,3,1
4049,24,29,1.204649578,2.55,0,3.44,1,0,0,5,0,3,1
4050,15,16,1.593017472,2.55,0,2.55,0,0,0,6,5,4,3
4050,9,15,1.567804453,2.55,0,2.55,0,0,0,6,6,3,4
4050,14,17,1.566061367,2.55,0,2.55,0,0,0,6,5,3,3
4050,0,15,1.551507762,2.55,0,2.55,0,0,0,6,6,3,4
4050,16,17,1.54498661,2.55,0,2.55,0,0,0,5,5,3,3
4050,16,20,1.531098596,2.55,0,2.55,0,0,0,5,5,3,3
4050,17,22,1.522842763,2.55,0,2.55,0,0,0,5,5,3,3
4050,10,14,1.510493938,2.55,0,2.55,0,0,0,6,6,3,3
4050,6,14,1.509104693,2.55,0,2.55,0,0,0,6,6,3,3
4050,7,8,1.448338255,2.55,0,2.55,0,0,0,6,6,3,3
4050,8,9,1.444667821,2.55,0,2.55,0,0,0,6,6,3,3
4050,4,5,1.437611817,2.55,0,2.55,0,1,1,6,6,3,3
4050,8,48,1.430759056,2.55,0,2.55,0,0,0,6,6,3,2
4050,5,6,1.428116139,2.55,0,2.55,0,1,0,6,6,3,3
4050,5,59,1.42581748,2.55,0,2.55,0,1,1,6,6,3,2
4050,7,50,1.424989225,2.55,0,2.55,0,0,0,6,6,3,2
4050,4,56,1.423811119,2.55,0,2.55,0,1,1,6,6,3,2
4050,0,1,1.420578619,2.55,0,2.55,0,0,0,6,6,3,2
4050,3,4,1.420247146,2.55,0,2.55,0,0,1,6,6,2,3
4050,7,13,1.419351393,2.55,0,2.55,0,0,0,6,6,3,2
4050,57,58,1.417945615,2.55,0,2.55,0,1,1,6,6,2,2
4050,49,51,1.414458391,2.55,0,2.55,0,0,0,6,6,2,2
4050,10,11,1.411831029,2.55,0,2.55,0,0,0,6,6,3,2
4050,20,24,1.395120122,2.55,0,3.04,2,0,0,5,5,3,3
4050,9,10,1.394527266,2.55,0,2.55,0,0,0,6,6,3,3
4050,22,24,1.39346641,2.55,0,3.04,2,0,0,5,5,3,3
4050,0,6,1.388992734,2.55,0,2.55,0,0,0,6,6,3,3
4050,48,49,1.379820183,2.55,0,2.55,0,0,0,6,6,2,2
4050,58,59,1.379393702,2.55,0,2.55,0,1,1,6,6,2,2
4050,1,3,1.379307441,2.55,0,2.55,0,0,0,6,6,2,2
4050,56,57,1.378231786,2.55,0,2.55,0,1,1,6,6,2,2
4050,50,51,1.375760046,2.55,0,2.55,0,0,0,6,6,2,2
4050,11,13,1.374301286,2.55,0,2.55,0,0,0,6,6,2,2
4050,15,27,1.545278349,2.55,0,2.55,0,0,0,6,0,4,2
4050,27,30,1.535943338,2.55,0,2.55,0,0,0,0,0,2,1
4050,28,34,1.527689813,2.55,0,2.55,0,0,0,0,0,2,3
4050,36,37,1.514204811,2.55,0,2.55,0,0,0,0,0,2,1
4050,35,36,1.441942666,3.44,1,2.55,0,0,0,0,0,2,2
4050,24,28,1.439811274,3.04,2,2.55,0,0,0,5,0,3,2
4050,34,35,1.338187252,2.55,0,3.44,1,0,0,0,0,3,2
4050,20,25,1.209442129,2.55,0,3.44,1,0,0,5,0,3,1
4050,22,26,1.207838645,2.55,0,3.44,1,0,0,5,0,3,1
4050,34,43,1.20391438,2.55,0,3.44,1,0,0,0,0,3,1
4051,9,10,1.591551531,2.55,0,2.55,0,0,0,6,5,4,3
4051,34,35,1.584436917,2.55,0,2.55,0,0,0,4,4,3,3
4051,10,11,1.572443763,2.55,0,2.55,0,0,0,5,5,3,3
4051,8,11,1.57111897,2.55,0,2.55,0,0,0,6,5,3,3
4051,10,30,1.558749266,2.55,0,2.55,0,0,0,5,5,3,3
4051,11,32,1.555612054,2.55,0,2.55,0,0,0,5,5,3,3
4051,30,35,1.55306253,2.55,0,2.55,0,0,0,5,4,3,3
4051,32,34,1.552179299,2.55,0,2.55,0,0,0,5,4,3,3
4051,30,36,1.544618225,2.55,0,2.55,0,0,0,5,5,3,2
4051,32,36,1.544314009,2.55,0,2.55,0,0,0,5,5,3,2
4051,4,9,1.533709887,2.55,0,2.55,0,0,0,6,6,3,4
4051,0,9,1.526359423,2.55,0,2.55,0,0,0,6,6,2,4
4051,34,43,1.516863594,2.55,0,2.55,0,0,0,4,4,3,3
4051,1,8,1.516150459,2.55,0,2.55,0,0,0,6,6,2,3
4051,5,8,1.515319677,2.55,0,2.55,0,0,0,6,6,3,3
4051,35,41,1.513419993,2.55,0,2.55,0,0,0,4,4,3,3
4051,4,5,1.44332194,2.55,0,2.55,0,0,0,6,6,3,3
4051,2,7,1.432693835,2.55,0,2.55,0,1,1,6,6,3,3
4051,2,22,1.418163287,2.55,0,2.55,0,1,1,6,6,3,2
4051,7,23,1.418152835,2.55,0,2.55,0,1,1,6,6,3,2
4051,24,25,1.417088709,2.55,0,2.55,0,1,1,6,6,2,2
4051,22,25,1.382208787,2.55,0,2.55,0,1,1,6,6,2,2
4051,23,24,1.382208564,2.55,0,2.55,0,1,1,6,6,2,2
4051,6,7,1.370932283,3.04,2,2.55,0,0,1,6,6,2,3
4051,2,3,1.370858295,2.55,0,3.04,2,1,0,6,6,3,2
4051,41,43,1.359213831,2.55,0,2.55,0,0,0,4,4,3,3
4051,0,1,1.339847472,2.55,0,2.55,0,0,0,6,6,2,2
4051,3,4,1.304978913,3.04,2,2.55,0,0,0,6,6,2,3
4051,5,6,1.304625675,2.55,0,3.04,2,0,0,6,6,3,2
4051,9,12,1.537039475,2.55,0,2.55,0,0,0,6,0,4,2
4051,12,14,1.532057707,2.55,0,2.55,0,0,0,0,0,2,1
4051,43,51,1.483144871,2.55,0,2.55,0,0,0,4,0,3,3
4051,41,45,1.481503849,2.55,0,2.55,0,0,0,4,0,3,3
4051,52,53,1.426788824,3.44,1,2.55,0,0,0,0,0,2,1
4051,46,47,1.426756199,3.44,1,2.55,0,0,0,0,0,2,1
4051,51,52,1.353844885,2.55,0,3.44,1,0,0,0,0,3,2
4051,45,46,1.337181315,2.55,0,3.44,1,0,0,0,0,3,2
4051,45,57,1.212611344,2.55,0,3.44,1,0,0,0,0,3,1
4051,51,58,1.206301844,2.55,0,3.44,1,0,0,0,0,3,1
4052,19,20,1.587232824,2.55,0,2.55,0,0,0,6,5,4,3
4052,18,21,1.560343182,2.55,0,2.55,0,0,0,6,5,3,3
4052,64,67,1.556434249,2.55,0,2.55,0,0,0,5,5,2,2
4052,55,63,1.551953487,2.55,0,2.55,0,0,0,5,5,4,2
4052,55,62,1.551144092,2.55,0,2.55,0,0,0,5,5,4,2
4052,13,19,1.550349783,2.55,0,2.55,0,1,0,6,6,3,4
4052,62,64,1.545249728,2.55,0,2.55,0,0,0,5,5,2,2
4052,63,67,1.544378151,2.55,0,2.55,0,0,0,5,5,2,2
4052,0,19,1.54345471,2.55,0,2.55,0,0,0,6,6,3,4
4052,20,21,1.542949387,2.55,0,2.55,0,0,0,5,5,3,3
4052,20,24,1.530213942,2.55,0,2.55,0,0,0,5,5,3,3
4052,21,26,1.523713203,2.55,0,2.55,0,0,0,5,5,3,3
4052,14,18,1.515993448,2.55,0,2.55,0,1,0,6,6,3,3
4052,8,18,1.514365571,2.55,0,2.55,0,0,0,6,6,3,3
4052,13,14,1.410706133,2.55,0,2.55,0,1,1,6,6,3,3
4052,0,8,1.409861419,2.55,0,2.55,0,0,0,6,6,3,3
4052,26,28,1.407145673,2.55,0,3.04,2,0,0,5,5,3,3
4052,32,33,1.406700418,2.55,0,2.55,0,1,1,6,6,3,3
4052,24,28,1.405223596,2.55,0,3.04,2,0,0,5,5,3,3
4052,32,36,1.403394029,2.55,0,2.55,0,1,1,6,6,3,3
4052,38,39,1.403377279,2.55,0,2.55,0,1,1,6,6,2,3
4052,10,11,1.403140323,2.55,0,2.55,0,1,1,6,6,2,2
4052,1,3,1.401663565,2.55,0,2.55,0,0,0,6,6,2,2
4052,15,17,1.400947311,2.55,0,2.55,0,1,1,6,6,2,2
4052,4,6,1.400198839,2.55,0,2.55,0,0,0,6,6,2,2
4052,37,39,1.400171608,2.55,0,2.55,0,1,1,6,6,2,3
4052,11,13,1.397600633,2.55,0,2.55,0,1,1,6,6,2,3
4052,36,37,1.397198513,2.55,0,2.55,0,1,1,6,6,3,2
4052,3,4,1.396893486,2.55,0,2.55,0,0,0,6,6,2,2
4052,0,1,1.396159425,2.55,0,2.55,0,0,0,6,6,3,2
4052,10,17,1.396048624,2.55,0,2.55,0,1,1,6,6,2,2
4052,6,8,1.394896322,2.55,0,2.55,0,0,0,6,6,2,3
4052,14,15,1.394324204,2.55,0,2.55,0,1,1,6,6,3,2
4052,33,38,1.393337334,2.55,0,2.55,0,1,1,6,6,3,2
4052,55,58,1.541946653,2.55,0,2.55,0,0,0,5,0,4,1
4052,54,55,1.540344364,2.55,0,2.55,0,0,0,0,5,2,4
4052,49,51,1.533808472,2.55,0,2.55,0,0,0,0,0,2,3
4052,51,54,1.524001363,2.55,0,2.55,0,0,0,0,0,3,2
4052,19,31,1.515639652,2.55,0,2.55,0,0,0,6,0,4,2
4052,39,44,1.509177231,2.55,0,2.55,0,1,0,6,0,3,1
4052,35,49,1.500204727,2.55,0,2.55,0,0,0,0,0,2,2
4052,28,32,1.419442287,3.04,2,2.55,0,0,1,5,6,3,3
4052,31,35,1.337935991,2.55,0,2.55,0,0,0,0,0,2,2
4052,51,74,1.213110418,2.55,0,3.44,1,0,0,0,0,3,1
4052,24,29,1.205907445,2.55,0,3.44,1,0,0,5,0,3,1
4052,26,30,1.203562137,2.55,0,3.44,1,0,0,5,0,3,1
4053,14,15,1.62089809,2.55,0,2.55,0,0,1,6,6,4,3
4053,13,16,1.601120712,2.55,0,2.55,0,0,1,6,6,3,3
4053,15,16,1.562200181,2.55,0,2.55,0,1,1,6,6,3,3
4053,0,14,1.544898302,2.55,0,2.55,0,0,0,6,6,3,4
4053,9,14,1.543033217,2.55,0,2.55,0,0,0,6,6,3,4
4053,1,2,1.516096891,2.55,0,2.55,0,0,0,6,6,3,3
4053,16,35,1.506828152,2.55,0,2.55,0,1,1,6,6,3,2
4053,11,12,1.504076032,2.55,0,2.55,0,0,0,6,6,3,3
4053,15,32,1.503708894,2.55,0,2.55,0,1,1,6,6,3,2
4053,6,13,1.499079837,2.55,0,2.55,0,0,0,6,6,3,3
4053,10,13,1.496640875,2.55,0,2.55,0,0,0,6,6,3,3
4053,8,9,1.494692921,2.55,0,2.55,0,0,0,6,6,3,3
4053,3,5,1.492504829,2.55,0,2.55,0,0,0,6,6,3,3
4053,0,1,1.491333297,2.55,0,2.55,0,0,0,6,6,3,3
4053,5,6,1.488303133,2.55,0,2.55,0,0,0,6,6,3,3
4053,7,8,1.488279616,2.55,0,2.55,0,0,0,6,6,2,3
4053,10,11,1.488055766,2.55,0,2.55,0,0,0,6,6,3,3
4053,34,37,1.465936094,2.55,0,2.55,0,1,1,6,6,3,2
4053,60,62,1.414676011,2.55,0,2.55,0,1,0,5,6,3,3
4053,62,65,1.411889844,2.55,0,2.55,0,0,0,6,6,3,2
4053,59,60,1.406240739,2.55,0,2.55,0,1,1,5,5,3,3
4053,64,65,1.404641735,2.55,0,2.55,0,0,0,6,6,2,2
4053,57,59,1.400507616,3.04,2,2.55,0,1,1,5,5,3,3
4053,57,58,1.394664673,3.04,2,2.55,0,1,1,5,5,3,2
4053,60,61,1.383481848,2.55,0,3.04,2,1,1,5,5,3,2
4053,9,10,1.355410978,2.55,0,2.55,0,0,0,6,6,3,3
4053,2,3,1.354030192,2.55,0,2.55,0,0,0,6,6,3,3
4053,0,6,1.353341434,2.55,0,2.55,0,0,0,6,6,3,3
4053,7,12,1.349519873,2.55,0,2.55,0,0,0,6,6,2,3
4053,35,37,1.341509758,2.55,0,2.55,0,1,1,6,6,2,2
4053,32,34,1.340967219,2.55,0,2.55,0,1,1,6,6,2,3
4053,63,64,1.338582099,3.04,2,2.55,0,0,0,6,6,2,2
4053,59,63,1.326521315,2.55,0,3.04,2,1,0,5,6,3,2
4053,58,61,1.301403744,2.55,0,3.04,2,1,1,5,5,2,2
4053,19,20,1.51753939,2.55,0,2.55,0,0,0,0,0,2,2
4053,24,27,1.510478367,2.55,0,2.55,0,0,0,0,0,3,1
4053,42,43,1.506867659,2.55,0,2.55,0,0,0,0,0,3,1
4053,2,53,1.49987803,2.55,0,2.55,0,0,0,6,0,3,1
4053,20,21,1.433574479,2.55,0,3.44,1,0,0,0,0,2,2
4053,17,19,1.423320391,3.44,1,2.55,0,0,0,0,0,2,2
4053,12,57,1.401858942,2.55,0,3.04,2,0,1,6,5,3,3
4053,34,41,1.39144301,2.55,0,3.44,1,1,0,6,0,3,2
4053,14,17,1.387545147,2.55,0,3.44,1,0,0,6,0,4,2
4053,41,42,1.366804092,3.44,1,2.55,0,0,0,0,0,2,3
4053,62,69,1.358615538,2.55,0,3.04,2,0,0,6,0,3,1
4053,21,24,1.349459375,3.44,1,2.55,0,0,0,0,0,2,3
4053,8,48,1.219875882,2.55,0,3.44,1,0,0,6,0,3,1
4053,1,50,1.217916059,2.55,0,3.44,1,0,0,6,0,3,1
4053,5,51,1.214893432,2.55,0,3.44,1,0,0,6,0,3,1
4053,11,49,1.213129537,2.55,0,3.44,1,0,0,6,0,3,1
4053,24,31,1.205189184,2.55,0,3.44,1,0,0,0,0,3,1
4053,42,47,1.201168174,2.55,0,3.44,1,0,0,0,0,3,1
4054,13,19,1.546066836,2.55,0,2.55,0,0,0,6,6,3,4
4054,0,19,1.544606701,2.55,0,2.55,0,0,0,6,6,3,4
4054,19,20,1.540677325,2.55,0,3.04,2,0,0,6,6,4,3
4054,14,18,1.50949747,2.55,0,2.55,0,0,0,6,6,3,3
4054,8,18,1.509021784,2.55,0,2.55,0,0,0,6,6,3,3
4054,24,26,1.492302238,2.55,0,2.55,0,0,1,6,6,3,3
4054,18,21,1.486684473,2.55,0,3.04,2,0,0,6,6,3,3
4054,25,35,1.477249133,2.55,0,2.55,0,0,1,6,6,3,3
4054,20,21,1.414558437,3.04,2,3.04,2,0,0,6,6,3,3
4054,38,39,1.411391593,2.55,0,2.55,0,1,1,6,6,2,3
4054,0,8,1.405065929,2.55,0,2.55,0,0,0,6,6,3,3
4054,13,14,1.405064313,2.55,0,2.55,0,0,0,6,6,3,3
4054,35,37,1.403315893,2.55,0,2.55,0,1,1,6,6,3,2
4054,26,36,1.403228285,2.55,0,2.55,0,1,1,6,6,3,2
4054,1,3,1.40213697,2.55,0,2.55,0,0,0,6,6,2,2
4054,10,11,1.402090463,2.55,0,2.55,0,0,0,6,6,2,2
4054,26,35,1.402033699,2.55,0,2.55,0,1,1,6,6,3,3
4054,4,6,1.400297057,2.55,0,2.55,0,0,0,6,6,2,2
4054,15,17,1.400142935,2.55,0,2.55,0,0,0,6,6,2,2
4054,36,39,1.398033684,2.55,0,2.55,0,1,1,6,6,2,3
4054,11,13,1.397720778,2.55,0,2.55,0,0,0,6,6,2,3
4054,0,1,1.397429688,2.55,0,2.55,0,0,0,6,6,3,2
4054,10,17,1.397187598,2.55,0,2.55,0,0,0,6,6,2,2
4054,3,4,1.397110807,2.55,0,2.55,0,0,0,6,6,2,2
4054,6,8,1.393112215,2.55,0,2.55,0,0,0,6,6,2,3
4054,14,15,1.393098826,2.55,0,2.55,0,0,0,6,6,3,2
4054,37,38,1.390277167,2.55,0,2.55,0,1,1,6,6,2,2
4054,20,24,1.381837096,3.04,2,2.55,0,0,0,6,6,3,3
4054,21,25,1.377139896,3.04,2,2.55,0,0,0,6,6,3,3
4054,19,29,1.541212349,2.55,0,2.55,0,0,0,6,0,4,2
4054,29,31,1.539139996,2.55,0,2.55,0,0,0,0,0,2,1
4054,43,44,1.53766233,2.55,0,2.55,0,0,0,0,0,2,1
4054,39,43,1.513565633,2.55,0,2.55,0,1,0,6,0,3,2
4054,25,28,1.226571881,2.55,0,3.44,1,0,0,6,0,3,1
4054,24,27,1.224529217,2.55,0,3.44,1,0,0,6,0,3,1
4055,1,20,1.580310252,2.55,0,2.55,0,0,0,5,5,4,3
4055,21,22,1.580038129,2.55,0,2.55,0,0,0,5,5,3,3
4055,20,21,1.539456926,2.55,0,2.55,0,0,0,5,5,3,3
4055,1,24,1.534010746,2.55,0,2.55,0,0,0,5,5,4,2
4055,22,23,1.523631519,2.55,0,2.55,0,0,0,5,5,3,2
4055,20,28,1.521781593,2.55,0,2.55,0,0,0,5,5,3,3
4055,21,26,1.520651337,2.55,0,2.55,0,0,0,5,5,3,3
4055,1,38,1.442096787,2.55,0,3.44,1,0,0,5,5,4,2
4055,8,9,1.427637934,2.55,0,2.55,0,1,1,5,5,2,2
4055,22,38,1.427151482,2.55,0,3.44,1,0,0,5,5,3,2
4055,4,6,1.411856605,2.55,0,2.55,0,1,1,6,6,3,2
4055,0,5,1.406183755,2.55,0,2.55,0,1,1,6,6,3,2
4055,27,28,1.40171867,3.04,2,2.55,0,0,0,5,5,3,3
4055,26,27,1.395307627,2.55,0,3.04,2,0,0,5,5,3,3
4055,5,6,1.381142017,2.55,0,2.55,0,1,1,6,6,2,2
4055,9,10,1.373534138,2.55,0,2.55,0,1,1,5,5,2,3
4055,7,8,1.373504327,2.55,0,2.55,0,1,1,5,5,3,2
4055,7,15,1.367635815,2.55,0,3.44,1,1,1,5,5,3,2
4055,10,15,1.3603208,2.55,0,3.44,1,1,1,5,5,3,2
4055,3,4,1.345903376,3.04,2,2.55,0,1,1,6,6,2,3
4055,23,24,1.339313023,2.55,0,2.55,0,0,0,5,5,2,2
4055,0,2,1.335578349,2.55,0,3.04,2,1,1,6,6,3,2
4055,2,3,1.314671493,3.04,2,3.04,2,1,1,6,6,2,2
4055,29,30,1.528455635,2.55,0,2.55,0,0,0,0,0,2,1
4055,0,1,1.506007606,2.55,0,2.55,0,1,0,6,5,3,4
4055,10,11,1.487255632,2.55,0,2.55,0,1,0,5,0,3,1
4055,27,29,1.45879259,3.04,2,2.55,0,0,0,5,0,3,2
4055,4,7,1.453810834,2.55,0,2.55,0,1,1,6,5,3,3
4055,26,37,1.210034785,2.55,0,3.44,1,0,0,5,0,3,1
4055,28,36,1.208008541,2.55,0,3.44,1,0,0,5,0,3,1
4056,10,11,1.589711077,2.55,0,2.55,0,0,0,5,5,3,4
4056,1,9,1.584856535,2.55,0,2.55,0,0,0,5,5,4,3
4056,1,21,1.557700771,2.55,0,2.55,0,0,0,5,5,4,3
4056,9,10,1.552995037,2.55,0,2.55,0,0,0,5,5,3,3
4056,11,21,1.551718171,2.55,0,2.55,0,0,0,5,5,4,3
4056,1,13,1.545840338,2.55,0,2.55,0,0,0,5,5,4,3
4056,11,12,1.545481237,2.55,0,2.55,0,0,0,5,5,4,3
4056,9,16,1.535372503,2.55,0,2.55,0,0,0,5,5,3,3
4056,10,14,1.5248638,2.55,0,2.55,0,0,0,5,5,3,3
4056,14,15,1.411827185,2.55,0,3.04,2,0,0,5,5,3,3
4056,57,59,1.410260648,2.55,0,2.55,0,0,0,6,6,3,2
4056,15,16,1.408259835,3.04,2,2.55,0,0,0,5,5,3,3
4056,46,47,1.408238109,2.55,0,2.55,0,1,1,6,6,3,2
4056,46,48,1.40822164,2.55,0,2.55,0,1,1,6,6,3,2
4056,57,58,1.407811566,2.55,0,2.55,0,0,0,6,6,3,2
4056,23,24,1.407503082,2.55,0,2.55,0,1,1,6,6,3,2
4056,0,5,1.407423176,2.55,0,2.55,0,1,1,6,6,3,2
4056,22,23,1.406757998,2.55,0,2.55,0,1,1,6,6,2,3
4056,35,40,1.405876547,2.55,0,2.55,0,1,1,6,6,3,2
4056,35,36,1.405590582,2.55,0,2.55,0,1,1,6,6,3,2
4056,60,61,1.405427666,2.55,0,2.55,0,0,0,6,6,2,3
4056,61,62,1.405042382,2.55,0,2.55,0,0,0,6,6,3,2
4056,17,25,1.403525001,2.55,0,2.55,0,1,1,6,6,3,2
4056,0,2,1.403498272,2.55,0,2.55,0,1,1,6,6,3,2
4056,17,18,1.403045879,2.55,0,2.55,0,1,1,6,6,3,2
4056,36,37,1.399669713,2.55,0,2.55,0,1,1,6,6,2,2
4056,50,51,1.398732567,2.55,0,2.55,0,1,1,6,6,2,2
4056,38,39,1.39854842,2.55,0,2.55,0,1,1,6,6,2,2
4056,2,3,1.398473479,2.55,0,2.55,0,1,1,6,6,2,2
4056,4,6,1.397951731,2.55,0,2.55,0,1,1,6,6,2,2
4056,49,50,1.397836205,2.55,0,2.55,0,1,1,6,6,2,2
4056,48,49,1.397074612,2.55,0,2.55,0,1,1,6,6,2,2
4056,47,51,1.396452074,2.55,0,2.55,0,1,1,6,6,2,2
4056,3,4,1.39634541,2.55,0,2.55,0,1,1,6,6,2,2
4056,37,38,1.396309519,2.55,0,2.55,0,1,1,6,6,2,2
4056,5,6,1.395886849,2.55,0,2.55,0,1,1,6,6,2,2
4056,39,40,1.395007506,2.55,0,2.55,0,1,1,6,6,2,2
4056,58,62,1.39447973,2.55,0,2.55,0,0,0,6,6,2,2
4056,18,22,1.392908602,2.55,0,2.55,0,1,1,6,6,2,2
4056,24,25,1.391513126,2.55,0,2.55,0,1,1,6,6,2,2
4056,59,60,1.39095686,2.55,0,2.55,0,0,0,6,6,2,2
4056,12,13,1.362297064,2.55,0,2.55,0,0,0,5,5,3,3
4056,69,70,1.518407617,2.55,0,2.55,0,0,0,0,0,3,1
4056,11,35,1.514609393,2.55,0,2.55,0,0,1,5,6,4,3
4056,0,1,1.513683654,2.55,0,2.55,0,1,0,6,5,3,4
4056,61,69,1.504516589,2.55,0,2.55,0,0,0,6,0,3,3
4056,12,46,1.48295783,2.55,0,2.55,0,0,1,5,6,3,3
4056,13,57,1.47931886,2.55,0,2.55,0,0,0,5,6,3,3
4056,23,30,1.436704473,2.55,0,2.55,0,1,0,6,0,3,2
4056,15,17,1.427960564,3.04,2,2.55,0,0,1,5,6,3,3
4056,69,74,1.216021295,2.55,0,3.44,1,0,0,0,0,3,1
4056,16,19,1.205183983,2.55,0,3.44,1,0,0,5,0,3,1
4056,14,20,1.203404793,2.55,0,3.44,1,0,0,5,0,3,1
4056,21,75,1.196302493,2.55,0,3.44,1,0,0,5,0,3,1
4056,30,31,1.16138316,2.55,0,3.04,2,0,0,0,0,2,1
4057,0,1,1.588222903,2.55,0,2.55,0,0,0,5,5,4,3
4057,2,3,1.573810274,2.55,0,2.55,0,0,0,5,5,3,3
4057,0,15,1.551660059,2.55,0,2.55,0,0,0,5,5,4,2
4057,1,2,1.548876887,2.55,0,2.55,0,0,0,5,5,3,3
4057,19,24,1.541385086,2.55,0,2.55,0,0,0,6,6,2,3
4057,3,15,1.539713953,2.55,0,2.55,0,0,0,5,5,3,2
4057,21,24,1.539351259,2.55,0,2.55,0,0,0,6,6,2,3
4057,20,21,1.538420181,2.55,0,2.55,0,0,0,6,6,2,2
4057,0,5,1.53627556,2.55,0,2.55,0,0,0,5,5,4,3
4057,0,19,1.530913227,2.55,0,2.55,0,0,0,5,6,4,2
4057,3,4,1.529022578,2.55,0,2.55,0,0,0,5,5,3,3
4057,53,54,1.528524762,2.55,0,2.55,0,0,0,6,6,2,2
4057,46,47,1.525743691,2.55,0,2.55,0,0,0,6,6,2,2
4057,1,8,1.521101639,2.55,0,2.55,0,0,0,5,5,3,3
4057,2,6,1.519017881,2.55,0,2.55,0,0,0,5,5,3,3
4057,5,20,1.503330153,2.55,0,2.55,0,0,0,5,6,3,2
4057,47,50,1.460943977,2.55,0,3.04,2,0,0,6,6,2,3
4057,50,53,1.457957425,3.04,2,2.55,0,0,0,6,6,3,2
4057,43,54,1.455509834,3.04,2,2.55,0,0,0,6,6,3,2
4057,43,46,1.453295022,3.04,2,2.55,0,0,0,6,6,3,2
4057,59,64,1.420401306,2.55,0,2.55,0,0,0,6,6,3,2
4057,59,60,1.419103231,2.55,0,2.55,0,0,0,6,6,3,2
4057,62,63,1.409534595,2.55,0,2.55,0,0,0,6,6,3,2
4057,61,62,1.406738414,2.55,0,2.55,0,0,0,6,6,2,3
4057,7,8,1.398858463,3.04,2,2.55,0,0,0,5,5,3,3
4057,6,7,1.39356583,2.55,0,3.04,2,0,0,5,5,3,3
4057,60,61,1.389898633,2.55,0,2.55,0,0,0,6,6,2,2
4057,63,64,1.387218243,2.55,0,2.55,0,0,0,6,6,2,2
4057,4,5,1.351293574,2.55,0,2.55,0,0,0,5,5,3,3
4057,10,40,1.539152441,2.55,0,2.55,0,0,0,0,0,2,2
4057,9,10,1.53681102,2.55,0,2.55,0,0,0,0,0,2,2
4057,24,29,1.531405449,2.55,0,2.55,0,0,0,6,0,3,1
4057,4,34,1.496611004,2.55,0,2.55,0,0,0,5,0,3,1
4057,40,43,1.459063325,2.55,0,3.04,2,0,0,0,6,2,3
4057,7,9,1.456433596,3.04,2,2.55,0,0,0,5,0,3,2
4057,62,69,1.432387848,2.55,0,2.55,0,0,0,6,0,3,2
4057,50,59,1.389243461,3.04,2,2.55,0,0,0,6,6,3,3
4057,6,14,1.213142607,2.55,0,3.44,1,0,0,5,0,3,1
4057,8,13,1.21100295,2.55,0,3.44,1,0,0,5,0,3,1
4057,69,70,1.162698435,2.55,0,3.04,2,0,0,0,0,2,1
4058,3,4,1.5879503,2.55,0,2.55,0,0,0,5,5,3,4
4058,22,58,1.585257517,2.55,0,2.55,0,0,0,5,5,3,4
4058,19,57,1.574499087,2.55,0,2.55,0,0,0,5,5,3,3
4058,0,1,1.572730963,2.55,0,2.55,0,0,0,5,5,3,3
4058,19,22,1.546743794,2.55,0,2.55,0,0,0,5,5,3,3
4058,0,3,1.545942796,2.55,0,2.55,0,0,0,5,5,3,3
4058,4,5,1.531935587,2.55,0,2.55,0,0,0,5,5,4,2
4058,56,58,1.530234264,2.55,0,2.55,0,0,0,5,5,2,4
4058,3,11,1.526798886,2.55,0,2.55,0,0,0,5,5,3,3
4058,20,22,1.525683552,2.55,0,2.55,0,0,0,5,5,3,3
4058,1,2,1.523993329,2.55,0,2.55,0,0,0,5,5,3,2
4058,0,8,1.523680395,2.55,0,2.55,0,0,0,5,5,3,3
4058,55,57,1.523403507,2.55,0,2.55,0,0,0,5,5,2,3
4058,17,19,1.522679935,2.55,0,2.55,0,0,0,5,5,3,3
4058,4,15,1.433038857,2.55,0,3.44,1,0,0,5,5,4,2
4058,57,59,1.430978648,2.55,0,3.44,1,0,0,5,5,3,2
4058,58,59,1.430398983,2.55,0,3.44,1,0,0,5,5,4,2
4058,1,15,1.427010895,2.55,0,3.44,1,0,0,5,5,3,2
4058,17,18,1.400033964,2.55,0,3.04,2,0,0,5,5,3,3
4058,10,11,1.395887192,3.04,2,2.55,0,0,0,5,5,3,3
4058,8,10,1.395321313,2.55,0,3.04,2,0,0,5,5,3,3
4058,18,20,1.390106531,3.04,2,2.55,0,0,0,5,5,3,3
4058,55,56,1.337920177,2.55,0,2.55,0,0,0,5,5,2,2
4058,2,5,1.337148075,2.55,0,2.55,0,0,0,5,5,2,2
4058,23,24,1.528060866,2.55,0,2.55,0,0,0,0,0,2,2
4058,25,27,1.527790562,2.55,0,2.55,0,0,0,0,0,2,2
4058,46,58,1.517473208,2.55,0,2.55,0,0,0,0,5,2,4
4058,48,51,1.512322222,2.55,0,2.55,0,0,0,0,0,1,3
4058,4,33,1.511134254,2.55,0,2.55,0,0,0,5,0,4,2
4058,37,38,1.508818182,2.55,0,2.55,0,0,0,0,0,3,1
4058,18,23,1.455278649,3.04,2,2.55,0,0,0,5,0,3,2
4058,10,25,1.454451843,3.04,2,2.55,0,0,0,5,0,3,2
4058,33,34,1.43006638,2.55,0,3.44,1,0,0,0,0,2,2
4058,46,50,1.421874514,2.55,0,3.44,1,0,0,0,0,2,2
4058,26,27,1.405952013,3.44,1,2.55,0,0,0,0,0,2,2
4058,24,26,1.405590553,2.55,0,3.44,1,0,0,0,0,2,2
4058,50,51,1.367533721,3.44,1,2.55,0,0,0,0,0,2,3
4058,34,37,1.354289596,3.44,1,2.55,0,0,0,0,0,2,3
4058,20,21,1.212818388,2.55,0,3.44,1,0,0,5,0,3,1
4058,11,14,1.20855777,2.55,0,3.44,1,0,0,5,0,3,1
4058,8,13,1.207860767,2.55,0,3.44,1,0,0,5,0,3,1
4058,16,17,1.206210962,3.44,1,2.55,0,0,0,0,5,1,3
4058,37,42,1.204681034,2.55,0,3.44,1,0,0,0,0,3,1
4058,51,52,1.199647614,2.55,0,3.44,1,0,0,0,0,3,1
4059,7,8,1.549228831,2.55,0,2.55,0,0,0,0,0,4,1
4059,0,1,1.548073062,2.55,0,2.55,0,0,0,0,0,1,4
4059,1,5,1.502998364,2.55,0,3.04,2,0,0,0,0,4,2
4059,6,7,1.50215131,3.04,2,2.55,0,0,0,0,0,2,4
4059,7,12,1.48093519,2.55,0,2.55,0,0,0,0,0,4,2
4059,1,17,1.480841696,2.55,0,2.55,0,0,0,0,0,4,2
4059,1,16,1.479829622,2.55,0,2.55,0,0,0,0,0,4,2
4059,7,13,1.479672815,2.55,0,2.55,0,0,0,0,0,4,2
4059,5,6,1.224501866,3.04,2,3.04,2,0,0,0,0,2,2
4059,16,19,1.157268176,2.55,0,3.04,2,0,0,0,0,2,1
4059,12,14,1.157198568,2.55,0,3.04,2,0,0,0,0,2,1
4059,17,18,1.157182917,2.55,0,3.04,2,0,0,0,0,2,1
4059,13,15,1.157116136,2.55,0,3.04,2,0,0,0,0,2,1
4060,17,19,1.594048894,2.55,0,2.55,0,0,0,5,5,4,4
4060,16,17,1.542247514,2.55,0,2.55,0,0,0,6,5,2,4
4060,15,16,1.531478579,2.55,0,2.55,0,0,0,6,6,2,2
4060,13,19,1.526642174,2.55,0,2.55,0,0,0,5,5,3,4
4060,2,15,1.50794648,2.55,0,2.55,0,0,0,6,6,3,2
4060,17,20,1.46265396,2.55,0,3.04,2,0,0,5,5,4,3
4060,17,18,1.442298449,2.55,0,3.44,1,0,0,5,6,4,2
4060,0,1,1.415517065,2.55,0,2.55,0,0,0,6,6,3,3
4060,13,14,1.408807287,2.55,0,2.55,0,0,0,5,5,3,3
4060,1,2,1.408468497,2.55,0,2.55,0,0,0,6,6,3,3
4060,10,11,1.407355792,2.55,0,2.55,0,0,0,6,6,2,2
4060,7,8,1.404258468,2.55,0,2.55,0,0,0,6,6,2,2
4060,7,14,1.398680869,2.55,0,2.55,0,0,0,6,5,2,3
4060,2,3,1.397668027,2.55,0,2.55,0,0,0,6,6,3,2
4060,4,5,1.397466674,2.55,0,2.55,0,0,0,6,6,3,2
4060,8,10,1.396334545,2.55,0,2.55,0,0,0,6,6,2,2
4060,3,4,1.392554618,2.55,0,2.55,0,0,0,6,6,2,3
4060,14,20,1.389235154,2.55,0,3.04,2,0,0,5,5,3,3
4060,11,13,1.387763101,2.55,0,2.55,0,0,0,6,5,2,3
4060,0,5,1.385960328,2.55,0,2.55,0,0,0,6,6,3,2
4060,1,18,1.350213673,2.55,0,3.44,1,0,0,6,6,3,2
4060,19,25,1.547175111,2.55,0,2.55,0,0,0,5,0,4,1
4060,19,21,1.533367452,2.55,0,2.55,0,0,0,5,0,4,1
4060,29,37,1.528485429,2.55,0,2.55,0,0,0,0,0,2,2
4060,43,51,1.508755213,2.55,0,2.55,0,0,0,0,0,3,1
4060,32,46,1.502930869,2.55,0,2.55,0,0,0,0,0,3,1
4060,4,33,1.470963192,2.55,0,3.04,2,0,0,6,0,3,3
4060,20,29,1.443941555,3.04,2,2.55,0,0,0,5,0,3,2
4060,37,40,1.434140205,2.55,0,3.44,1,0,0,0,0,2,2
4060,0,31,1.380998635,2.55,0,3.44,1,0,0,6,0,3,2
4060,31,32,1.378954041,3.44,1,2.55,0,0,0,0,0,2,3
4060,40,43,1.348673081,3.44,1,2.55,0,0,0,0,0,2,3
4060,33,34,1.22235939,3.04,2,3.44,1,0,0,0,0,3,1
4060,33,35,1.221828276,3.04,2,3.44,1,0,0,0,0,3,1
4060,43,55,1.207509713,2.55,0,3.44,1,0,0,0,0,3,1
4060,32,45,1.19935202,2.55,0,3.44,1,0,0,0,0,3,1
4061,7,18,1.405199164,2.55,0,2.55,0,1,1,6,6,3,2
4061,10,31,1.404914772,2.55,0,2.55,0,1,1,6,6,3,2
4061,21,22,1.404461403,2.55,0,2.55,0,1,1,6,6,3,2
4061,10,32,1.403956866,2.55,0,2.55,0,1,1,6,6,3,2
4061,34,35,1.403571232,2.55,0,2.55,0,1,1,6,6,3,2
4061,7,19,1.403396432,2.55,0,2.55,0,1,1,6,6,3,2
4061,20,21,1.40318942,2.55,0,2.55,0,1,1,6,6,2,3
4061,33,34,1.403108566,2.55,0,2.55,0,1,1,6,6,2,3
4061,19,20,1.397424636,2.55,0,2.55,0,1,1,6,6,2,2
4061,32,33,1.397214567,2.55,0,2.55,0,1,1,6,6,2,2
4061,31,35,1.397105049,2.55,0,2.55,0,1,1,6,6,2,2
4061,18,22,1.396828241,2.55,0,2.55,0,1,1,6,6,2,2
4061,5,6,1.569588461,2.55,0,2.55,0,0,0,7,7,3,3
4061,5,7,1.527664029,2.55,0,2.55,0,0,1,7,6,3,3
4061,6,10,1.526399485,2.55,0,2.55,0,0,1,7,6,3,3
4061,4,5,1.510404255,2.55,0,2.55,0,0,0,7,7,2,3
4061,34,40,1.510077877,2.55,0,2.55,0,1,0,6,0,3,1
4061,21,27,1.5100437,2.55,0,2.55,0,1,0,6,0,3,1
4061,6,9,1.508368786,2.55,0,2.55,0,0,0,7,7,3,2
4061,0,1,1.467449861,2.55,0,2.55,0,0,0,7,7,2,2
4061,2,3,1.458236801,2.55,0,2.55,0,0,0,7,7,2,2
4061,1,2,1.356573555,2.55,0,2.55,0,0,0,7,7,2,2
4061,0,4,1.35240915,2.55,0,2.55,0,0,0,7,7,2,2
4061,3,9,1.346986573,2.55,0,2.55,0,0,0,7,7,2,2
4062,6,15,1.405540896,2.55,0,2.55,0,1,1,6,6,3,2
4062,9,28,1.404524456,2.55,0,2.55,0,1,1,6,6,3,2
4062,16,17,1.404465242,2.55,0,2.55,0,1,1,6,6,2,3
4062,29,30,1.404353539,2.55,0,2.55,0,1,1,6,6,2,3
4062,6,14,1.403374594,2.55,0,2.55,0,1,1,6,6,3,2
4062,9,27,1.403220045,2.55,0,2.55,0,1,1,6,6,3,2
4062,30,31,1.402636464,2.55,0,2.55,0,1,1,6,6,3,2
4062,17,18,1.402471424,2.55,0,2.55,0,1,1,6,6,3,2
4062,14,18,1.398520628,2.55,0,2.55,0,1,1,6,6,2,2
4062,27,31,1.398060775,2.55,0,2.55,0,1,1,6,6,2,2
4062,28,29,1.396041288,2.55,0,2.55,0,1,1,6,6,2,2
4062,15,16,1.395433368,2.55,0,2.55,0,1,1,6,6,2,2
4062,4,5,1.586478605,2.55,0,2.55,0,0,0,7,7,3,3
4062,4,6,1.527450552,2.55,0,2.55,0,0,1,7,6,3,3
4062,5,9,1.523292747,2.55,0,2.55,0,0,1,7,6,3,3
4062,5,8,1.511515018,2.55,0,2.55,0,0,0,7,7,3,2
4062,30,36,1.510262396,2.55,0,2.55,0,1,0,6,0,3,1
4062,17,23,1.510178245,2.55,0,2.55,0,1,0,6,0,3,1
4062,3,4,1.509179201,2.55,0,2.55,0,0,0,7,7,2,3
4062,0,1,1.388620539,2.55,0,3.04,2,0,0,7,7,2,2
4062,1,2,1.386451544,3.04,2,2.55,0,0,0,7,7,2,2
4062,0,3,1.348488961,2.55,0,2.55,0,0,0,7,7,2,2
4062,2,8,1.347815746,2.55,0,2.55,0,0,0,7,7,2,2
4063,1,11,1.441314378,2.55,0,2.55,0,0,1,5,5,3,3
4063,5,6,1.425606235,2.55,0,2.55,0,0,0,6,6,3,3
4063,11,13,1.423649757,2.55,0,2.55,0,1,1,5,5,3,3
4063,5,23,1.418512321,2.55,0,2.55,0,0,0,6,6,3,3
4063,15,16,1.412737551,2.55,0,2.55,0,1,1,6,6,2,2
4063,11,14,1.409876187,2.55,0,2.55,0,1,1,5,6,3,2
4063,6,22,1.408964629,2.55,0,2.55,0,0,0,6,6,3,2
4063,23,24,1.405624618,2.55,0,2.55,0,0,0,6,6,3,2
4063,13,17,1.40212296,2.55,0,2.55,0,1,1,5,6,3,2
4063,2,12,1.395759768,2.55,0,3.04,2,0,0,5,5,3,2
4063,16,17,1.393153184,2.55,0,2.55,0,1,1,6,6,2,2
4063,24,25,1.3928691,2.55,0,2.55,0,0,0,6,6,2,2
4063,1,2,1.392381967,2.55,0,2.55,0,0,0,5,5,3,3
4063,14,15,1.391921729,2.55,0,2.55,0,1,1,6,6,2,2
4063,22,25,1.38907135,2.55,0,2.55,0,0,0,6,6,2,2
4063,12,13,1.373354499,3.04,2,2.55,0,0,1,5,5,2,3
4063,4,5,1.53916725,2.55,0,2.55,0,0,0,7,6,3,3
4063,4,8,1.534172723,2.55,0,2.55,0,0,0,7,0,3,3
4063,29,30,1.530888656,2.55,0,2.55,0,0,0,0,0,2,1
4063,23,29,1.524210215,2.55,0,2.55,0,0,0,6,0,3,2
4063,0,1,1.508724376,2.55,0,2.55,0,0,0,7,5,2,3
4063,2,6,1.474905017,2.55,0,2.55,0,0,0,5,6,3,3
4063,3,4,1.45701944,3.04,2,2.55,0,0,0,7,7,3,3
4063,0,3,1.453054615,2.55,0,3.04,2,0,0,7,7,2,3
4063,3,42,1.449655275,3.04,2,2.55,0,0,0,7,0,3,1
4063,36,37,1.42751297,3.44,1,2.55,0,0,0,0,0,2,1
4063,8,36,1.342635147,2.55,0,3.44,1,0,0,0,0,3,2
4063,8,41,1.208311738,2.55,0,3.44,1,0,0,0,0,3,1
4064,10,11,1.597901279,2.55,0,2.55,0,0,0,4,4,3,3
4064,0,10,1.526301435,2.55,0,2.55,0,1,0,4,4,3,3
4064,3,11,1.522933366,2.55,0,2.55,0,1,0,4,4,3,3
4064,30,35,1.412768598,2.55,0,2.55,0,1,1,6,6,3,2
4064,30,36,1.408424604,2.55,0,2.55,0,1,1,6,6,3,2
4064,38,39,1.4082694,2.55,0,2.55,0,1,1,6,6,3,2
4064,1,2,1.40654769,2.55,0,2.55,0,1,1,6,6,2,2
4064,4,5,1.406230077,2.55,0,2.55,0,1,1,6,6,2,2
4064,2,5,1.405371574,2.55,0,2.55,0,1,1,6,6,2,2
4064,37,38,1.401811397,2.55,0,2.55,0,1,1,6,6,2,3
4064,0,3,1.39625324,2.55,0,2.55,0,1,1,4,4,3,3
4064,36,37,1.396209219,2.55,0,2.55,0,1,1,6,6,2,2
4064,0,1,1.392244696,2.55,0,2.55,0,1,1,4,6,3,2
4064,35,39,1.39090792,2.55,0,2.55,0,1,1,6,6,2,2
4064,3,4,1.39085992,2.55,0,2.55,0,1,1,4,6,3,2
4064,10,12,1.539687926,2.55,0,2.55,0,0,0,4,0,3,2
4064,11,14,1.526427939,2.55,0,2.55,0,0,0,4,0,3,2
4064,14,16,1.515921969,2.55,0,2.55,0,0,0,0,0,2,3
4064,38,44,1.508904576,2.55,0,2.55,0,1,0,6,0,3,1
4064,12,24,1.501180717,2.55,0,2.55,0,0,0,0,0,2,2
4064,29,30,1.464986682,2.55,0,2.55,0,0,1,0,6,2,3
4064,27,28,1.450533988,2.55,0,2.55,0,0,0,0,0,2,2
4064,19,20,1.428357641,3.44,1,2.55,0,0,0,0,0,2,1
4064,28,29,1.3543748,2.55,0,2.55,0,0,0,0,0,2,2
4064,24,27,1.349357244,2.55,0,2.55,0,0,0,0,0,2,2
4064,16,19,1.346905722,2.55,0,3.44,1,0,0,0,0,3,2
4064,16,48,1.20779542,2.55,0,3.44,1,0,0,0,0,3,1
4065,10,11,1.588158439,2.55,0,2.55,0,0,0,4,4,3,3
4065,0,10,1.527586806,2.55,0,2.55,0,1,0,4,4,3,3
4065,3,11,1.524071276,2.55,0,2.55,0,1,0,4,4,3,3
4065,30,35,1.41284029,2.55,0,2.55,0,1,1,6,6,3,2
4065,30,36,1.408466638,2.55,0,2.55,0,1,1,6,6,3,2
4065,38,39,1.40833527,2.55,0,2.55,0,1,1,6,6,3,2
4065,1,2,1.406863022,2.55,0,2.55,0,1,1,6,6,2,2
4065,4,5,1.406489468,2.55,0,2.55,0,1,1,6,6,2,2
4065,2,5,1.405223693,2.55,0,2.55,0,1,1,6,6,2,2
4065,37,38,1.401784397,2.55,0,2.55,0,1,1,6,6,2,3
4065,36,37,1.396184643,2.55,0,2.55,0,1,1,6,6,2,2
4065,0,3,1.396106845,2.55,0,2.55,0,1,1,4,4,3,3
4065,0,1,1.39197191,2.55,0,2.55,0,1,1,4,6,3,2
4065,35,39,1.390958686,2.55,0,2.55,0,1,1,6,6,2,2
4065,3,4,1.390530332,2.55,0,2.55,0,1,1,4,6,3,2
4065,10,12,1.538865805,2.55,0,2.55,0,0,0,4,0,3,2
4065,11,14,1.525522736,2.55,0,2.55,0,0,0,4,0,3,2
4065,14,16,1.515703847,2.55,0,2.55,0,0,0,0,0,2,3
4065,38,44,1.508842721,2.55,0,2.55,0,1,0,6,0,3,1
4065,12,24,1.500594285,2.55,0,2.55,0,0,0,0,0,2,2
4065,29,30,1.464987119,2.55,0,2.55,0,0,1,0,6,2,3
4065,27,28,1.450530374,2.55,0,2.55,0,0,0,0,0,2,2
4065,19,20,1.428296439,3.44,1,2.55,0,0,0,0,0,2,1
4065,28,29,1.354403449,2.55,0,2.55,0,0,0,0,0,2,2
4065,24,27,1.34947933,2.55,0,2.55,0,0,0,0,0,2,2
4065,16,19,1.346567757,2.55,0,3.44,1,0,0,0,0,3,2
4065,16,48,1.207906855,2.55,0,3.44,1,0,0,0,0,3,1
4066,14,15,1.584681417,2.55,0,2.55,0,0,0,4,4,3,3
4066,4,14,1.524663867,2.55,0,2.55,0,0,0,4,4,3,3
4066,0,15,1.524449238,2.55,0,2.55,0,0,0,4,4,3,3
4066,0,4,1.355918721,2.55,0,2.55,0,0,0,4,4,3,3
4066,15,19,1.526578468,2.55,0,2.55,0,0,0,4,0,3,1
4066,14,17,1.526503669,2.55,0,2.55,0,0,0,4,0,3,1
4066,2,3,1.479318337,2.55,0,2.55,0,0,0,7,7,2,2
4066,6,7,1.479157567,2.55,0,2.55,0,0,0,7,7,2,2
4066,0,1,1.46061705,2.55,0,2.55,0,0,0,4,7,3,2
4066,4,5,1.460554942,2.55,0,2.55,0,0,0,4,7,3,2
4066,5,6,1.348225549,2.55,0,2.55,0,0,0,7,7,2,2
4066,1,2,1.3481417,2.55,0,2.55,0,0,0,7,7,2,2
4066,3,7,1.346139641,2.55,0,2.55,0,0,0,7,7,2,2
4067,0,4,1.547351505,2.55,0,2.55,0,0,0,3,3,4,4
4067,0,8,1.521797094,2.55,0,2.55,0,0,0,3,3,4,4
4067,4,8,1.516916259,2.55,0,2.55,0,0,0,3,3,4,4
4067,5,6,1.537427303,2.55,0,2.55,0,0,0,7,7,2,2
4067,6,7,1.535352985,2.55,0,2.55,0,0,0,7,7,2,2
4067,3,7,1.533250083,2.55,0,2.55,0,0,0,7,7,2,2
4067,4,5,1.527615532,2.55,0,2.55,0,0,0,3,7,4,2
4067,0,10,1.526589012,2.55,0,2.55,0,0,0,3,0,4,1
4067,4,9,1.524018141,2.55,0,2.55,0,0,0,3,0,4,1
4067,2,3,1.508178339,2.55,0,2.55,0,0,0,7,7,2,2
4067,0,1,1.505465719,2.55,0,2.55,0,0,0,3,7,4,2
4067,1,2,1.341772817,2.55,0,2.55,0,0,0,7,7,2,2
4068,21,24,1.521301929,2.55,0,2.55,0,0,0,3,3,3,3
4068,21,25,1.505262999,2.55,0,2.55,0,0,0,3,3,3,4
4068,24,25,1.504040672,2.55,0,2.55,0,0,0,3,3,3,4
4068,4,5,1.413346184,2.55,0,2.55,0,1,1,6,6,2,3
4068,3,5,1.412896532,2.55,0,2.55,0,1,1,6,6,2,3
4068,38,40,1.411553705,2.55,0,2.55,0,1,1,6,6,3,2
4068,38,41,1.407263253,2.55,0,2.55,0,1,1,6,6,3,2
4068,41,42,1.403167688,2.55,0,2.55,0,1,1,6,6,2,3
4068,1,2,1.402736183,2.55,0,2.55,0,1,1,6,6,2,3
4068,42,47,1.401979882,2.55,0,2.55,0,1,1,6,6,3,2
4068,47,48,1.401473607,2.55,0,2.55,0,1,1,6,6,2,2
4068,2,3,1.400456893,2.55,0,2.55,0,1,1,6,6,3,2
4068,0,1,1.399628272,2.55,0,2.55,0,1,1,6,6,2,2
4068,0,4,1.392998607,2.55,0,2.55,0,1,1,6,6,2,2
4068,40,48,1.391163462,2.55,0,2.55,0,1,1,6,6,2,2
4068,2,10,1.510717387,2.55,0,2.55,0,1,0,6,0,3,1
4068,42,43,1.510147465,2.55,0,2.55,0,1,0,6,0,3,1
4068,20,21,1.506035932,2.55,0,2.55,0,0,0,0,3,2,3
4068,24,29,1.503757411,2.55,0,2.55,0,0,0,3,0,3,2
4068,34,35,1.478386211,2.55,0,2.55,0,0,0,0,0,3,2
4068,15,17,1.475904077,2.55,0,2.55,0,0,0,0,0,2,3
4068,5,14,1.467080654,2.55,0,2.55,0,1,0,6,0,3,2
4068,36,38,1.465184844,2.55,0,2.55,0,0,1,0,6,2,3
4068,19,20,1.431637141,3.44,1,2.55,0,0,0,0,0,2,2
4068,29,31,1.43022793,2.55,0,3.44,1,0,0,0,0,2,2
4068,14,15,1.358356294,2.55,0,2.55,0,0,0,0,0,2,2
4068,17,19,1.358125504,2.55,0,3.44,1,0,0,0,0,3,2
4068,31,34,1.354555347,3.44,1,2.55,0,0,0,0,0,2,3
4068,35,36,1.348537753,2.55,0,2.55,0,0,0,0,0,2,2
4068,17,53,1.213364397,2.55,0,3.44,1,0,0,0,0,3,1
4068,34,54,1.211462112,2.55,0,3.44,1,0,0,0,0,3,1
4068-2,21,24,1.52557488,2.55,0,2.55,0,0,0,3,3,3,3
4068-2,24,25,1.506904499,2.55,0,2.55,0,0,0,3,3,3,4
4068-2,21,25,1.504213816,2.55,0,2.55,0,0,0,3,3,3,4
4068-2,4,5,1.413333046,2.55,0,2.55,0,1,1,6,6,2,3
4068-2,3,5,1.41288203,2.55,0,2.55,0,1,1,6,6,2,3
4068-2,38,40,1.411460222,2.55,0,2.55,0,1,1,6,6,3,2
4068-2,38,41,1.407448321,2.55,0,2.55,0,1,1,6,6,3,2
4068-2,41,42,1.403001683,2.55,0,2.55,0,1,1,6,6,2,3
4068-2,1,2,1.402817276,2.55,0,2.55,0,1,1,6,6,2,3
4068-2,42,47,1.402039858,2.55,0,2.55,0,1,1,6,6,3,2
4068-2,47,48,1.401479319,2.55,0,2.55,0,1,1,6,6,2,2
4068-2,2,3,1.400451906,2.55,0,2.55,0,1,1,6,6,3,2
4068-2,0,1,1.39958141,2.55,0,2.55,0,1,1,6,6,2,2
4068-2,0,4,1.393047805,2.55,0,2.55,0,1,1,6,6,2,2
4068-2,40,48,1.391059908,2.55,0,2.55,0,1,1,6,6,2,2
4068-2,2,10,1.51083107,2.55,0,2.55,0,1,0,6,0,3,1
4068-2,42,43,1.510188564,2.55,0,2.55,0,1,0,6,0,3,1
4068-2,24,29,1.508354925,2.55,0,2.55,0,0,0,3,0,3,2
4068-2,20,21,1.506010585,2.55,0,2.55,0,0,0,0,3,2,3
4068-2,34,35,1.477779934,2.55,0,2.55,0,0,0,0,0,3,2
4068-2,15,17,1.476465618,2.55,0,2.55,0,0,0,0,0,2,3
4068-2,5,14,1.467418288,2.55,0,2.55,0,1,0,6,0,3,2
4068-2,36,38,1.464823258,2.55,0,2.55,0,0,1,0,6,2,3
4068-2,29,31,1.433543488,2.55,0,3.44,1,0,0,0,0,2,2
4068-2,19,20,1.430536499,3.44,1,2.55,0,0,0,0,0,2,2
4068-2,14,15,1.358077727,2.55,0,2.55,0,0,0,0,0,2,2
4068-2,31,34,1.357162827,3.44,1,2.55,0,0,0,0,0,2,3
4068-2,17,19,1.356598122,2.55,0,3.44,1,0,0,0,0,3,2
4068-2,35,36,1.348745493,2.55,0,2.55,0,0,0,0,0,2,2
4068-2,17,53,1.213717019,2.55,0,3.44,1,0,0,0,0,3,1
4068-2,34,54,1.210675362,2.55,0,3.44,1,0,0,0,0,3,1
4069,0,1,1.536548207,2.55,0,2.55,0,0,0,3,3,3,3
4069,1,2,1.516896143,2.55,0,2.55,0,0,0,3,3,3,4
4069,0,2,1.497609024,2.55,0,2.55,0,0,0,3,3,3,4
4069,23,25,1.415282584,2.55,0,2.55,0,0,0,6,6,3,3
4069,25,26,1.404792609,2.55,0,2.55,0,0,0,6,6,3,2
4069,10,11,1.403914168,2.55,0,2.55,0,1,1,6,6,2,3
4069,11,16,1.403410374,2.55,0,2.55,0,1,1,6,6,3,2
4069,4,9,1.402656083,2.55,0,2.55,0,1,1,6,6,3,2
4069,23,24,1.402618169,2.55,0,2.55,0,0,0,6,6,3,2
4069,4,17,1.40127364,2.55,0,2.55,0,1,1,6,6,3,2
4069,26,28,1.397061568,2.55,0,2.55,0,0,0,6,6,2,2
4069,16,17,1.396022316,2.55,0,2.55,0,1,1,6,6,2,2
4069,9,10,1.395984798,2.55,0,2.55,0,1,1,6,6,2,2
4069,27,28,1.395849185,2.55,0,2.55,0,0,0,6,6,2,2
4069,24,27,1.394601495,2.55,0,2.55,0,0,0,6,6,2,2
4069,33,34,1.529117534,2.55,0,2.55,0,0,0,0,0,2,1
4069,25,33,1.51542758,2.55,0,2.55,0,0,0,6,0,3,2
4069,1,3,1.513446742,2.55,0,2.55,0,0,0,3,0,3,3
4069,11,12,1.50979406,2.55,0,2.55,0,1,0,6,0,3,1
4069,0,4,1.501552615,2.55,0,2.55,0,0,1,3,6,3,3
4069,22,23,1.427180113,3.04,2,2.55,0,0,0,0,6,2,3
4069,3,22,1.381275939,2.55,0,3.04,2,0,0,0,0,3,2
4069,3,40,1.213569576,2.55,0,3.44,1,0,0,0,0,3,1
4070,16,18,1.748586735,2.55,0,2.58,3,1,1,5,5,3,2
4070,18,19,1.7436432,2.58,3,2.55,0,1,1,5,5,2,3
4071,3,7,1.553405406,2.55,0,2.55,0,0,0,3,3,4,4
4071,0,8,1.52690073,2.55,0,2.55,0,0,0,3,3,3,3
4071,7,25,1.522211967,2.55,0,2.55,0,0,0,3,3,4,4
4071,4,8,1.52051314,2.55,0,2.55,0,0,0,3,3,3,3
4071,3,25,1.515741183,2.55,0,2.55,0,0,0,3,3,4,4
4071,0,4,1.502362343,2.55,0,2.55,0,0,0,3,3,3,3
4071,28,31,1.397584675,3.44,1,3.04,2,1,1,5,5,2,2
4071,29,30,1.377339731,3.04,2,2.55,0,1,1,5,5,2,3
4071,10,28,1.340301154,2.55,0,3.44,1,1,1,5,5,3,2
4071,30,31,1.309793622,2.55,0,3.04,2,1,1,5,5,3,2
4071,10,29,1.303664686,2.55,0,3.04,2,1,1,5,5,3,2
4071,5,6,1.547932002,2.55,0,2.55,0,0,0,7,7,2,2
4071,1,2,1.547462819,2.55,0,2.55,0,0,0,7,7,2,2
4071,6,7,1.54648906,2.55,0,2.55,0,0,0,7,3,2,4
4071,32,33,1.533746489,2.55,0,2.55,0,0,0,0,0,2,1
4071,0,1,1.531618408,2.55,0,2.55,0,0,0,3,7,3,2
4071,2,3,1.527782115,2.55,0,2.55,0,0,0,7,3,2,4
4071,7,12,1.526613345,2.55,0,2.55,0,0,0,3,0,4,1
4071,3,11,1.52548409,2.55,0,2.55,0,0,0,3,0,4,1
4071,4,5,1.513217083,2.55,0,2.55,0,0,0,3,7,3,2
4071,30,32,1.496948658,2.55,0,2.55,0,1,0,5,0,3,2
4071,8,10,1.466814719,2.55,0,2.55,0,0,1,3,5,3,3
4072,1,5,1.597544148,2.55,0,2.55,0,0,0,4,4,4,4
4072,2,5,1.569945101,2.55,0,2.55,0,0,0,4,4,2,4
4072,0,1,1.560607883,2.55,0,2.55,0,0,0,4,4,2,4
4072,0,2,1.545268802,2.55,0,2.55,0,0,0,4,4,2,2
4072,1,8,1.512795579,2.55,0,2.55,0,0,0,4,6,4,2
4072,5,11,1.512244648,2.55,0,2.55,0,0,0,4,6,4,2
4072,10,13,1.463729988,2.55,0,2.55,0,0,0,6,6,2,2
4072,11,13,1.343431913,2.55,0,2.55,0,0,0,6,6,2,2
4072,8,10,1.34316973,2.55,0,2.55,0,0,0,6,6,2,2
4072,1,9,1.535458225,2.55,0,2.55,0,0,0,4,0,4,3
4072,5,12,1.526225729,2.55,0,2.55,0,0,0,4,0,4,3
4072,18,19,1.428994238,3.44,1,2.55,0,0,0,0,0,2,1
4072,23,24,1.426504432,3.44,1,2.55,0,0,0,0,0,2,1
4072,12,18,1.346714217,2.55,0,3.44,1,0,0,0,0,3,2
4072,9,23,1.344575022,2.55,0,3.44,1,0,0,0,0,3,2
4072,12,29,1.206407622,2.55,0,3.44,1,0,0,0,0,3,1
4072,9,28,1.20565267,2.55,0,3.44,1,0,0,0,0,3,1
4073,0,2,1.551990614,2.55,0,2.55,0,0,0,3,3,3,4
4073,1,2,1.523005829,2.55,0,2.55,0,0,0,3,3,4,4
4073,0,1,1.493192324,2.55,0,2.55,0,0,0,3,3,3,4
4073,9,10,1.410223213,2.55,0,2.55,0,1,1,6,6,3,3
4073,8,9,1.408637435,2.55,0,2.55,0,1,1,6,6,3,3
4073,32,33,1.405783525,2.55,0,2.55,0,1,1,6,6,3,3
4073,31,32,1.405333723,2.55,0,2.55,0,1,1,6,6,2,3
4073,27,30,1.40361439,2.55,0,2.55,0,1,1,6,6,3,2
4073,27,31,1.400915783,2.55,0,2.55,0,1,1,6,6,3,2
4073,3,11,1.400802662,2.55,0,2.55,0,1,1,6,6,3,2
4073,3,7,1.399448611,2.55,0,2.55,0,1,1,6,6,3,2
4073,33,34,1.398615677,2.55,0,2.55,0,1,1,6,6,3,2
4073,7,8,1.398160775,2.55,0,2.55,0,1,1,6,6,2,3
4073,10,11,1.395170067,2.55,0,2.55,0,1,1,6,6,3,2
4073,30,34,1.395044639,2.55,0,2.55,0,1,1,6,6,2,2
4073,6,24,1.544965169,2.55,0,2.55,0,0,0,0,0,2,2
4073,2,6,1.52377066,2.55,0,2.55,0,0,0,3,0,4,2
4073,42,44,1.521127057,2.55,0,2.55,0,0,0,0,0,2,4
4073,24,27,1.512652639,2.55,0,2.55,0,0,1,0,6,2,3
4073,2,5,1.511790758,2.55,0,2.55,0,0,0,3,0,4,2
4073,32,38,1.509229249,2.55,0,2.55,0,1,0,6,0,3,3
4073,9,14,1.504541128,2.55,0,2.55,0,1,0,6,0,3,1
4073,0,3,1.500878656,2.55,0,2.55,0,0,1,3,6,3,3
4073,41,42,1.438266115,3.04,2,2.55,0,0,0,0,0,2,2
4073,38,41,1.379153286,2.55,0,3.04,2,0,0,0,0,3,2
4073,38,40,1.214359679,2.55,0,3.44,1,0,0,0,0,3,1
4073,5,22,1.20520278,2.55,0,3.44,1,0,0,0,0,2,1
4074,45,71,2.078793685,2.58,3,2.58,3,0,0,0,0,2,2
4074,39,45,1.844783873,2.55,0,2.58,3,0,0,0,0,2,2
4074,71,73,1.844565214,2.58,3,2.55,0,0,0,0,0,2,2
4075,23,26,1.863908706,2.58,3,2.55,0,0,0,0,0,4,4
4075,21,23,1.712464274,3.04,2,2.58,3,0,0,3,0,3,4
4075,23,25,1.476949928,2.58,3,3.44,1,0,0,0,0,4,1
4075,23,24,1.469805987,2.58,3,3.44,1,0,0,0,0,4,1
2258,1,6,1.526696026,2.55,0,2.55,0,0,0,3,5,4,3
2258,1,2,1.514948583,2.55,0,2.55,0,0,0,3,3,4,4
2258,2,3,1.511752212,2.55,0,2.55,0,0,0,3,5,4,3
2258,0,1,1.488809687,3.04,2,2.55,0,0,0,3,3,2,4
2258,6,7,1.47904296,2.55,0,2.55,0,0,0,5,5,3,3
2258,0,2,1.463725037,3.04,2,2.55,0,0,0,3,3,2,4
2258,15,16,1.408578295,2.55,0,2.55,0,0,0,6,6,3,2
2258,14,15,1.40837742,2.55,0,2.55,0,0,0,6,6,2,3
2258,3,7,1.407407645,2.55,0,2.55,0,0,0,5,5,3,3
2258,21,22,1.400240751,2.55,0,2.55,0,1,1,6,6,3,2
2258,23,24,1.399467671,2.55,0,2.55,0,1,1,6,6,2,2
2258,24,25,1.398413079,2.55,0,2.55,0,1,1,6,6,2,2
2258,25,26,1.398216337,2.55,0,2.55,0,1,1,6,6,2,2
2258,21,26,1.397542177,2.55,0,2.55,0,1,1,6,6,3,2
2258,22,23,1.397197702,2.55,0,2.55,0,1,1,6,6,2,2
2258,7,13,1.395792995,2.55,0,2.55,0,0,0,5,6,3,2
2258,13,14,1.395528073,2.55,0,2.55,0,0,0,6,6,2,2
2258,3,16,1.387068699,2.55,0,2.55,0,0,0,5,6,3,2
2258,33,34,1.515440014,2.55,0,2.55,0,0,0,0,0,2,3
2258,2,4,1.508332584,2.55,0,2.55,0,0,0,3,0,4,1
2258,1,5,1.507744963,2.55,0,2.55,0,0,0,3,0,4,3
2258,32,33,1.440709966,3.04,2,2.55,0,0,0,0,0,2,2
2258,37,38,1.430154084,3.44,1,2.55,0,0,0,0,0,2,1
2258,20,21,1.381511631,3.44,1,2.55,0,0,1,0,6,2,3
2258,15,20,1.363903158,2.55,0,3.44,1,0,0,6,0,3,2
2258,5,32,1.35206429,2.55,0,3.04,2,0,0,0,0,3,2
2258,34,37,1.339817143,2.55,0,3.44,1,0,0,0,0,3,2
2258,5,42,1.229531868,2.55,0,3.44,1,0,0,0,0,3,1
2258,6,12,1.217053225,2.55,0,3.44,1,0,0,5,0,3,1
2258,34,44,1.206106887,2.55,0,3.44,1,0,0,0,0,3,1
4077,1,4,1.575695594,2.55,0,2.55,0,0,0,4,4,3,3
4077,1,6,1.573650451,2.55,0,2.55,0,0,0,4,4,3,3
4077,2,4,1.54135073,2.55,0,2.55,0,0,0,3,4,4,3
4077,0,2,1.540049323,2.55,0,2.55,0,0,0,3,3,4,4
4077,0,1,1.535131783,2.55,0,2.55,0,0,0,3,4,4,3
4077,6,8,1.472983801,2.55,0,3.04,2,0,0,4,4,3,2
4077,4,8,1.461534682,2.55,0,3.04,2,0,0,4,4,3,2
4077,0,29,1.447094415,2.55,0,3.04,2,0,0,3,3,4,3
4077,2,29,1.442937338,2.55,0,3.04,2,0,0,3,3,4,3
4077,11,12,1.405947648,2.55,0,2.55,0,0,0,6,6,3,2
4077,11,16,1.402791697,2.55,0,2.55,0,0,0,6,6,3,2
4077,13,14,1.399694419,2.55,0,2.55,0,0,0,6,6,2,2
4077,15,16,1.399173573,2.55,0,2.55,0,0,0,6,6,2,2
4077,14,15,1.397169786,2.55,0,2.55,0,0,0,6,6,2,2
4077,12,13,1.396018776,2.55,0,2.55,0,0,0,6,6,2,2
4077,32,33,1.51512447,2.55,0,2.55,0,0,0,0,0,2,1
4077,6,11,1.514592743,2.55,0,2.55,0,0,0,4,6,3,3
4077,0,3,1.503419023,2.55,0,2.55,0,0,0,3,0,4,1
4077,2,5,1.50022439,2.55,0,2.55,0,0,0,3,0,4,1
4077,31,32,1.436225853,3.44,1,2.55,0,0,0,0,0,2,2
4077,29,30,1.387209581,3.04,2,2.55,0,0,0,3,0,3,3
4077,30,31,1.350507148,2.55,0,3.44,1,0,0,0,0,3,2
4077,30,39,1.209156489,2.55,0,3.44,1,0,0,0,0,3,1
4078,0,2,1.483636842,2.55,0,2.55,0,0,0,3,3,3,3
4078,1,2,1.422734633,3.44,1,2.55,0,0,0,3,3,2,3
4078,0,1,1.417152548,2.55,0,3.44,1,0,0,3,3,3,2
4078,21,22,1.552304494,2.55,0,2.55,0,0,0,0,0,3,3
4078,21,25,1.549359739,2.55,0,2.55,0,0,0,0,0,3,2
4078,25,27,1.54149239,2.55,0,2.55,0,0,0,0,0,2,3
4078,41,45,1.5400362,2.55,0,2.55,0,0,0,0,0,2,3
4078,27,34,1.53676834,2.55,0,2.55,0,0,0,0,0,3,1
4078,45,48,1.535699838,2.55,0,2.55,0,0,0,0,0,3,1
4078,40,41,1.534986174,2.55,0,2.55,0,0,0,0,0,2,2
4078,45,52,1.534743906,2.55,0,2.55,0,0,0,0,0,3,1
4078,27,30,1.534660244,2.55,0,2.55,0,0,0,0,0,3,1
4078,9,12,1.529679036,2.55,0,2.55,0,0,0,0,0,2,1
4078,8,9,1.518484081,2.55,0,2.55,0,0,0,0,0,2,2
4078,0,3,1.516576309,2.55,0,2.55,0,0,0,3,0,3,3
4078,2,5,1.508666076,2.55,0,2.55,0,0,0,3,0,3,3
4078,20,21,1.473265092,3.04,2,2.55,0,0,0,0,0,2,3
4078,39,40,1.456592566,3.04,2,2.55,0,0,0,0,0,2,2
4078,7,8,1.441282722,3.44,1,2.55,0,0,0,0,0,2,2
4078,22,39,1.353946193,2.55,0,3.04,2,0,0,0,0,3,2
4078,3,20,1.350149146,2.55,0,3.04,2,0,0,0,0,3,2
4078,5,7,1.33551571,2.55,0,3.44,1,0,0,0,0,3,2
4078,3,19,1.227896498,2.55,0,3.44,1,0,0,0,0,3,1
4078,22,23,1.223232135,2.55,0,3.44,1,0,0,0,0,3,1
4078,5,18,1.205962158,2.55,0,3.44,1,0,0,0,0,3,1
4078-2,0,2,1.48761337,2.55,0,2.55,0,0,0,3,3,3,3
4078-2,1,2,1.418846949,3.44,1,2.55,0,0,0,3,3,2,3
4078-2,0,1,1.416667852,2.55,0,3.44,1,0,0,3,3,3,2
4078-2,21,22,1.550373021,2.55,0,2.55,0,0,0,0,0,3,3
4078-2,21,25,1.550184736,2.55,0,2.55,0,0,0,0,0,3,2
4078-2,25,27,1.548399187,2.55,0,2.55,0,0,0,0,0,2,3
4078-2,41,45,1.540087436,2.55,0,2.55,0,0,0,0,0,2,3
4078-2,27,34,1.536330818,2.55,0,2.55,0,0,0,0,0,3,1
4078-2,27,30,1.536211146,2.55,0,2.55,0,0,0,0,0,3,1
4078-2,45,48,1.535531458,2.55,0,2.55,0,0,0,0,0,3,1
4078-2,45,52,1.534509939,2.55,0,2.55,0,0,0,0,0,3,1
4078-2,40,41,1.533200263,2.55,0,2.55,0,0,0,0,0,2,2
4078-2,9,12,1.53068011,2.55,0,2.55,0,0,0,0,0,2,1
4078-2,8,9,1.518653169,2.55,0,2.55,0,0,0,0,0,2,2
4078-2,0,3,1.518576771,2.55,0,2.55,0,0,0,3,0,3,3
4078-2,2,5,1.511069052,2.55,0,2.55,0,0,0,3,0,3,3
4078-2,20,21,1.474484867,3.04,2,2.55,0,0,0,0,0,2,3
4078-2,39,40,1.454082234,3.04,2,2.55,0,0,0,0,0,2,2
4078-2,7,8,1.447685389,3.44,1,2.55,0,0,0,0,0,2,2
4078-2,22,39,1.354594552,2.55,0,3.04,2,0,0,0,0,3,2
4078-2,3,20,1.345558922,2.55,0,3.04,2,0,0,0,0,3,2
4078-2,5,7,1.335754933,2.55,0,3.44,1,0,0,0,0,3,2
4078-2,3,19,1.230373003,2.55,0,3.44,1,0,0,0,0,3,1
4078-2,22,23,1.225774817,2.55,0,3.44,1,0,0,0,0,3,1
4078-2,5,18,1.206024103,2.55,0,3.44,1,0,0,0,0,3,1
4079,0,1,1.497754802,2.55,0,2.55,0,0,0,3,3,4,3
4079,0,2,1.423332442,2.55,0,3.44,1,0,0,3,3,4,2
4079,1,2,1.412270734,2.55,0,3.44,1,0,0,3,3,3,2
4079,4,23,1.404918641,2.55,0,2.55,0,1,1,6,6,3,2
4079,4,19,1.402461663,2.55,0,2.55,0,1,1,6,6,3,2
4079,21,22,1.398571692,2.55,0,2.55,0,1,1,6,6,2,2
4079,20,21,1.39808215,2.55,0,2.55,0,1,1,6,6,2,2
4079,22,23,1.397502913,2.55,0,2.55,0,1,1,6,6,2,2
4079,19,20,1.397291024,2.55,0,2.55,0,1,1,6,6,2,2
4079,12,13,1.519845808,2.55,0,2.55,0,0,0,0,0,2,1
4079,0,3,1.518094422,2.55,0,2.55,0,0,0,3,0,4,1
4079,0,4,1.508023421,2.55,0,2.55,0,0,1,3,6,4,3
4079,1,5,1.504665902,2.55,0,2.55,0,0,0,3,0,3,3
4079,11,12,1.440808066,3.44,1,2.55,0,0,0,0,0,2,2
4079,5,11,1.347528972,2.55,0,3.44,1,0,0,0,0,3,2
4079,5,10,1.203995704,2.55,0,3.44,1,0,0,0,0,3,1
4080,0,1,1.543616609,2.55,0,2.55,0,0,0,3,3,4,3
4080,1,2,1.515446802,2.55,0,2.55,0,0,0,3,3,3,4
4080,0,2,1.512732023,2.55,0,2.55,0,0,0,3,3,4,4
4080,4,19,1.404480853,2.55,0,2.55,0,1,1,6,6,3,2
4080,4,23,1.401867615,2.55,0,2.55,0,1,1,6,6,3,2
4080,20,21,1.399253197,2.55,0,2.55,0,1,1,6,6,2,2
4080,22,23,1.398878669,2.55,0,2.55,0,1,1,6,6,2,2
4080,21,22,1.397315392,2.55,0,2.55,0,1,1,6,6,2,2
4080,19,20,1.396543347,2.55,0,2.55,0,1,1,6,6,2,2
4080,0,3,1.525082998,2.55,0,2.55,0,0,0,3,0,4,1
4080,12,13,1.519558812,2.55,0,2.55,0,0,0,0,0,2,1
4080,0,4,1.512636447,2.55,0,2.55,0,0,1,3,6,4,3
4080,1,5,1.50152976,2.55,0,2.55,0,0,0,3,0,3,3
4080,11,12,1.442798841,3.44,1,2.55,0,0,0,0,0,2,2
4080,5,11,1.341248654,2.55,0,3.44,1,0,0,0,0,3,2
4080,5,10,1.20921173,2.55,0,3.44,1,0,0,0,0,3,1
4081,17,19,1.598274001,2.55,0,2.55,0,0,0,5,5,4,4
4081,13,19,1.523428551,2.55,0,2.55,0,1,0,5,5,3,4
4081,16,17,1.512086124,2.55,0,2.55,0,0,0,6,5,2,4
4081,17,20,1.471830496,2.55,0,3.04,2,0,0,5,5,4,3
4081,2,15,1.455133914,2.55,0,2.55,0,1,0,6,6,3,2
4081,5,50,1.436601835,2.55,0,2.55,0,1,1,6,6,3,3
4081,4,5,1.434103996,2.55,0,2.55,0,1,1,6,6,3,3
4081,1,2,1.427090864,2.55,0,2.55,0,1,1,6,6,3,3
4081,17,18,1.427076006,2.55,0,3.44,1,0,0,5,6,4,2
4081,4,30,1.425884988,2.55,0,2.55,0,1,1,6,6,3,2
4081,31,48,1.41958408,2.55,0,2.55,0,1,1,6,6,2,2
4081,0,5,1.419061946,2.55,0,2.55,0,1,1,6,6,2,3
4081,3,4,1.418715368,2.55,0,2.55,0,1,1,6,6,2,3
4081,13,14,1.410473563,2.55,0,2.55,0,1,1,5,5,3,3
4081,10,11,1.407491513,2.55,0,2.55,0,1,1,6,6,2,2
4081,7,8,1.404019443,2.55,0,2.55,0,1,1,6,6,2,2
4081,7,14,1.400124825,2.55,0,2.55,0,1,1,6,5,2,3
4081,8,10,1.396443324,2.55,0,2.55,0,1,1,6,6,2,2
4081,11,13,1.387827218,2.55,0,2.55,0,1,1,6,5,2,3
4081,14,20,1.387205041,2.55,0,3.04,2,1,0,5,5,3,3
4081,2,3,1.386629604,2.55,0,2.55,0,1,1,6,6,3,2
4081,48,50,1.385673261,2.55,0,2.55,0,1,1,6,6,2,3
4081,0,1,1.38039281,2.55,0,2.55,0,1,1,6,6,2,3
4081,30,31,1.375914469,2.55,0,2.55,0,1,1,6,6,2,2
4081,1,18,1.364561078,2.55,0,3.44,1,1,0,6,6,3,2
4081,15,16,1.343224443,2.55,0,2.55,0,0,0,6,6,2,2
4081,19,25,1.545355863,2.55,0,2.55,0,0,0,5,0,4,1
4081,19,21,1.534709243,2.55,0,2.55,0,0,0,5,0,4,1
4081,29,33,1.531633693,2.55,0,2.55,0,0,0,0,0,2,2
4081,39,41,1.509866418,2.55,0,2.55,0,0,0,0,0,3,1
4081,20,29,1.443105053,3.04,2,2.55,0,0,0,5,0,3,2
4081,33,36,1.43385897,2.55,0,3.44,1,0,0,0,0,2,2
4081,53,54,1.409073521,3.44,1,2.55,0,0,0,0,0,2,1
4081,50,53,1.357559052,2.55,0,3.44,1,1,0,6,0,3,2
4081,36,39,1.35024606,3.44,1,2.55,0,0,0,0,0,2,3
4081,39,45,1.205549114,2.55,0,3.44,1,0,0,0,0,3,1
4082,17,19,1.589077566,2.55,0,2.55,0,0,0,5,5,4,4
4082,13,19,1.523717489,2.55,0,2.55,0,1,0,5,5,3,4
4082,16,17,1.509582962,2.55,0,2.55,0,0,0,6,5,2,4
4082,17,20,1.468177306,2.55,0,3.04,2,0,0,5,5,4,3
4082,2,15,1.456242075,2.55,0,2.55,0,1,0,6,6,3,2
4082,17,18,1.44117563,2.55,0,3.44,1,0,0,5,6,4,2
4082,61,62,1.436725593,3.44,1,2.55,0,0,0,5,5,2,3
4082,60,62,1.432715038,3.44,1,2.55,0,0,0,5,5,2,3
4082,50,52,1.422433922,2.55,0,2.55,0,1,1,6,6,3,2
4082,10,11,1.419497943,2.55,0,2.55,0,1,1,6,6,3,2
4082,1,2,1.413010484,2.55,0,2.55,0,1,1,6,6,3,3
4082,50,56,1.410669413,2.55,0,2.55,0,1,1,6,6,3,2
4082,8,10,1.410487251,2.55,0,2.55,0,1,1,6,6,2,3
4082,0,1,1.410386146,2.55,0,2.55,0,1,1,6,6,3,3
4082,13,14,1.408089604,2.55,0,2.55,0,1,1,5,5,3,3
4082,55,56,1.40452784,2.55,0,2.55,0,1,1,6,6,2,2
4082,7,14,1.400259317,2.55,0,2.55,0,1,1,6,5,2,3
4082,2,3,1.399260454,2.55,0,2.55,0,1,1,6,6,3,2
4082,7,8,1.398293138,2.55,0,2.55,0,1,1,6,6,2,2
4082,4,5,1.397613348,2.55,0,2.55,0,1,1,6,6,3,2
4082,53,54,1.397118902,2.55,0,2.55,0,1,1,5,5,3,3
4082,3,4,1.392735976,2.55,0,2.55,0,1,1,6,6,2,3
4082,14,20,1.390465651,2.55,0,3.04,2,1,0,5,5,3,3
4082,0,5,1.388786606,2.55,0,2.55,0,1,1,6,6,3,2
4082,54,55,1.385853319,2.55,0,2.55,0,1,1,5,6,3,2
4082,11,13,1.383931982,2.55,0,2.55,0,1,1,6,5,2,3
4082,52,53,1.380782848,2.55,0,2.55,0,1,1,6,5,2,3
4082,53,60,1.367746073,2.55,0,3.44,1,1,0,5,5,3,2
4082,54,61,1.366073336,2.55,0,3.44,1,1,0,5,5,3,2
4082,1,18,1.344438953,2.55,0,3.44,1,1,0,6,6,3,2
4082,15,16,1.341908025,2.55,0,2.55,0,0,0,6,6,2,2
4082,19,25,1.545497924,2.55,0,2.55,0,0,0,5,0,4,1
4082,19,21,1.533798896,2.55,0,2.55,0,0,0,5,0,4,1
4082,63,65,1.528728298,2.55,0,2.55,0,0,0,0,0,2,1
4082,62,63,1.514177245,2.55,0,2.55,0,0,0,5,0,3,2
4082,31,36,1.503910952,2.55,0,2.55,0,0,0,0,0,3,1
4082,4,32,1.47111391,2.55,0,3.04,2,1,0,6,0,3,3
4082,48,50,1.467357468,2.55,0,2.55,0,0,1,0,6,2,3
4082,10,47,1.46505799,2.55,0,2.55,0,1,0,6,0,3,2
4082,20,29,1.445016869,3.04,2,2.55,0,0,0,5,0,3,1
4082,0,30,1.381354654,2.55,0,3.44,1,1,0,6,0,3,2
4082,30,31,1.374186289,3.44,1,2.55,0,0,0,0,0,2,3
4082,47,48,1.353000043,2.55,0,2.55,0,0,0,0,0,2,2
4082,32,42,1.221926305,3.04,2,3.44,1,0,0,0,0,3,1
4082,32,41,1.221815255,3.04,2,3.44,1,0,0,0,0,3,1
4082,31,40,1.199243362,2.55,0,3.44,1,0,0,0,0,3,1
4083,17,18,1.853657495,2.55,0,2.58,3,0,0,5,6,4,2
4083,1,18,1.775095285,2.55,0,2.58,3,0,0,6,6,3,2
4084,65,67,1.592039151,2.55,0,2.55,0,0,0,5,5,4,4
4084,17,19,1.586714516,2.55,0,2.55,0,0,0,5,5,4,4
4084,61,67,1.523706204,2.55,0,2.55,0,1,0,5,5,3,4
4084,13,19,1.522497906,2.55,0,2.55,0,1,0,5,5,3,4
4084,64,65,1.511214801,2.55,0,2.55,0,0,0,6,5,2,4
4084,16,17,1.502516696,2.55,0,2.55,0,0,0,6,5,2,4
4084,17,18,1.484393358,2.55,0,3.44,1,0,0,5,6,4,2
4084,65,68,1.465985909,2.55,0,3.04,2,0,0,5,5,4,3
4084,2,15,1.456603823,2.55,0,2.55,0,0,0,6,6,3,2
4084,50,63,1.456119732,2.55,0,2.55,0,1,0,6,6,3,2
4084,17,20,1.442890683,2.55,0,3.04,2,0,0,5,5,4,3
4084,65,66,1.442194101,2.55,0,3.44,1,0,0,5,6,4,2
4084,1,2,1.41388468,2.55,0,2.55,0,0,0,6,6,3,3
4084,49,50,1.41287114,2.55,0,2.55,0,1,1,6,6,3,3
4084,0,1,1.412708542,2.55,0,2.55,0,0,0,6,6,3,3
4084,48,49,1.410048471,2.55,0,2.55,0,1,1,6,6,3,3
4084,61,62,1.409910697,2.55,0,2.55,0,1,1,5,5,3,3
4084,13,14,1.407569201,2.55,0,2.55,0,1,1,5,5,3,3
4084,58,59,1.407428205,2.55,0,2.55,0,1,1,6,6,2,2
4084,10,11,1.407173354,2.55,0,2.55,0,1,1,6,6,2,2
4084,7,8,1.405095951,2.55,0,2.55,0,1,1,6,6,2,2
4084,96,105,1.404521741,2.55,0,2.55,0,1,1,6,6,3,2
4084,55,56,1.404326134,2.55,0,2.55,0,1,1,6,6,2,2
4084,97,104,1.404191092,2.55,0,2.55,0,1,1,6,6,3,2
4084,96,101,1.404105148,2.55,0,2.55,0,1,1,6,6,3,2
4084,97,100,1.404084442,2.55,0,2.55,0,1,1,6,6,3,2
4084,14,20,1.402007012,2.55,0,3.04,2,1,0,5,5,3,3
4084,55,62,1.399447802,2.55,0,2.55,0,1,1,6,5,2,3
4084,50,51,1.399353769,2.55,0,2.55,0,1,1,6,6,3,2
4084,2,3,1.399225383,2.55,0,2.55,0,0,0,6,6,3,2
4084,4,5,1.399050904,2.55,0,2.55,0,0,0,6,6,3,2
4084,52,53,1.397449012,2.55,0,2.55,0,1,1,6,6,3,2
4084,7,14,1.397034943,2.55,0,2.55,0,1,1,6,5,2,3
4084,104,105,1.396965287,2.55,0,2.55,0,1,1,6,6,2,2
4084,100,101,1.396538675,2.55,0,2.55,0,1,1,6,6,2,2
4084,8,10,1.396517766,2.55,0,2.55,0,1,1,6,6,2,2
4084,56,58,1.396485139,2.55,0,2.55,0,1,1,6,6,2,2
4084,3,4,1.393171978,2.55,0,2.55,0,0,0,6,6,2,3
4084,51,52,1.392815942,2.55,0,2.55,0,1,1,6,6,2,3
4084,62,68,1.390598141,2.55,0,3.04,2,1,0,5,5,3,3
4084,48,53,1.388880315,2.55,0,2.55,0,1,1,6,6,3,2
4084,11,13,1.387694903,2.55,0,2.55,0,1,1,6,5,2,3
4084,59,61,1.387655249,2.55,0,2.55,0,1,1,6,5,2,3
4084,0,5,1.387655137,2.55,0,2.55,0,0,0,6,6,3,2
4084,49,66,1.344995833,2.55,0,3.44,1,1,0,6,6,3,2
4084,15,16,1.344125562,2.55,0,2.55,0,0,0,6,6,2,2
4084,63,64,1.342013753,2.55,0,2.55,0,0,0,6,6,2,2
4084,1,18,1.335158259,2.55,0,3.44,1,0,0,6,6,3,2
4084,77,85,1.550359132,2.55,0,2.55,0,0,0,0,0,2,2
4084,19,25,1.547609526,2.55,0,2.55,0,0,0,5,0,4,1
4084,67,73,1.545835292,2.55,0,2.55,0,0,0,5,0,4,1
4084,29,37,1.543937957,2.55,0,2.55,0,0,0,0,0,2,2
4084,67,69,1.533787915,2.55,0,2.55,0,0,0,5,0,4,1
4084,19,21,1.531953273,2.55,0,2.55,0,0,0,5,0,4,1
4084,37,97,1.512295196,2.55,0,2.55,0,0,1,0,6,2,3
4084,85,96,1.511740618,2.55,0,2.55,0,0,1,0,6,2,3
4084,80,90,1.503731889,2.55,0,2.55,0,0,0,0,0,3,1
4084,32,42,1.503710539,2.55,0,2.55,0,0,0,0,0,3,1
4084,52,81,1.47130656,2.55,0,3.04,2,1,0,6,0,3,3
4084,4,33,1.46975575,2.55,0,3.04,2,0,0,6,0,3,3
4084,20,29,1.45355977,3.04,2,2.55,0,0,0,5,0,3,2
4084,68,77,1.447200876,3.04,2,2.55,0,0,0,5,0,3,2
4084,0,31,1.381521215,2.55,0,3.44,1,0,0,6,0,3,2
4084,48,79,1.381207672,2.55,0,3.44,1,1,0,6,0,3,2
4084,79,80,1.37452382,3.44,1,2.55,0,0,0,0,0,2,3
4084,31,32,1.373125989,3.44,1,2.55,0,0,0,0,0,2,3
4084,33,34,1.222315569,3.04,2,3.44,1,0,0,0,0,3,1
4084,33,35,1.222272819,3.04,2,3.44,1,0,0,0,0,3,1
4084,81,82,1.222055336,3.04,2,3.44,1,0,0,0,0,3,1
4084,81,83,1.221610724,3.04,2,3.44,1,0,0,0,0,3,1
4084,32,41,1.19941616,2.55,0,3.44,1,0,0,0,0,3,1
4084,80,89,1.199310441,2.55,0,3.44,1,0,0,0,0,3,1
4085,17,19,1.590694475,2.55,0,2.55,0,0,0,5,5,4,4
4085,13,19,1.523269339,2.55,0,2.55,0,0,0,5,5,3,4
4085,16,17,1.510586193,2.55,0,2.55,0,0,0,6,5,2,4
4085,17,20,1.465114356,2.55,0,3.04,2,0,0,5,5,4,3
4085,2,15,1.454333463,2.55,0,2.55,0,0,0,6,6,3,2
4085,17,18,1.441469784,2.55,0,3.44,1,0,0,5,6,4,2
4085,4,5,1.423478993,2.55,0,2.55,0,0,0,6,6,3,3
4085,10,11,1.420488236,2.55,0,2.55,0,0,0,6,6,3,2
4085,1,2,1.412870498,2.55,0,2.55,0,0,0,6,6,3,3
4085,13,14,1.408011411,2.55,0,2.55,0,0,0,5,5,3,3
4085,8,10,1.407356583,2.55,0,2.55,0,0,0,6,6,2,3
4085,7,8,1.406737031,2.55,0,2.55,0,0,0,6,6,2,2
4085,0,5,1.404296651,2.55,0,2.55,0,0,0,6,6,2,3
4085,14,20,1.401522677,2.55,0,3.04,2,0,0,5,5,3,3
4085,0,1,1.39881856,2.55,0,2.55,0,0,0,6,6,2,3
4085,3,4,1.395726364,2.55,0,2.55,0,0,0,6,6,2,3
4085,2,3,1.39515677,2.55,0,2.55,0,0,0,6,6,3,2
4085,7,14,1.392724068,2.55,0,2.55,0,0,0,6,5,2,3
4085,11,13,1.383679887,2.55,0,2.55,0,0,0,6,5,2,3
4085,1,18,1.34701294,2.55,0,3.44,1,0,0,6,6,3,2
4085,15,16,1.343549182,2.55,0,2.55,0,0,0,6,6,2,2
4085,19,25,1.545960818,2.55,0,2.55,0,0,0,5,0,4,1
4085,19,21,1.533115991,2.55,0,2.55,0,0,0,5,0,4,1
4085,4,30,1.466887628,2.55,0,3.04,2,0,0,6,0,3,3
4085,20,29,1.443736132,3.04,2,2.55,0,0,0,5,0,3,1
4085,37,38,1.44147333,3.04,2,2.55,0,0,0,0,0,2,1
4085,44,45,1.413834427,3.44,1,2.55,0,0,0,0,0,2,1
4085,10,37,1.391714004,2.55,0,3.04,2,0,0,6,0,3,2
4085,5,44,1.339098317,2.55,0,3.44,1,0,0,6,0,3,2
4085,30,31,1.226435211,3.04,2,3.44,1,0,0,0,0,3,1
4085,30,32,1.219477212,3.04,2,3.44,1,0,0,0,0,3,1
4086,17,18,1.856931243,2.55,0,2.58,3,0,0,5,6,4,2
4086,1,18,1.768730929,2.55,0,2.58,3,1,0,6,6,3,2
4087,51,52,1.532676425,2.55,0,2.55,0,0,0,6,6,2,2
4087,0,1,1.517369117,2.55,0,2.55,0,0,0,6,6,2,4
4087,6,52,1.517023614,2.55,0,2.55,0,0,0,6,6,3,2
4087,37,51,1.507055996,2.55,0,2.55,0,0,0,6,6,3,2
4087,7,38,1.49082119,2.55,0,2.55,0,0,0,6,6,3,3
4087,4,5,1.461627861,2.55,0,2.55,0,0,0,6,6,3,2
4087,1,2,1.454726833,2.55,0,3.44,1,0,0,6,6,4,2
4087,7,8,1.442747932,2.55,0,2.55,0,0,0,6,6,3,3
4087,8,9,1.440890365,2.55,0,2.55,0,0,0,6,6,3,3
4087,8,34,1.435710446,2.55,0,2.55,0,0,0,6,6,3,2
4087,50,53,1.435572624,3.44,1,2.55,0,0,0,5,5,2,3
4087,9,10,1.433894089,2.55,0,2.55,0,0,0,6,6,3,2
4087,36,53,1.430879227,3.44,1,2.55,0,0,0,5,5,2,3
4087,4,6,1.424382182,2.55,0,2.55,0,0,0,6,6,3,3
4087,3,9,1.421031053,2.55,0,2.55,0,0,0,6,6,3,3
4087,17,18,1.417685215,2.55,0,2.55,0,1,1,6,6,3,3
4087,37,38,1.41764374,2.55,0,2.55,0,0,0,6,6,3,3
4087,11,33,1.413256431,2.55,0,2.55,0,0,0,5,5,3,3
4087,38,42,1.409651751,2.55,0,2.55,0,0,0,6,6,3,2
4087,18,20,1.407425065,2.55,0,2.55,0,1,1,6,6,3,2
4087,24,31,1.405141083,2.55,0,2.55,0,1,1,6,6,3,2
4087,14,22,1.401821105,2.55,0,2.55,0,1,1,6,6,3,2
4087,6,7,1.401461411,2.55,0,2.55,0,0,0,6,6,3,3
4087,28,29,1.401385776,2.55,0,2.55,0,1,1,6,6,3,2
4087,14,15,1.40122369,2.55,0,2.55,0,1,1,6,6,3,2
4087,24,25,1.39950205,2.55,0,2.55,0,1,1,6,6,3,2
4087,15,17,1.399414581,2.55,0,2.55,0,1,1,6,6,2,3
4087,37,39,1.398325698,2.55,0,2.55,0,0,0,6,6,3,2
4087,39,40,1.397967287,2.55,0,2.55,0,0,0,6,6,2,2
4087,25,26,1.397960554,2.55,0,2.55,0,1,1,6,6,2,2
4087,41,42,1.397088361,2.55,0,2.55,0,0,0,6,6,2,2
4087,40,41,1.396538001,2.55,0,2.55,0,0,0,6,6,2,2
4087,26,28,1.395165909,2.55,0,2.55,0,1,1,6,6,2,3
4087,3,4,1.394983841,2.55,0,2.55,0,0,0,6,6,3,3
4087,29,31,1.394154572,2.55,0,2.55,0,1,1,6,6,2,2
4087,20,22,1.393261559,2.55,0,2.55,0,1,1,6,6,2,2
4087,33,34,1.368269629,2.55,0,2.55,0,0,0,5,6,3,2
4087,11,36,1.365463098,2.55,0,3.44,1,0,0,5,5,3,2
4087,10,11,1.364994461,2.55,0,2.55,0,0,0,6,5,2,3
4087,33,50,1.364167231,2.55,0,3.44,1,0,0,5,5,3,2
4087,2,3,1.358280928,3.44,1,2.55,0,0,0,6,6,2,3
4087,0,5,1.343858769,2.55,0,2.55,0,0,0,6,6,2,2
4087,1,24,1.541881475,2.55,0,2.55,0,0,1,6,6,4,3
4087,1,14,1.536236876,2.55,0,2.55,0,0,1,6,6,4,3
4087,54,55,1.528615439,2.55,0,2.55,0,0,0,0,0,2,1
4087,53,54,1.514739629,2.55,0,2.55,0,0,0,5,0,3,2
4087,49,66,1.508547265,2.55,0,2.55,0,0,0,0,0,3,1
4087,17,73,1.508219574,2.55,0,2.55,0,1,0,6,0,3,1
4087,18,19,1.390496921,2.55,0,3.04,2,1,0,6,0,3,1
4087,28,48,1.388816876,2.55,0,3.44,1,1,0,6,0,3,2
4087,48,49,1.365154605,3.44,1,2.55,0,0,0,0,0,2,3
4087,49,70,1.200909098,2.55,0,3.44,1,0,0,0,0,3,1
4088,64,65,1.534877919,2.55,0,2.55,0,0,0,5,5,2,2
4088,6,39,1.529674661,2.55,0,2.55,0,0,0,5,5,3,4
4088,35,64,1.522487328,2.55,0,2.55,0,0,0,5,5,3,2
4088,0,1,1.518496067,2.55,0,2.55,0,0,0,6,6,2,4
4088,39,40,1.517782152,2.55,0,2.55,0,0,0,5,5,4,3
4088,7,43,1.496225663,2.55,0,2.55,0,0,0,5,5,3,3
4088,4,5,1.462193768,2.55,0,2.55,0,0,0,6,6,3,2
4088,1,2,1.456641037,2.55,0,3.44,1,0,0,6,6,4,2
4088,8,9,1.4528257,2.55,0,2.55,0,0,0,6,6,3,3
4088,7,8,1.44989179,2.55,0,2.55,0,0,0,5,6,3,3
4088,65,68,1.436436202,2.55,0,3.44,1,0,0,5,5,2,2
4088,8,35,1.428425218,2.55,0,2.55,0,0,0,6,5,3,3
4088,3,9,1.427826714,2.55,0,2.55,0,0,0,6,6,3,3
4088,9,10,1.418902954,2.55,0,2.55,0,0,0,6,6,3,2
4088,11,34,1.41740675,2.55,0,2.55,0,0,0,6,5,3,3
4088,40,43,1.416959958,2.55,0,2.55,0,0,0,5,5,3,3
4088,4,6,1.414925208,2.55,0,2.55,0,0,0,6,5,3,3
4088,29,30,1.405789405,2.55,0,2.55,0,1,1,6,6,3,2
4088,17,19,1.404209838,2.55,0,2.55,0,1,1,6,6,2,3
4088,27,29,1.403688899,2.55,0,2.55,0,1,1,6,6,2,3
4088,25,26,1.403021425,2.55,0,2.55,0,1,1,6,6,3,2
4088,43,47,1.402637124,2.55,0,2.55,0,0,0,5,6,3,2
4088,19,21,1.402482036,2.55,0,2.55,0,1,1,6,6,3,2
4088,46,47,1.402421892,2.55,0,2.55,0,0,0,6,6,2,2
4088,44,45,1.402386366,2.55,0,2.55,0,0,0,6,6,2,2
4088,14,15,1.402263425,2.55,0,2.55,0,1,1,6,6,3,2
4088,25,32,1.401893352,2.55,0,2.55,0,1,1,6,6,3,2
4088,14,23,1.40154922,2.55,0,2.55,0,1,1,6,6,3,2
4088,6,7,1.400110579,2.55,0,2.55,0,0,0,5,5,3,3
4088,21,23,1.397551189,2.55,0,2.55,0,1,1,6,6,2,2
4088,30,32,1.396294179,2.55,0,2.55,0,1,1,6,6,2,2
4088,15,17,1.396267717,2.55,0,2.55,0,1,1,6,6,2,2
4088,45,46,1.395631146,2.55,0,2.55,0,0,0,6,6,2,2
4088,26,27,1.393917683,2.55,0,2.55,0,1,1,6,6,2,2
4088,34,35,1.392874242,2.55,0,2.55,0,0,0,5,5,3,3
4088,3,4,1.391944347,2.55,0,2.55,0,0,0,6,6,3,3
4088,40,44,1.390595827,2.55,0,2.55,0,0,0,5,6,3,2
4088,10,11,1.379575591,2.55,0,2.55,0,0,0,6,6,2,3
4088,34,68,1.362915197,2.55,0,3.44,1,0,0,5,5,3,2
4088,2,3,1.354771956,3.44,1,2.55,0,0,0,6,6,2,3
4088,0,5,1.344062331,2.55,0,2.55,0,0,0,6,6,2,2
4088,39,41,1.553614338,2.55,0,2.55,0,0,0,5,0,4,2
4088,1,25,1.539902612,2.55,0,2.55,0,0,1,6,6,4,3
4088,1,14,1.537213631,2.55,0,2.55,0,0,1,6,6,4,3
4088,41,72,1.529020899,2.55,0,2.55,0,0,0,0,0,2,1
4088,19,20,1.509935663,2.55,0,2.55,0,1,0,6,0,3,1
4088,39,42,1.426907796,2.55,0,3.44,1,0,0,5,0,4,1
4088,37,38,1.420843902,2.55,0,3.44,1,0,0,0,0,1,2
4088,53,54,1.409688879,3.44,1,2.55,0,0,0,0,0,2,1
4088,11,38,1.35866034,2.55,0,3.44,1,0,0,6,0,3,2
4088,29,53,1.357401735,2.55,0,3.44,1,1,0,6,0,3,2
4089,6,16,1.529217489,2.55,0,2.55,0,0,0,5,5,3,4
4089,29,30,1.528345893,2.55,0,2.55,0,0,0,5,5,4,3
4089,25,29,1.527504766,2.55,0,2.55,0,0,0,5,5,3,4
4089,7,16,1.527396819,2.55,0,2.55,0,0,0,5,5,3,4
4089,5,8,1.48356864,2.55,0,2.55,0,0,0,5,5,3,3
4089,24,26,1.482022916,2.55,0,2.55,0,0,0,5,5,3,3
4089,3,4,1.444503057,2.55,0,2.55,0,0,0,6,6,3,3
4089,19,22,1.443857502,2.55,0,2.55,0,0,0,6,6,3,3
4089,27,31,1.442289536,2.55,0,2.55,0,0,0,6,6,3,3
4089,9,10,1.442193748,2.55,0,2.55,0,0,0,6,6,3,3
4089,26,27,1.439826891,2.55,0,2.55,0,0,0,5,6,3,3
4089,4,5,1.439028197,2.55,0,2.55,0,0,0,6,5,3,3
4089,8,9,1.438557552,2.55,0,2.55,0,0,0,5,6,3,3
4089,22,24,1.437920185,2.55,0,2.55,0,0,0,6,5,3,3
4089,19,21,1.436850725,2.55,0,2.55,0,0,0,6,6,3,3
4089,2,3,1.435652562,2.55,0,2.55,0,0,0,6,6,3,3
4089,27,65,1.425837592,2.55,0,2.55,0,0,0,6,6,3,2
4089,3,48,1.42572012,2.55,0,2.55,0,0,0,6,6,3,2
4089,9,56,1.425637146,2.55,0,2.55,0,0,0,6,6,3,2
4089,19,75,1.425222644,2.55,0,2.55,0,0,0,6,6,3,2
4089,4,49,1.425015157,2.55,0,2.55,0,0,0,6,6,3,2
4089,22,72,1.424494287,2.55,0,2.55,0,0,0,6,6,3,2
4089,31,64,1.424284893,2.55,0,2.55,0,0,0,6,6,3,2
4089,10,57,1.424234134,2.55,0,2.55,0,0,0,6,6,3,2
4089,10,11,1.422177721,2.55,0,2.55,0,0,0,6,6,3,2
4089,31,33,1.421620941,2.55,0,2.55,0,0,0,6,6,3,2
4089,58,59,1.415867245,2.55,0,2.55,0,0,0,6,6,2,2
4089,66,67,1.415596058,2.55,0,2.55,0,0,0,6,6,2,2
4089,73,74,1.413352496,2.55,0,2.55,0,0,0,6,6,2,2
4089,50,51,1.413186191,2.55,0,2.55,0,0,0,6,6,2,2
4089,7,13,1.410528268,2.55,0,2.55,0,0,0,5,6,3,2
4089,30,32,1.410514434,2.55,0,2.55,0,0,0,5,6,3,2
4089,23,25,1.410320646,2.55,0,2.55,0,0,0,6,5,2,3
4089,1,6,1.409765876,2.55,0,2.55,0,0,0,6,5,2,3
4089,26,30,1.400789326,2.55,0,2.55,0,0,0,5,5,3,3
4089,7,8,1.399815931,2.55,0,2.55,0,0,0,5,5,3,3
4089,5,6,1.398169776,2.55,0,2.55,0,0,0,5,5,3,3
4089,24,25,1.396777052,2.55,0,2.55,0,0,0,5,5,3,3
4089,21,23,1.385885158,2.55,0,2.55,0,0,0,6,6,3,2
4089,1,2,1.385419415,2.55,0,2.55,0,0,0,6,6,2,3
4089,65,66,1.381066885,2.55,0,2.55,0,0,0,6,6,2,2
4089,72,73,1.38101665,2.55,0,2.55,0,0,0,6,6,2,2
4089,56,58,1.381006534,2.55,0,2.55,0,0,0,6,6,2,2
4089,49,50,1.380513176,2.55,0,2.55,0,0,0,6,6,2,2
4089,11,13,1.37987272,2.55,0,2.55,0,0,0,6,6,2,2
4089,74,75,1.379852026,2.55,0,2.55,0,0,0,6,6,2,2
4089,48,51,1.379223946,2.55,0,2.55,0,0,0,6,6,2,2
4089,32,33,1.379198403,2.55,0,2.55,0,0,0,6,6,2,2
4089,57,59,1.378061888,2.55,0,2.55,0,0,0,6,6,2,2
4089,64,67,1.377861086,2.55,0,2.55,0,0,0,6,6,2,2
4089,16,29,1.61798964,2.55,0,2.55,0,0,0,5,5,4,4
4089,18,29,1.547636638,2.55,0,2.55,0,0,0,0,5,1,4
4089,16,17,1.546290855,2.55,0,2.55,0,0,0,5,0,4,1
4089,2,15,1.50913775,2.55,0,2.55,0,0,0,6,0,3,1
4089,20,21,1.508781191,2.55,0,2.55,0,0,0,0,6,1,3
4090,19,20,1.565749766,2.55,0,2.55,0,0,0,5,5,4,3
4090,26,35,1.565497602,2.55,0,2.55,0,0,0,5,5,4,3
4090,26,36,1.52810304,2.55,0,2.55,0,0,0,5,5,4,3
4090,11,19,1.526977891,2.55,0,2.55,0,0,0,5,5,3,4
4090,7,9,1.407149992,2.55,0,2.55,0,1,1,6,6,2,3
4090,28,31,1.407102474,2.55,0,2.55,0,1,1,6,6,2,3
4090,29,31,1.404964992,2.55,0,2.55,0,1,1,6,6,2,3
4090,1,9,1.404933391,2.55,0,2.55,0,1,1,6,6,2,3
4090,12,14,1.402679524,2.55,0,2.55,0,0,0,6,6,2,2
4090,37,40,1.402637557,2.55,0,2.55,0,0,0,6,6,2,2
4090,4,5,1.401177157,2.55,0,2.55,0,1,1,6,6,3,2
4090,24,25,1.401162492,2.55,0,2.55,0,1,1,6,6,3,2
4090,15,17,1.400042261,2.55,0,2.55,0,0,0,6,6,2,2
4090,43,44,1.399978347,2.55,0,2.55,0,0,0,6,6,2,2
4090,24,27,1.399892252,2.55,0,2.55,0,1,1,6,6,3,2
4090,14,15,1.399859186,2.55,0,2.55,0,0,0,6,6,2,2
4090,2,4,1.399662834,2.55,0,2.55,0,1,1,6,6,2,3
4090,40,44,1.399643105,2.55,0,2.55,0,0,0,6,6,2,2
4090,36,41,1.399239721,2.55,0,2.55,0,0,0,5,5,3,3
4090,10,11,1.398973075,2.55,0,2.55,0,0,0,5,5,3,3
4090,36,37,1.397892154,2.55,0,2.55,0,0,0,5,6,3,2
4090,11,12,1.39746118,2.55,0,2.55,0,0,0,5,6,3,2
4090,27,29,1.397015552,2.55,0,2.55,0,1,1,6,6,2,2
4090,1,2,1.396823396,2.55,0,2.55,0,1,1,6,6,2,2
4090,5,7,1.395443643,2.55,0,2.55,0,1,1,6,6,2,2
4090,25,28,1.395328617,2.55,0,2.55,0,1,1,6,6,2,2
4090,10,17,1.389031793,2.55,0,2.55,0,0,0,5,6,3,2
4090,41,43,1.388963829,2.55,0,2.55,0,0,0,5,6,3,2
4090,35,42,1.377123286,2.55,0,3.44,1,0,0,5,5,3,2
4090,20,21,1.377092006,2.55,0,3.44,1,0,0,5,5,3,2
4090,41,42,1.369840573,2.55,0,3.44,1,0,0,5,5,3,2
4090,10,21,1.369766339,2.55,0,3.44,1,0,0,5,5,3,2
4090,19,26,1.634982917,2.55,0,2.55,0,0,0,5,5,4,4
4090,26,31,1.546262199,2.55,0,2.55,0,0,1,5,6,4,3
4090,9,19,1.544217721,2.55,0,2.55,0,1,0,6,5,3,4
4090,4,18,1.516941626,2.55,0,2.55,0,1,0,6,0,3,2
4090,23,24,1.516916562,2.55,0,2.55,0,0,1,0,6,2,3
4090,18,53,1.410848066,2.55,0,3.44,1,0,0,0,0,2,1
4090,23,50,1.410038952,2.55,0,3.44,1,0,0,0,0,2,1
4090,35,38,1.190689787,2.55,0,3.44,1,0,0,5,0,3,1
4090,20,22,1.190586975,2.55,0,3.44,1,0,0,5,0,3,1
4091,2,5,1.510833332,2.55,0,2.55,0,0,0,5,5,3,3
4091,60,63,1.510608042,2.55,0,2.55,0,0,0,5,5,3,3
4091,58,61,1.465022999,2.55,0,3.04,2,0,0,5,5,4,2
4091,0,1,1.464570879,2.55,0,3.04,2,0,0,5,5,4,2
4091,4,36,1.461198623,2.55,0,2.55,0,1,1,6,6,3,3
4091,62,94,1.461051613,2.55,0,2.55,0,1,1,6,6,3,3
4091,97,98,1.457647747,2.55,0,2.55,0,1,1,6,6,3,3
4091,39,40,1.457623824,2.55,0,2.55,0,1,1,6,6,3,3
4091,0,3,1.453920822,2.55,0,3.04,2,0,0,5,5,4,2
4091,58,59,1.453830905,2.55,0,3.04,2,0,0,5,5,4,2
4091,94,98,1.43946248,2.55,0,2.55,0,1,1,6,6,3,3
4091,36,40,1.439448272,2.55,0,2.55,0,1,1,6,6,3,3
4091,37,38,1.428939163,2.55,0,2.55,0,1,1,6,6,2,3
4091,95,96,1.428880814,2.55,0,2.55,0,1,1,6,6,2,3
4091,94,103,1.42208976,2.55,0,2.55,0,1,1,6,6,3,2
4091,36,45,1.422076865,2.55,0,2.55,0,1,1,6,6,3,2
4091,96,97,1.42094141,2.55,0,2.55,0,1,1,6,6,3,3
4091,38,39,1.420885723,2.55,0,2.55,0,1,1,6,6,3,3
4091,38,53,1.419024914,2.55,0,2.55,0,1,1,6,6,3,2
4091,96,111,1.419014532,2.55,0,2.55,0,1,1,6,6,3,2
4091,97,108,1.418924826,2.55,0,2.55,0,1,1,6,6,3,2
4091,39,50,1.418875142,2.55,0,2.55,0,1,1,6,6,3,2
4091,98,100,1.418378619,2.55,0,2.55,0,1,1,6,6,3,2
4091,40,42,1.418304775,2.55,0,2.55,0,1,1,6,6,3,2
4091,51,52,1.418213376,2.55,0,2.55,0,1,1,6,6,3,2
4091,109,110,1.418117059,2.55,0,2.55,0,1,1,6,6,3,2
4091,64,69,1.410325261,2.55,0,2.55,0,1,1,6,6,3,2
4091,7,17,1.41028344,2.55,0,2.55,0,1,1,6,6,3,2
4091,65,75,1.410276182,2.55,0,2.55,0,0,0,6,6,3,2
4091,6,11,1.410134207,2.55,0,2.55,0,0,0,6,6,3,2
4091,10,12,1.406873689,2.55,0,2.55,0,0,0,6,6,3,2
4091,77,79,1.406832688,2.55,0,2.55,0,0,0,6,6,2,3
4091,68,70,1.406623796,2.55,0,2.55,0,1,1,6,6,3,2
4091,19,21,1.40660566,2.55,0,2.55,0,1,1,6,6,2,3
4091,101,102,1.405956181,2.55,0,2.55,0,1,1,6,6,2,2
4091,43,44,1.40586886,2.55,0,2.55,0,1,1,6,6,2,2
4091,67,68,1.405522975,2.55,0,2.55,0,1,1,6,6,2,3
4091,20,21,1.40547932,2.55,0,2.55,0,1,1,6,6,2,3
4091,78,79,1.405335062,2.55,0,2.55,0,0,0,6,6,2,3
4091,9,10,1.405169329,2.55,0,2.55,0,0,0,6,6,2,3
4091,7,18,1.404765096,2.55,0,2.55,0,1,1,6,6,3,2
4091,64,66,1.404652327,2.55,0,2.55,0,1,1,6,6,3,2
4091,6,8,1.404272916,2.55,0,2.55,0,0,0,6,6,3,2
4091,65,76,1.404205949,2.55,0,2.55,0,0,0,6,6,3,2
4091,76,78,1.396202083,2.55,0,2.55,0,0,0,6,6,2,2
4091,8,9,1.396088225,2.55,0,2.55,0,0,0,6,6,2,2
4091,66,67,1.395612503,2.55,0,2.55,0,1,1,6,6,2,2
4091,18,20,1.395374982,2.55,0,2.55,0,1,1,6,6,2,2
4091,17,19,1.389956374,2.55,0,2.55,0,1,1,6,6,2,2
4091,11,12,1.389910053,2.55,0,2.55,0,0,0,6,6,2,2
4091,75,77,1.389846496,2.55,0,2.55,0,0,0,6,6,2,2
4091,69,70,1.389828539,2.55,0,2.55,0,1,1,6,6,2,2
4091,108,109,1.389384923,2.55,0,2.55,0,1,1,6,6,2,3
4091,50,51,1.389344544,2.55,0,2.55,0,1,1,6,6,2,3
4091,44,45,1.383240531,2.55,0,2.55,0,1,1,6,6,2,2
4091,102,103,1.383064906,2.55,0,2.55,0,1,1,6,6,2,2
4091,100,101,1.382375959,2.55,0,2.55,0,1,1,6,6,2,2
4091,42,43,1.382255055,2.55,0,2.55,0,1,1,6,6,2,2
4091,52,53,1.380172948,2.55,0,2.55,0,1,1,6,6,2,2
4091,110,111,1.380114576,2.55,0,2.55,0,1,1,6,6,2,2
4091,4,37,1.371847703,2.55,0,2.55,0,1,1,6,6,3,2
4091,62,95,1.37174784,2.55,0,2.55,0,1,1,6,6,3,2
4091,3,5,1.286294045,3.04,2,2.55,0,0,0,5,5,2,3
4091,61,63,1.286232109,3.04,2,2.55,0,0,0,5,5,2,3
4091,1,2,1.286157722,3.04,2,2.55,0,0,0,5,5,2,3
4091,59,60,1.286155783,3.04,2,2.55,0,0,0,5,5,2,3
4091,0,58,1.624509795,2.55,0,2.55,0,0,0,5,5,4,4
4091,0,4,1.551092545,2.55,0,2.55,0,0,1,5,6,4,3
4091,58,62,1.550994419,2.55,0,2.55,0,0,1,5,6,4,3
4091,51,55,1.509475136,2.55,0,2.55,0,1,0,6,0,3,1
4091,109,113,1.509380113,2.55,0,2.55,0,1,0,6,0,3,1
4091,63,65,1.478451935,2.55,0,2.55,0,0,0,5,6,3,3
4091,2,6,1.478343883,2.55,0,2.55,0,0,0,5,6,3,3
4091,5,7,1.477217644,2.55,0,2.55,0,0,1,5,6,3,3
4091,60,64,1.477181153,2.55,0,2.55,0,0,1,5,6,3,3
4091,31,32,1.410798295,3.44,1,2.55,0,0,0,0,0,2,1
4091,84,85,1.410790786,3.44,1,2.55,0,0,0,0,0,2,1
4091,26,27,1.410708109,3.44,1,2.55,0,0,0,0,0,2,1
4091,89,90,1.410635499,3.44,1,2.55,0,0,0,0,0,2,1
4091,79,89,1.355403625,2.55,0,3.44,1,0,0,6,0,3,2
4091,10,26,1.355274774,2.55,0,3.44,1,0,0,6,0,3,2
4091,21,31,1.354917312,2.55,0,3.44,1,1,0,6,0,3,2
4091,68,84,1.354817069,2.55,0,3.44,1,1,0,6,0,3,2
4092,0,44,1.556412737,2.55,0,2.55,0,0,0,6,6,4,3
4092,24,27,1.551454734,2.55,0,2.55,0,0,1,6,6,4,3
4092,0,4,1.547452977,2.55,0,2.55,0,0,0,6,6,4,3
4092,24,48,1.540595465,2.55,0,2.55,0,0,0,6,6,4,3
4092,0,16,1.533165942,2.55,0,2.55,0,0,0,6,6,4,3
4092,24,29,1.523848736,2.55,0,2.55,0,0,0,6,6,4,3
4092,32,37,1.515466153,2.55,0,2.55,0,1,0,6,6,3,3
4092,33,37,1.513190513,2.55,0,2.55,0,0,0,6,6,3,3
4092,1,5,1.509201786,2.55,0,2.55,0,0,0,6,6,3,3
4092,1,18,1.503530595,2.55,0,2.55,0,0,0,6,6,3,3
4092,26,50,1.483039822,2.55,0,2.55,0,0,0,6,6,3,3
4092,13,67,1.48301585,2.55,0,2.55,0,0,0,6,6,3,3
4092,27,32,1.414378053,2.55,0,2.55,0,1,1,6,6,3,3
4092,4,5,1.412505692,2.55,0,2.55,0,0,0,6,6,3,3
4092,29,33,1.409171516,2.55,0,2.55,0,0,0,6,6,3,3
4092,26,30,1.406174961,2.55,0,2.55,0,0,0,6,6,3,2
4092,16,18,1.40572674,2.55,0,2.55,0,0,0,6,6,3,3
4092,3,4,1.405560406,2.55,0,2.55,0,0,0,6,6,2,3
4092,44,68,1.405512339,2.55,0,3.04,2,0,0,6,6,3,3
4092,12,13,1.404284444,2.55,0,2.55,0,0,0,6,6,2,3
4092,47,50,1.402655135,3.04,2,2.55,0,0,0,6,6,3,3
4092,22,27,1.402449111,2.55,0,2.55,0,1,1,6,6,2,3
4092,13,16,1.401822161,2.55,0,2.55,0,0,0,6,6,3,3
4092,35,38,1.400777195,2.55,0,2.55,0,0,0,6,6,2,2
4092,26,29,1.400176861,2.55,0,2.55,0,0,0,6,6,3,3
4092,22,25,1.399569374,2.55,0,2.55,0,1,1,6,6,2,2
4092,14,17,1.399506958,2.55,0,2.55,0,0,0,6,6,2,2
4092,3,10,1.398817247,2.55,0,2.55,0,0,0,6,6,2,2
4092,67,68,1.398386233,2.55,0,3.04,2,0,0,6,6,3,3
4092,5,6,1.397525899,2.55,0,2.55,0,0,0,6,6,3,2
4092,31,36,1.397372486,2.55,0,2.55,0,1,1,6,6,2,2
4092,32,36,1.39686211,2.55,0,2.55,0,1,1,6,6,3,2
4092,17,18,1.396112115,2.55,0,2.55,0,0,0,6,6,2,3
4092,6,8,1.39603941,2.55,0,2.55,0,0,0,6,6,2,2
4092,33,38,1.395693678,2.55,0,2.55,0,0,0,6,6,3,2
4092,47,48,1.395564566,3.04,2,2.55,0,0,0,6,6,3,3
4092,8,10,1.393947116,2.55,0,2.55,0,0,0,6,6,2,2
4092,25,31,1.393489966,2.55,0,2.55,0,1,1,6,6,2,2
4092,12,14,1.390332886,2.55,0,2.55,0,0,0,6,6,2,2
4092,30,35,1.389052838,2.55,0,2.55,0,0,0,6,6,2,2
4092,1,37,1.615277548,2.55,0,2.55,0,0,0,6,6,3,3
4092,55,58,1.5326431,2.55,0,2.55,0,0,0,0,0,2,2
4092,74,77,1.532545611,2.55,0,2.55,0,0,0,0,0,2,2
4092,70,71,1.531762573,2.55,0,2.55,0,0,0,0,0,2,2
4092,46,52,1.531679323,2.55,0,2.55,0,0,0,0,0,2,2
4092,52,55,1.531481306,2.55,0,2.55,0,0,0,0,0,2,2
4092,71,74,1.531419491,2.55,0,2.55,0,0,0,0,0,2,2
4092,58,61,1.529713958,2.55,0,2.55,0,0,0,0,0,2,1
4092,77,80,1.529546661,2.55,0,2.55,0,0,0,0,0,2,1
4092,68,70,1.475707688,3.04,2,2.55,0,0,0,6,0,3,2
4092,46,47,1.475686889,2.55,0,3.04,2,0,0,0,6,2,3
4092,48,49,1.216243942,2.55,0,3.44,1,0,0,6,0,3,1
4092,67,69,1.216193666,2.55,0,3.44,1,0,0,6,0,3,1
4092,50,51,1.216012169,2.55,0,3.44,1,0,0,6,0,3,1
4092,44,45,1.209108157,2.55,0,3.44,1,0,0,6,0,3,1
4093,21,26,1.587868896,2.55,0,2.55,0,0,0,5,5,3,4
4093,20,24,1.585903854,2.55,0,2.55,0,0,0,5,5,3,4
4093,24,30,1.557117506,2.55,0,2.55,0,0,0,5,5,4,3
4093,20,21,1.553385827,2.55,0,2.55,0,0,0,5,5,3,3
4093,26,30,1.551051339,2.55,0,2.55,0,0,0,5,5,4,3
4093,24,28,1.546184394,2.55,0,2.55,0,0,0,5,5,4,3
4093,26,29,1.545992513,2.55,0,2.55,0,0,0,5,5,4,3
4093,18,20,1.534729145,2.55,0,2.55,0,0,0,5,5,3,3
4093,19,21,1.526451254,2.55,0,2.55,0,0,0,5,5,3,3
4093,0,1,1.412522476,2.55,0,2.55,0,1,1,6,6,3,3
4093,54,57,1.409404326,2.55,0,2.55,0,1,1,6,6,3,2
4093,17,18,1.408883773,3.04,2,2.55,0,0,0,5,5,3,3
4093,55,70,1.408272639,2.55,0,2.55,0,1,1,6,6,3,2
4093,31,48,1.407184541,2.55,0,2.55,0,1,1,6,6,3,2
4093,17,19,1.40683752,3.04,2,2.55,0,0,0,5,5,3,3
4093,55,69,1.406414864,2.55,0,2.55,0,1,1,6,6,3,2
4093,54,56,1.406084736,2.55,0,2.55,0,1,1,6,6,3,2
4093,33,34,1.406043355,2.55,0,2.55,0,1,1,6,6,3,2
4093,0,3,1.406023046,2.55,0,2.55,0,1,1,6,6,3,2
4093,59,60,1.405845638,2.55,0,2.55,0,1,1,6,6,3,2
4093,71,72,1.405564365,2.55,0,2.55,0,1,1,6,6,2,3
4093,33,36,1.405425844,2.55,0,2.55,0,1,1,6,6,3,2
4093,31,44,1.403504026,2.55,0,2.55,0,1,1,6,6,3,2
4093,72,73,1.402437765,2.55,0,2.55,0,1,1,6,6,3,2
4093,58,59,1.402203396,2.55,0,2.55,0,1,1,6,6,2,3
4093,4,5,1.401364572,2.55,0,2.55,0,1,1,6,6,3,2
4093,1,2,1.400998672,2.55,0,2.55,0,1,1,6,6,3,2
4093,36,37,1.399595595,2.55,0,2.55,0,1,1,6,6,2,2
4093,35,38,1.398461001,2.55,0,2.55,0,1,1,6,6,2,2
4093,44,45,1.398310552,2.55,0,2.55,0,1,1,6,6,2,2
4093,46,47,1.397871978,2.55,0,2.55,0,1,1,6,6,2,2
4093,56,58,1.396757506,2.55,0,2.55,0,1,1,6,6,2,2
4093,69,73,1.396532523,2.55,0,2.55,0,1,1,6,6,2,2
4093,37,38,1.396236891,2.55,0,2.55,0,1,1,6,6,2,2
4093,45,46,1.396234408,2.55,0,2.55,0,1,1,6,6,2,2
4093,47,48,1.395982508,2.55,0,2.55,0,1,1,6,6,2,2
4093,34,35,1.394955755,2.55,0,2.55,0,1,1,6,6,2,2
4093,70,71,1.394404282,2.55,0,2.55,0,1,1,6,6,2,2
4093,3,4,1.394366648,2.55,0,2.55,0,1,1,6,6,2,3
4093,57,60,1.392869663,2.55,0,2.55,0,1,1,6,6,2,2
4093,2,5,1.391400902,2.55,0,2.55,0,1,1,6,6,2,2
4093,28,29,1.362913444,2.55,0,2.55,0,0,0,5,5,3,3
4093,26,33,1.514932717,2.55,0,2.55,0,0,1,5,6,4,3
4093,24,31,1.513772089,2.55,0,2.55,0,0,1,5,6,4,3
4093,72,78,1.509317347,2.55,0,2.55,0,1,0,6,0,3,1
4093,59,65,1.50916481,2.55,0,2.55,0,1,0,6,0,3,1
4093,0,9,1.505545598,2.55,0,2.55,0,1,0,6,0,3,3
4093,29,55,1.482688968,2.55,0,2.55,0,0,1,5,6,3,3
4093,28,54,1.479357705,2.55,0,2.55,0,0,1,5,6,3,3
4093,4,17,1.42861356,2.55,0,3.04,2,1,0,6,5,3,3
4093,10,11,1.427593087,3.44,1,2.55,0,0,0,0,0,2,1
4093,9,10,1.337313953,2.55,0,3.44,1,0,0,0,0,3,2
4093,9,15,1.209830672,2.55,0,3.44,1,0,0,0,0,3,1
4093,19,23,1.20501156,2.55,0,3.44,1,0,0,5,0,3,1
4093,18,22,1.204476722,2.55,0,3.44,1,0,0,5,0,3,1
4093,30,32,1.196884052,2.55,0,3.44,1,0,0,5,0,3,1
4093-2,21,26,1.579957643,2.55,0,2.55,0,1,0,5,5,3,4
4093-2,20,24,1.574486866,2.55,0,2.55,0,1,0,5,5,3,4
4093-2,26,30,1.560234018,2.55,0,2.55,0,0,0,5,5,4,3
4093-2,24,30,1.556897024,2.55,0,2.55,0,0,0,5,5,4,3
4093-2,20,21,1.549134078,2.55,0,2.55,0,1,1,5,5,3,3
4093-2,26,29,1.548344876,2.55,0,2.55,0,0,0,5,5,4,3
4093-2,24,28,1.543071823,2.55,0,2.55,0,0,0,5,5,4,3
4093-2,19,21,1.526865309,2.55,0,2.55,0,1,1,5,5,3,3
4093-2,18,20,1.521289387,2.55,0,2.55,0,1,1,5,5,3,3
4093-2,0,1,1.411167351,2.55,0,2.55,0,0,0,6,6,3,3
4093-2,54,57,1.410354542,2.55,0,2.55,0,0,0,6,6,3,2
4093-2,55,69,1.409989688,2.55,0,2.55,0,1,1,6,6,3,2
4093-2,17,19,1.409159962,3.04,2,2.55,0,1,1,5,5,3,3
4093-2,33,36,1.40891522,2.55,0,2.55,0,1,1,6,6,3,2
4093-2,55,70,1.408413682,2.55,0,2.55,0,1,1,6,6,3,2
4093-2,31,48,1.406758079,2.55,0,2.55,0,1,1,6,6,3,2
4093-2,54,56,1.40675683,2.55,0,2.55,0,0,0,6,6,3,2
4093-2,59,60,1.406369355,2.55,0,2.55,0,0,0,6,6,3,2
4093-2,0,3,1.405778707,2.55,0,2.55,0,0,0,6,6,3,2
4093-2,17,18,1.405715491,3.04,2,2.55,0,1,1,5,5,3,3
4093-2,33,34,1.404581732,2.55,0,2.55,0,1,1,6,6,3,2
4093-2,72,73,1.404005046,2.55,0,2.55,0,1,1,6,6,3,2
4093-2,31,44,1.403624395,2.55,0,2.55,0,1,1,6,6,3,2
4093-2,71,72,1.403282514,2.55,0,2.55,0,1,1,6,6,2,3
4093-2,4,5,1.402036239,2.55,0,2.55,0,0,0,6,6,3,2
4093-2,58,59,1.401927677,2.55,0,2.55,0,0,0,6,6,2,3
4093-2,1,2,1.401355598,2.55,0,2.55,0,0,0,6,6,3,2
4093-2,34,35,1.399341512,2.55,0,2.55,0,1,1,6,6,2,2
4093-2,44,45,1.399280253,2.55,0,2.55,0,1,1,6,6,2,2
4093-2,46,47,1.398721611,2.55,0,2.55,0,1,1,6,6,2,2
4093-2,37,38,1.398560283,2.55,0,2.55,0,1,1,6,6,2,2
4093-2,56,58,1.39719319,2.55,0,2.55,0,0,0,6,6,2,2
4093-2,36,37,1.39645567,2.55,0,2.55,0,1,1,6,6,2,2
4093-2,35,38,1.396308868,2.55,0,2.55,0,1,1,6,6,2,2
4093-2,45,46,1.396187619,2.55,0,2.55,0,1,1,6,6,2,2
4093-2,70,71,1.395822099,2.55,0,2.55,0,1,1,6,6,2,2
4093-2,47,48,1.395282266,2.55,0,2.55,0,1,1,6,6,2,2
4093-2,69,73,1.394685603,2.55,0,2.55,0,1,1,6,6,2,2
4093-2,3,4,1.394386615,2.55,0,2.55,0,0,0,6,6,2,3
4093-2,57,60,1.39250504,2.55,0,2.55,0,0,0,6,6,2,2
4093-2,2,5,1.391338043,2.55,0,2.55,0,0,0,6,6,2,2
4093-2,28,29,1.370875353,2.55,0,2.55,0,0,0,5,5,3,3
4093-2,26,33,1.514934924,2.55,0,2.55,0,0,1,5,6,4,3
4093-2,24,31,1.510687451,2.55,0,2.55,0,0,1,5,6,4,3
4093-2,59,65,1.509076998,2.55,0,2.55,0,0,0,6,0,3,1
4093-2,72,78,1.509019631,2.55,0,2.55,0,1,0,6,0,3,1
4093-2,0,9,1.504935911,2.55,0,2.55,0,0,0,6,0,3,3
4093-2,29,55,1.484667413,2.55,0,2.55,0,0,1,5,6,3,3
4093-2,28,54,1.48009747,2.55,0,2.55,0,0,0,5,6,3,3
4093-2,4,17,1.42963048,2.55,0,3.04,2,0,1,6,5,3,3
4093-2,10,11,1.428443074,3.44,1,2.55,0,0,0,0,0,2,1
4093-2,9,10,1.336739118,2.55,0,3.44,1,0,0,0,0,3,2
4093-2,9,15,1.210201508,2.55,0,3.44,1,0,0,0,0,3,1
4093-2,18,22,1.208048055,2.55,0,3.44,1,1,0,5,0,3,1
4093-2,19,23,1.206438163,2.55,0,3.44,1,1,0,5,0,3,1
4093-2,30,32,1.193582733,2.55,0,3.44,1,0,0,5,0,3,1
4094,14,19,1.589683162,2.55,0,2.55,0,0,0,5,5,3,4
4094,13,17,1.581498898,2.55,0,2.55,0,0,0,5,5,3,4
4094,13,14,1.54933928,2.55,0,2.55,0,0,0,5,5,3,3
4094,17,23,1.544435849,2.55,0,2.55,0,0,0,5,5,4,3
4094,19,22,1.543736064,2.55,0,2.55,0,0,0,5,5,4,3
4094,19,23,1.541925659,2.55,0,2.55,0,0,0,5,5,4,3
4094,17,21,1.536397886,2.55,0,2.55,0,0,0,5,5,4,3
4094,12,14,1.528872606,2.55,0,2.55,0,0,0,5,5,3,3
4094,11,13,1.526811158,2.55,0,2.55,0,0,0,5,5,3,3
4094,25,27,1.410272881,2.55,0,2.55,0,1,1,6,6,3,2
4094,3,4,1.409570213,2.55,0,2.55,0,1,1,6,6,3,3
4094,10,12,1.408279055,3.04,2,2.55,0,0,0,5,5,3,3
4094,25,28,1.408042387,2.55,0,2.55,0,1,1,6,6,3,2
4094,26,36,1.40779582,2.55,0,2.55,0,1,1,6,6,3,2
4094,26,37,1.406564723,2.55,0,2.55,0,1,1,6,6,3,2
4094,10,11,1.403635363,3.04,2,2.55,0,0,0,5,5,3,3
4094,0,3,1.402960942,2.55,0,2.55,0,1,1,6,6,2,3
4094,1,2,1.402562992,2.55,0,2.55,0,1,1,6,6,3,2
4094,0,1,1.402101741,2.55,0,2.55,0,1,1,6,6,2,3
4094,4,5,1.39897683,2.55,0,2.55,0,1,1,6,6,3,2
4094,29,30,1.398444175,2.55,0,2.55,0,1,1,6,6,2,2
4094,37,38,1.397818039,2.55,0,2.55,0,1,1,6,6,2,2
4094,38,39,1.397798568,2.55,0,2.55,0,1,1,6,6,2,2
4094,39,40,1.397731267,2.55,0,2.55,0,1,1,6,6,2,2
4094,36,40,1.397680766,2.55,0,2.55,0,1,1,6,6,2,2
4094,30,31,1.397676024,2.55,0,2.55,0,1,1,6,6,2,2
4094,28,31,1.396835099,2.55,0,2.55,0,1,1,6,6,2,2
4094,27,29,1.396127077,2.55,0,2.55,0,1,1,6,6,2,2
4094,2,5,1.393344475,2.55,0,2.55,0,1,1,6,6,2,2
4094,21,22,1.36271729,2.55,0,2.55,0,0,0,5,5,3,3
4094,56,57,1.533144586,2.55,0,2.55,0,0,0,0,0,2,1
4094,19,56,1.528419706,2.55,0,2.55,0,0,0,5,0,4,2
4094,17,52,1.518499939,2.55,0,2.55,0,0,0,5,0,4,1
4094,1,9,1.509694819,2.55,0,2.55,0,1,0,6,0,3,1
4094,3,7,1.507466759,2.55,0,2.55,0,1,0,6,0,3,1
4094,22,26,1.489949135,2.55,0,2.55,0,0,1,5,6,3,3
4094,21,25,1.48063404,2.55,0,2.55,0,0,1,5,6,3,3
4094,4,10,1.435479416,2.55,0,3.04,2,1,0,6,5,3,3
4094,11,15,1.206750791,2.55,0,3.44,1,0,0,5,0,3,1
4094,12,16,1.205898229,2.55,0,3.44,1,0,0,5,0,3,1
4094,23,24,1.200259415,2.55,0,3.44,1,0,0,5,0,3,1
4095,14,19,1.57880614,2.55,0,2.55,0,0,0,5,5,3,4
4095,13,17,1.577431769,2.55,0,2.55,0,0,0,5,5,3,4
4095,17,23,1.554736649,2.55,0,2.55,0,0,0,5,5,4,3
4095,19,23,1.551512959,2.55,0,2.55,0,0,0,5,5,4,3
4095,13,14,1.544056533,2.55,0,2.55,0,0,0,5,5,3,3
4095,17,21,1.54295475,2.55,0,2.55,0,0,0,5,5,4,3
4095,19,22,1.542116293,2.55,0,2.55,0,0,0,5,5,4,3
4095,12,14,1.519571568,2.55,0,2.55,0,0,0,5,5,3,3
4095,11,13,1.515771086,2.55,0,2.55,0,0,0,5,5,3,3
4095,25,27,1.410848015,2.55,0,2.55,0,0,0,6,6,3,2
4095,3,4,1.40999719,2.55,0,2.55,0,0,0,6,6,3,3
4095,25,28,1.409360873,2.55,0,2.55,0,0,0,6,6,3,2
4095,26,37,1.40845951,2.55,0,2.55,0,0,0,6,6,3,2
4095,26,36,1.408185394,2.55,0,2.55,0,0,0,6,6,3,2
4095,10,12,1.406742546,3.04,2,2.55,0,0,0,5,5,3,3
4095,0,1,1.404841359,2.55,0,2.55,0,0,0,6,6,2,3
4095,1,2,1.404112746,2.55,0,2.55,0,0,0,6,6,3,2
4095,10,11,1.403878043,3.04,2,2.55,0,0,0,5,5,3,3
4095,36,40,1.398446619,2.55,0,2.55,0,0,0,6,6,2,2
4095,38,39,1.397506022,2.55,0,2.55,0,0,0,6,6,2,2
4095,29,30,1.39742142,2.55,0,2.55,0,0,0,6,6,2,2
4095,27,29,1.397368377,2.55,0,2.55,0,0,0,6,6,2,2
4095,30,31,1.39732036,2.55,0,2.55,0,0,0,6,6,2,2
4095,39,40,1.397121315,2.55,0,2.55,0,0,0,6,6,2,2
4095,37,38,1.397107199,2.55,0,2.55,0,0,0,6,6,2,2
4095,28,31,1.396942435,2.55,0,2.55,0,0,0,6,6,2,2
4095,2,5,1.396796288,2.55,0,2.55,0,0,0,6,6,2,2
4095,4,5,1.395537054,2.55,0,2.55,0,0,0,6,6,3,2
4095,0,3,1.388216543,2.55,0,2.55,0,0,0,6,6,2,3
4095,21,22,1.369493182,2.55,0,2.55,0,0,0,5,5,3,3
4095,47,48,1.532155254,2.55,0,2.55,0,0,0,0,0,2,1
4095,46,62,1.532071883,2.55,0,2.55,0,0,0,0,0,2,1
4095,19,47,1.528536864,2.55,0,2.55,0,0,0,5,0,4,2
4095,17,46,1.527931278,2.55,0,2.55,0,0,0,5,0,4,2
4095,22,26,1.493572482,2.55,0,2.55,0,0,0,5,6,3,3
4095,21,25,1.488943783,2.55,0,2.55,0,0,0,5,6,3,3
4095,3,7,1.481458434,2.55,0,3.04,2,0,0,6,0,3,3
4095,4,10,1.421576033,2.55,0,3.04,2,0,0,6,5,3,3
4095,9,56,1.414030189,3.44,1,2.55,0,0,0,0,0,2,1
4095,1,9,1.348686069,2.55,0,3.44,1,0,0,6,0,3,2
4095,7,61,1.222027126,3.04,2,3.44,1,0,0,0,0,3,1
4095,7,60,1.216971082,3.04,2,3.44,1,0,0,0,0,3,1
4095,11,15,1.207473561,2.55,0,3.44,1,0,0,5,0,3,1
4095,12,16,1.206188899,2.55,0,3.44,1,0,0,5,0,3,1
4095,23,24,1.197758473,2.55,0,3.44,1,0,0,5,0,3,1
4096,0,2,1.589288,2.55,0,2.55,0,0,0,5,5,3,4
4096,1,4,1.572213363,2.55,0,2.55,0,0,0,5,5,3,4
4096,0,1,1.565111763,2.55,0,2.55,0,0,0,5,5,3,3
4096,2,7,1.554931971,2.55,0,2.55,0,0,0,5,5,4,2
4096,4,7,1.547904684,2.55,0,2.55,0,0,0,5,5,4,2
4096,4,6,1.54157871,2.55,0,2.55,0,0,0,5,5,4,3
4096,1,31,1.530564056,2.55,0,2.55,0,0,0,5,6,3,2
4096,31,33,1.53012485,2.55,0,2.55,0,0,0,6,6,2,2
4096,2,5,1.523591749,2.55,0,2.55,0,0,0,5,5,4,3
4096,23,33,1.517740487,2.55,0,2.55,0,1,0,6,6,3,2
4096,4,9,1.514671415,2.55,0,2.55,0,0,1,5,6,4,3
4096,9,23,1.411739672,2.55,0,2.55,0,1,1,6,6,3,3
4096,3,41,1.409340403,2.55,0,2.55,0,1,1,6,6,3,2
4096,3,39,1.406640517,2.55,0,2.55,0,1,1,6,6,3,2
4096,9,10,1.405862515,2.55,0,2.55,0,1,1,6,6,3,2
4096,42,43,1.405255857,2.55,0,2.55,0,1,1,6,6,2,3
4096,23,26,1.404934278,2.55,0,2.55,0,1,1,6,6,3,2
4096,40,43,1.40469717,2.55,0,2.55,0,1,1,6,6,2,3
4096,24,25,1.39860057,2.55,0,2.55,0,1,1,6,6,2,2
4096,39,40,1.395546273,2.55,0,2.55,0,1,1,6,6,2,2
4096,25,26,1.394558858,2.55,0,2.55,0,1,1,6,6,2,2
4096,10,24,1.394093642,2.55,0,2.55,0,1,1,6,6,2,2
4096,41,42,1.393368927,2.55,0,2.55,0,1,1,6,6,2,2
4096,5,6,1.370639609,2.55,0,2.55,0,0,0,5,5,3,3
4096,2,8,1.528920872,2.55,0,2.55,0,0,0,5,0,4,3
4096,0,3,1.519380991,2.55,0,2.55,0,0,1,5,6,3,3
4096,48,49,1.518998682,2.55,0,2.55,0,0,0,0,0,3,1
4096,8,11,1.516997276,2.55,0,2.55,0,0,0,0,0,3,1
4096,43,48,1.503688409,2.55,0,2.55,0,1,0,6,0,3,3
4096,6,17,1.414812775,2.55,0,2.55,0,0,0,5,0,3,2
4096,5,19,1.362852439,2.55,0,3.04,2,0,0,5,0,3,1
4096,48,53,1.216209225,2.55,0,3.44,1,0,0,0,0,3,1
4096,8,22,1.213312135,2.55,0,3.44,1,0,0,0,0,3,1
4096,17,18,1.165966024,2.55,0,3.04,2,0,0,0,0,2,1
4097,1,3,1.624240162,2.55,0,2.55,0,0,0,5,5,4,4
4097,0,1,1.619687797,2.55,0,2.55,0,0,0,5,5,4,4
4097,1,27,1.590683646,2.55,0,2.55,0,0,0,5,5,4,3
4097,0,2,1.587579775,2.55,0,2.55,0,0,0,5,5,4,4
4097,27,28,1.556505706,2.55,0,2.55,0,0,0,5,5,3,3
4097,3,6,1.547654273,2.55,0,2.55,0,0,0,5,5,4,3
4097,3,5,1.544678058,2.55,0,2.55,0,0,0,5,5,4,3
4097,2,4,1.537783207,2.55,0,2.55,0,0,0,5,5,4,3
4097,2,6,1.537678802,2.55,0,2.55,0,0,0,5,5,4,3
4097,0,26,1.534848643,2.55,0,2.55,0,0,0,5,5,4,3
4097,26,28,1.523852952,2.55,0,2.55,0,0,0,5,5,3,3
4097,11,18,1.411463549,2.55,0,2.55,0,1,1,6,6,3,2
4097,8,64,1.410168193,2.55,0,2.55,0,1,1,6,6,3,2
4097,34,36,1.409639949,2.55,0,2.55,0,1,1,6,6,3,2
4097,8,65,1.4093867,2.55,0,2.55,0,1,1,6,6,3,2
4097,9,54,1.408221524,2.55,0,2.55,0,1,1,6,6,3,2
4097,9,56,1.4079438,2.55,0,2.55,0,1,1,6,6,3,2
4097,11,16,1.407752266,2.55,0,2.55,0,1,1,6,6,3,2
4097,34,39,1.406476275,2.55,0,2.55,0,1,1,6,6,3,2
4097,39,40,1.398765387,2.55,0,2.55,0,1,1,6,6,2,2
4097,16,17,1.398612761,2.55,0,2.55,0,1,1,6,6,2,2
4097,66,67,1.398351161,2.55,0,2.55,0,1,1,6,6,2,2
4097,18,19,1.398009467,2.55,0,2.55,0,1,1,6,6,2,2
4097,55,57,1.397823526,2.55,0,2.55,0,1,1,6,6,2,2
4097,57,58,1.397731048,2.55,0,2.55,0,1,1,6,6,2,2
4097,36,37,1.397648957,2.55,0,2.55,0,1,1,6,6,2,2
4097,65,68,1.397625472,2.55,0,2.55,0,1,1,6,6,2,2
4097,67,68,1.397457479,2.55,0,2.55,0,1,1,6,6,2,2
4097,54,55,1.39719542,2.55,0,2.55,0,1,1,6,6,2,2
4097,37,38,1.397170085,2.55,0,2.55,0,1,1,6,6,2,2
4097,38,40,1.396617034,2.55,0,2.55,0,1,1,6,6,2,2
4097,19,20,1.396336128,2.55,0,2.55,0,1,1,6,6,2,2
4097,56,58,1.396245878,2.55,0,2.55,0,1,1,6,6,2,2
4097,64,66,1.395773784,2.55,0,2.55,0,1,1,6,6,2,2
4097,17,20,1.395319671,2.55,0,2.55,0,1,1,6,6,2,2
4097,4,5,1.365843583,2.55,0,2.55,0,0,0,5,5,3,3
4097,1,11,1.542418403,2.55,0,2.55,0,0,1,5,6,4,3
4097,0,12,1.542406481,2.55,0,2.55,0,0,0,5,0,4,1
4097,28,29,1.541476978,2.55,0,2.55,0,0,0,5,0,3,1
4097,27,34,1.528647242,2.55,0,2.55,0,0,1,5,6,3,3
4097,3,47,1.523811448,2.55,0,2.55,0,0,0,5,0,4,1
4097,2,7,1.519205838,2.55,0,2.55,0,0,0,5,0,4,1
4097,4,9,1.486896116,2.55,0,2.55,0,0,1,5,6,3,3
4097,5,8,1.486212954,2.55,0,2.55,0,0,1,5,6,3,3
4097,26,46,1.208163922,2.55,0,3.44,1,0,0,5,0,3,1
4097,6,10,1.20079705,2.55,0,3.44,1,0,0,5,0,3,1
4098,10,11,1.620000812,2.55,0,2.55,0,0,0,4,4,3,3
4098,3,11,1.524599852,2.55,0,2.55,0,0,0,4,4,3,3
4098,0,10,1.524332734,2.55,0,2.55,0,0,0,4,4,3,3
4098,4,5,1.406279682,2.55,0,2.55,0,0,0,6,6,2,2
4098,1,2,1.406274726,2.55,0,2.55,0,0,0,6,6,2,2
4098,15,21,1.40610613,2.55,0,2.55,0,1,1,6,6,3,2
4098,12,20,1.406063993,2.55,0,2.55,0,1,1,6,6,3,2
4098,18,19,1.40568657,2.55,0,2.55,0,1,1,6,6,3,2
4098,24,25,1.405663055,2.55,0,2.55,0,1,1,6,6,3,2
4098,2,5,1.405523425,2.55,0,2.55,0,0,0,6,6,2,2
4098,12,16,1.402897439,2.55,0,2.55,0,1,1,6,6,3,2
4098,15,22,1.402797704,2.55,0,2.55,0,1,1,6,6,3,2
4098,17,18,1.402279176,2.55,0,2.55,0,1,1,6,6,2,3
4098,23,24,1.402246901,2.55,0,2.55,0,1,1,6,6,2,3
4098,22,23,1.398113439,2.55,0,2.55,0,1,1,6,6,2,2
4098,16,17,1.3980414,2.55,0,2.55,0,1,1,6,6,2,2
4098,19,20,1.39507233,2.55,0,2.55,0,1,1,6,6,2,2
4098,21,25,1.395053793,2.55,0,2.55,0,1,1,6,6,2,2
4098,0,3,1.394433066,2.55,0,2.55,0,0,0,4,4,3,3
4098,3,4,1.391541265,2.55,0,2.55,0,0,0,4,6,3,2
4098,0,1,1.391450926,2.55,0,2.55,0,0,0,4,6,3,2
4098,24,38,1.509928043,2.55,0,2.55,0,1,0,6,0,3,1
4098,18,34,1.50992208,2.55,0,2.55,0,1,0,6,0,3,1
4098,11,15,1.508019511,2.55,0,2.55,0,0,1,4,6,3,3
4098,10,12,1.507940706,2.55,0,2.55,0,0,1,4,6,3,3
4099,2,6,1.564664568,2.55,0,2.55,0,0,0,5,5,3,3
4099,1,2,1.549696159,2.55,0,2.55,0,0,0,5,5,2,3
4099,5,6,1.533099949,2.55,0,2.55,0,0,0,5,5,2,3
4099,0,1,1.46877005,3.04,2,2.55,0,0,0,5,5,3,2
4099,0,5,1.459114709,3.04,2,2.55,0,0,0,5,5,3,2
4099,28,29,1.430070628,2.55,0,2.55,0,1,1,6,6,2,3
4099,55,56,1.418337462,2.55,0,2.55,0,0,0,5,5,2,3
4099,25,26,1.412271739,2.55,0,2.55,0,1,1,5,5,3,3
4099,44,48,1.409613749,2.55,0,2.55,0,1,1,6,6,3,2
4099,34,35,1.408894054,2.55,0,2.55,0,1,1,6,6,3,2
4099,34,39,1.40827004,2.55,0,2.55,0,1,1,6,6,3,2
4099,36,37,1.406899083,2.55,0,2.55,0,1,1,6,6,2,3
4099,37,38,1.406874802,2.55,0,2.55,0,1,1,6,6,3,2
4099,25,27,1.406068292,2.55,0,2.55,0,1,1,5,6,3,2
4099,9,13,1.405449114,2.55,0,2.55,0,1,1,6,6,3,2
4099,9,14,1.405052472,2.55,0,2.55,0,1,1,6,6,3,2
4099,26,30,1.404638638,2.55,0,2.55,0,1,1,5,6,3,2
4099,29,30,1.396807331,2.55,0,2.55,0,1,1,6,6,3,2
4099,15,16,1.393275623,2.55,0,2.55,0,1,1,6,6,3,2
4099,48,49,1.393233302,2.55,0,2.55,0,1,1,6,6,2,2
4099,13,17,1.393191853,2.55,0,2.55,0,1,1,6,6,2,3
4099,14,15,1.393184327,2.55,0,2.55,0,1,1,6,6,2,3
4099,38,39,1.393159324,2.55,0,2.55,0,1,1,6,6,2,2
4099,16,17,1.392296372,2.55,0,2.55,0,1,1,6,6,2,3
4099,35,36,1.392072599,2.55,0,2.55,0,1,1,6,6,2,2
4099,53,55,1.388257507,2.55,0,2.55,0,0,0,5,5,3,2
4099,27,28,1.387050663,2.55,0,2.55,0,1,1,6,6,2,2
4099,24,26,1.376401821,3.04,2,2.55,0,1,1,5,5,2,3
4099,12,25,1.368774898,3.04,2,2.55,0,1,1,5,5,3,3
4099,53,58,1.366391971,2.55,0,3.04,2,0,0,5,5,3,3
4099,12,23,1.359597525,3.04,2,3.04,2,1,1,5,5,3,2
4099,57,58,1.343396796,3.04,2,3.04,2,0,0,5,5,2,3
4099,46,47,1.340934657,2.55,0,3.04,2,1,1,6,6,3,2
4099,45,46,1.339796341,3.04,2,2.55,0,1,1,6,6,2,3
4099,44,45,1.339296257,2.55,0,3.04,2,1,1,6,6,3,2
4099,56,57,1.333469835,2.55,0,3.04,2,0,0,5,5,3,2
4099,47,49,1.332443079,3.04,2,2.55,0,1,1,6,6,2,2
4099,23,24,1.286729614,3.04,2,3.04,2,1,1,5,5,2,2
4099,68,69,1.533841203,2.55,0,2.55,0,0,0,0,0,3,1
4099,68,73,1.532567064,2.55,0,2.55,0,0,0,0,0,3,1
4099,6,9,1.512597553,2.55,0,2.55,0,0,1,5,6,3,3
4099,56,59,1.498756134,2.55,0,2.55,0,0,0,5,0,3,1
4099,37,44,1.48813665,2.55,0,2.55,0,1,1,6,6,3,3
4099,29,34,1.487321556,2.55,0,2.55,0,1,1,6,6,3,3
4099,0,68,1.46496906,3.04,2,2.55,0,0,0,5,0,3,3
4099,2,12,1.459848449,2.55,0,3.04,2,0,1,5,5,3,3
4099,58,63,1.446856327,3.04,2,2.55,0,0,0,5,0,3,1
4099,52,53,1.401542452,3.04,2,2.55,0,0,0,0,5,2,3
4099,46,52,1.379312605,2.55,0,3.04,2,1,0,6,0,3,2
4100,3,11,1.606956156,2.55,0,2.55,0,0,0,5,5,4,3
4100,0,9,1.592764544,2.55,0,2.55,0,0,0,5,5,3,3
4100,9,11,1.548525239,2.55,0,2.55,0,0,0,5,5,3,3
4100,2,3,1.525914848,2.55,0,2.55,0,0,0,5,5,2,4
4100,0,1,1.514978626,2.55,0,2.55,0,0,0,5,5,3,2
4100,3,4,1.485640246,2.55,0,3.04,2,0,0,5,5,4,3
4100,0,4,1.470834641,2.55,0,3.04,2,0,0,5,5,3,3
4100,9,14,1.467702673,2.55,0,3.04,2,0,0,5,5,3,2
4100,11,16,1.453631061,2.55,0,3.04,2,0,0,5,5,3,3
4100,16,18,1.361265618,3.04,2,3.04,2,0,0,5,5,3,2
4100,1,2,1.338400431,2.55,0,2.55,0,0,0,5,5,2,2
4100,14,18,1.252566152,3.04,2,3.04,2,0,0,5,5,2,2
4100,26,27,1.53076043,2.55,0,2.55,0,0,0,0,0,2,1
4100,19,20,1.525558916,2.55,0,2.55,0,0,0,0,0,2,1
4100,3,26,1.5233278,2.55,0,2.55,0,0,0,5,0,4,2
4100,16,19,1.455082888,3.04,2,2.55,0,0,0,5,0,3,2
4100,4,5,1.450759318,3.04,2,2.55,0,0,0,5,0,3,1
4101,64,67,1.537157183,2.55,0,2.55,0,1,0,5,5,3,4
4101,11,14,1.53346243,2.55,0,2.55,0,1,0,5,5,3,4
4101,14,18,1.52914193,2.55,0,2.55,0,0,1,5,5,4,3
4101,67,71,1.527118822,2.55,0,2.55,0,0,0,5,5,4,3
4101,69,72,1.474674721,2.55,0,2.55,0,1,0,5,5,3,3
4101,16,19,1.472996699,2.55,0,2.55,0,1,1,5,5,3,3
4101,11,16,1.409598389,2.55,0,2.55,0,1,1,5,5,3,3
4101,64,69,1.409247301,2.55,0,2.55,0,1,1,5,5,3,3
4101,18,19,1.407853348,2.55,0,2.55,0,1,1,5,5,3,3
4101,24,25,1.407193361,2.55,0,2.55,0,1,1,6,6,2,3
4101,13,28,1.406903456,2.55,0,2.55,0,1,1,6,6,3,2
4101,38,40,1.406899734,2.55,0,2.55,0,1,1,6,6,3,2
4101,91,92,1.406835533,2.55,0,2.55,0,1,1,6,6,3,2
4101,77,78,1.406834265,2.55,0,2.55,0,0,0,6,6,2,3
4101,66,81,1.406818486,2.55,0,2.55,0,1,1,6,6,3,2
4101,13,32,1.40640397,2.55,0,2.55,0,1,1,6,6,3,2
4101,38,39,1.406396604,2.55,0,2.55,0,1,1,6,6,3,2
4101,66,85,1.406349292,2.55,0,2.55,0,1,1,6,6,3,2
4101,75,78,1.406341737,2.55,0,2.55,0,0,0,6,6,2,3
4101,91,93,1.406316108,2.55,0,2.55,0,1,1,6,6,3,2
4101,71,72,1.405951963,2.55,0,2.55,0,0,0,5,5,3,3
4101,22,25,1.404992925,2.55,0,2.55,0,1,1,6,6,2,3
4101,57,59,1.403398728,2.55,0,2.55,0,1,1,6,6,2,2
4101,4,6,1.403245761,2.55,0,2.55,0,1,1,6,6,2,2
4101,73,77,1.401638582,2.55,0,2.55,0,0,0,6,6,2,2
4101,60,68,1.401256062,2.55,0,2.55,0,1,1,6,6,2,2
4101,7,15,1.40116186,2.55,0,2.55,0,1,1,6,6,2,2
4101,20,24,1.401042125,2.55,0,2.55,0,1,1,6,6,2,2
4101,57,60,1.400343967,2.55,0,2.55,0,1,1,6,6,2,2
4101,4,7,1.400242319,2.55,0,2.55,0,1,1,6,6,2,2
4101,83,84,1.39979346,2.55,0,2.55,0,1,1,6,6,2,2
4101,30,31,1.399733249,2.55,0,2.55,0,1,1,6,6,2,2
4101,82,83,1.399596493,2.55,0,2.55,0,1,1,6,6,2,2
4101,41,42,1.399572422,2.55,0,2.55,0,1,1,6,6,2,2
4101,95,96,1.399562945,2.55,0,2.55,0,1,1,6,6,2,2
4101,29,30,1.399540632,2.55,0,2.55,0,1,1,6,6,2,2
4101,42,43,1.399495054,2.55,0,2.55,0,1,1,6,6,2,2
4101,94,95,1.399264661,2.55,0,2.55,0,1,1,6,6,2,2
4101,68,69,1.397013484,2.55,0,2.55,0,1,1,6,5,2,3
4101,19,22,1.396977103,2.55,0,2.55,0,1,1,5,6,3,2
4101,15,16,1.396894582,2.55,0,2.55,0,1,1,6,5,2,3
4101,72,75,1.396207299,2.55,0,2.55,0,0,0,5,6,3,2
4101,40,41,1.395806307,2.55,0,2.55,0,1,1,6,6,2,2
4101,39,43,1.395390722,2.55,0,2.55,0,1,1,6,6,2,2
4101,28,29,1.395353323,2.55,0,2.55,0,1,1,6,6,2,2
4101,93,94,1.395343564,2.55,0,2.55,0,1,1,6,6,2,2
4101,84,85,1.395246293,2.55,0,2.55,0,1,1,6,6,2,2
4101,31,32,1.395187274,2.55,0,2.55,0,1,1,6,6,2,2
4101,81,82,1.39505681,2.55,0,2.55,0,1,1,6,6,2,2
4101,92,96,1.395037191,2.55,0,2.55,0,1,1,6,6,2,2
4101,18,20,1.391163572,2.55,0,2.55,0,1,1,5,6,3,2
4101,6,11,1.39043649,2.55,0,2.55,0,1,1,6,5,2,3
4101,59,64,1.389677938,2.55,0,2.55,0,1,1,6,5,2,3
4101,71,73,1.387842287,2.55,0,2.55,0,0,0,5,6,3,2
4101,54,58,1.34525975,2.55,0,3.04,2,1,1,6,6,3,2
4101,9,12,1.344210979,2.55,0,3.04,2,0,0,6,6,3,2
4101,62,65,1.341432446,2.55,0,3.04,2,1,1,6,6,3,2
4101,1,5,1.340628928,2.55,0,3.04,2,0,0,6,6,3,2
4101,1,3,1.340403037,2.55,0,3.04,2,0,0,6,6,3,2
4101,56,62,1.338618969,3.04,2,2.55,0,1,1,6,6,2,3
4101,54,56,1.338485848,2.55,0,3.04,2,1,1,6,6,3,2
4101,3,9,1.337162643,3.04,2,2.55,0,0,0,6,6,2,3
4101,5,10,1.333080259,3.04,2,2.55,0,0,0,6,6,2,3
4101,58,63,1.331965488,3.04,2,2.55,0,1,1,6,6,2,3
4101,63,65,1.329671088,2.55,0,3.04,2,1,1,6,6,3,2
4101,10,12,1.328660001,2.55,0,3.04,2,0,0,6,6,3,2
4101,10,14,1.541547714,2.55,0,2.55,0,0,0,6,5,3,4
4101,63,67,1.540607933,2.55,0,2.55,0,1,0,6,5,3,4
4101,78,102,1.510801326,2.55,0,2.55,0,0,0,6,0,3,1
4101,25,49,1.510734515,2.55,0,2.55,0,1,0,6,0,3,1
4101,1,38,1.486189616,2.55,0,2.55,0,0,1,6,6,3,3
4101,54,91,1.485796674,2.55,0,2.55,0,1,1,6,6,3,3
4101,9,13,1.484884712,2.55,0,2.55,0,0,1,6,6,3,3
4101,62,66,1.484120417,2.55,0,2.55,0,1,1,6,6,3,3
4101,27,80,1.462513241,3.44,1,3.44,1,0,0,0,0,2,2
4101,14,27,1.421517033,2.55,0,3.44,1,0,0,5,0,4,2
4101,67,80,1.41998035,2.55,0,3.44,1,0,0,5,0,4,2
4102,39,61,1.565940999,2.55,0,2.55,0,0,0,5,6,4,2
4102,39,71,1.561314516,2.55,0,2.55,0,0,0,5,6,4,2
4102,68,71,1.535794032,2.55,0,2.55,0,0,0,6,6,2,2
4102,6,39,1.535279831,2.55,0,2.55,0,0,0,5,5,3,4
4102,61,62,1.534706871,2.55,0,2.55,0,0,0,6,6,2,2
4102,65,68,1.534075322,2.55,0,2.55,0,0,0,6,6,2,2
4102,62,65,1.533936245,2.55,0,2.55,0,0,0,6,6,2,2
4102,39,40,1.530630456,2.55,0,2.55,0,0,0,5,5,4,3
4102,0,1,1.5172989,2.55,0,2.55,0,0,0,6,6,2,4
4102,7,41,1.476251953,2.55,0,2.55,0,0,0,5,5,3,3
4102,4,5,1.464861018,2.55,0,2.55,0,0,0,6,6,3,2
4102,1,2,1.449055767,2.55,0,3.44,1,0,0,6,6,4,2
4102,8,9,1.438206777,2.55,0,2.55,0,0,0,6,6,3,3
4102,7,8,1.436943996,2.55,0,2.55,0,0,0,5,6,3,3
4102,3,9,1.42932775,2.55,0,2.55,0,0,0,6,6,3,3
4102,4,6,1.429316478,2.55,0,2.55,0,0,0,6,5,3,3
4102,8,35,1.418853146,2.55,0,2.55,0,0,0,6,6,3,2
4102,40,41,1.417817508,2.55,0,2.55,0,0,0,5,5,3,3
4102,11,34,1.417697002,2.55,0,2.55,0,0,0,6,6,3,2
4102,9,10,1.414975328,2.55,0,2.55,0,0,0,6,6,3,2
4102,87,88,1.406416864,2.55,0,2.55,0,1,1,6,6,3,2
4102,81,86,1.406389573,2.55,0,2.55,0,1,1,6,6,3,2
4102,81,82,1.406386612,2.55,0,2.55,0,1,1,6,6,3,2
4102,87,89,1.406368813,2.55,0,2.55,0,1,1,6,6,3,2
4102,19,21,1.406118333,2.55,0,2.55,0,1,1,6,6,3,2
4102,29,30,1.405793854,2.55,0,2.55,0,1,1,6,6,3,2
4102,14,23,1.404768882,2.55,0,2.55,0,1,1,6,6,3,2
4102,17,19,1.404757389,2.55,0,2.55,0,1,1,6,6,2,3
4102,27,29,1.404128131,2.55,0,2.55,0,1,1,6,6,2,3
4102,41,45,1.403984576,2.55,0,2.55,0,0,0,5,6,3,2
4102,25,26,1.403078112,2.55,0,2.55,0,1,1,6,6,3,2
4102,14,15,1.402364538,2.55,0,2.55,0,1,1,6,6,3,2
4102,42,43,1.402251794,2.55,0,2.55,0,0,0,6,6,2,2
4102,25,32,1.401529669,2.55,0,2.55,0,1,1,6,6,3,2
4102,83,84,1.399548443,2.55,0,2.55,0,1,1,6,6,2,2
4102,91,92,1.399545667,2.55,0,2.55,0,1,1,6,6,2,2
4102,84,85,1.399527643,2.55,0,2.55,0,1,1,6,6,2,2
4102,90,91,1.399526304,2.55,0,2.55,0,1,1,6,6,2,2
4102,44,45,1.398945234,2.55,0,2.55,0,0,0,6,6,2,2
4102,30,32,1.396603912,2.55,0,2.55,0,1,1,6,6,2,2
4102,40,42,1.396037223,2.55,0,2.55,0,0,0,5,6,3,2
4102,3,4,1.395973849,2.55,0,2.55,0,0,0,6,6,3,3
4102,43,44,1.395805889,2.55,0,2.55,0,0,0,6,6,2,2
4102,89,90,1.39532203,2.55,0,2.55,0,1,1,6,6,2,2
4102,85,86,1.395314483,2.55,0,2.55,0,1,1,6,6,2,2
4102,88,92,1.395311375,2.55,0,2.55,0,1,1,6,6,2,2
4102,82,83,1.395286629,2.55,0,2.55,0,1,1,6,6,2,2
4102,6,7,1.395188119,2.55,0,2.55,0,0,0,5,5,3,3
4102,15,17,1.394926904,2.55,0,2.55,0,1,1,6,6,2,2
4102,26,27,1.393517128,2.55,0,2.55,0,1,1,6,6,2,2
4102,21,23,1.3930627,2.55,0,2.55,0,1,1,6,6,2,2
4102,10,11,1.386528642,2.55,0,2.55,0,0,0,6,6,2,3
4102,34,35,1.383845263,2.55,0,2.55,0,0,0,6,6,2,2
4102,2,3,1.359199752,3.44,1,2.55,0,0,0,6,6,2,3
4102,0,5,1.344202591,2.55,0,2.55,0,0,0,6,6,2,2
4102,20,80,1.340161206,2.55,0,3.04,2,1,1,6,6,3,2
4102,20,76,1.339993695,2.55,0,3.04,2,1,1,6,6,3,2
4102,77,78,1.339753753,2.55,0,3.04,2,1,1,6,6,3,2
4102,78,79,1.339549012,3.04,2,2.55,0,1,1,6,6,2,3
4102,79,80,1.33921299,2.55,0,3.04,2,1,1,6,6,3,2
4102,76,77,1.339125909,3.04,2,2.55,0,1,1,6,6,2,3
4102,1,25,1.539904229,2.55,0,2.55,0,0,1,6,6,4,3
4102,1,14,1.537439334,2.55,0,2.55,0,0,1,6,6,4,3
4102,79,81,1.487131654,2.55,0,2.55,0,1,1,6,6,3,3
4102,77,87,1.48700057,2.55,0,2.55,0,1,1,6,6,3,3
4102,19,20,1.484840579,2.55,0,2.55,0,1,1,6,6,3,3
4102,51,52,1.409855816,3.44,1,2.55,0,0,0,0,0,2,1
4102,37,38,1.408805592,2.55,0,3.44,1,0,0,0,0,1,2
4102,11,38,1.359907194,2.55,0,3.44,1,0,0,6,0,3,2
4102,29,51,1.35694923,2.55,0,3.44,1,1,0,6,0,3,2
4103,6,37,1.533372321,2.55,0,2.55,0,0,0,5,5,3,4
4103,37,38,1.522761242,2.55,0,2.55,0,0,1,5,5,4,3
4103,0,1,1.516880918,2.55,0,2.55,0,0,0,6,6,2,4
4103,7,39,1.477702917,2.55,0,2.55,0,0,1,5,5,3,3
4103,4,5,1.463430675,2.55,0,2.55,0,0,0,6,6,3,2
4103,1,2,1.451649022,2.55,0,3.44,1,0,0,6,6,4,2
4103,8,9,1.438814095,2.55,0,2.55,0,1,1,6,6,3,3
4103,7,8,1.436108403,2.55,0,2.55,0,0,1,5,6,3,3
4103,17,18,1.434493875,2.55,0,2.55,0,1,1,6,6,3,3
4103,3,9,1.43041263,2.55,0,2.55,0,0,1,6,6,3,3
4103,14,21,1.42508902,2.55,0,2.55,0,1,1,6,6,3,2
4103,4,6,1.424868554,2.55,0,2.55,0,0,0,6,5,3,3
4103,15,17,1.424546548,2.55,0,2.55,0,1,1,6,6,2,3
4103,17,61,1.42374574,2.55,0,2.55,0,1,1,6,6,3,2
4103,18,19,1.423692859,2.55,0,2.55,0,1,1,6,6,3,2
4103,18,60,1.422823009,2.55,0,2.55,0,1,1,6,6,3,2
4103,8,33,1.418544647,2.55,0,2.55,0,1,1,6,6,3,2
4103,62,63,1.418474784,2.55,0,2.55,0,1,1,6,6,2,2
4103,11,32,1.418043992,2.55,0,2.55,0,1,1,6,6,3,2
4103,9,10,1.414600205,2.55,0,2.55,0,1,1,6,6,3,2
4103,38,39,1.413145798,2.55,0,2.55,0,1,1,5,5,3,3
4103,27,28,1.40587514,2.55,0,2.55,0,1,1,6,6,3,2
4103,25,27,1.404084477,2.55,0,2.55,0,1,1,6,6,2,3
4103,39,43,1.403168078,2.55,0,2.55,0,1,1,5,6,3,2
4103,23,24,1.402973161,2.55,0,2.55,0,1,1,6,6,3,2
4103,23,30,1.402033222,2.55,0,2.55,0,1,1,6,6,3,2
4103,42,43,1.400971233,2.55,0,2.55,0,1,1,6,6,3,2
4103,41,42,1.400674906,2.55,0,2.55,0,1,1,6,6,2,3
4103,40,41,1.398531385,2.55,0,2.55,0,1,1,6,6,2,2
4103,6,7,1.396907747,2.55,0,2.55,0,0,0,5,5,3,3
4103,28,30,1.395972323,2.55,0,2.55,0,1,1,6,6,2,2
4103,3,4,1.395845468,2.55,0,2.55,0,0,0,6,6,3,3
4103,24,25,1.39363721,2.55,0,2.55,0,1,1,6,6,2,2
4103,38,40,1.391749938,2.55,0,2.55,0,1,1,5,6,3,2
4103,10,11,1.386877007,2.55,0,2.55,0,1,1,6,6,2,3
4103,32,33,1.383768858,2.55,0,2.55,0,1,1,6,6,2,2
4103,14,15,1.380629687,2.55,0,2.55,0,1,1,6,6,3,2
4103,60,63,1.380005508,2.55,0,2.55,0,1,1,6,6,2,2
4103,61,62,1.380004093,2.55,0,2.55,0,1,1,6,6,2,2
4103,19,21,1.376981734,2.55,0,2.55,0,1,1,6,6,2,2
4103,2,3,1.356454371,3.44,1,2.55,0,0,0,6,6,2,3
4103,0,5,1.343820916,2.55,0,2.55,0,0,0,6,6,2,2
4103,37,58,1.549199429,2.55,0,2.55,0,0,0,5,0,4,1
4103,37,59,1.546204447,2.55,0,2.55,0,0,0,5,0,4,1
4103,1,23,1.539653418,2.55,0,2.55,0,0,1,6,6,4,3
4103,1,14,1.536557577,2.55,0,2.55,0,0,1,6,6,4,3
4103,42,68,1.508092033,2.55,0,2.55,0,1,0,6,0,3,4
4103,48,49,1.410372197,3.44,1,2.55,0,0,0,0,0,2,1
4103,35,36,1.409569889,2.55,0,3.44,1,0,0,0,0,1,2
4103,11,36,1.359044215,2.55,0,3.44,1,1,0,6,0,3,2
4103,27,48,1.356509447,2.55,0,3.44,1,1,0,6,0,3,2
4104,13,14,1.564139174,2.55,0,2.55,0,0,0,4,4,3,2
4104,14,15,1.560285781,2.55,0,2.55,0,0,0,4,4,2,3
4104,19,21,1.552309228,2.55,0,2.55,0,0,0,5,5,2,3
4104,15,19,1.529291586,2.55,0,2.55,0,0,0,4,5,3,2
4104,15,18,1.526448557,2.55,0,2.55,0,0,0,4,4,3,3
4104,13,18,1.519752656,2.55,0,2.55,0,0,0,4,4,3,3
4104,18,24,1.510025132,2.55,0,2.55,0,0,0,4,5,3,2
4104,4,5,1.40737856,2.55,0,2.55,0,0,0,6,6,3,2
4104,1,2,1.4054674,2.55,0,2.55,0,0,0,6,6,3,2
4104,3,4,1.403845018,2.55,0,2.55,0,0,0,6,6,2,3
4104,0,1,1.403049235,2.55,0,2.55,0,0,0,6,6,2,3
4104,0,3,1.396289954,2.55,0,2.55,0,0,0,6,6,2,2
4104,2,5,1.389429445,2.55,0,2.55,0,0,0,6,6,2,2
4104,21,24,1.355101211,2.55,0,2.55,0,0,0,5,5,3,2
4104,4,10,1.503948996,2.55,0,2.55,0,0,0,6,0,3,3
4104,21,26,1.497699532,2.55,0,2.55,0,0,0,5,0,3,1
4104,10,11,1.389496631,2.55,0,3.04,2,0,0,0,0,3,2
4104,11,12,1.357790143,3.04,2,3.04,2,0,0,0,0,2,2
4104,1,33,1.354671421,2.55,0,3.44,1,0,0,6,0,3,1
4104,12,13,1.267446941,3.04,2,2.55,0,0,0,0,4,2,3
4104,10,31,1.213097966,2.55,0,3.44,1,0,0,0,0,3,1
4105,2,5,1.577805754,2.55,0,2.55,0,0,0,4,4,3,3
4105,1,5,1.563123837,2.55,0,2.55,0,0,0,4,4,3,3
4105,0,2,1.547732326,2.55,0,2.55,0,0,0,4,4,3,3
4105,0,1,1.54437699,2.55,0,2.55,0,0,0,4,4,3,3
4105,68,72,1.406828655,2.55,0,2.55,0,0,0,6,6,3,2
4105,21,25,1.406200183,2.55,0,2.55,0,1,1,6,6,3,2
4105,68,71,1.402680203,2.55,0,2.55,0,0,0,6,6,3,2
4105,34,35,1.402433446,2.55,0,2.55,0,1,1,6,6,3,2
4105,73,74,1.402267443,2.55,0,2.55,0,0,0,6,6,2,3
4105,81,83,1.402086056,2.55,0,2.55,0,1,1,6,6,3,2
4105,21,24,1.401720357,2.55,0,2.55,0,1,1,6,6,3,2
4105,37,38,1.401540896,2.55,0,2.55,0,1,1,6,6,3,2
4105,26,27,1.401044742,2.55,0,2.55,0,1,1,6,6,2,3
4105,38,39,1.399916217,2.55,0,2.55,0,1,1,6,6,2,2
4105,36,37,1.39982123,2.55,0,2.55,0,1,1,6,6,2,3
4105,81,82,1.39976454,2.55,0,2.55,0,1,1,6,6,3,2
4105,27,28,1.399350888,2.55,0,2.55,0,1,1,6,6,3,2
4105,84,85,1.39921735,2.55,0,2.55,0,1,1,6,6,2,2
4105,24,28,1.398771677,2.55,0,2.55,0,1,1,6,6,2,2
4105,85,86,1.398765747,2.55,0,2.55,0,1,1,6,6,2,2
4105,74,75,1.398086909,2.55,0,2.55,0,0,0,6,6,3,2
4105,83,84,1.397482065,2.55,0,2.55,0,1,1,6,6,2,2
4105,71,75,1.397334913,2.55,0,2.55,0,0,0,6,6,2,2
4105,82,86,1.397171754,2.55,0,2.55,0,1,1,6,6,2,2
4105,34,36,1.396073537,2.55,0,2.55,0,1,1,6,6,3,2
4105,72,73,1.395712974,2.55,0,2.55,0,0,0,6,6,2,2
4105,35,39,1.395480022,2.55,0,2.55,0,1,1,6,6,2,2
4105,25,26,1.393773708,2.55,0,2.55,0,1,1,6,6,2,2
4105,5,9,1.536960524,2.55,0,2.55,0,0,0,4,0,3,3
4105,47,52,1.535694353,2.55,0,2.55,0,0,0,0,0,3,1
4105,58,63,1.535299117,2.55,0,2.55,0,0,0,0,0,3,1
4105,47,48,1.534169176,2.55,0,2.55,0,0,0,0,0,3,1
4105,58,59,1.533674756,2.55,0,2.55,0,0,0,0,0,3,1
4105,2,6,1.524901029,2.55,0,2.55,0,0,0,4,0,3,3
4105,57,68,1.520036193,2.55,0,2.55,0,0,0,0,6,2,3
4105,20,21,1.519603146,2.55,0,2.55,0,0,1,0,6,2,3
4105,1,10,1.517648491,2.55,0,2.55,0,0,0,4,0,3,3
4105,94,97,1.50894076,2.55,0,2.55,0,0,0,0,0,1,3
4105,0,3,1.503329496,2.55,0,2.55,0,0,0,4,0,3,3
4105,18,47,1.48177779,3.04,2,2.55,0,0,0,0,0,3,3
4105,46,58,1.480606273,3.04,2,2.55,0,0,0,0,0,3,3
4105,46,57,1.474533071,3.04,2,2.55,0,0,0,0,0,3,2
4105,18,20,1.471738983,3.04,2,2.55,0,0,0,0,0,3,2
4105,12,13,1.432820593,3.44,1,2.55,0,0,0,0,0,2,1
4105,37,96,1.38649847,2.55,0,3.44,1,1,0,6,0,3,2
4105,74,80,1.374483282,2.55,0,3.44,1,0,0,6,0,3,2
4105,80,81,1.374246603,3.44,1,2.55,0,0,1,0,6,2,3
4105,27,33,1.373745016,2.55,0,3.44,1,1,0,6,0,3,2
4105,33,34,1.372813245,3.44,1,2.55,0,0,1,0,6,2,3
4105,6,18,1.371642285,2.55,0,3.04,2,0,0,0,0,3,3
4105,9,46,1.365518736,2.55,0,3.04,2,0,0,0,0,3,3
4105,96,97,1.362512155,3.44,1,2.55,0,0,0,0,0,2,3
4105,10,44,1.335249442,2.55,0,3.44,1,0,0,0,0,3,1
4105,3,12,1.327509858,2.55,0,3.44,1,0,0,0,0,3,2
4105,9,45,1.231682458,2.55,0,3.44,1,0,0,0,0,3,1
4105,6,19,1.231021407,2.55,0,3.44,1,0,0,0,0,3,1
4105,3,17,1.220208007,2.55,0,3.44,1,0,0,0,0,3,1
4105,10,43,1.207424804,2.55,0,3.44,1,0,0,0,0,3,1
4105,97,98,1.202019185,2.55,0,3.44,1,0,0,0,0,3,1
4106,1,3,1.588383774,2.55,0,2.55,0,0,0,4,4,3,3
4106,2,3,1.56456359,2.55,0,2.55,0,0,0,4,4,3,3
4106,0,2,1.564050774,2.55,0,2.55,0,0,0,4,4,3,3
4106,43,46,1.557575408,2.55,0,2.55,0,0,0,5,5,2,2
4106,0,8,1.554019026,2.55,0,2.55,0,0,0,4,6,3,4
4106,0,1,1.55051835,2.55,0,2.55,0,0,0,4,4,3,3
4106,40,43,1.548315915,2.55,0,2.55,0,0,0,5,5,2,2
4106,5,40,1.542294253,2.55,0,2.55,0,0,0,5,5,3,2
4106,41,46,1.541295832,2.55,0,2.55,0,0,0,5,5,2,2
4106,5,41,1.540410724,2.55,0,2.55,0,0,0,5,5,3,2
4106,1,12,1.492594053,2.55,0,2.55,0,0,0,4,6,3,3
4106,8,10,1.463201231,2.55,0,3.44,1,0,0,6,6,4,2
4106,12,17,1.455750336,2.55,0,2.55,0,0,0,6,6,3,3
4106,11,14,1.450289115,2.55,0,2.55,0,0,0,6,6,3,3
4106,14,15,1.423009751,2.55,0,2.55,0,0,0,6,6,3,3
4106,55,57,1.416771459,2.55,0,2.55,0,0,0,6,6,3,3
4106,15,74,1.413449155,2.55,0,2.55,0,0,0,6,6,3,2
4106,14,71,1.409831883,2.55,0,2.55,0,0,0,6,6,3,2
4106,6,53,1.409310385,2.55,0,2.55,0,0,0,6,6,3,2
4106,16,17,1.404583512,3.04,2,2.55,0,0,0,6,6,3,3
4106,54,56,1.403877175,2.55,0,2.55,0,0,0,6,6,2,2
4106,72,73,1.403642761,2.55,0,2.55,0,0,0,6,6,2,2
4106,6,54,1.398940982,2.55,0,2.55,0,0,0,6,6,3,2
4106,56,57,1.398092485,2.55,0,2.55,0,0,0,6,6,2,3
4106,15,16,1.392895622,2.55,0,3.04,2,0,0,6,6,3,3
4106,53,55,1.391028683,2.55,0,2.55,0,0,0,6,6,2,3
4106,73,74,1.390209332,2.55,0,2.55,0,0,0,6,6,2,2
4106,71,72,1.387459806,2.55,0,2.55,0,0,0,6,6,2,2
4106,11,12,1.369653591,2.55,0,2.55,0,0,0,6,6,3,3
4106,10,11,1.346257883,3.44,1,2.55,0,0,0,6,6,2,3
4106,8,32,1.533674475,2.55,0,2.55,0,0,0,6,0,4,1
4106,2,5,1.529011869,2.55,0,2.55,0,0,0,4,5,3,3
4106,8,36,1.528606934,2.55,0,2.55,0,0,0,6,0,4,1
4106,19,20,1.52144162,2.55,0,2.55,0,0,0,0,0,2,2
4106,3,6,1.518743451,2.55,0,2.55,0,0,0,4,6,3,3
4106,26,27,1.506992629,2.55,0,2.55,0,0,0,0,0,3,1
4106,16,19,1.467286498,3.04,2,2.55,0,0,0,6,0,3,2
4106,20,23,1.431872939,2.55,0,3.44,1,0,0,0,0,2,2
4106,61,67,1.424200704,3.44,1,2.55,0,0,0,0,0,2,1
4106,62,63,1.409670071,3.44,1,2.55,0,0,0,0,0,2,1
4106,55,61,1.369794452,2.55,0,3.44,1,0,0,6,0,3,2
4106,57,62,1.361838946,2.55,0,3.44,1,0,0,6,0,3,2
4106,23,26,1.350545413,3.44,1,2.55,0,0,0,0,0,2,3
4106,17,18,1.232925055,2.55,0,3.44,1,0,0,6,0,3,1
4106,26,31,1.207631439,2.55,0,3.44,1,0,0,0,0,3,1
4106-2,1,3,1.586723217,2.55,0,2.55,0,0,0,4,4,3,3
4106-2,2,3,1.567115615,2.55,0,2.55,0,0,0,4,4,3,3
4106-2,0,2,1.561296304,2.55,0,2.55,0,0,0,4,4,3,3
4106-2,31,34,1.557161323,2.55,0,2.55,0,0,0,5,5,2,2
4106-2,0,8,1.549554493,2.55,0,2.55,0,0,0,4,6,3,4
4106-2,28,31,1.549306582,2.55,0,2.55,0,0,0,5,5,2,2
4106-2,0,1,1.548286292,2.55,0,2.55,0,0,0,4,4,3,3
4106-2,5,28,1.542524471,2.55,0,2.55,0,0,0,5,5,3,2
4106-2,29,34,1.540523596,2.55,0,2.55,0,0,0,5,5,2,2
4106-2,5,29,1.540204304,2.55,0,2.55,0,0,0,5,5,3,2
4106-2,1,12,1.494977042,2.55,0,2.55,0,0,0,4,6,3,3
4106-2,8,10,1.463422146,2.55,0,3.44,1,0,0,6,6,4,2
4106-2,12,17,1.45767618,2.55,0,2.55,0,0,0,6,6,3,3
4106-2,11,14,1.448621858,2.55,0,2.55,0,0,1,6,6,3,3
4106-2,14,15,1.422003428,2.55,0,2.55,0,1,1,6,6,3,3
4106-2,43,45,1.417845084,2.55,0,2.55,0,0,0,6,6,3,3
4106-2,6,41,1.40987759,2.55,0,2.55,0,0,0,6,6,3,2
4106-2,16,17,1.409836621,3.04,2,2.55,0,0,0,6,6,3,3
4106-2,15,62,1.407348184,2.55,0,2.55,0,1,1,6,6,3,2
4106-2,14,59,1.405623614,2.55,0,2.55,0,1,1,6,6,3,2
4106-2,60,61,1.40547035,2.55,0,2.55,0,1,1,6,6,2,3
4106-2,42,44,1.402743219,2.55,0,2.55,0,0,0,6,6,2,2
4106-2,6,42,1.39928391,2.55,0,2.55,0,0,0,6,6,3,2
4106-2,44,45,1.397897792,2.55,0,2.55,0,0,0,6,6,2,3
4106-2,61,62,1.39515835,2.55,0,2.55,0,1,1,6,6,3,2
4106-2,41,43,1.39279401,2.55,0,2.55,0,0,0,6,6,2,3
4106-2,59,60,1.390088598,2.55,0,2.55,0,1,1,6,6,2,2
4106-2,15,16,1.386821687,2.55,0,3.04,2,1,0,6,6,3,3
4106-2,11,12,1.371526855,2.55,0,2.55,0,0,0,6,6,3,3
4106-2,10,11,1.345720527,3.44,1,2.55,0,0,0,6,6,2,3
4106-2,8,20,1.53351598,2.55,0,2.55,0,0,0,6,0,4,1
4106-2,2,5,1.529228522,2.55,0,2.55,0,0,0,4,5,3,3
4106-2,8,24,1.527928664,2.55,0,2.55,0,0,0,6,0,4,1
4106-2,3,6,1.519198676,2.55,0,2.55,0,0,0,4,6,3,3
4106-2,70,71,1.508898296,2.55,0,2.55,0,0,0,0,0,3,1
4106-2,16,19,1.457932186,3.04,2,2.55,0,0,0,6,0,3,1
4106-2,49,55,1.418291406,3.44,1,2.55,0,0,0,0,0,2,1
4106-2,50,51,1.408254535,3.44,1,2.55,0,0,0,0,0,2,1
4106-2,61,69,1.385900255,2.55,0,3.44,1,1,0,6,0,3,2
4106-2,43,49,1.368614229,2.55,0,3.44,1,0,0,6,0,3,2
4106-2,69,70,1.36346478,3.44,1,2.55,0,0,0,0,0,2,3
4106-2,45,50,1.36145878,2.55,0,3.44,1,0,0,6,0,3,2
4106-2,17,18,1.230482613,2.55,0,3.44,1,0,0,6,0,3,1
4106-2,70,75,1.201703171,2.55,0,3.44,1,0,0,0,0,3,1
4107,16,21,1.668190851,2.55,0,2.55,0,0,0,4,4,4,4
4107,1,5,1.668006454,2.55,0,2.55,0,0,0,4,4,4,4
4107,18,21,1.574303919,2.55,0,2.55,0,0,0,4,4,2,4
4107,0,1,1.573196461,2.55,0,2.55,0,0,0,4,4,2,4
4107,2,5,1.562298787,2.55,0,2.55,0,0,0,4,4,2,4
4107,16,17,1.559644211,2.55,0,2.55,0,0,0,4,4,4,2
4107,0,2,1.537775037,2.55,0,2.55,0,0,0,4,4,2,2
4107,17,18,1.536785175,2.55,0,2.55,0,0,0,4,4,2,2
4107,1,11,1.600652915,2.55,0,2.55,0,0,0,4,7,4,4
4107,21,24,1.597054701,2.55,0,2.55,0,0,0,4,7,4,4
4107,15,16,1.596457476,2.55,0,2.55,0,0,0,7,4,4,4
4107,5,8,1.5943806,2.55,0,2.55,0,0,0,4,7,4,4
4107,12,15,1.582335613,2.55,0,2.55,0,0,0,7,7,2,4
4107,8,12,1.57770531,2.55,0,2.55,0,0,0,7,7,4,2
4107,11,45,1.553633816,2.55,0,2.55,0,0,0,7,7,4,1
4107,24,35,1.55274484,2.55,0,2.55,0,0,0,7,7,4,1
4107,8,13,1.544984358,2.55,0,2.55,0,0,0,7,7,4,1
4107,11,57,1.544030902,2.55,0,2.55,0,0,0,7,7,4,1
4107,15,64,1.54326147,2.55,0,2.55,0,0,0,7,7,4,1
4107,11,46,1.542519856,2.55,0,2.55,0,0,0,7,7,4,1
4107,24,31,1.54234406,2.55,0,2.55,0,0,0,7,7,4,1
4107,24,27,1.542238715,2.55,0,2.55,0,0,0,7,7,4,1
4107,15,47,1.538916753,2.55,0,2.55,0,0,0,7,7,4,1
4107,8,14,1.535058619,2.55,0,2.55,0,0,0,7,7,4,1
4107,16,26,1.47997235,2.55,0,2.55,0,0,0,4,7,4,2
4107,5,9,1.479883991,2.55,0,2.55,0,0,0,4,7,4,2
4107,21,25,1.469873088,2.55,0,2.55,0,0,0,4,7,4,2
4107,1,10,1.46922749,2.55,0,2.55,0,0,0,4,7,4,2
4107,25,51,1.159712742,2.55,0,3.04,2,0,0,7,7,2,1
4107,10,48,1.159616,2.55,0,3.04,2,0,0,7,7,2,1
4107,9,49,1.159435272,2.55,0,3.04,2,0,0,7,7,2,1
4107,26,50,1.159413955,2.55,0,3.04,2,0,0,7,7,2,1
4108,5,20,1.593592372,2.55,0,2.55,0,0,0,4,4,3,3
4108,8,10,1.585865883,2.55,0,2.55,0,0,0,4,4,3,3
4108,3,5,1.571940044,2.55,0,2.55,0,0,0,4,4,3,3
4108,0,8,1.568320356,2.55,0,2.55,0,0,0,4,4,3,3
4108,4,20,1.561322306,2.55,0,2.55,0,0,0,4,4,3,3
4108,0,1,1.558391453,2.55,0,2.55,0,0,0,4,4,3,3
4108,3,4,1.556020172,2.55,0,2.55,0,0,0,4,4,3,3
4108,1,10,1.553456309,2.55,0,2.55,0,0,0,4,4,3,3
4108,0,2,1.529784114,2.55,0,2.55,0,0,0,4,6,3,3
4108,2,3,1.526470068,2.55,0,2.55,0,0,0,6,4,3,3
4108,1,7,1.522877598,2.55,0,2.55,0,0,0,4,6,3,3
4108,4,7,1.51997079,2.55,0,2.55,0,0,0,4,6,3,3
4108,32,36,1.40760697,2.55,0,2.55,0,1,1,6,6,3,2
4108,32,37,1.407081598,2.55,0,2.55,0,1,1,6,6,3,2
4108,34,46,1.406588494,2.55,0,2.55,0,1,1,6,6,3,2
4108,34,50,1.406324867,2.55,0,2.55,0,1,1,6,6,3,2
4108,47,48,1.398974888,2.55,0,2.55,0,1,1,6,6,2,2
4108,38,39,1.39815521,2.55,0,2.55,0,1,1,6,6,2,2
4108,49,50,1.397972959,2.55,0,2.55,0,1,1,6,6,2,2
4108,37,38,1.397816861,2.55,0,2.55,0,1,1,6,6,2,2
4108,39,40,1.397036671,2.55,0,2.55,0,1,1,6,6,2,2
4108,36,40,1.397006143,2.55,0,2.55,0,1,1,6,6,2,2
4108,46,47,1.396769873,2.55,0,2.55,0,1,1,6,6,2,2
4108,48,49,1.396243918,2.55,0,2.55,0,1,1,6,6,2,2
4108,20,24,1.518076114,2.55,0,2.55,0,0,0,4,7,3,3
4108,5,34,1.514161094,2.55,0,2.55,0,0,1,4,6,3,3
4108,8,32,1.513408519,2.55,0,2.55,0,0,1,4,6,3,3
4108,10,13,1.50864742,2.55,0,2.55,0,0,0,4,7,3,3
4108,14,15,1.430146205,3.44,1,2.55,0,0,0,7,7,2,1
4108,26,27,1.424445218,3.44,1,2.55,0,0,0,7,7,2,1
4108,13,14,1.336539063,2.55,0,3.44,1,0,0,7,7,3,2
4108,24,26,1.33594097,2.55,0,3.44,1,0,0,7,7,3,2
4108,13,19,1.211445666,2.55,0,3.44,1,0,0,7,7,3,1
4108,7,23,1.208959519,2.55,0,3.44,1,0,0,6,7,3,1
4108,24,31,1.207908895,2.55,0,3.44,1,0,0,7,7,3,1
4108,2,22,1.207493954,2.55,0,3.44,1,0,0,6,7,3,1
4109,8,10,1.582347999,2.55,0,2.55,0,0,0,5,5,3,4
4109,10,17,1.573464389,2.55,0,2.55,0,0,0,5,5,4,3
4109,5,8,1.572881559,2.55,0,2.55,0,0,0,5,5,4,3
4109,0,5,1.555471044,2.55,0,2.55,0,0,0,5,5,3,4
4109,5,18,1.551277087,2.55,0,2.55,0,0,0,5,6,4,2
4109,2,8,1.543300018,2.55,0,2.55,0,0,0,5,5,2,3
4109,0,1,1.542078072,2.55,0,2.55,0,0,0,5,5,3,2
4109,1,2,1.535043056,2.55,0,2.55,0,0,0,5,5,2,2
4109,17,19,1.530626711,2.55,0,2.55,0,0,0,5,6,3,3
4109,5,16,1.528859041,2.55,0,2.55,0,0,0,5,5,4,3
4109,16,17,1.524617591,2.55,0,2.55,0,0,0,5,5,3,3
4109,18,21,1.509497261,2.55,0,2.55,0,0,0,6,6,2,2
4109,19,21,1.345503214,2.55,0,2.55,0,0,0,6,6,3,2
4109,10,30,1.540024741,2.55,0,2.55,0,0,0,5,7,4,1
4109,10,34,1.534332158,2.55,0,2.55,0,0,0,5,7,4,1
4109,0,6,1.527913248,2.55,0,2.55,0,0,0,5,7,3,1
4109,19,25,1.504583815,2.55,0,2.55,0,0,0,6,7,3,1
4109,16,29,1.20680584,2.55,0,3.44,1,0,0,5,7,3,1
4110,1,3,1.592330842,2.55,0,2.55,0,0,0,5,5,4,3
4110,4,6,1.583644413,2.55,0,2.55,0,0,0,5,5,4,3
4110,3,4,1.581934902,2.55,0,2.55,0,0,0,5,5,3,4
4110,1,5,1.55821539,2.55,0,2.55,0,0,0,5,5,4,3
4110,3,19,1.552861799,2.55,0,2.55,0,0,0,5,6,3,3
4110,4,21,1.545273667,2.55,0,2.55,0,0,0,5,6,4,3
4110,19,23,1.533357294,2.55,0,2.55,0,0,0,6,6,3,3
4110,1,7,1.531652335,2.55,0,2.55,0,0,0,5,6,4,3
4110,6,8,1.518216833,2.55,0,2.55,0,0,0,5,6,3,3
4110,5,6,1.512765656,2.55,0,2.55,0,0,0,5,5,3,3
4110,21,24,1.489381282,2.55,0,2.55,0,0,0,6,6,3,3
4110,7,10,1.481498854,2.55,0,2.55,0,0,0,6,6,3,3
4110,8,10,1.358731096,2.55,0,2.55,0,0,0,6,6,3,3
4110,23,24,1.355792765,2.55,0,2.55,0,0,0,6,6,3,3
4110,0,1,1.558272341,2.55,0,2.55,0,0,0,7,5,3,4
4110,0,2,1.552771784,2.55,0,2.55,0,0,0,7,7,3,2
4110,65,66,1.551072387,2.55,0,2.55,0,0,0,7,7,3,2
4110,66,69,1.543460771,2.55,0,2.55,0,0,0,7,7,2,2
4110,65,68,1.543384162,2.55,0,2.55,0,0,0,7,7,3,1
4110,2,33,1.541039871,2.55,0,2.55,0,0,0,7,7,2,2
4110,4,22,1.535682134,2.55,0,2.55,0,0,0,5,7,4,1
4110,0,29,1.532625605,2.55,0,2.55,0,0,0,7,7,3,1
4110,54,55,1.520638839,2.55,0,2.55,0,0,0,7,7,2,2
4110,23,65,1.520251257,2.55,0,2.55,0,0,0,6,7,3,3
4110,39,40,1.510281714,2.55,0,2.55,0,0,0,7,7,3,1
4110,75,80,1.509404109,2.55,0,2.55,0,0,0,7,7,3,1
4110,75,76,1.509400206,2.55,0,2.55,0,0,0,7,7,3,1
4110,39,44,1.509187261,2.55,0,2.55,0,0,0,7,7,3,1
4110,69,72,1.507034327,2.55,0,2.55,0,0,0,7,7,2,2
4110,33,36,1.504969783,2.55,0,2.55,0,0,0,7,7,2,2
4110,8,12,1.497829698,2.55,0,2.55,0,0,0,6,7,3,1
4110,52,54,1.411819525,3.44,1,2.55,0,0,0,7,7,2,2
4110,19,52,1.409774546,2.55,0,3.44,1,0,0,6,7,3,2
4110,55,58,1.403559376,2.55,0,3.44,1,0,0,7,7,2,2
4110,58,61,1.403114051,3.44,1,2.55,0,0,0,7,7,2,1
4110,24,50,1.354036819,2.55,0,3.44,1,0,0,6,7,3,1
4110,10,11,1.350587437,2.55,0,3.44,1,0,0,6,7,3,1
4110,72,75,1.346556845,2.55,0,2.55,0,0,0,7,7,2,3
4110,36,39,1.346356469,2.55,0,2.55,0,0,0,7,7,2,3
4110,7,17,1.226396704,2.55,0,3.44,1,0,0,6,7,3,1
4110,21,49,1.214784457,2.55,0,3.44,1,0,0,6,7,3,1
4110,5,16,1.201703656,2.55,0,3.44,1,0,0,5,7,3,1
4111,2,4,1.632194242,2.55,0,2.55,0,0,0,5,5,4,4
4111,4,6,1.587180912,2.55,0,2.55,0,0,0,5,5,4,3
4111,1,2,1.577832596,2.55,0,2.55,0,0,0,5,5,3,4
4111,6,8,1.569824382,2.55,0,2.55,0,0,0,5,5,3,3
4111,0,5,1.557034979,2.55,0,2.55,0,0,0,5,6,4,3
4111,0,1,1.554634074,2.55,0,2.55,0,0,0,5,5,4,3
4111,6,10,1.54618125,2.55,0,2.55,0,0,0,5,5,3,2
4111,8,9,1.541848036,2.55,0,2.55,0,0,0,5,5,3,2
4111,13,17,1.537979094,2.55,0,2.55,0,0,0,6,6,3,3
4111,3,4,1.525557576,2.55,0,2.55,0,0,0,5,5,3,4
4111,0,3,1.522183314,2.55,0,2.55,0,0,0,5,5,4,3
4111,2,15,1.520996504,2.55,0,2.55,0,0,0,5,6,4,3
4111,1,13,1.516725946,2.55,0,2.55,0,0,0,5,6,3,3
4111,5,8,1.512925037,2.55,0,2.55,0,0,0,6,5,3,3
4111,17,18,1.48522235,2.55,0,2.55,0,0,0,6,6,3,3
4111,9,27,1.420371261,2.55,0,3.44,1,0,0,5,5,2,2
4111,10,27,1.411903106,2.55,0,3.44,1,0,0,5,5,2,2
4111,15,18,1.367154437,2.55,0,2.55,0,0,0,6,6,3,3
4111,2,16,1.54844954,2.55,0,2.55,0,0,0,5,7,4,2
4111,4,7,1.535258065,2.55,0,2.55,0,0,0,5,7,4,1
4111,15,19,1.508880958,2.55,0,2.55,0,0,0,6,7,3,1
4111,45,46,1.506229688,2.55,0,2.55,0,0,0,7,7,3,1
4111,20,34,1.43023397,3.44,1,2.55,0,0,0,7,7,2,1
4111,16,42,1.427803149,2.55,0,3.44,1,0,0,7,7,2,2
4111,0,25,1.386005468,2.55,0,3.44,1,0,0,5,7,4,1
4111,42,45,1.359442739,3.44,1,2.55,0,0,0,7,7,2,3
4111,18,20,1.35735773,2.55,0,3.44,1,0,0,6,7,3,2
4111,17,41,1.2123953,2.55,0,3.44,1,0,0,6,7,3,1
4111,3,11,1.207755702,2.55,0,3.44,1,0,0,5,7,3,1
4111,5,12,1.20519397,2.55,0,3.44,1,0,0,6,7,3,1
4111,13,21,1.204622753,2.55,0,3.44,1,0,0,6,7,3,1
4111,45,47,1.204077159,2.55,0,3.44,1,0,0,7,7,3,1
4112,64,65,1.802856681,2.58,3,2.55,0,0,0,7,7,4,1
4112,1,64,1.725218727,3.04,2,2.58,3,0,0,7,7,3,4
4112,64,70,1.465494185,2.58,3,3.44,1,0,0,7,7,4,1
4112,64,69,1.46061194,2.58,3,3.44,1,0,0,7,7,4,1
4113,7,8,1.802746895,2.58,3,2.55,0,0,0,7,7,4,1
4113,1,7,1.724668235,3.04,2,2.58,3,0,0,7,7,3,4
4113,7,12,1.463559853,2.58,3,3.44,1,0,0,7,7,4,1
4113,7,13,1.461938686,2.58,3,3.44,1,0,0,7,7,4,1
4114,11,18,1.405110554,2.55,0,2.55,0,1,1,6,6,3,2
4114,11,14,1.401688319,2.55,0,2.55,0,1,1,6,6,3,2
4114,16,17,1.400177403,2.55,0,2.55,0,1,1,6,6,2,2
4114,14,15,1.399507859,2.55,0,2.55,0,1,1,6,6,2,2
4114,15,16,1.396496302,2.55,0,2.55,0,1,1,6,6,2,2
4114,17,18,1.395969207,2.55,0,2.55,0,1,1,6,6,2,2
4114,4,9,1.583100335,2.55,0,2.55,0,0,0,7,7,3,3
4114,4,5,1.56917112,2.55,0,2.55,0,0,0,7,7,3,3
4114,9,37,1.537685806,2.55,0,2.55,0,0,0,7,7,3,3
4114,5,26,1.529030161,2.55,0,2.55,0,0,0,7,7,3,3
4114,9,41,1.52698433,2.55,0,2.55,0,0,0,7,7,3,3
4114,10,11,1.518417717,2.55,0,2.55,0,0,1,7,6,2,3
4114,44,45,1.514474079,2.55,0,2.55,0,0,0,7,7,2,1
4114,29,30,1.514073346,2.55,0,2.55,0,0,0,7,7,2,1
4114,3,4,1.511103377,2.55,0,2.55,0,0,0,7,7,3,3
4114,5,6,1.503968366,2.55,0,2.55,0,0,0,7,7,3,2
4114,3,52,1.489980066,2.55,0,2.55,0,0,0,7,7,3,3
4114,1,10,1.475261082,3.04,2,2.55,0,0,0,7,7,3,2
4114,28,29,1.445231676,3.44,1,2.55,0,0,0,7,7,2,2
4114,43,44,1.438564687,3.44,1,2.55,0,0,0,7,7,2,2
4114,53,54,1.424912637,3.44,1,2.55,0,0,0,7,7,2,1
4114,1,2,1.393921775,3.04,2,2.55,0,0,0,7,7,3,2
4114,0,1,1.377120681,2.55,0,3.04,2,0,0,7,7,2,3
4114,0,3,1.363020849,2.55,0,2.55,0,0,0,7,7,2,3
4114,52,53,1.354124111,2.55,0,3.44,1,0,0,7,7,3,2
4114,37,38,1.351641715,2.55,0,3.44,1,0,0,7,7,3,1
4114,2,6,1.35080395,2.55,0,2.55,0,0,0,7,7,2,2
4114,26,28,1.344036234,2.55,0,3.44,1,0,0,7,7,3,2
4114,41,43,1.327679744,2.55,0,3.44,1,0,0,7,7,3,2
4114,52,58,1.211966291,2.55,0,3.44,1,0,0,7,7,3,1
4114,41,51,1.210950511,2.55,0,3.44,1,0,0,7,7,3,1
4114,26,36,1.206263287,2.55,0,3.44,1,0,0,7,7,3,1
4114,37,39,1.198991397,2.55,0,3.44,1,0,0,7,7,3,1
4115,37,38,1.535774612,2.55,0,2.55,0,0,0,5,5,2,2
4115,30,38,1.530411751,2.55,0,2.55,0,0,0,5,5,2,2
4115,2,37,1.51533702,2.55,0,2.55,0,0,0,5,5,3,2
4115,1,30,1.47507548,3.04,2,2.55,0,0,0,5,5,3,2
4115,1,2,1.410488663,3.04,2,2.55,0,0,0,5,5,3,3
4115,4,5,1.550265653,2.55,0,2.55,0,0,0,7,7,3,3
4115,5,10,1.531934979,2.55,0,2.55,0,0,0,7,7,3,3
4115,21,22,1.525021992,2.55,0,2.55,0,0,0,7,7,2,1
4115,13,14,1.514884302,2.55,0,2.55,0,0,0,7,7,2,1
4115,3,4,1.510805766,2.55,0,2.55,0,0,0,7,7,3,3
4115,5,6,1.5091441,2.55,0,2.55,0,0,0,7,7,3,2
4115,3,23,1.474806189,2.55,0,2.55,0,0,0,7,7,3,3
4115,12,13,1.438850729,3.44,1,2.55,0,0,0,7,7,2,2
4115,4,8,1.428196454,2.55,0,3.44,1,0,0,7,7,3,2
4115,24,25,1.422879466,3.44,1,2.55,0,0,0,7,7,2,1
4115,8,21,1.420664142,3.44,1,2.55,0,0,0,7,7,2,2
4115,0,3,1.366710115,2.55,0,2.55,0,0,0,7,7,2,3
4115,0,1,1.362803665,2.55,0,3.04,2,0,0,7,5,2,3
4115,23,24,1.360759669,2.55,0,3.44,1,0,0,7,7,3,2
4115,10,12,1.34537496,2.55,0,3.44,1,0,0,7,7,3,2
4115,2,6,1.34426468,2.55,0,2.55,0,0,0,5,7,3,2
4115,23,29,1.216663425,2.55,0,3.44,1,0,0,7,7,3,1
4115,10,20,1.20777244,2.55,0,3.44,1,0,0,7,7,3,1
4116,0,3,1.538681038,2.55,0,2.55,0,0,0,6,6,2,2
4116,2,9,1.5126815,2.55,0,2.55,0,0,0,6,6,3,3
4116,0,1,1.504800279,2.55,0,2.55,0,0,0,6,6,2,3
4116,6,9,1.485327823,3.04,2,2.55,0,0,0,6,6,3,3
4116,3,6,1.477175977,2.55,0,3.04,2,0,0,6,6,2,3
4116,11,12,1.419674571,2.55,0,2.55,0,0,0,6,6,3,3
4116,11,16,1.416353583,2.55,0,2.55,0,0,0,6,6,3,3
4116,25,26,1.411596186,2.55,0,2.55,0,0,0,6,6,3,3
4116,55,58,1.409075632,2.55,0,2.55,0,1,1,6,6,3,2
4116,55,56,1.408468424,2.55,0,2.55,0,1,1,6,6,3,2
4116,12,19,1.40699972,2.55,0,2.55,0,0,0,6,6,3,2
4116,1,2,1.403784909,2.55,0,2.55,0,0,0,6,6,3,3
4116,16,17,1.403131975,2.55,0,2.55,0,0,0,6,6,3,2
4116,24,25,1.399252458,2.55,0,2.55,0,0,0,6,6,2,3
4116,26,27,1.398698887,2.55,0,2.55,0,0,0,6,6,3,2
4116,1,24,1.398660685,2.55,0,2.55,0,0,0,6,6,3,2
4116,57,60,1.398597354,2.55,0,2.55,0,1,1,6,6,2,2
4116,59,60,1.3985959,2.55,0,2.55,0,1,1,6,6,2,2
4116,2,27,1.398219614,2.55,0,2.55,0,0,0,6,6,3,2
4116,56,57,1.396792891,2.55,0,2.55,0,1,1,6,6,2,2
4116,58,59,1.396689459,2.55,0,2.55,0,1,1,6,6,2,2
4116,17,18,1.392679043,2.55,0,2.55,0,0,0,6,6,2,2
4116,18,19,1.391753223,2.55,0,2.55,0,0,0,6,6,2,2
4116,10,11,1.543244708,2.55,0,2.55,0,0,0,7,6,3,3
4116,10,40,1.536917737,2.55,0,2.55,0,0,0,7,7,3,3
4116,9,13,1.523412032,2.55,0,2.55,0,0,0,6,7,3,2
4116,16,48,1.499366263,2.55,0,2.55,0,0,0,6,7,3,3
4116,12,15,1.490949525,2.55,0,2.55,0,0,0,6,7,3,3
4116,15,55,1.490215763,2.55,0,2.55,0,0,1,7,6,3,3
4116,6,10,1.461233543,3.04,2,2.55,0,0,0,6,7,3,3
4116,43,44,1.428742385,3.44,1,2.55,0,0,0,7,7,2,1
4116,49,50,1.425286827,3.44,1,2.55,0,0,0,7,7,2,1
4116,30,31,1.423120336,3.44,1,2.55,0,0,0,7,7,2,1
4116,35,36,1.422576584,3.44,1,2.55,0,0,0,7,7,2,1
4116,26,35,1.371670849,2.55,0,3.44,1,0,0,6,7,3,2
4116,25,30,1.371425506,2.55,0,3.44,1,0,0,6,7,3,2
4116,13,15,1.356712792,2.55,0,2.55,0,0,0,7,7,2,3
4116,48,49,1.346380055,2.55,0,3.44,1,0,0,7,7,3,2
4116,40,43,1.342301523,2.55,0,3.44,1,0,0,7,7,3,2
4116,48,54,1.208192719,2.55,0,3.44,1,0,0,7,7,3,1
4116,40,42,1.207659731,2.55,0,3.44,1,0,0,7,7,3,1
4117,0,1,1.580609773,2.55,0,2.55,0,0,0,5,5,4,3
4117,43,55,1.576129375,2.55,0,2.55,0,0,0,5,5,4,3
4117,43,46,1.571974192,2.55,0,2.55,0,0,0,5,5,4,3
4117,2,4,1.56769678,2.55,0,2.55,0,0,0,5,5,3,4
4117,55,56,1.566001449,2.55,0,2.55,0,0,0,5,5,3,2
4117,29,32,1.561161143,2.55,0,2.55,0,0,0,6,6,3,4
4117,1,2,1.558027601,2.55,0,2.55,0,0,0,5,5,3,3
4117,53,56,1.551429055,2.55,0,2.55,0,0,0,5,5,2,2
4117,0,5,1.550753332,2.55,0,2.55,0,0,0,5,6,4,3
4117,32,46,1.549483516,2.55,0,2.55,0,0,0,6,5,4,3
4117,40,43,1.547473026,2.55,0,2.55,0,0,0,6,5,2,4
4117,38,40,1.543877362,2.55,0,2.55,0,0,0,6,6,2,2
4117,29,38,1.541122251,2.55,0,2.55,0,0,0,6,6,3,2
4117,46,53,1.532386177,2.55,0,2.55,0,0,0,5,5,3,2
4117,4,6,1.531207612,2.55,0,2.55,0,0,0,5,6,4,3
4117,5,8,1.47534861,2.55,0,2.55,0,0,0,6,6,3,2
4117,3,4,1.429648995,3.44,1,2.55,0,0,0,5,5,2,4
4117,0,3,1.410212446,2.55,0,3.44,1,0,0,5,5,4,2
4117,6,8,1.355211611,2.55,0,2.55,0,0,0,6,6,3,2
4117,32,33,1.554252123,2.55,0,2.55,0,0,0,6,7,4,2
4117,55,61,1.553421317,2.55,0,2.55,0,0,0,5,7,3,3
4117,61,63,1.549098851,2.55,0,2.55,0,0,0,7,7,3,3
4117,43,47,1.546967808,2.55,0,2.55,0,0,0,5,7,4,1
4117,30,33,1.543990544,2.55,0,2.55,0,0,0,7,7,2,2
4117,2,30,1.54135182,2.55,0,2.55,0,0,0,5,7,3,2
4117,61,65,1.535313286,2.55,0,2.55,0,0,0,7,7,3,1
4117,0,13,1.52657391,2.55,0,2.55,0,0,0,5,7,4,3
4117,4,7,1.52329988,2.55,0,2.55,0,0,0,5,7,4,1
4117,6,29,1.519754985,2.55,0,2.55,0,0,0,6,6,3,3
4117,1,21,1.518704792,2.55,0,2.55,0,0,0,5,7,3,3
4117,32,48,1.430109672,2.55,0,3.44,1,0,0,6,7,4,1
4117,23,24,1.428247696,3.44,1,2.55,0,0,0,7,7,2,1
4117,15,16,1.427755202,3.44,1,2.55,0,0,0,7,7,2,1
4117,63,66,1.413850815,2.55,0,3.44,1,0,0,7,7,3,2
4117,67,73,1.409121194,3.44,1,2.55,0,0,0,7,7,2,1
4117,66,69,1.408779857,3.44,1,2.55,0,0,0,7,7,2,1
4117,63,67,1.395313726,2.55,0,3.44,1,0,0,7,7,3,2
4117,21,23,1.34529976,2.55,0,3.44,1,0,0,7,7,3,2
4117,13,15,1.343393635,2.55,0,3.44,1,0,0,7,7,3,2
4117,5,9,1.212267318,2.55,0,3.44,1,0,0,6,7,3,1
4117,21,28,1.207079173,2.55,0,3.44,1,0,0,7,7,3,1
4117,13,20,1.199490034,2.55,0,3.44,1,0,0,7,7,3,1
4118,0,1,1.574199433,2.55,0,2.55,0,0,0,5,5,4,3
4118,2,4,1.570123819,2.55,0,2.55,0,0,0,5,5,3,4
4118,1,2,1.567260052,2.55,0,2.55,0,0,0,5,5,3,3
4118,7,28,1.558780133,2.55,0,2.55,0,0,0,5,5,3,3
4118,7,23,1.557866734,2.55,0,2.55,0,0,0,5,6,3,2
4118,0,5,1.554118903,2.55,0,2.55,0,0,0,5,6,4,3
4118,13,28,1.550844462,2.55,0,2.55,0,0,0,5,5,2,3
4118,2,13,1.549017918,2.55,0,2.55,0,0,0,5,5,3,2
4118,4,7,1.547882257,2.55,0,2.55,0,0,0,5,5,4,3
4118,3,4,1.539313304,2.55,0,2.55,0,0,0,5,5,3,4
4118,19,20,1.538101707,2.55,0,2.55,0,0,0,6,6,3,2
4118,0,3,1.535294836,2.55,0,2.55,0,0,0,5,5,4,3
4118,20,23,1.533271775,2.55,0,2.55,0,0,0,6,6,2,2
4118,4,6,1.522935404,2.55,0,2.55,0,0,0,5,6,4,3
4118,6,19,1.515396473,2.55,0,2.55,0,0,0,6,6,3,3
4118,5,8,1.492759112,2.55,0,2.55,0,0,0,6,6,3,3
4118,6,8,1.361620468,2.55,0,2.55,0,0,0,6,6,3,3
4118,19,21,1.543686064,2.55,0,2.55,0,0,0,6,7,3,1
4118,28,33,1.536119789,2.55,0,2.55,0,0,0,5,7,3,1
4118,0,10,1.524672053,2.55,0,2.55,0,0,0,5,7,4,1
4118,1,12,1.520557567,2.55,0,2.55,0,0,0,5,7,3,3
4118,12,42,1.512732423,2.55,0,2.55,0,0,0,7,7,3,1
4118,8,11,1.35477708,2.55,0,3.44,1,0,0,6,7,3,1
4118,12,46,1.341222614,2.55,0,2.55,0,0,0,7,7,3,1
4118,5,9,1.213072091,2.55,0,3.44,1,0,0,6,7,3,1
4118,3,17,1.202987314,2.55,0,3.44,1,0,0,5,7,3,1
4119,4,6,1.668470582,2.55,0,2.55,0,0,0,5,5,4,4
4119,5,6,1.666162955,2.55,0,2.55,0,0,0,5,5,4,4
4119,3,7,1.614216271,2.55,0,2.55,0,0,0,5,5,4,3
4119,2,4,1.598749925,2.55,0,2.55,0,0,0,5,5,3,4
4119,0,1,1.584267526,2.55,0,2.55,0,0,0,6,6,3,3
4119,6,25,1.577626843,2.55,0,2.55,0,0,0,5,5,4,3
4119,3,5,1.575013368,2.55,0,2.55,0,0,0,5,5,4,4
4119,26,27,1.559808249,2.55,0,2.55,0,0,0,5,5,3,2
4119,5,24,1.557300726,2.55,0,2.55,0,0,0,5,5,4,3
4119,0,3,1.552923749,2.55,0,2.55,0,0,0,6,5,3,4
4119,25,27,1.549301241,2.55,0,2.55,0,0,0,5,5,3,2
4119,24,26,1.547908856,2.55,0,2.55,0,0,0,5,5,3,3
4119,33,35,1.536515931,2.55,0,2.55,0,0,0,6,6,3,3
4119,4,15,1.533330181,2.55,0,2.55,0,0,0,5,5,4,2
4119,5,33,1.527865178,2.55,0,2.55,0,0,0,5,6,4,3
4119,2,14,1.521884892,2.55,0,2.55,0,0,0,5,5,3,3
4119,6,34,1.501996898,2.55,0,2.55,0,0,0,5,6,4,3
4119,35,36,1.473527586,2.55,0,2.55,0,0,0,6,6,3,3
4119,4,7,1.465809154,2.55,0,2.55,0,0,0,5,5,4,3
4119,24,30,1.431781341,2.55,0,3.44,1,0,0,5,5,3,2
4119,15,16,1.428218301,2.55,0,3.44,1,0,0,5,5,2,2
4119,25,30,1.420250629,2.55,0,3.44,1,0,0,5,5,3,2
4119,14,16,1.410257116,2.55,0,3.44,1,0,0,5,5,3,2
4119,1,2,1.36974133,2.55,0,2.55,0,0,0,6,5,3,3
4119,34,36,1.359735558,2.55,0,2.55,0,0,0,6,6,3,3
4119,26,37,1.526206965,2.55,0,2.55,0,0,0,5,7,3,3
4119,40,41,1.513956913,2.55,0,2.55,0,0,0,7,7,2,1
4119,34,52,1.503586455,2.55,0,2.55,0,0,0,6,7,3,1
4119,3,8,1.501095889,2.55,0,3.44,1,0,0,5,7,4,1
4119,1,10,1.49933702,2.55,0,2.55,0,0,0,6,7,3,1
4119,39,40,1.441962222,3.44,1,2.55,0,0,0,7,7,2,2
4119,14,19,1.401493217,2.55,0,3.44,1,0,0,5,7,3,1
4119,36,50,1.351093595,2.55,0,3.44,1,0,0,6,7,3,1
4119,37,39,1.34241576,2.55,0,3.44,1,0,0,7,7,3,2
4119,35,49,1.221196319,2.55,0,3.44,1,0,0,6,7,3,1
4119,33,48,1.205993544,2.55,0,3.44,1,0,0,6,7,3,1
4119,37,47,1.205482062,2.55,0,3.44,1,0,0,7,7,3,1
4119,7,9,1.193645631,2.55,0,3.44,1,0,0,5,7,3,1
4119,0,22,1.192993327,2.55,0,3.44,1,0,0,6,7,3,1
4120,2,5,1.452038931,2.55,0,2.55,0,0,0,6,6,2,3
4120,0,1,1.43604908,2.55,0,2.55,0,0,0,6,6,2,2
4120,4,5,1.417642832,3.04,2,2.55,0,0,0,6,6,3,3
4120,24,25,1.411040284,2.55,0,2.55,0,1,1,6,6,3,2
4120,14,26,1.408613422,2.55,0,2.55,0,1,1,6,6,3,2
4120,31,36,1.408324355,2.55,0,2.55,0,1,1,6,6,3,2
4120,23,24,1.407742844,2.55,0,2.55,0,1,1,6,6,2,3
4120,31,32,1.407325705,2.55,0,2.55,0,1,1,6,6,3,2
4120,14,22,1.406385702,2.55,0,2.55,0,1,1,6,6,3,2
4120,45,48,1.405332257,2.55,0,2.55,0,1,1,6,6,3,2
4120,49,50,1.405073446,2.55,0,2.55,0,1,1,6,6,2,3
4120,34,35,1.404799434,2.55,0,2.55,0,1,1,6,6,3,2
4120,33,34,1.403607452,2.55,0,2.55,0,1,1,6,6,2,3
4120,50,51,1.402490797,2.55,0,2.55,0,1,1,6,6,3,2
4120,45,47,1.402043706,2.55,0,2.55,0,1,1,6,6,3,2
4120,47,51,1.398436283,2.55,0,2.55,0,1,1,6,6,2,2
4120,48,49,1.395853774,2.55,0,2.55,0,1,1,6,6,2,2
4120,32,33,1.395568562,2.55,0,2.55,0,1,1,6,6,2,2
4120,22,23,1.394821726,2.55,0,2.55,0,1,1,6,6,2,2
4120,35,36,1.394609658,2.55,0,2.55,0,1,1,6,6,2,2
4120,25,26,1.389822438,2.55,0,2.55,0,1,1,6,6,2,2
4120,3,4,1.386235425,2.55,0,3.04,2,0,0,6,6,2,3
4120,1,2,1.359853152,2.55,0,2.55,0,0,0,6,6,2,2
4120,0,3,1.358100006,2.55,0,2.55,0,0,0,6,6,2,2
4120,6,7,1.569989113,2.55,0,2.55,0,0,0,7,7,3,3
4120,6,11,1.54154557,2.55,0,2.55,0,0,0,7,7,3,3
4120,7,45,1.526639251,2.55,0,2.55,0,0,1,7,6,3,3
4120,50,56,1.509918408,2.55,0,2.55,0,1,0,6,7,3,1
4120,34,41,1.509107614,2.55,0,2.55,0,1,0,6,7,3,1
4120,11,14,1.50254882,2.55,0,2.55,0,0,1,7,6,3,3
4120,7,8,1.500584893,2.55,0,2.55,0,0,0,7,7,3,2
4120,24,31,1.485154549,2.55,0,2.55,0,1,1,6,6,3,3
4120,4,6,1.473195208,3.04,2,2.55,0,0,0,6,7,3,3
4120,9,10,1.431827759,2.55,0,2.55,0,0,0,7,7,2,2
4120,5,9,1.381773768,2.55,0,2.55,0,0,0,6,7,3,2
4120,8,10,1.354695873,2.55,0,2.55,0,0,0,7,7,2,2
4120,11,13,1.216329917,2.55,0,3.44,1,0,0,7,7,3,1
4121,4,5,1.519690824,2.55,0,2.55,0,0,0,6,6,3,3
4121,8,31,1.502429566,2.55,0,2.55,0,0,0,5,5,3,3
4121,2,5,1.496932642,2.55,0,2.55,0,0,0,6,6,2,3
4121,7,30,1.495252822,2.55,0,2.55,0,0,0,5,5,3,3
4121,0,1,1.457409798,2.55,0,2.55,0,0,0,6,6,2,3
4121,3,4,1.446188105,2.55,0,2.55,0,0,0,6,6,2,3
4121,31,32,1.41703752,2.55,0,3.04,2,0,0,5,5,3,3
4121,30,32,1.41543454,2.55,0,3.04,2,0,0,5,5,3,3
4121,33,34,1.404004748,2.55,0,2.55,0,1,1,6,6,3,2
4121,33,35,1.403821713,2.55,0,2.55,0,1,1,6,6,3,2
4121,36,37,1.397973346,2.55,0,2.55,0,1,1,6,6,2,2
4121,37,38,1.397750815,2.55,0,2.55,0,1,1,6,6,2,2
4121,35,38,1.396613528,2.55,0,2.55,0,1,1,6,6,2,2
4121,34,36,1.396328287,2.55,0,2.55,0,1,1,6,6,2,2
4121,7,8,1.384846827,2.55,0,2.55,0,0,0,5,5,3,3
4121,0,3,1.35886779,2.55,0,2.55,0,0,0,6,6,2,2
4121,1,2,1.354777294,2.55,0,2.55,0,0,0,6,6,3,2
4121,5,9,1.561279069,2.55,0,2.55,0,0,0,6,7,3,3
4121,16,17,1.525700429,2.55,0,2.55,0,0,0,7,7,2,1
4121,9,16,1.502685777,2.55,0,2.55,0,0,0,7,7,3,2
4121,1,23,1.49635893,2.55,0,2.55,0,0,0,6,7,3,3
4121,24,25,1.428495819,3.44,1,2.55,0,0,0,7,7,2,1
4121,32,33,1.425809606,3.04,2,2.55,0,0,1,5,6,3,3
4121,6,7,1.415562302,2.55,0,2.55,0,0,0,7,5,2,3
4121,4,6,1.383300201,2.55,0,2.55,0,0,0,6,7,3,2
4121,8,10,1.350197663,2.55,0,3.04,2,0,0,5,7,3,2
4121,23,24,1.345339084,2.55,0,3.44,1,0,0,7,7,3,2
4121,9,10,1.28061078,2.55,0,3.04,2,0,0,7,7,3,2
4121,23,29,1.209506367,2.55,0,3.44,1,0,0,7,7,3,1
4121,30,44,1.208116318,2.55,0,3.44,1,0,0,5,7,3,1
4121,31,45,1.205191432,2.55,0,3.44,1,0,0,5,7,3,1
4122,19,20,1.589056151,2.55,0,2.55,0,0,0,6,5,4,3
4122,61,64,1.58816951,2.55,0,2.55,0,0,0,6,5,4,3
4122,18,21,1.5557214,2.55,0,2.55,0,0,0,6,5,3,3
4122,65,67,1.555224208,2.55,0,2.55,0,0,0,6,5,3,3
4122,20,21,1.543229136,2.55,0,2.55,0,0,0,5,5,3,3
4122,64,67,1.543152922,2.55,0,2.55,0,0,0,5,5,3,3
4122,0,19,1.535992282,2.55,0,2.55,0,0,0,6,6,3,4
4122,53,61,1.535847499,2.55,0,2.55,0,0,0,6,6,3,4
4122,61,66,1.53487403,2.55,0,2.55,0,0,1,6,6,4,3
4122,13,19,1.534697135,2.55,0,2.55,0,1,0,6,6,3,4
4122,21,26,1.529136202,2.55,0,2.55,0,0,0,5,5,3,3
4122,62,67,1.529039714,2.55,0,2.55,0,0,0,5,5,3,3
4122,60,64,1.528800829,2.55,0,2.55,0,0,0,5,5,3,3
4122,20,24,1.528326995,2.55,0,2.55,0,0,0,5,5,3,3
4122,65,70,1.519684293,2.55,0,2.55,0,0,1,6,6,3,3
4122,14,18,1.51904333,2.55,0,2.55,0,1,0,6,6,3,3
4122,8,18,1.515701647,2.55,0,2.55,0,0,0,6,6,3,3
4122,55,65,1.515611573,2.55,0,2.55,0,0,0,6,6,3,3
4122,0,8,1.410559541,2.55,0,2.55,0,0,0,6,6,3,3
4122,53,55,1.410402124,2.55,0,2.55,0,0,0,6,6,3,3
4122,66,70,1.408037044,2.55,0,2.55,0,1,1,6,6,3,3
4122,13,14,1.407821024,2.55,0,2.55,0,1,1,6,6,3,3
4122,71,75,1.402845184,2.55,0,2.55,0,1,1,6,6,2,2
4122,10,11,1.402823689,2.55,0,2.55,0,1,1,6,6,2,2
4122,74,76,1.402576863,2.55,0,2.55,0,1,1,6,6,2,2
4122,15,17,1.402418291,2.55,0,2.55,0,1,1,6,6,2,2
4122,1,3,1.400163696,2.55,0,2.55,0,0,0,6,6,2,2
4122,41,45,1.40009411,2.55,0,2.55,0,0,0,6,6,2,2
4122,43,49,1.3986107,2.55,0,2.55,0,0,0,6,6,2,2
4122,4,6,1.398604363,2.55,0,2.55,0,0,0,6,6,2,2
4122,56,60,1.397873759,3.04,2,2.55,0,0,0,5,5,3,3
4122,45,53,1.397754767,2.55,0,2.55,0,0,0,6,6,2,3
4122,0,1,1.397728494,2.55,0,2.55,0,0,0,6,6,3,2
4122,24,28,1.397363514,2.55,0,3.04,2,0,0,5,5,3,3
4122,41,43,1.397185369,2.55,0,2.55,0,0,0,6,6,2,2
4122,3,4,1.397096887,2.55,0,2.55,0,0,0,6,6,2,2
4122,75,76,1.397034807,2.55,0,2.55,0,1,1,6,6,2,2
4122,10,17,1.396983642,2.55,0,2.55,0,1,1,6,6,2,2
4122,26,28,1.396435613,2.55,0,3.04,2,0,0,5,5,3,3
4122,56,62,1.396074156,3.04,2,2.55,0,0,0,5,5,3,3
4122,49,55,1.395231449,2.55,0,2.55,0,0,0,6,6,2,3
4122,6,8,1.395171502,2.55,0,2.55,0,0,0,6,6,2,3
4122,14,15,1.393711574,2.55,0,2.55,0,1,1,6,6,3,2
4122,70,74,1.393666278,2.55,0,2.55,0,1,1,6,6,3,2
4122,11,13,1.392854554,2.55,0,2.55,0,1,1,6,6,2,3
4122,66,71,1.39274845,2.55,0,2.55,0,1,1,6,6,3,2
4122,32,52,1.539127739,2.55,0,2.55,0,0,0,7,7,2,2
4122,34,35,1.50684005,2.55,0,2.55,0,0,0,7,7,3,1
4122,50,51,1.506690009,2.55,0,2.55,0,0,0,7,7,1,3
4122,52,56,1.455202258,2.55,0,3.04,2,0,0,7,5,2,3
4122,28,32,1.454676808,3.04,2,2.55,0,0,0,5,7,3,2
4122,19,31,1.426292031,2.55,0,3.44,1,0,0,6,7,4,2
4122,57,61,1.426289274,3.44,1,2.55,0,0,0,7,6,2,4
4122,31,34,1.366364184,3.44,1,2.55,0,0,0,7,7,2,3
4122,51,57,1.366238998,2.55,0,3.44,1,0,0,7,7,3,2
4122,62,63,1.20705713,2.55,0,3.44,1,0,0,5,7,3,1
4122,26,30,1.206743435,2.55,0,3.44,1,0,0,5,7,3,1
4122,24,29,1.206640085,2.55,0,3.44,1,0,0,5,7,3,1
4122,58,60,1.206464082,3.44,1,2.55,0,0,0,7,5,1,3
4122,46,51,1.200134375,3.44,1,2.55,0,0,0,7,7,1,3
4122,34,39,1.200084178,2.55,0,3.44,1,0,0,7,7,3,1
89,39,44,1.744067293,2.55,0,2.58,3,0,0,5,5,3,2
89,44,45,1.739321239,2.58,3,2.55,0,0,0,5,5,2,3
104,12,16,1.551757226,2.55,0,2.55,0,0,0,3,3,3,3
104,0,4,1.551720531,2.55,0,2.55,0,0,0,3,3,3,3
104,1,4,1.485556681,2.55,0,2.55,0,0,0,3,3,4,3
104,13,16,1.484876124,2.55,0,2.55,0,0,0,3,3,4,3
104,12,13,1.483949809,2.55,0,2.55,0,0,0,3,3,3,4
104,0,1,1.48329063,2.55,0,2.55,0,0,0,3,3,3,4
104,7,24,1.535575756,2.55,0,2.55,0,0,0,0,0,2,2
104,19,31,1.531582047,2.55,0,2.55,0,0,0,0,0,2,1
104,6,10,1.530524313,2.55,0,2.55,0,0,0,0,0,2,1
104,16,19,1.516846587,2.55,0,2.55,0,0,0,3,0,3,2
104,0,6,1.516412848,2.55,0,2.55,0,0,0,3,0,3,2
104,4,7,1.516001608,2.55,0,2.55,0,0,0,3,0,3,2
104,12,24,1.515496066,2.55,0,2.55,0,0,0,3,0,3,2
613,13,15,1.834255538,2.58,3,2.55,0,0,0,0,0,2,2
613,1,5,1.834255504,2.55,0,2.58,3,0,0,0,0,2,2
613,11,13,1.833913905,2.55,0,2.58,3,0,0,0,0,2,2
613,5,8,1.83391387,2.58,3,2.55,0,0,0,0,0,2,2
748,18,20,1.591443684,2.55,0,2.55,0,0,0,5,5,4,4
748,14,20,1.522835751,2.55,0,2.55,0,1,0,5,5,3,4
748,17,18,1.504605663,2.55,0,2.55,0,0,0,6,5,2,4
748,18,19,1.471076609,2.55,0,3.44,1,0,0,5,6,4,2
748,2,16,1.453099553,2.55,0,2.55,0,1,0,6,6,3,2
748,18,21,1.448210266,2.55,0,3.04,2,0,0,5,5,4,3
748,5,6,1.423551584,2.55,0,2.55,0,1,1,6,6,3,3
748,11,12,1.421703374,2.55,0,2.55,0,1,1,6,6,3,2
748,53,54,1.419787403,2.55,0,2.55,0,1,1,6,6,3,3
748,56,57,1.418842123,2.55,0,2.55,0,1,1,6,6,3,3
748,1,2,1.415863735,2.55,0,2.55,0,1,1,6,6,3,3
748,45,47,1.414964359,2.55,0,2.55,0,1,1,6,6,2,3
748,42,43,1.414945648,2.55,0,2.55,0,1,1,6,6,3,2
748,47,48,1.414432475,2.55,0,2.55,0,1,1,6,6,3,2
748,86,88,1.413738357,2.55,0,2.55,0,1,1,6,6,3,2
748,42,49,1.41320923,2.55,0,2.55,0,1,1,6,6,3,2
748,0,6,1.411853173,2.55,0,2.55,0,1,1,6,6,2,3
748,9,11,1.411378857,2.55,0,2.55,0,1,1,6,6,2,3
748,53,58,1.411340149,2.55,0,2.55,0,1,1,6,6,3,2
748,55,56,1.410242366,2.55,0,2.55,0,1,1,6,6,2,3
748,86,87,1.40953847,2.55,0,2.55,0,1,1,6,6,3,2
748,89,91,1.408514957,2.55,0,2.55,0,1,1,6,6,2,3
748,14,15,1.408437235,2.55,0,2.55,0,1,1,5,5,3,3
748,90,91,1.403775245,2.55,0,2.55,0,1,1,6,6,2,3
748,8,9,1.398455474,2.55,0,2.55,0,1,1,6,6,2,2
748,8,15,1.398317523,2.55,0,2.55,0,1,1,6,5,2,3
748,0,1,1.396229121,2.55,0,2.55,0,1,1,6,6,2,3
748,87,90,1.395762988,2.55,0,2.55,0,1,1,6,6,2,2
748,2,3,1.395199903,2.55,0,2.55,0,1,1,6,6,3,2
748,3,5,1.395049415,2.55,0,2.55,0,1,1,6,6,2,3
748,57,58,1.39328633,2.55,0,2.55,0,1,1,6,6,3,2
748,15,21,1.393248444,2.55,0,3.04,2,1,0,5,5,3,3
748,54,55,1.393037052,2.55,0,2.55,0,1,1,6,6,3,2
748,88,89,1.390398895,2.55,0,2.55,0,1,1,6,6,2,2
748,48,49,1.389320522,2.55,0,2.55,0,1,1,6,6,2,2
748,43,45,1.388544647,2.55,0,2.55,0,1,1,6,6,2,2
748,12,14,1.38217122,2.55,0,2.55,0,1,1,6,5,2,3
748,16,17,1.34460246,2.55,0,2.55,0,0,0,6,6,2,2
748,1,19,1.34372062,2.55,0,3.44,1,1,0,6,6,3,2
748,20,26,1.545763996,2.55,0,2.55,0,0,0,5,0,4,1
748,63,74,1.542009038,2.55,0,2.55,0,0,0,0,0,2,2
748,20,22,1.533010074,2.55,0,2.55,0,0,0,5,0,4,1
748,96,97,1.530693956,2.55,0,2.55,0,0,0,0,0,2,2
748,97,100,1.530217978,2.55,0,2.55,0,0,0,0,0,2,1
748,74,77,1.528367574,2.55,0,2.55,0,0,0,0,0,2,1
748,91,96,1.517947687,2.55,0,2.55,0,1,0,6,0,3,2
748,5,30,1.469998667,2.55,0,3.04,2,1,0,6,0,3,3
748,62,63,1.462153581,2.55,0,2.55,0,0,0,0,0,2,2
748,21,33,1.44763349,3.04,2,2.55,0,0,0,5,0,3,1
748,56,61,1.429446193,2.55,0,2.55,0,1,0,6,0,3,2
748,85,86,1.427217146,2.55,0,2.55,0,0,1,0,6,2,3
748,11,51,1.425641826,2.55,0,2.55,0,1,0,6,0,3,2
748,47,84,1.425150234,2.55,0,2.55,0,1,0,6,0,3,2
748,52,53,1.424125682,2.55,0,2.55,0,0,1,0,6,2,3
748,41,42,1.423241024,2.55,0,2.55,0,0,1,0,6,2,3
748,6,40,1.421152316,2.55,0,2.55,0,1,0,6,0,3,2
748,64,70,1.419204951,3.44,1,2.55,0,0,0,0,0,2,1
748,65,66,1.418956805,3.44,1,2.55,0,0,0,0,0,2,1
748,54,64,1.368416947,2.55,0,3.44,1,1,0,6,0,3,2
748,57,65,1.368164119,2.55,0,3.44,1,1,0,6,0,3,2
748,30,31,1.224910462,3.04,2,3.44,1,0,0,0,0,3,1
748,51,52,1.221452152,2.55,0,2.55,0,0,0,0,0,2,2
748,84,85,1.22115843,2.55,0,2.55,0,0,0,0,0,2,2
748,40,41,1.220726745,2.55,0,2.55,0,0,0,0,0,2,2
748,30,32,1.220716105,3.04,2,3.44,1,0,0,0,0,3,1
748,61,62,1.217167915,2.55,0,2.55,0,0,0,0,0,2,2
765,96,97,1.535105621,2.55,0,2.55,0,0,0,5,5,2,2
765,88,91,1.534993539,2.55,0,2.55,0,0,0,5,5,2,2
765,100,103,1.534960209,2.55,0,2.55,0,0,0,5,5,2,2
765,84,85,1.53489195,2.55,0,2.55,0,0,0,5,5,2,2
765,97,100,1.534843876,2.55,0,2.55,0,0,0,5,5,2,2
765,85,88,1.534812985,2.55,0,2.55,0,0,0,5,5,2,2
765,0,1,1.520738594,2.55,0,2.55,0,0,0,6,6,2,4
765,21,23,1.520136548,2.55,0,2.55,0,0,0,6,6,4,2
765,4,5,1.458720342,2.55,0,2.55,0,0,0,6,6,3,2
765,8,22,1.458603077,2.55,0,2.55,0,0,0,6,6,3,2
765,83,96,1.457716111,3.04,2,2.55,0,0,0,5,5,3,2
765,83,103,1.457700598,3.04,2,2.55,0,0,0,5,5,3,2
765,82,91,1.457678916,3.04,2,2.55,0,0,0,5,5,3,2
765,82,84,1.45763146,3.04,2,2.55,0,0,0,5,5,3,2
765,20,21,1.454947429,3.44,1,2.55,0,0,0,6,6,2,4
765,1,2,1.452565682,2.55,0,3.44,1,0,0,6,6,4,2
765,7,8,1.438224944,2.55,0,2.55,0,1,0,6,6,3,3
765,4,6,1.438104446,2.55,0,2.55,0,0,1,6,6,3,3
765,6,7,1.437372625,2.55,0,2.55,0,1,1,6,6,3,3
765,7,13,1.422287593,2.55,0,2.55,0,1,1,6,6,3,2
765,6,10,1.422072374,2.55,0,2.55,0,1,1,6,6,3,2
765,3,9,1.421182149,2.55,0,2.55,0,0,0,6,6,3,3
765,74,75,1.416934449,2.55,0,2.55,0,1,1,6,6,2,3
765,66,67,1.416589733,2.55,0,2.55,0,1,1,6,6,3,2
765,65,66,1.41570758,2.55,0,2.55,0,1,1,6,6,2,3
765,75,76,1.41554388,2.55,0,2.55,0,1,1,6,6,3,2
765,11,12,1.41268852,2.55,0,2.55,0,1,1,6,6,2,2
765,30,31,1.405641657,2.55,0,2.55,0,1,1,6,6,2,3
765,39,40,1.405569221,2.55,0,2.55,0,1,1,6,6,3,2
765,38,39,1.403983445,2.55,0,2.55,0,1,1,6,6,2,3
765,31,32,1.403973622,2.55,0,2.55,0,1,1,6,6,3,2
765,63,73,1.403327588,2.55,0,2.55,0,1,1,6,6,3,2
765,26,37,1.402909494,2.55,0,2.55,0,1,1,6,6,3,2
765,27,29,1.402686422,2.55,0,2.55,0,1,1,6,6,3,2
765,62,68,1.402651857,2.55,0,2.55,0,1,1,6,6,3,2
765,62,64,1.401714568,2.55,0,2.55,0,1,1,6,6,3,2
765,27,28,1.401466813,2.55,0,2.55,0,1,1,6,6,3,2
765,63,77,1.401443667,2.55,0,2.55,0,1,1,6,6,3,2
765,26,41,1.401319291,2.55,0,2.55,0,1,1,6,6,3,2
765,40,41,1.39739383,2.55,0,2.55,0,1,1,6,6,2,2
765,28,30,1.397296204,2.55,0,2.55,0,1,1,6,6,2,2
765,76,77,1.394682574,2.55,0,2.55,0,1,1,6,6,2,2
765,64,65,1.394249243,2.55,0,2.55,0,1,1,6,6,2,2
765,37,38,1.393894931,2.55,0,2.55,0,1,1,6,6,2,2
765,29,32,1.393889791,2.55,0,2.55,0,1,1,6,6,2,2
765,67,68,1.393352422,2.55,0,2.55,0,1,1,6,6,2,2
765,8,9,1.39331421,2.55,0,2.55,0,0,0,6,6,3,3
765,73,74,1.392981955,2.55,0,2.55,0,1,1,6,6,2,2
765,3,4,1.392952074,2.55,0,2.55,0,0,0,6,6,3,3
765,12,13,1.381396894,2.55,0,2.55,0,1,1,6,6,2,2
765,10,11,1.381339931,2.55,0,2.55,0,1,1,6,6,2,2
765,2,3,1.35455555,3.44,1,2.55,0,0,0,6,6,2,3
765,9,20,1.353634202,2.55,0,3.44,1,0,0,6,6,3,2
765,22,23,1.345254682,2.55,0,2.55,0,0,0,6,6,2,2
765,0,5,1.345085507,2.55,0,2.55,0,0,0,6,6,2,2
765,1,26,1.539536297,2.55,0,2.55,0,0,1,6,6,4,3
765,21,27,1.538517811,2.55,0,2.55,0,0,1,6,6,4,3
765,21,63,1.535814803,2.55,0,2.55,0,0,1,6,6,4,3
765,1,62,1.53536593,2.55,0,2.55,0,0,1,6,6,4,3
765,55,56,1.517579709,2.55,0,2.55,0,0,0,0,0,2,1
765,48,49,1.517565799,2.55,0,2.55,0,0,0,0,0,2,1
765,46,48,1.41781133,3.44,1,2.55,0,0,0,0,0,2,2
765,47,55,1.417694838,3.44,1,2.55,0,0,0,0,0,2,2
765,66,82,1.378470253,2.55,0,3.04,2,1,0,6,5,3,3
765,75,83,1.378300352,2.55,0,3.04,2,1,0,6,5,3,3
765,39,46,1.35846299,2.55,0,3.44,1,1,0,6,0,3,2
765,31,47,1.358122132,2.55,0,3.44,1,1,0,6,0,3,2
768,13,15,1.58045255,2.55,0,2.55,0,0,0,5,5,4,4
768,76,77,1.574131126,2.55,0,2.55,0,0,0,5,5,4,4
768,9,15,1.522135091,2.55,0,2.55,0,0,0,5,5,3,4
768,71,76,1.519816351,2.55,0,2.55,0,0,0,5,5,3,4
768,12,13,1.511102929,2.55,0,2.55,0,0,0,6,5,2,4
768,77,86,1.510286656,2.55,0,2.55,0,0,0,5,6,4,2
768,75,77,1.467370246,3.04,2,2.55,0,0,0,5,5,3,4
768,13,16,1.467003275,2.55,0,3.04,2,0,0,5,5,4,3
768,70,72,1.457312757,2.55,0,2.55,0,0,0,6,6,3,3
768,2,11,1.456068777,2.55,0,2.55,0,1,0,6,6,3,2
768,81,87,1.456061022,2.55,0,2.55,0,1,0,6,6,3,2
768,66,77,1.448609509,3.44,1,2.55,0,0,0,6,5,2,4
768,13,14,1.441352205,2.55,0,3.44,1,0,0,5,6,4,2
768,69,70,1.437084876,2.55,0,2.55,0,0,0,5,6,3,3
768,10,72,1.436108902,2.55,0,2.55,0,0,0,5,6,3,3
768,6,70,1.424547106,2.55,0,2.55,0,0,0,6,6,2,3
768,63,72,1.42351489,2.55,0,2.55,0,0,0,6,6,2,3
768,73,81,1.414757149,2.55,0,2.55,0,1,1,6,6,3,3
768,1,2,1.413046558,2.55,0,2.55,0,1,1,6,6,3,3
768,4,5,1.410086276,2.55,0,2.55,0,1,1,6,6,3,3
768,61,78,1.409874191,2.55,0,2.55,0,1,1,6,6,3,3
768,69,75,1.406401936,2.55,0,3.04,2,0,0,5,5,3,3
768,58,73,1.404642682,2.55,0,2.55,0,1,1,6,6,3,3
768,0,1,1.403374833,2.55,0,2.55,0,1,1,6,6,3,3
768,0,5,1.402921531,2.55,0,2.55,0,1,1,6,6,3,3
768,58,61,1.402794259,2.55,0,2.55,0,1,1,6,6,3,3
768,7,9,1.401284558,2.55,0,2.55,0,0,0,6,5,2,3
768,67,71,1.401179238,2.55,0,2.55,0,0,0,6,5,2,3
768,3,4,1.398194783,2.55,0,2.55,0,1,1,6,6,2,3
768,10,16,1.398106261,2.55,0,3.04,2,0,0,5,5,3,3
768,78,82,1.398010654,2.55,0,2.55,0,1,1,6,6,3,2
768,2,3,1.393937998,2.55,0,2.55,0,1,1,6,6,3,2
768,69,71,1.393550755,2.55,0,2.55,0,0,0,5,5,3,3
768,9,10,1.393260209,2.55,0,2.55,0,0,0,5,5,3,3
768,81,82,1.393130112,2.55,0,2.55,0,1,1,6,6,3,2
768,6,7,1.383573621,2.55,0,2.55,0,0,0,6,6,2,2
768,63,67,1.382438771,2.55,0,2.55,0,0,0,6,6,2,2
768,11,12,1.342908244,2.55,0,2.55,0,0,0,6,6,2,2
768,86,87,1.342015435,2.55,0,2.55,0,0,0,6,6,2,2
768,1,14,1.337187775,2.55,0,3.44,1,1,0,6,6,3,2
768,66,73,1.334926531,3.44,1,2.55,0,0,1,6,6,2,3
768,60,76,1.546929879,2.55,0,2.55,0,0,0,0,5,1,4
768,15,17,1.546216308,2.55,0,2.55,0,0,0,5,0,4,1
768,15,18,1.534450304,2.55,0,2.55,0,0,0,5,0,4,1
768,76,84,1.533851024,2.55,0,2.55,0,0,0,5,0,4,1
768,47,50,1.497145112,2.55,0,2.55,0,0,0,0,0,1,3
768,33,35,1.49708788,2.55,0,2.55,0,0,0,0,0,3,1
768,53,58,1.476251373,3.04,2,2.55,0,0,1,0,6,3,3
768,0,23,1.475125247,2.55,0,3.04,2,1,0,6,0,3,3
768,4,39,1.473808322,2.55,0,3.04,2,1,0,6,0,3,3
768,78,80,1.472676565,2.55,0,3.04,2,1,0,6,0,3,3
768,57,75,1.451130495,2.55,0,3.04,2,0,0,0,5,1,3
768,16,19,1.445434544,3.04,2,2.55,0,0,0,5,0,3,1
768,32,33,1.396379974,3.44,1,2.55,0,0,0,0,0,2,3
768,50,56,1.396295641,2.55,0,3.44,1,0,0,0,0,3,2
768,5,32,1.357206517,2.55,0,3.44,1,1,0,6,0,3,2
768,56,61,1.356924189,3.44,1,2.55,0,0,1,0,6,2,3
768,79,80,1.221278863,3.44,1,3.04,2,0,0,0,0,1,3
768,39,41,1.221070399,3.04,2,3.44,1,0,0,0,0,3,1
768,80,83,1.220875766,3.04,2,3.44,1,0,0,0,0,3,1
768,39,40,1.220723202,3.04,2,3.44,1,0,0,0,0,3,1
768,23,30,1.218603869,3.04,2,3.44,1,0,0,0,0,3,1
768,49,53,1.217585352,3.44,1,3.04,2,0,0,0,0,1,3
768,51,53,1.217280333,3.44,1,3.04,2,0,0,0,0,1,3
768,23,31,1.217090256,3.04,2,3.44,1,0,0,0,0,3,1
768,46,50,1.19297511,3.44,1,2.55,0,0,0,0,0,1,3
768,33,34,1.192790375,2.55,0,3.44,1,0,0,0,0,3,1
818-2,16,18,1.592795764,2.55,0,2.55,0,0,0,5,5,4,4
818-2,12,18,1.523267527,2.55,0,2.55,0,0,0,5,5,3,4
818-2,15,16,1.504430557,2.55,0,2.55,0,0,0,6,5,2,4
818-2,16,17,1.472578935,2.55,0,3.44,1,0,0,5,6,4,2
818-2,2,14,1.455771652,2.55,0,2.55,0,1,0,6,6,3,2
818-2,16,19,1.446878893,2.55,0,3.04,2,0,0,5,5,4,3
818-2,44,45,1.432262789,2.55,0,2.55,0,1,1,6,6,3,2
818-2,10,11,1.423175656,2.55,0,2.55,0,0,0,6,6,3,3
818-2,0,1,1.412814544,2.55,0,2.55,0,1,1,6,6,3,3
818-2,39,43,1.412764535,2.55,0,2.55,0,1,1,5,6,3,2
818-2,1,2,1.41127832,2.55,0,2.55,0,1,1,6,6,3,3
818-2,4,5,1.410929171,2.55,0,2.55,0,1,1,6,6,3,2
818-2,39,40,1.410214621,2.55,0,3.04,2,1,1,5,5,3,3
818-2,8,10,1.40557591,2.55,0,2.55,0,0,0,6,6,2,3
818-2,12,13,1.403336587,2.55,0,2.55,0,0,0,5,5,3,3
818-2,3,4,1.403150226,2.55,0,2.55,0,1,1,6,6,2,3
818-2,7,13,1.399756473,2.55,0,2.55,0,0,0,6,5,2,3
818-2,37,41,1.399732448,2.55,0,2.55,0,1,1,5,5,3,2
818-2,2,3,1.399248812,2.55,0,2.55,0,1,1,6,6,3,2
818-2,7,8,1.396117631,2.55,0,2.55,0,0,0,6,6,2,2
818-2,13,19,1.39581131,2.55,0,3.04,2,0,0,5,5,3,3
818-2,11,12,1.39205801,2.55,0,2.55,0,0,0,6,5,3,3
818-2,0,5,1.391818247,2.55,0,2.55,0,1,1,6,6,3,2
818-2,40,41,1.38567744,3.04,2,2.55,0,1,1,5,5,3,2
818-2,43,44,1.385143875,2.55,0,2.55,0,1,1,6,6,2,3
818-2,45,46,1.372732658,2.55,0,2.55,0,1,1,6,6,2,2
818-2,37,38,1.367865395,2.55,0,3.04,2,1,1,5,5,3,2
818-2,40,46,1.364297794,3.04,2,2.55,0,1,1,5,6,3,2
818-2,14,15,1.344179857,2.55,0,2.55,0,0,0,6,6,2,2
818-2,1,17,1.338160249,2.55,0,3.44,1,1,0,6,6,3,2
818-2,38,39,1.326325037,3.04,2,2.55,0,1,1,5,5,2,3
818-2,18,24,1.545847652,2.55,0,2.55,0,0,0,5,0,4,1
818-2,18,20,1.535581717,2.55,0,2.55,0,0,0,5,0,4,1
818-2,51,52,1.516878387,2.55,0,2.55,0,0,0,0,0,2,1
818-2,62,63,1.505854749,2.55,0,2.55,0,0,0,0,0,3,1
818-2,10,37,1.47099561,2.55,0,2.55,0,0,1,6,5,3,3
818-2,19,28,1.447323682,3.04,2,2.55,0,0,0,5,0,3,1
818-2,4,35,1.435099496,2.55,0,2.55,0,1,0,6,0,3,2
818-2,50,51,1.421652517,3.44,1,2.55,0,0,0,0,0,2,2
818-2,0,66,1.378878934,2.55,0,3.44,1,1,0,6,0,3,2
818-2,62,66,1.370926793,2.55,0,3.44,1,0,0,0,0,3,2
818-2,11,58,1.363817258,2.55,0,3.44,1,0,0,6,0,3,1
818-2,44,50,1.353425019,2.55,0,3.44,1,1,0,6,0,3,2
818-2,60,62,1.19979618,3.44,1,2.55,0,0,0,0,0,1,3
818-2,35,36,1.161835005,2.55,0,3.04,2,0,0,0,0,2,1
1003,17,19,1.5897214,2.55,0,2.55,0,0,0,5,5,4,4
1003,13,19,1.52164248,2.55,0,2.55,0,1,0,5,5,3,4
1003,16,17,1.509144644,2.55,0,2.55,0,0,0,6,5,2,4
1003,17,20,1.470116261,2.55,0,3.04,2,0,0,5,5,4,3
1003,2,15,1.456299581,2.55,0,2.55,0,0,0,6,6,3,2
1003,17,18,1.441322122,2.55,0,3.44,1,0,0,5,6,4,2
1003,1,2,1.412586961,2.55,0,2.55,0,0,0,6,6,3,3
1003,0,1,1.409511275,2.55,0,2.55,0,0,0,6,6,3,3
1003,13,14,1.408486205,2.55,0,2.55,0,1,1,5,5,3,3
1003,10,11,1.406831769,2.55,0,2.55,0,1,1,6,6,2,2
1003,7,8,1.4042465,2.55,0,2.55,0,1,1,6,6,2,2
1003,2,3,1.399308048,2.55,0,2.55,0,0,0,6,6,3,2
1003,7,14,1.399189654,2.55,0,2.55,0,1,1,6,5,2,3
1003,4,5,1.397450412,2.55,0,2.55,0,0,0,6,6,3,2
1003,8,10,1.396558852,2.55,0,2.55,0,1,1,6,6,2,2
1003,14,20,1.3956651,2.55,0,3.04,2,1,0,5,5,3,3
1003,3,4,1.392365053,2.55,0,2.55,0,0,0,6,6,2,3
1003,0,5,1.388674653,2.55,0,2.55,0,0,0,6,6,3,2
1003,11,13,1.388220754,2.55,0,2.55,0,1,1,6,5,2,3
1003,1,18,1.343933806,2.55,0,3.44,1,0,0,6,6,3,2
1003,15,16,1.343011769,2.55,0,2.55,0,0,0,6,6,2,2
1003,57,67,1.556967574,2.55,0,2.55,0,0,0,0,0,3,2
1003,48,51,1.552765572,2.55,0,2.55,0,0,0,0,0,3,2
1003,67,69,1.552259576,2.55,0,2.55,0,0,0,0,0,2,3
1003,19,25,1.546992498,2.55,0,2.55,0,0,0,5,0,4,1
1003,87,90,1.540782407,2.55,0,2.55,0,0,0,0,0,3,2
1003,69,72,1.539335186,2.55,0,2.55,0,0,0,0,0,3,2
1003,38,87,1.537660279,2.55,0,2.55,0,0,0,0,0,2,3
1003,51,57,1.537245835,2.55,0,2.55,0,0,0,0,0,2,3
1003,87,100,1.535579925,2.55,0,2.55,0,0,0,0,0,3,1
1003,19,21,1.534464327,2.55,0,2.55,0,0,0,5,0,4,1
1003,29,40,1.533937278,2.55,0,2.55,0,0,0,0,0,2,2
1003,90,91,1.53317235,2.55,0,2.55,0,0,0,0,0,2,2
1003,57,60,1.532376405,2.55,0,2.55,0,0,0,0,0,3,3
1003,48,52,1.531366548,2.55,0,2.55,0,0,0,0,0,3,1
1003,72,73,1.531089081,2.55,0,2.55,0,0,0,0,0,2,1
1003,91,94,1.530230404,2.55,0,2.55,0,0,0,0,0,2,1
1003,69,79,1.529550991,2.55,0,2.55,0,0,0,0,0,3,3
1003,47,48,1.522873287,2.55,0,2.55,0,0,0,0,0,3,3
1003,34,38,1.511505566,2.55,0,2.55,0,0,0,0,0,3,2
1003,4,35,1.471489576,2.55,0,3.04,2,0,0,6,0,3,3
1003,20,29,1.45176873,3.04,2,2.55,0,0,0,5,0,3,2
1003,40,43,1.441020416,2.55,0,3.44,1,0,0,0,0,2,2
1003,82,83,1.429442938,3.44,1,2.55,0,0,0,0,0,2,1
1003,62,63,1.421672446,3.44,1,2.55,0,0,0,0,0,2,1
1003,0,33,1.383371743,2.55,0,3.44,1,0,0,6,0,3,2
1003,33,34,1.369856179,3.44,1,2.55,0,0,0,0,0,2,3
1003,43,47,1.357648911,3.44,1,2.55,0,0,0,0,0,2,3
1003,60,62,1.356994212,2.55,0,3.44,1,0,0,0,0,3,2
1003,79,82,1.345400612,2.55,0,3.44,1,0,0,0,0,3,2
1003,35,37,1.221721569,3.04,2,3.44,1,0,0,0,0,3,1
1003,35,36,1.221697682,3.04,2,3.44,1,0,0,0,0,3,1
1003,79,81,1.208800288,2.55,0,3.44,1,0,0,0,0,3,1
1003,46,47,1.206352698,3.44,1,2.55,0,0,0,0,0,1,3
1003,60,61,1.204655628,2.55,0,3.44,1,0,0,0,0,3,1
1003,34,49,1.200644237,2.55,0,3.44,1,0,0,0,0,3,1
1004,18,20,1.587182823,2.55,0,2.55,0,0,0,5,5,4,4
1004,14,20,1.52382758,2.55,0,2.55,0,1,0,5,5,3,4
1004,17,18,1.504783558,2.55,0,2.55,0,0,0,6,5,2,4
1004,18,19,1.484345408,2.55,0,3.44,1,0,0,5,6,4,2
1004,2,16,1.455800922,2.55,0,2.55,0,0,0,6,6,3,2
1004,18,21,1.441737268,2.55,0,3.04,2,0,0,5,5,4,3
1004,1,2,1.412778404,2.55,0,2.55,0,0,0,6,6,3,3
1004,0,1,1.412654918,2.55,0,2.55,0,0,0,6,6,3,3
1004,102,105,1.408553531,2.55,0,2.55,0,1,1,6,6,3,2
1004,106,109,1.40698754,2.55,0,2.55,0,1,1,6,6,2,3
1004,11,12,1.406822925,2.55,0,2.55,0,1,1,6,6,2,2
1004,14,15,1.405431556,2.55,0,2.55,0,1,1,5,5,3,3
1004,56,63,1.405377019,2.55,0,2.55,0,1,1,6,6,3,2
1004,56,59,1.404918322,2.55,0,2.55,0,1,1,6,6,3,2
1004,79,86,1.404791866,2.55,0,2.55,0,1,1,6,6,3,2
1004,8,9,1.404090517,2.55,0,2.55,0,1,1,6,6,2,2
1004,79,82,1.403191642,2.55,0,2.55,0,1,1,6,6,3,2
1004,107,108,1.402393215,2.55,0,2.55,0,1,1,6,6,2,2
1004,15,21,1.402151716,2.55,0,3.04,2,1,0,5,5,3,3
1004,108,109,1.402007144,2.55,0,2.55,0,1,1,6,6,2,3
1004,4,5,1.400877657,2.55,0,2.55,0,0,0,6,6,3,2
1004,2,3,1.399455894,2.55,0,2.55,0,0,0,6,6,3,2
1004,84,85,1.399128106,2.55,0,2.55,0,1,1,6,6,2,2
1004,61,62,1.398491492,2.55,0,2.55,0,1,1,6,6,2,2
1004,60,61,1.398300223,2.55,0,2.55,0,1,1,6,6,2,2
1004,83,84,1.398246786,2.55,0,2.55,0,1,1,6,6,2,2
1004,59,60,1.397960872,2.55,0,2.55,0,1,1,6,6,2,2
1004,62,63,1.397882203,2.55,0,2.55,0,1,1,6,6,2,2
1004,8,15,1.397866464,2.55,0,2.55,0,1,1,6,5,2,3
1004,9,11,1.39774125,2.55,0,2.55,0,1,1,6,6,2,2
1004,82,83,1.397702971,2.55,0,2.55,0,1,1,6,6,2,2
1004,85,86,1.397104895,2.55,0,2.55,0,1,1,6,6,2,2
1004,102,106,1.395204884,2.55,0,2.55,0,1,1,6,6,3,2
1004,3,4,1.39320409,2.55,0,2.55,0,0,0,6,6,2,3
1004,105,107,1.392773217,2.55,0,2.55,0,1,1,6,6,2,2
1004,12,14,1.388724261,2.55,0,2.55,0,1,1,6,5,2,3
1004,0,5,1.386536829,2.55,0,2.55,0,0,0,6,6,3,2
1004,16,17,1.3460608,2.55,0,2.55,0,0,0,6,6,2,2
1004,1,19,1.334479254,2.55,0,3.44,1,0,0,6,6,3,2
1004,72,92,1.550254028,2.55,0,2.55,0,0,0,0,0,3,2
1004,53,55,1.550139287,2.55,0,2.55,0,0,0,0,0,3,2
1004,20,22,1.546128489,2.55,0,2.55,0,0,0,5,0,4,1
1004,30,45,1.544232232,2.55,0,2.55,0,0,0,0,0,2,2
1004,53,69,1.541564349,2.55,0,2.55,0,0,0,0,0,3,3
1004,20,26,1.533233029,2.55,0,2.55,0,0,0,5,0,4,1
1004,72,75,1.527366076,2.55,0,2.55,0,0,0,0,0,3,3
1004,92,94,1.527143572,2.55,0,2.55,0,0,0,0,0,2,2
1004,45,48,1.52551352,2.55,0,2.55,0,0,0,0,0,2,3
1004,116,117,1.51742123,2.55,0,2.55,0,0,0,0,0,2,1
1004,94,97,1.515340995,2.55,0,2.55,0,0,0,0,0,2,3
1004,55,56,1.512696066,2.55,0,2.55,0,0,1,0,6,2,3
1004,101,102,1.509361523,2.55,0,2.55,0,0,1,0,6,2,3
1004,78,79,1.507481839,2.55,0,2.55,0,0,1,0,6,2,3
1004,32,33,1.503010489,2.55,0,2.55,0,0,0,0,0,3,1
1004,4,42,1.461908961,2.55,0,3.04,2,0,0,6,0,3,3
1004,77,78,1.45639067,3.44,1,2.55,0,0,0,0,0,2,2
1004,21,30,1.453986452,3.04,2,2.55,0,0,0,5,0,3,2
1004,71,72,1.45362617,3.04,2,2.55,0,0,0,0,0,2,3
1004,51,53,1.45339166,3.04,2,2.55,0,0,0,0,0,2,3
1004,100,101,1.445644609,3.44,1,2.55,0,0,0,0,0,2,2
1004,115,116,1.417883208,3.44,1,2.55,0,0,0,0,0,2,2
1004,0,31,1.379741598,2.55,0,3.44,1,0,0,6,0,3,2
1004,31,32,1.377954358,3.44,1,2.55,0,0,0,0,0,2,3
1004,48,51,1.370803629,2.55,0,3.04,2,0,0,0,0,3,2
1004,109,115,1.358737517,2.55,0,3.44,1,1,0,6,0,3,2
1004,69,71,1.354500364,2.55,0,3.04,2,0,0,0,0,3,2
1004,97,100,1.344055107,2.55,0,3.44,1,0,0,0,0,3,2
1004,75,77,1.329348896,2.55,0,3.44,1,0,0,0,0,3,2
1004,42,43,1.227926701,3.04,2,3.44,1,0,0,0,0,3,1
1004,69,74,1.22356398,2.55,0,3.44,1,0,0,0,0,3,1
1004,42,44,1.221077848,3.04,2,3.44,1,0,0,0,0,3,1
1004,48,52,1.220954104,2.55,0,3.44,1,0,0,0,0,3,1
1004,75,76,1.214785708,2.55,0,3.44,1,0,0,0,0,3,1
1004,97,114,1.209600986,2.55,0,3.44,1,0,0,0,0,3,1
1004,32,37,1.19864413,2.55,0,3.44,1,0,0,0,0,3,1
1008,17,19,1.596241189,2.55,0,2.55,0,0,0,5,5,4,4
1008,13,19,1.524180325,2.55,0,2.55,0,1,0,5,5,3,4
1008,16,17,1.511742097,2.55,0,2.55,0,0,0,6,5,2,4
1008,17,20,1.460539987,2.55,0,3.04,2,0,0,5,5,4,3
1008,2,15,1.456942319,2.55,0,2.55,0,0,0,6,6,3,2
1008,17,18,1.444559833,2.55,0,3.44,1,0,0,5,6,4,2
1008,1,2,1.410235919,2.55,0,2.55,0,0,0,6,6,3,3
1008,4,5,1.408652407,2.55,0,2.55,0,0,0,6,6,3,2
1008,13,14,1.408070656,2.55,0,2.55,0,1,1,5,5,3,3
1008,10,11,1.40659281,2.55,0,2.55,0,1,1,6,6,2,2
1008,3,4,1.40546313,2.55,0,2.55,0,0,0,6,6,2,3
1008,7,8,1.404091208,2.55,0,2.55,0,1,1,6,6,2,2
1008,0,1,1.403665814,2.55,0,2.55,0,0,0,6,6,3,3
1008,7,14,1.399580386,2.55,0,2.55,0,1,1,6,5,2,3
1008,2,3,1.39921627,2.55,0,2.55,0,0,0,6,6,3,2
1008,8,10,1.397444934,2.55,0,2.55,0,1,1,6,6,2,2
1008,14,20,1.393813387,2.55,0,3.04,2,1,0,5,5,3,3
1008,11,13,1.38872473,2.55,0,2.55,0,1,1,6,5,2,3
1008,0,5,1.387713558,2.55,0,2.55,0,0,0,6,6,3,2
1008,1,18,1.345243584,2.55,0,3.44,1,0,0,6,6,3,2
1008,15,16,1.343011096,2.55,0,2.55,0,0,0,6,6,2,2
1008,19,25,1.545809105,2.55,0,2.55,0,0,0,5,0,4,1
1008,48,50,1.540951655,2.55,0,2.55,0,0,0,0,0,2,4
1008,29,41,1.538365324,2.55,0,2.55,0,0,0,0,0,2,2
1008,35,71,1.537589753,2.55,0,2.55,0,0,0,0,0,3,3
1008,19,21,1.534359669,2.55,0,2.55,0,0,0,5,0,4,1
1008,34,35,1.534007243,2.55,0,2.55,0,0,0,0,0,3,3
1008,72,73,1.533170845,2.55,0,2.55,0,0,0,0,0,2,2
1008,53,54,1.532867587,2.55,0,2.55,0,0,0,0,0,2,2
1008,50,53,1.531893662,2.55,0,2.55,0,0,0,0,0,4,2
1008,71,72,1.531760562,2.55,0,2.55,0,0,0,0,0,3,2
1008,54,57,1.530709574,2.55,0,2.55,0,0,0,0,0,2,1
1008,73,76,1.529297689,2.55,0,2.55,0,0,0,0,0,2,1
1008,47,48,1.512284193,2.55,0,2.55,0,0,0,0,0,3,2
1008,50,63,1.445480102,2.55,0,3.44,1,0,0,0,0,4,2
1008,20,29,1.444303452,3.04,2,2.55,0,0,0,5,0,3,2
1008,71,87,1.437104135,2.55,0,3.44,1,0,0,0,0,3,2
1008,41,44,1.436208588,2.55,0,3.44,1,0,0,0,0,2,2
1008,4,38,1.435326687,2.55,0,2.55,0,0,0,6,0,3,2
1008,50,64,1.425838052,2.55,0,3.44,1,0,0,0,0,4,2
1008,35,82,1.416819865,2.55,0,3.44,1,0,0,0,0,3,2
1008,0,33,1.393387711,2.55,0,3.44,1,0,0,6,0,3,2
1008,87,89,1.359998552,3.44,1,2.55,0,0,0,0,0,2,2
1008,82,84,1.35803441,3.44,1,2.55,0,0,0,0,0,2,2
1008,33,34,1.351510285,3.44,1,2.55,0,0,0,0,0,2,3
1008,44,47,1.347895217,3.44,1,2.55,0,0,0,0,0,2,3
1008,63,65,1.347886879,3.44,1,2.55,0,0,0,0,0,2,2
1008,64,66,1.343712723,3.44,1,2.55,0,0,0,0,0,2,2
1008,47,49,1.208912059,2.55,0,3.44,1,0,0,0,0,3,1
1008,66,69,1.199756455,2.55,0,3.44,1,0,0,0,0,2,1
1008,34,37,1.198654548,2.55,0,3.44,1,0,0,0,0,3,1
1008,65,67,1.196922982,2.55,0,3.44,1,0,0,0,0,2,1
1008,89,90,1.193540027,2.55,0,3.44,1,0,0,0,0,2,1
1008,84,85,1.191684084,2.55,0,3.44,1,0,0,0,0,2,1
1008,38,39,1.161370874,2.55,0,3.04,2,0,0,0,0,2,1
1013,17,19,1.585465119,2.55,0,2.55,0,0,0,5,5,4,4
1013,13,19,1.523127806,2.55,0,2.55,0,1,0,5,5,3,4
1013,16,17,1.512033114,2.55,0,2.55,0,0,0,6,5,2,4
1013,17,20,1.473913079,2.55,0,3.04,2,0,0,5,5,4,3
1013,2,15,1.456160554,2.55,0,2.55,0,0,0,6,6,3,2
1013,17,18,1.428550968,2.55,0,3.44,1,0,0,5,6,4,2
1013,13,14,1.412119131,2.55,0,2.55,0,1,1,5,5,3,3
1013,42,43,1.409649584,2.55,0,2.55,0,1,1,6,6,2,3
1013,68,73,1.409339843,2.55,0,2.55,0,1,1,6,6,3,2
1013,38,40,1.40933269,2.55,0,2.55,0,1,1,6,6,3,2
1013,1,2,1.409103941,2.55,0,2.55,0,0,0,6,6,3,3
1013,71,75,1.408736297,2.55,0,2.55,0,1,1,6,6,3,2
1013,43,44,1.407397161,2.55,0,2.55,0,1,1,6,6,3,2
1013,64,68,1.407009721,2.55,0,2.55,0,1,1,6,6,2,3
1013,10,11,1.40639659,2.55,0,2.55,0,1,1,6,6,2,2
1013,2,3,1.40460213,2.55,0,2.55,0,0,0,6,6,3,2
1013,0,1,1.403536847,2.55,0,2.55,0,0,0,6,6,3,3
1013,38,41,1.402402693,2.55,0,2.55,0,1,1,6,6,3,2
1013,8,9,1.402325699,2.55,0,2.55,0,1,1,6,6,2,3
1013,66,71,1.402081555,2.55,0,2.55,0,1,1,6,6,2,3
1013,5,6,1.399173404,2.55,0,2.55,0,0,0,6,6,2,2
1013,8,14,1.398072271,2.55,0,2.55,0,1,1,6,5,2,3
1013,64,66,1.39464384,2.55,0,2.55,0,1,1,6,6,2,2
1013,41,44,1.394574679,2.55,0,2.55,0,1,1,6,6,2,2
1013,3,5,1.394460797,2.55,0,2.55,0,0,0,6,6,2,2
1013,9,10,1.394335587,2.55,0,2.55,0,1,1,6,6,3,2
1013,0,6,1.394242141,2.55,0,2.55,0,0,0,6,6,3,2
1013,73,75,1.388083835,2.55,0,2.55,0,1,1,6,6,2,2
1013,40,42,1.387609071,2.55,0,2.55,0,1,1,6,6,2,2
1013,14,20,1.386597523,2.55,0,3.04,2,1,0,5,5,3,3
1013,11,13,1.386544353,2.55,0,2.55,0,1,1,6,5,2,3
1013,1,18,1.354554865,2.55,0,3.44,1,0,0,6,6,3,2
1013,15,16,1.34271275,2.55,0,2.55,0,0,0,6,6,2,2
1013,19,21,1.545987714,2.55,0,2.55,0,0,0,5,0,4,1
1013,19,25,1.532964006,2.55,0,2.55,0,0,0,5,0,4,1
1013,61,62,1.516698837,2.55,0,2.55,0,0,0,0,0,1,2
1013,50,51,1.516668367,2.55,0,2.55,0,0,0,0,0,2,1
1013,71,74,1.486778776,2.55,0,2.55,0,1,0,6,0,3,3
1013,37,38,1.483669628,2.55,0,2.55,0,0,1,0,6,3,3
1013,20,29,1.445720425,3.04,2,2.55,0,0,0,5,0,3,1
1013,49,50,1.422780429,3.44,1,2.55,0,0,0,0,0,2,2
1013,62,65,1.422256267,2.55,0,3.44,1,0,0,0,0,2,2
1013,9,77,1.392017459,2.55,0,3.44,1,1,0,6,0,3,2
1013,0,36,1.38505514,2.55,0,3.44,1,0,0,6,0,3,2
1013,36,37,1.369785417,3.44,1,2.55,0,0,0,0,0,2,3
1013,74,77,1.367302894,2.55,0,3.44,1,0,0,0,0,3,2
1013,65,68,1.3512043,3.44,1,2.55,0,0,1,0,6,2,3
1013,43,49,1.35023215,2.55,0,3.44,1,1,0,6,0,3,2
1013,37,39,1.206522965,2.55,0,3.44,1,0,0,0,0,3,1
1013,72,74,1.205683312,3.44,1,2.55,0,0,0,0,0,1,3
1028,17,19,1.587700583,2.55,0,2.55,0,0,0,5,5,4,4
1028,13,19,1.523913397,2.55,0,2.55,0,0,0,5,5,3,4
1028,16,17,1.511485492,2.55,0,2.55,0,0,0,6,5,2,4
1028,54,55,1.479218636,2.55,0,2.55,0,0,0,6,6,3,3
1028,48,52,1.477072748,2.55,0,2.55,0,0,1,6,6,3,3
1028,17,20,1.466716907,2.55,0,3.04,2,0,0,5,5,4,3
1028,2,15,1.457041679,2.55,0,2.55,0,0,0,6,6,3,2
1028,39,49,1.44257783,2.55,0,2.55,0,0,0,6,6,3,3
1028,38,39,1.439809586,2.55,0,2.55,0,0,0,6,6,3,3
1028,53,63,1.437052984,2.55,0,2.55,0,1,1,6,6,3,3
1028,49,55,1.436588904,2.55,0,2.55,0,0,0,6,6,3,3
1028,17,18,1.436425435,2.55,0,3.44,1,0,0,5,6,4,2
1028,53,54,1.435816419,2.55,0,2.55,0,1,0,6,6,3,3
1028,48,49,1.435139304,2.55,0,2.55,0,0,0,6,6,3,3
1028,52,53,1.433038852,2.55,0,2.55,0,1,1,6,6,3,3
1028,39,57,1.422519375,2.55,0,2.55,0,0,0,6,6,3,2
1028,63,64,1.420980694,2.55,0,2.55,0,1,1,6,6,3,2
1028,63,69,1.419372414,2.55,0,2.55,0,1,0,6,6,3,2
1028,10,11,1.416940001,2.55,0,2.55,0,0,0,6,6,3,2
1028,67,68,1.415895041,2.55,0,2.55,0,0,0,6,6,2,3
1028,13,14,1.410112634,2.55,0,2.55,0,0,0,5,5,3,3
1028,1,2,1.409910896,2.55,0,2.55,0,0,0,6,6,3,3
1028,4,5,1.409405687,2.55,0,2.55,0,0,0,6,6,3,2
1028,65,66,1.408446655,2.55,0,2.55,0,1,1,6,6,2,2
1028,8,10,1.406734399,2.55,0,2.55,0,0,0,6,6,2,3
1028,0,1,1.406421982,2.55,0,2.55,0,0,0,6,6,3,3
1028,56,58,1.405585213,2.55,0,2.55,0,0,0,6,6,2,2
1028,3,4,1.404592396,2.55,0,2.55,0,0,0,6,6,2,3
1028,46,47,1.403577201,2.55,0,2.55,0,0,0,6,6,2,2
1028,7,8,1.401458659,2.55,0,2.55,0,0,0,6,6,2,2
1028,2,3,1.399755835,2.55,0,2.55,0,0,0,6,6,3,2
1028,7,14,1.398751623,2.55,0,2.55,0,0,0,6,5,2,3
1028,52,66,1.395961812,2.55,0,2.55,0,1,1,6,6,3,2
1028,55,56,1.393048312,2.55,0,2.55,0,0,0,6,6,3,2
1028,47,48,1.392443025,2.55,0,2.55,0,0,0,6,6,2,3
1028,54,67,1.389186064,2.55,0,2.55,0,0,0,6,6,3,2
1028,38,46,1.388975199,2.55,0,2.55,0,0,0,6,6,3,2
1028,0,5,1.388588554,2.55,0,2.55,0,0,0,6,6,3,2
1028,14,20,1.387745871,2.55,0,3.04,2,0,0,5,5,3,3
1028,68,69,1.385376374,2.55,0,2.55,0,0,0,6,6,3,2
1028,11,13,1.385137979,2.55,0,2.55,0,0,0,6,5,2,3
1028,57,58,1.379276172,2.55,0,2.55,0,0,0,6,6,2,2
1028,64,65,1.378967616,2.55,0,2.55,0,1,1,6,6,2,2
1028,1,18,1.346311452,2.55,0,3.44,1,0,0,6,6,3,2
1028,15,16,1.342854247,2.55,0,2.55,0,0,0,6,6,2,2
1028,19,25,1.546267997,2.55,0,2.55,0,0,0,5,0,4,1
1028,19,21,1.5333513,2.55,0,2.55,0,0,0,5,0,4,1
1028,70,72,1.518790722,2.55,0,2.55,0,0,0,0,0,3,1
1028,68,70,1.504139252,2.55,0,2.55,0,0,0,6,0,3,3
1028,34,35,1.503870262,2.55,0,2.55,0,0,0,0,0,3,1
1028,10,38,1.488887261,2.55,0,2.55,0,0,0,6,6,3,3
1028,20,29,1.44654847,3.04,2,2.55,0,0,0,5,0,3,1
1028,4,61,1.435159461,2.55,0,2.55,0,0,0,6,0,3,2
1028,0,33,1.382085042,2.55,0,3.44,1,0,0,6,0,3,2
1028,33,34,1.374368914,3.44,1,2.55,0,0,0,0,0,2,3
1028,70,71,1.216563869,2.55,0,3.44,1,0,0,0,0,3,1
1028,34,37,1.19965071,2.55,0,3.44,1,0,0,0,0,3,1
1028,61,62,1.161688339,2.55,0,3.04,2,0,0,0,0,2,1
1037,16,18,1.593917702,2.55,0,2.55,0,0,0,5,5,4,4
1037,13,18,1.529137692,2.55,0,2.55,0,0,0,5,5,3,4
1037,2,15,1.5149471,2.55,0,2.55,0,0,0,6,6,3,2
1037,16,19,1.447740825,2.55,0,3.04,2,0,0,5,5,4,3
1037,52,56,1.437754036,2.55,0,2.55,0,1,1,6,6,3,3
1037,15,19,1.437521241,2.55,0,3.04,2,0,0,6,5,2,3
1037,58,59,1.436787189,2.55,0,2.55,0,1,1,6,6,3,3
1037,16,17,1.436285772,2.55,0,3.44,1,0,0,5,6,4,2
1037,0,1,1.426234702,2.55,0,2.55,0,0,0,6,6,3,3
1037,59,65,1.424704321,2.55,0,2.55,0,1,1,6,6,3,2
1037,58,66,1.424629361,2.55,0,2.55,0,1,1,6,6,3,2
1037,67,68,1.420014832,2.55,0,2.55,0,1,1,6,6,2,2
1037,57,58,1.417962033,2.55,0,2.55,0,1,1,6,6,2,3
1037,59,60,1.417283948,2.55,0,2.55,0,1,1,6,6,3,2
1037,11,12,1.413359586,2.55,0,2.55,0,0,0,6,6,2,3
1037,13,14,1.405811613,2.55,0,2.55,0,0,0,5,5,3,3
1037,1,2,1.402865292,2.55,0,2.55,0,0,0,6,6,3,3
1037,5,6,1.401962212,2.55,0,2.55,0,0,0,6,6,3,2
1037,2,3,1.401093688,2.55,0,2.55,0,0,0,6,6,3,2
1037,8,9,1.400028524,2.55,0,2.55,0,0,0,6,6,2,2
1037,8,14,1.399989083,2.55,0,2.55,0,0,0,6,5,2,3
1037,12,13,1.39799148,2.55,0,2.55,0,0,0,6,5,3,3
1037,9,11,1.397035649,2.55,0,2.55,0,0,0,6,6,2,2
1037,0,6,1.392423105,2.55,0,2.55,0,0,0,6,6,3,2
1037,52,60,1.389271197,2.55,0,2.55,0,1,1,6,6,3,2
1037,3,5,1.387543863,2.55,0,2.55,0,0,0,6,6,2,3
1037,14,19,1.387418155,2.55,0,3.04,2,0,0,5,5,3,3
1037,56,57,1.38167361,2.55,0,2.55,0,1,1,6,6,3,2
1037,66,68,1.379322046,2.55,0,2.55,0,1,1,6,6,2,2
1037,65,67,1.378606614,2.55,0,2.55,0,1,1,6,6,2,2
1037,1,17,1.352323597,2.55,0,3.44,1,0,0,6,6,3,2
1037,18,24,1.545422207,2.55,0,2.55,0,0,0,5,0,4,1
1037,18,20,1.536291589,2.55,0,2.55,0,0,0,5,0,4,1
1037,16,34,1.521440885,2.55,0,2.55,0,0,0,5,0,4,2
1037,41,42,1.517023279,2.55,0,2.55,0,0,0,0,0,2,1
1037,32,33,1.516300624,2.55,0,2.55,0,0,0,0,0,2,1
1037,52,53,1.473177679,2.55,0,2.55,0,1,0,6,0,3,2
1037,5,46,1.471301473,2.55,0,3.04,2,0,0,6,0,3,3
1037,31,32,1.423149168,3.44,1,2.55,0,0,0,0,0,2,2
1037,40,41,1.420891957,3.44,1,2.55,0,0,0,0,0,2,2
1037,12,40,1.361033487,2.55,0,3.44,1,0,0,6,0,3,2
1037,56,62,1.359505762,2.55,0,3.44,1,1,0,6,0,3,1
1037,0,31,1.348268275,2.55,0,3.44,1,0,0,6,0,3,2
1037,34,53,1.34317846,2.55,0,2.55,0,0,0,0,0,2,2
1037,46,48,1.223006393,3.04,2,3.44,1,0,0,0,0,3,1
1037,46,47,1.222353979,3.04,2,3.44,1,0,0,0,0,3,1
2017,53,61,1.5876865,2.55,0,2.55,0,0,0,5,5,3,4
2017,3,4,1.587502183,2.55,0,2.55,0,0,0,5,5,3,4
2017,0,1,1.582444558,2.55,0,2.55,0,0,0,5,5,3,3
2017,56,63,1.581113459,2.55,0,2.55,0,0,0,5,5,3,3
2017,77,86,1.542172157,2.55,0,2.55,0,0,0,5,5,3,2
2017,23,25,1.541828961,2.55,0,2.55,0,0,0,5,5,3,2
2017,0,3,1.538983164,2.55,0,2.55,0,0,0,5,5,3,3
2017,22,23,1.537759505,2.55,0,2.55,0,0,0,5,5,3,3
2017,53,56,1.53739112,2.55,0,2.55,0,0,0,5,5,3,3
2017,66,77,1.537023149,2.55,0,2.55,0,0,0,5,5,3,3
2017,4,5,1.53140314,2.55,0,2.55,0,0,0,5,5,4,2
2017,61,70,1.530436085,2.55,0,2.55,0,0,0,5,5,4,2
2017,1,2,1.52309158,2.55,0,2.55,0,0,0,5,5,3,2
2017,63,72,1.522537155,2.55,0,2.55,0,0,0,5,5,3,2
2017,54,56,1.521392587,2.55,0,2.55,0,0,0,5,5,3,3
2017,0,8,1.52132124,2.55,0,2.55,0,0,0,5,5,3,3
2017,3,11,1.518978807,2.55,0,2.55,0,0,0,5,5,3,3
2017,24,25,1.518187707,2.55,0,2.55,0,0,0,5,5,3,2
2017,80,86,1.517215759,2.55,0,2.55,0,0,0,5,5,3,2
2017,50,53,1.516895357,2.55,0,2.55,0,0,0,5,5,3,3
2017,61,64,1.433489996,2.55,0,3.44,1,0,0,5,5,4,2
2017,4,15,1.432676228,2.55,0,3.44,1,0,0,5,5,4,2
2017,63,64,1.430896895,2.55,0,3.44,1,0,0,5,5,3,2
2017,1,15,1.427939082,2.55,0,3.44,1,0,0,5,5,3,2
2017,8,10,1.403601816,2.55,0,3.04,2,0,0,5,5,3,3
2017,50,51,1.402384137,2.55,0,3.04,2,0,0,5,5,3,3
2017,19,24,1.400721625,3.04,2,2.55,0,0,0,5,5,3,3
2017,68,80,1.400372523,3.04,2,2.55,0,0,0,5,5,3,3
2017,51,54,1.399900918,3.04,2,2.55,0,0,0,5,5,3,3
2017,10,11,1.397976026,3.04,2,2.55,0,0,0,5,5,3,3
2017,19,22,1.392589562,3.04,2,2.55,0,0,0,5,5,3,3
2017,66,68,1.389263773,2.55,0,3.04,2,0,0,5,5,3,3
2017,2,5,1.33910192,2.55,0,2.55,0,0,0,5,5,2,2
2017,70,72,1.338744433,2.55,0,2.55,0,0,0,5,5,2,2
2017,77,78,1.566992301,2.55,0,2.55,0,0,0,5,0,3,4
2017,23,30,1.565360185,2.55,0,2.55,0,0,0,5,0,3,4
2017,78,82,1.556533108,2.55,0,2.55,0,0,0,0,0,4,2
2017,30,36,1.556349204,2.55,0,2.55,0,0,0,0,0,4,2
2017,30,37,1.543123252,2.55,0,2.55,0,0,0,0,0,4,1
2017,67,78,1.542617741,2.55,0,2.55,0,0,0,0,0,1,4
2017,78,88,1.542322688,2.55,0,2.55,0,0,0,0,0,4,1
2017,30,32,1.541532821,2.55,0,2.55,0,0,0,0,0,4,1
2017,16,48,1.538469118,2.55,0,2.55,0,0,0,0,0,2,2
2017,60,61,1.534269843,2.55,0,2.55,0,0,0,0,5,2,4
2017,76,82,1.53209594,2.55,0,2.55,0,0,0,0,0,1,2
2017,36,41,1.532031048,2.55,0,2.55,0,0,0,0,0,2,1
2017,4,18,1.520526427,2.55,0,2.55,0,0,0,5,0,4,2
2017,10,16,1.454945477,3.04,2,2.55,0,0,0,5,0,3,2
2017,48,51,1.454230414,2.55,0,3.04,2,0,0,0,5,2,3
2017,60,68,1.452403092,2.55,0,3.04,2,0,0,0,5,2,3
2017,18,19,1.452139188,2.55,0,3.04,2,0,0,0,5,2,3
2017,58,66,1.213402295,3.44,1,2.55,0,0,0,0,5,1,3
2017,22,29,1.212200255,2.55,0,3.44,1,0,0,5,0,3,1
2017,47,50,1.208947882,3.44,1,2.55,0,0,0,0,5,1,3
2017,11,14,1.208875937,2.55,0,3.44,1,0,0,5,0,3,1
2017,54,55,1.20828497,2.55,0,3.44,1,0,0,5,0,3,1
2017,8,13,1.20707004,2.55,0,3.44,1,0,0,5,0,3,1
2017,80,84,1.205894233,2.55,0,3.44,1,0,0,5,0,3,1
2017,24,28,1.205411355,2.55,0,3.44,1,0,0,5,0,3,1
2018,0,1,1.596738001,2.55,0,2.55,0,1,0,5,5,3,4
2018,24,26,1.585354788,2.55,0,2.55,0,0,0,5,5,3,4
2018,21,25,1.584808319,2.55,0,2.55,0,0,0,5,5,3,3
2018,3,4,1.581073267,2.55,0,2.55,0,1,0,5,5,3,3
2018,0,3,1.534550621,2.55,0,2.55,0,1,1,5,5,3,3
2018,1,2,1.532524356,2.55,0,2.55,0,0,0,5,5,4,2
2018,21,24,1.53221479,2.55,0,2.55,0,0,0,5,5,3,3
2018,26,29,1.531295941,2.55,0,2.55,0,0,0,5,5,4,2
2018,25,28,1.523464188,2.55,0,2.55,0,0,0,5,5,3,2
2018,4,5,1.522443152,2.55,0,2.55,0,0,0,5,5,3,2
2018,0,8,1.519202889,2.55,0,2.55,0,1,1,5,5,3,3
2018,18,21,1.518697759,2.55,0,2.55,0,0,0,5,5,3,3
2018,3,11,1.517523914,2.55,0,2.55,0,1,1,5,5,3,3
2018,22,24,1.515620789,2.55,0,2.55,0,0,0,5,5,3,3
2018,1,15,1.436129614,2.55,0,3.44,1,0,0,5,5,4,2
2018,26,27,1.43097738,2.55,0,3.44,1,0,0,5,5,4,2
2018,25,27,1.426501095,2.55,0,3.44,1,0,0,5,5,3,2
2018,4,15,1.424570138,2.55,0,3.44,1,0,0,5,5,3,2
2018,18,19,1.413499493,2.55,0,3.04,2,0,0,5,5,3,3
2018,10,11,1.412957942,3.04,2,2.55,0,1,1,5,5,3,3
2018,19,22,1.411134589,3.04,2,2.55,0,0,0,5,5,3,3
2018,8,10,1.409427726,2.55,0,3.04,2,1,1,5,5,3,3
2018,44,45,1.404736174,2.55,0,2.55,0,1,1,6,6,2,3
2018,36,37,1.40420677,2.55,0,2.55,0,1,1,6,6,3,2
2018,42,43,1.403485269,2.55,0,2.55,0,1,1,6,6,3,2
2018,32,34,1.402826185,2.55,0,2.55,0,1,1,6,6,3,2
2018,35,36,1.402089278,2.55,0,2.55,0,1,1,6,6,2,3
2018,45,46,1.401575348,2.55,0,2.55,0,1,1,6,6,3,2
2018,32,33,1.400229277,2.55,0,2.55,0,1,1,6,6,3,2
2018,42,47,1.400028076,2.55,0,2.55,0,1,1,6,6,3,2
2018,46,47,1.396984311,2.55,0,2.55,0,1,1,6,6,2,2
2018,33,35,1.396682276,2.55,0,2.55,0,1,1,6,6,2,2
2018,34,37,1.393838235,2.55,0,2.55,0,1,1,6,6,2,2
2018,43,44,1.393770708,2.55,0,2.55,0,1,1,6,6,2,2
2018,28,29,1.339331438,2.55,0,2.55,0,0,0,5,5,2,2
2018,2,5,1.339165441,2.55,0,2.55,0,0,0,5,5,2,2
2018,67,68,1.522451472,2.55,0,2.55,0,0,0,0,0,2,2
2018,36,52,1.521027473,2.55,0,2.55,0,1,0,6,0,3,2
2018,1,67,1.51778958,2.55,0,2.55,0,0,0,5,0,4,2
2018,45,52,1.517429503,2.55,0,2.55,0,1,0,6,0,3,2
2018,60,61,1.515353657,2.55,0,2.55,0,0,0,0,0,3,1
2018,26,56,1.510965163,2.55,0,2.55,0,0,0,5,0,4,2
2018,74,75,1.510184297,2.55,0,2.55,0,0,0,0,0,3,1
2018,68,71,1.43554703,2.55,0,3.44,1,0,0,0,0,2,2
2018,10,42,1.431156157,3.04,2,2.55,0,1,1,5,6,3,3
2018,19,32,1.430336782,3.04,2,2.55,0,0,1,5,6,3,3
2018,56,57,1.419809998,2.55,0,3.44,1,0,0,0,0,2,2
2018,57,60,1.362730988,3.44,1,2.55,0,0,0,0,0,2,3
2018,71,74,1.35089918,3.44,1,2.55,0,0,0,0,0,2,3
2018,8,13,1.208394795,2.55,0,3.44,1,1,0,5,0,3,1
2018,22,23,1.207822015,2.55,0,3.44,1,0,0,5,0,3,1
2018,16,18,1.206040143,3.44,1,2.55,0,0,0,0,5,1,3
2018,11,14,1.205953336,2.55,0,3.44,1,1,0,5,0,3,1
2018,74,79,1.205266636,2.55,0,3.44,1,0,0,0,0,3,1
2018,60,62,1.19925751,2.55,0,3.44,1,0,0,0,0,3,1
2075,2,6,1.747131198,2.55,0,2.58,3,1,1,5,5,3,2
2075,5,6,1.734209078,2.55,0,2.58,3,1,1,5,5,2,2
2076,2,6,1.747604032,2.55,0,2.58,3,1,1,5,5,3,2
2076,5,6,1.734025655,2.55,0,2.58,3,1,1,5,5,2,2
2100,0,2,1.609891077,2.55,0,2.55,0,0,0,4,4,4,4
2100,2,3,1.56767046,2.55,0,2.55,0,0,0,4,4,4,3
2100,0,1,1.567361467,2.55,0,2.55,0,0,0,4,4,4,3
2100,1,3,1.547553841,2.55,0,2.55,0,0,0,4,4,3,3
2100,0,14,1.546411884,2.55,0,2.55,0,0,0,4,5,4,3
2100,2,15,1.546393258,2.55,0,2.55,0,0,0,4,5,4,3
2100,2,16,1.512152618,2.55,0,2.55,0,0,0,4,5,4,3
2100,0,27,1.51213045,2.55,0,2.55,0,0,1,4,5,4,3
2100,16,17,1.410888181,2.55,0,2.55,0,0,0,5,5,3,3
2100,27,28,1.410882683,2.55,0,2.55,0,1,1,5,5,3,3
2100,30,32,1.404795748,2.55,0,2.55,0,1,1,6,6,2,2
2100,19,20,1.404762523,2.55,0,2.55,0,0,0,6,6,2,2
2100,17,18,1.404541132,2.55,0,3.04,2,0,0,5,5,3,3
2100,28,29,1.404517598,2.55,0,3.04,2,1,0,5,5,3,3
2100,21,22,1.402937587,2.55,0,2.55,0,0,0,6,6,2,2
2100,31,33,1.402928952,2.55,0,2.55,0,1,1,6,6,2,2
2100,32,33,1.396708369,2.55,0,2.55,0,1,1,6,6,2,2
2100,20,21,1.396678585,2.55,0,2.55,0,0,0,6,6,2,2
2100,16,19,1.393338709,2.55,0,2.55,0,0,0,5,6,3,2
2100,27,30,1.393224548,2.55,0,2.55,0,1,1,5,6,3,2
2100,28,31,1.392491182,2.55,0,2.55,0,1,1,5,6,3,2
2100,17,22,1.392454425,2.55,0,2.55,0,0,0,5,6,3,2
2100,14,29,1.373548318,2.55,0,3.04,2,0,0,5,5,3,3
2100,15,18,1.373503461,2.55,0,3.04,2,0,0,5,5,3,3
2100,1,4,1.51617355,2.55,0,2.55,0,0,0,4,0,3,3
2100,3,9,1.515739666,2.55,0,2.55,0,0,0,4,0,3,3
2100,18,41,1.445007347,3.04,2,2.55,0,0,0,5,0,3,1
2100,29,40,1.444931196,3.04,2,2.55,0,0,0,5,0,3,1
2100,11,12,1.427249604,3.44,1,2.55,0,0,0,0,0,2,1
2100,6,8,1.427238633,3.44,1,2.55,0,0,0,0,0,2,1
2100,4,6,1.343650181,2.55,0,3.44,1,0,0,0,0,3,2
2100,9,11,1.343121057,2.55,0,3.44,1,0,0,0,0,3,2
2100,14,34,1.218340852,2.55,0,3.44,1,0,0,5,0,3,1
2100,15,26,1.218205402,2.55,0,3.44,1,0,0,5,0,3,1
2100,9,13,1.206110734,2.55,0,3.44,1,0,0,0,0,3,1
2100,4,7,1.206000014,2.55,0,3.44,1,0,0,0,0,3,1
2101,0,2,1.609271346,2.55,0,2.55,0,0,0,4,4,4,4
2101,2,3,1.567342692,2.55,0,2.55,0,0,0,4,4,4,3
2101,0,1,1.567115096,2.55,0,2.55,0,0,0,4,4,4,3
2101,0,14,1.550711058,2.55,0,2.55,0,0,0,4,5,4,3
2101,2,15,1.55064432,2.55,0,2.55,0,0,0,4,5,4,3
2101,1,3,1.547540278,2.55,0,2.55,0,0,0,4,4,3,3
2101,0,27,1.514759312,2.55,0,2.55,0,0,1,4,5,4,3
2101,2,16,1.514637616,2.55,0,2.55,0,0,1,4,5,4,3
2101,16,17,1.410809464,2.55,0,2.55,0,1,1,5,5,3,3
2101,27,28,1.41079766,2.55,0,2.55,0,1,1,5,5,3,3
2101,30,32,1.40403073,2.55,0,2.55,0,1,1,6,6,2,2
2101,19,20,1.404008642,2.55,0,2.55,0,1,1,6,6,2,2
2101,21,22,1.402044732,2.55,0,2.55,0,1,1,6,6,2,2
2101,31,33,1.402037521,2.55,0,2.55,0,1,1,6,6,2,2
2101,17,18,1.401478222,2.55,0,3.04,2,1,0,5,5,3,2
2101,28,29,1.401470634,2.55,0,3.04,2,1,0,5,5,3,2
2101,32,33,1.397538332,2.55,0,2.55,0,1,1,6,6,2,2
2101,20,21,1.397484754,2.55,0,2.55,0,1,1,6,6,2,2
2101,16,19,1.394307986,2.55,0,2.55,0,1,1,5,6,3,2
2101,27,30,1.394250302,2.55,0,2.55,0,1,1,5,6,3,2
2101,28,31,1.39140115,2.55,0,2.55,0,1,1,5,6,3,2
2101,17,22,1.391373079,2.55,0,2.55,0,1,1,5,6,3,2
2101,14,29,1.36918373,2.55,0,3.04,2,0,0,5,5,3,2
2101,15,18,1.369168245,2.55,0,3.04,2,0,0,5,5,3,2
2101,1,4,1.516360861,2.55,0,2.55,0,0,0,4,0,3,3
2101,3,9,1.515862882,2.55,0,2.55,0,0,0,4,0,3,3
2101,11,12,1.42752422,3.44,1,2.55,0,0,0,0,0,2,1
2101,6,8,1.427462132,3.44,1,2.55,0,0,0,0,0,2,1
2101,4,6,1.343395659,2.55,0,3.44,1,0,0,0,0,3,2
2101,9,11,1.342912461,2.55,0,3.44,1,0,0,0,0,3,2
2101,14,34,1.215787272,2.55,0,3.44,1,0,0,5,0,3,1
2101,15,26,1.215651197,2.55,0,3.44,1,0,0,5,0,3,1
2101,9,13,1.206045535,2.55,0,3.44,1,0,0,0,0,3,1
2101,4,7,1.205960213,2.55,0,3.44,1,0,0,0,0,3,1
2138-2,9,12,1.627234242,2.55,0,2.55,0,0,0,6,6,4,3
2138-2,10,11,1.590750479,2.55,0,2.55,0,0,0,6,6,3,3
2138-2,11,12,1.573007363,2.55,0,2.55,0,0,0,6,6,3,3
2138-2,5,9,1.531665841,2.55,0,2.55,0,0,0,6,6,3,4
2138-2,1,9,1.52592913,2.55,0,2.55,0,0,0,6,6,2,4
2138-2,4,10,1.512571218,2.55,0,2.55,0,0,0,6,6,3,3
2138-2,12,38,1.510131823,2.55,0,2.55,0,0,0,6,6,3,3
2138-2,0,10,1.506654355,2.55,0,2.55,0,0,0,6,6,2,3
2138-2,11,41,1.498036804,2.55,0,2.55,0,0,0,6,6,3,2
2138-2,39,40,1.487522672,2.55,0,2.55,0,0,0,6,6,3,3
2138-2,44,45,1.474519875,2.55,0,2.55,0,1,1,6,6,3,3
2138-2,45,52,1.448576985,2.55,0,2.55,0,1,1,6,6,3,2
2138-2,44,49,1.448359526,2.55,0,2.55,0,1,1,6,6,3,2
2138-2,50,51,1.446894013,2.55,0,2.55,0,1,1,6,6,2,2
2138-2,40,46,1.446094213,2.55,0,2.55,0,0,0,6,6,3,2
2138-2,39,43,1.44445754,2.55,0,2.55,0,0,0,6,6,3,2
2138-2,2,8,1.435169576,2.55,0,2.55,0,1,1,6,6,3,3
2138-2,4,5,1.428923613,2.55,0,2.55,0,0,0,6,6,3,3
2138-2,6,8,1.426897098,2.55,0,2.55,0,0,1,6,6,2,3
2138-2,2,3,1.425548438,2.55,0,2.55,0,1,0,6,6,3,2
2138-2,8,25,1.422644292,2.55,0,2.55,0,1,1,6,6,3,2
2138-2,2,22,1.422493908,2.55,0,2.55,0,1,1,6,6,3,2
2138-2,23,24,1.417536714,2.55,0,2.55,0,1,1,6,6,2,2
2138-2,22,23,1.380474368,2.55,0,2.55,0,1,1,6,6,2,2
2138-2,24,25,1.380412832,2.55,0,2.55,0,1,1,6,6,2,2
2138-2,5,6,1.377447042,2.55,0,2.55,0,0,0,6,6,3,2
2138-2,3,4,1.375090367,2.55,0,2.55,0,0,0,6,6,2,3
2138-2,43,44,1.374366761,2.55,0,2.55,0,0,1,6,6,2,3
2138-2,45,46,1.371346865,2.55,0,2.55,0,1,0,6,6,3,2
2138-2,38,39,1.367150435,2.55,0,2.55,0,0,0,6,6,3,3
2138-2,49,50,1.361669518,2.55,0,2.55,0,1,1,6,6,2,2
2138-2,51,52,1.361178805,2.55,0,2.55,0,1,1,6,6,2,2
2138-2,40,41,1.35842998,2.55,0,2.55,0,0,0,6,6,3,2
2138-2,0,1,1.337256047,2.55,0,2.55,0,0,0,6,6,2,2
2138-2,9,13,1.537063166,2.55,0,2.55,0,0,0,6,0,4,2
2138-2,13,33,1.525122361,2.55,0,2.55,0,0,0,0,0,2,2
2138-2,15,16,1.510326595,2.55,0,2.55,0,0,0,0,0,3,1
2138-2,57,59,1.507560711,2.55,0,2.55,0,0,0,0,0,1,3
2138-2,14,33,1.439374215,3.44,1,2.55,0,0,0,0,0,2,2
2138-2,38,61,1.39477498,2.55,0,3.44,1,0,0,6,0,3,2
2138-2,59,61,1.367962111,2.55,0,3.44,1,0,0,0,0,3,2
2138-2,14,15,1.350059413,3.44,1,2.55,0,0,0,0,0,2,3
2138-2,15,18,1.205717281,2.55,0,3.44,1,0,0,0,0,3,1
2138-2,58,59,1.200858136,3.44,1,2.55,0,0,0,0,0,1,3
2176,20,21,1.79474682,2.55,0,2.58,3,0,0,5,5,3,2
2176,2,21,1.753529048,2.55,0,2.58,3,0,0,5,5,3,2
2194,105,106,1.641421878,2.58,3,3.04,2,1,1,5,5,2,2
2194,104,105,1.640893952,3.04,2,2.58,3,1,1,5,5,2,2
2199,3,4,1.622462822,2.55,0,2.55,0,1,0,5,5,4,4
2199,0,1,1.608167461,2.55,0,2.55,0,1,0,5,5,4,3
2199,0,3,1.568649157,2.55,0,2.55,0,1,1,5,5,4,4
2199,0,6,1.543281277,2.55,0,2.55,0,1,1,5,5,4,3
2199,3,9,1.542331587,2.55,0,2.55,0,1,1,5,5,4,3
2199,4,5,1.523540024,2.55,0,2.55,0,0,0,5,5,4,3
2199,1,2,1.513488891,2.55,0,2.55,0,0,0,5,5,3,3
2199,4,13,1.427224489,2.55,0,3.44,1,0,0,5,5,4,2
2199,1,13,1.421287895,2.55,0,3.44,1,0,0,5,5,3,2
2199,38,39,1.404378322,2.55,0,2.55,0,0,0,6,6,2,2
2199,40,41,1.404292741,2.55,0,2.55,0,0,0,6,6,2,2
2199,2,5,1.402350067,2.55,0,2.55,0,0,0,5,5,3,3
2199,39,40,1.400700551,2.55,0,2.55,0,0,0,6,6,2,2
2199,6,8,1.393198827,2.55,0,3.04,2,1,1,5,5,3,3
2199,2,38,1.389747354,2.55,0,2.55,0,0,0,5,6,3,2
2199,5,41,1.389646655,2.55,0,2.55,0,0,0,5,6,3,2
2199,8,9,1.386977128,3.04,2,2.55,0,1,1,5,5,3,3
2199,14,15,1.527615796,2.55,0,2.55,0,0,0,0,0,2,2
2199,4,34,1.5147574,2.55,0,2.55,0,0,0,5,0,4,2
2199,31,33,1.514420673,2.55,0,2.55,0,0,0,0,0,3,1
2199,17,18,1.503873845,2.55,0,2.55,0,0,0,0,0,3,1
2199,8,14,1.462070436,3.04,2,2.55,0,1,0,5,0,3,2
2199,3,10,1.459715153,2.55,0,2.55,0,1,0,5,0,4,2
2199,0,7,1.459319622,2.55,0,2.55,0,1,0,5,0,4,2
2199,15,16,1.426836484,2.55,0,3.44,1,0,0,0,0,2,2
2199,34,35,1.415394322,2.55,0,3.44,1,0,0,0,0,2,2
2199,31,35,1.368682116,2.55,0,3.44,1,0,0,0,0,3,2
2199,16,17,1.360851086,3.44,1,2.55,0,0,0,0,0,2,3
2199,17,22,1.205038151,2.55,0,3.44,1,0,0,0,0,3,1
2199,9,12,1.204763176,2.55,0,3.44,1,1,0,5,0,3,1
2199,6,11,1.202353779,2.55,0,3.44,1,1,0,5,0,3,1
2199,30,31,1.197899874,3.44,1,2.55,0,0,0,0,0,1,3
2199,10,27,1.158679746,2.55,0,3.04,2,0,0,0,0,2,1
2199,7,28,1.158316897,2.55,0,3.04,2,0,0,0,0,2,1
2206,1,2,1.554583662,2.55,0,2.55,0,0,0,3,3,3,3
2206,0,2,1.506721689,2.55,0,2.55,0,0,0,3,3,4,3
2206,0,1,1.506476437,2.55,0,2.55,0,0,0,3,3,4,3
2206,12,13,1.498928096,2.55,0,2.55,0,0,0,0,0,2,1
2206,7,8,1.498908255,2.55,0,2.55,0,0,0,0,0,2,1
2206,2,3,1.480891036,2.55,0,2.55,0,0,0,3,0,3,2
2206,1,6,1.48088805,2.55,0,2.55,0,0,0,3,0,3,2
2206,6,7,1.341087875,2.55,0,2.55,0,0,0,0,0,2,2
2206,3,12,1.341065712,2.55,0,2.55,0,0,0,0,0,2,2
2206-,1,2,1.548852549,2.55,0,2.55,0,0,0,3,3,3,3
2206-,0,2,1.506194487,2.55,0,2.55,0,0,0,3,3,4,3
2206-,0,1,1.506179776,2.55,0,2.55,0,0,0,3,3,4,3
2206-,7,8,1.49929473,2.55,0,2.55,0,0,0,0,0,2,1
2206-,12,13,1.499229768,2.55,0,2.55,0,0,0,0,0,2,1
2206-,1,6,1.480102039,2.55,0,2.55,0,0,0,3,0,3,2
2206-,2,3,1.479892821,2.55,0,2.55,0,0,0,3,0,3,2
2206-,6,7,1.340986329,2.55,0,2.55,0,0,0,0,0,2,2
2206-,3,12,1.340946323,2.55,0,2.55,0,0,0,0,0,2,2
2213,1,2,1.571017054,2.55,0,2.55,0,0,0,3,3,3,3
2213,0,1,1.502771607,2.55,0,2.55,0,0,0,3,3,4,3
2213,0,2,1.50250907,2.55,0,2.55,0,0,0,3,3,4,3
2213,7,8,1.458752998,2.55,0,2.55,0,0,0,0,0,2,1
2213,12,13,1.458635789,2.55,0,2.55,0,0,0,0,0,2,1
2213,1,6,1.437764277,2.55,0,2.55,0,0,0,3,0,3,2
2213,2,3,1.437670717,2.55,0,2.55,0,0,0,3,0,3,2
2213,6,7,1.21335713,2.55,0,2.55,0,0,0,0,0,2,2
2213,3,12,1.213326002,2.55,0,2.55,0,0,0,0,0,2,2
2214,1,2,1.554565387,2.55,0,2.55,0,0,0,3,3,3,3
2214,0,2,1.514926536,2.55,0,2.55,0,0,0,3,3,4,3
2214,0,1,1.514835973,2.55,0,2.55,0,0,0,3,3,4,3
2214,12,13,1.458535346,2.55,0,2.55,0,0,0,0,0,2,1
2214,7,8,1.458449696,2.55,0,2.55,0,0,0,0,0,2,1
2214,2,3,1.437564818,2.55,0,2.55,0,0,0,3,0,3,2
2214,1,6,1.437447305,2.55,0,2.55,0,0,0,3,0,3,2
2214,3,12,1.213265243,2.55,0,2.55,0,0,0,0,0,2,2
2214,6,7,1.213207801,2.55,0,2.55,0,0,0,0,0,2,2
2215,1,2,1.570565465,2.55,0,2.55,0,0,0,3,3,3,3
2215,0,1,1.503283987,2.55,0,2.55,0,0,0,3,3,4,3
2215,0,2,1.503046471,2.55,0,2.55,0,0,0,3,3,4,3
2215,12,13,1.458740739,2.55,0,2.55,0,0,0,0,0,2,1
2215,7,8,1.458727311,2.55,0,2.55,0,0,0,0,0,2,1
2215,2,3,1.436671578,2.55,0,2.55,0,0,0,3,0,3,2
2215,1,6,1.436669814,2.55,0,2.55,0,0,0,3,0,3,2
2215,3,12,1.213213453,2.55,0,2.55,0,0,0,0,0,2,2
2215,6,7,1.2131966,2.55,0,2.55,0,0,0,0,0,2,2
2231,9,10,1.555584104,2.55,0,2.55,0,0,0,6,6,2,2
2231,1,2,1.547448105,2.55,0,2.55,0,0,0,3,3,4,4
2231,3,10,1.540984051,2.55,0,2.55,0,0,0,6,6,2,2
2231,6,9,1.540357235,2.55,0,2.55,0,0,0,6,6,2,2
2231,2,3,1.532812812,2.55,0,2.55,0,0,0,3,6,4,2
2231,1,6,1.532692916,2.55,0,2.55,0,0,0,3,6,4,2
2231,0,2,1.516733945,2.55,0,2.55,0,0,0,3,3,4,4
2231,0,1,1.516167997,2.55,0,2.55,0,0,0,3,3,4,4
2231,1,5,1.519801509,2.55,0,2.55,0,0,0,3,0,4,1
2231,2,4,1.519680561,2.55,0,2.55,0,0,0,3,0,4,1
2231-3,9,10,1.555671232,2.55,0,2.55,0,0,0,6,6,2,2
2231-3,3,10,1.544634934,2.55,0,2.55,0,0,0,6,6,3,2
2231-3,6,9,1.543937438,2.55,0,2.55,0,0,0,6,6,2,2
2231-3,1,2,1.532815859,2.55,0,2.55,0,0,0,3,3,4,3
2231-3,1,6,1.529851769,2.55,0,2.55,0,0,0,3,6,4,2
2231-3,2,3,1.52632946,2.55,0,2.55,0,0,0,3,6,3,3
2231-3,0,1,1.516932228,2.55,0,2.55,0,0,0,3,3,4,4
2231-3,0,2,1.504154213,2.55,0,2.55,0,0,0,3,3,4,3
2231-3,3,12,1.531221944,2.55,0,2.55,0,0,0,6,0,3,1
2231-3,1,5,1.518542975,2.55,0,2.55,0,0,0,3,0,4,1
2239,1,2,1.552747557,2.55,0,2.55,0,0,0,3,3,4,4
2239,6,9,1.546552851,2.55,0,2.55,0,0,0,5,5,2,2
2239,3,9,1.546168279,2.55,0,2.55,0,0,0,5,5,2,2
2239,1,6,1.542561403,2.55,0,2.55,0,0,0,3,5,4,2
2239,2,3,1.532938499,2.55,0,2.55,0,0,0,3,5,4,2
2239,0,1,1.5177507,2.55,0,2.55,0,0,0,3,3,4,4
2239,0,2,1.509007948,2.55,0,2.55,0,0,0,3,3,4,4
2239,40,42,1.42645727,3.44,1,2.55,0,0,0,5,5,2,2
2239,41,42,1.423853518,3.44,1,2.55,0,0,0,5,5,2,2
2239,5,23,1.420069167,2.55,0,2.55,0,0,0,6,6,3,2
2239,19,20,1.418628789,2.55,0,2.55,0,0,0,6,6,3,2
2239,5,19,1.41330148,2.55,0,2.55,0,0,0,6,6,3,3
2239,21,22,1.395318405,2.55,0,2.55,0,0,0,5,5,3,3
2239,20,21,1.379486215,2.55,0,2.55,0,0,0,6,5,2,3
2239,22,23,1.378596978,2.55,0,2.55,0,0,0,5,6,3,2
2239,22,41,1.370151721,2.55,0,3.44,1,0,0,5,5,3,2
2239,21,40,1.367874446,2.55,0,3.44,1,0,0,5,5,3,2
2239,26,27,1.531240871,2.55,0,2.55,0,0,0,0,0,2,2
2239,33,34,1.51790883,2.55,0,2.55,0,0,0,0,0,2,1
2239,19,26,1.516018848,2.55,0,2.55,0,0,0,6,0,3,2
2239,2,4,1.515543926,2.55,0,2.55,0,0,0,3,0,4,1
2239,1,5,1.510526445,2.55,0,2.55,0,0,0,3,6,4,3
2239,30,33,1.411376978,3.44,1,2.55,0,0,0,0,0,2,2
2239,27,30,1.408460021,2.55,0,3.44,1,0,0,0,0,2,2
2243,14,15,1.532822124,2.55,0,2.55,0,0,0,3,3,3,3
2243,10,11,1.531390632,2.55,0,2.55,0,0,0,3,3,3,3
2243,10,12,1.496013869,2.55,0,2.55,0,0,0,3,3,3,4
2243,14,16,1.495608806,2.55,0,2.55,0,0,0,3,3,3,4
2243,11,12,1.488237751,2.55,0,2.55,0,0,0,3,3,3,4
2243,15,16,1.48771005,2.55,0,2.55,0,0,0,3,3,3,4
2243,4,5,1.403712419,2.55,0,2.55,0,1,1,6,6,3,2
2243,1,2,1.403504059,2.55,0,2.55,0,1,1,6,6,3,2
2243,3,4,1.402907775,2.55,0,2.55,0,1,1,6,6,2,3
2243,0,1,1.402778887,2.55,0,2.55,0,1,1,6,6,2,3
2243,0,3,1.396852626,2.55,0,2.55,0,1,1,6,6,2,2
2243,2,5,1.395349881,2.55,0,2.55,0,1,1,6,6,2,2
2243,24,30,1.506158125,2.55,0,2.55,0,0,0,0,0,3,1
2243,28,34,1.505835809,2.55,0,2.55,0,0,0,0,0,3,1
2243,4,14,1.499207832,2.55,0,2.55,0,1,0,6,3,3,3
2243,1,10,1.498926395,2.55,0,2.55,0,1,0,6,3,3,3
2243,11,22,1.400988977,2.55,0,3.44,1,0,0,3,0,3,2
2243,15,26,1.400835872,2.55,0,3.44,1,0,0,3,0,3,2
2243,26,28,1.367406426,3.44,1,2.55,0,0,0,0,0,2,3
2243,22,24,1.366967786,3.44,1,2.55,0,0,0,0,0,2,3
2243,28,29,1.200942264,2.55,0,3.44,1,0,0,0,0,3,1
2243,24,25,1.200914085,2.55,0,3.44,1,0,0,0,0,3,1
2244,0,1,1.543006363,2.55,0,2.55,0,0,0,3,3,4,3
2244,32,33,1.536600196,2.55,0,2.55,0,0,0,6,6,2,2
2244,26,27,1.536100067,2.55,0,2.55,0,0,0,6,6,2,2
2244,3,4,1.5353321,2.55,0,2.55,0,0,0,3,3,4,3
2244,3,26,1.524425831,2.55,0,2.55,0,0,0,3,6,4,2
2244,0,33,1.524210351,2.55,0,2.55,0,0,0,3,6,4,2
2244,3,32,1.523662862,2.55,0,2.55,0,0,0,3,6,4,2
2244,0,27,1.52353717,2.55,0,2.55,0,0,0,3,6,4,2
2244,3,5,1.499792196,2.55,0,2.55,0,0,0,3,3,4,4
2244,0,2,1.493714929,2.55,0,2.55,0,0,0,3,3,4,4
2244,1,2,1.491344148,2.55,0,2.55,0,0,0,3,3,3,4
2244,4,5,1.490725148,2.55,0,2.55,0,0,0,3,3,3,4
2244,12,18,1.506395216,2.55,0,2.55,0,0,0,0,0,3,1
2244,16,22,1.506171581,2.55,0,2.55,0,0,0,0,0,3,1
2244,1,10,1.402634296,2.55,0,3.44,1,0,0,3,0,3,2
2244,4,14,1.402285989,2.55,0,3.44,1,0,0,3,0,3,2
2244,14,16,1.366565333,3.44,1,2.55,0,0,0,0,0,2,3
2244,10,12,1.3665243,3.44,1,2.55,0,0,0,0,0,2,3
2244,16,17,1.200993579,2.55,0,3.44,1,0,0,0,0,3,1
2244,12,13,1.20090813,2.55,0,3.44,1,0,0,0,0,3,1
2255,0,1,1.497381021,3.04,2,2.55,0,0,0,3,3,3,4
2255,1,2,1.496047709,2.55,0,2.55,0,0,0,3,3,4,3
2255,28,29,1.495648096,2.55,0,2.55,0,0,1,5,5,3,3
2255,26,27,1.494789141,2.55,0,2.55,0,0,1,5,5,3,3
2255,0,2,1.478277635,3.04,2,2.55,0,0,0,3,3,3,3
2255,25,26,1.41113163,3.04,2,2.55,0,0,0,5,5,3,3
2255,25,28,1.410323479,3.04,2,2.55,0,0,0,5,5,3,3
2255,32,33,1.404812821,2.55,0,2.55,0,1,1,6,6,2,2
2255,30,31,1.404775053,2.55,0,2.55,0,1,1,6,6,2,2
2255,31,32,1.402187774,2.55,0,2.55,0,1,1,6,6,2,2
2255,27,29,1.397598514,2.55,0,2.55,0,1,1,5,5,3,3
2255,27,30,1.389258876,2.55,0,2.55,0,1,1,5,6,3,2
2255,29,33,1.389144977,2.55,0,2.55,0,1,1,5,6,3,2
2255,6,7,1.534744962,2.55,0,2.55,0,0,0,0,0,2,2
2255,3,8,1.533628692,2.55,0,2.55,0,0,0,0,0,2,2
2255,7,13,1.529775887,2.55,0,2.55,0,0,0,0,0,2,1
2255,8,9,1.529197243,2.55,0,2.55,0,0,0,0,0,2,1
2255,1,6,1.52444097,2.55,0,2.55,0,0,0,3,0,4,2
2255,1,5,1.518476072,2.55,0,2.55,0,0,0,3,0,4,1
2255,2,3,1.514328841,2.55,0,2.55,0,0,0,3,0,3,2
2255,0,25,1.400951155,3.04,2,3.04,2,0,0,3,5,3,3
2255,28,39,1.209252187,2.55,0,3.44,1,0,0,5,0,3,1
2255,26,38,1.208223032,2.55,0,3.44,1,0,0,5,0,3,1
2255-2,27,28,1.494782094,2.55,0,2.55,0,0,1,5,5,3,3
2255-2,25,26,1.494665277,2.55,0,2.55,0,0,1,5,5,3,3
2255-2,1,2,1.494104442,2.55,0,2.55,0,0,0,3,3,3,4
2255-2,0,2,1.49123815,3.04,2,2.55,0,0,0,3,3,3,4
2255-2,0,1,1.490264087,3.04,2,2.55,0,0,0,3,3,3,3
2255-2,24,25,1.414341801,3.04,2,2.55,0,0,0,5,5,3,3
2255-2,24,27,1.41265298,3.04,2,2.55,0,0,0,5,5,3,3
2255-2,29,30,1.404797873,2.55,0,2.55,0,1,1,6,6,2,2
2255-2,31,32,1.404766694,2.55,0,2.55,0,1,1,6,6,2,2
2255-2,30,31,1.402194046,2.55,0,2.55,0,1,1,6,6,2,2
2255-2,26,28,1.397392851,2.55,0,2.55,0,1,1,5,5,3,3
2255-2,26,29,1.389395049,2.55,0,2.55,0,1,1,5,6,3,2
2255-2,28,32,1.389237333,2.55,0,2.55,0,1,1,5,6,3,2
2255-2,5,6,1.538331676,2.55,0,2.55,0,0,0,0,0,2,2
2255-2,3,7,1.533797829,2.55,0,2.55,0,0,0,0,0,2,2
2255-2,6,12,1.530998194,2.55,0,2.55,0,0,0,0,0,2,1
2255-2,7,8,1.53000089,2.55,0,2.55,0,0,0,0,0,2,1
2255-2,2,3,1.525590154,2.55,0,2.55,0,0,0,3,0,4,2
2255-2,1,5,1.52190917,2.55,0,2.55,0,0,0,3,0,3,2
2255-2,2,4,1.518415707,2.55,0,2.55,0,0,0,3,0,4,1
2255-2,0,24,1.401023077,3.04,2,3.04,2,0,0,3,5,3,3
2255-2,27,38,1.208327047,2.55,0,3.44,1,0,0,5,0,3,1
2255-2,25,37,1.207514623,2.55,0,3.44,1,0,0,5,0,3,1
2272-2,0,2,1.502802836,2.55,0,2.55,0,0,0,3,3,4,3
2272-2,0,1,1.418148745,2.55,0,3.44,1,0,0,3,3,4,2
2272-2,1,2,1.418029461,3.44,1,2.55,0,0,0,3,3,2,3
2272-2,3,20,1.405433191,2.55,0,2.55,0,1,1,6,6,3,2
2272-2,4,9,1.404767317,2.55,0,2.55,0,0,0,6,6,3,2
2272-2,3,5,1.403829829,2.55,0,2.55,0,1,1,6,6,3,2
2272-2,10,11,1.40220474,2.55,0,2.55,0,0,0,6,6,2,3
2272-2,7,11,1.400901558,2.55,0,2.55,0,0,0,6,6,2,3
2272-2,4,6,1.400817594,2.55,0,2.55,0,0,0,6,6,3,2
2272-2,6,7,1.399061435,2.55,0,2.55,0,0,0,6,6,2,2
2272-2,19,28,1.398766777,2.55,0,2.55,0,1,1,6,6,2,2
2272-2,5,18,1.397711378,2.55,0,2.55,0,1,1,6,6,2,2
2272-2,18,19,1.397704606,2.55,0,2.55,0,1,1,6,6,2,2
2272-2,20,28,1.397292285,2.55,0,2.55,0,1,1,6,6,2,2
2272-2,9,10,1.39149224,2.55,0,2.55,0,0,0,6,6,2,2
2272-2,0,21,1.519942814,2.55,0,2.55,0,0,0,3,0,4,3
2272-2,17,34,1.509103925,2.55,0,2.55,0,0,0,0,0,3,1
2272-2,0,3,1.508724154,2.55,0,2.55,0,0,1,3,6,4,3
2272-2,2,4,1.49260294,2.55,0,2.55,0,0,0,3,6,3,3
2272-2,22,23,1.431435328,3.44,1,2.55,0,0,0,0,0,2,1
2272-2,11,16,1.386584148,2.55,0,3.44,1,0,0,6,0,3,2
2272-2,16,17,1.362067216,3.44,1,2.55,0,0,0,0,0,2,3
2272-2,21,22,1.335448381,2.55,0,3.44,1,0,0,0,0,3,2
2272-2,21,27,1.207785502,2.55,0,3.44,1,0,0,0,0,3,1
2272-2,17,38,1.202393188,2.55,0,3.44,1,0,0,0,0,3,1
2272-3,0,2,1.50305212,2.55,0,2.55,0,0,0,3,3,4,3
2272-3,1,2,1.41992448,3.44,1,2.55,0,0,0,3,3,2,3
2272-3,0,1,1.415210233,2.55,0,3.44,1,0,0,3,3,4,2
2272-3,4,9,1.407750147,2.55,0,2.55,0,0,0,6,6,3,2
2272-3,10,11,1.407329211,2.55,0,2.55,0,0,0,6,6,2,3
2272-3,3,5,1.405432687,2.55,0,2.55,0,1,1,6,6,3,2
2272-3,7,11,1.404855876,2.55,0,2.55,0,0,0,6,6,2,3
2272-3,3,20,1.403708833,2.55,0,2.55,0,1,1,6,6,3,2
2272-3,4,6,1.400268691,2.55,0,2.55,0,0,0,6,6,3,2
2272-3,18,19,1.398844272,2.55,0,2.55,0,1,1,6,6,2,2
2272-3,6,7,1.398523365,2.55,0,2.55,0,0,0,6,6,2,2
2272-3,20,28,1.397878537,2.55,0,2.55,0,1,1,6,6,2,2
2272-3,19,28,1.397612604,2.55,0,2.55,0,1,1,6,6,2,2
2272-3,5,18,1.397044022,2.55,0,2.55,0,1,1,6,6,2,2
2272-3,9,10,1.390331694,2.55,0,2.55,0,0,0,6,6,2,2
2272-3,0,21,1.522335466,2.55,0,2.55,0,0,0,3,0,4,3
2272-3,17,34,1.517126438,2.55,0,2.55,0,0,0,0,0,2,1
2272-3,0,3,1.509582224,2.55,0,2.55,0,0,1,3,6,4,3
2272-3,2,4,1.491242219,2.55,0,2.55,0,0,0,3,6,3,3
2272-3,22,23,1.430757839,3.44,1,2.55,0,0,0,0,0,2,1
2272-3,16,17,1.419168654,3.44,1,2.55,0,0,0,0,0,2,2
2272-3,11,16,1.356205618,2.55,0,3.44,1,0,0,6,0,3,2
2272-3,21,22,1.344205702,2.55,0,3.44,1,0,0,0,0,3,2
2272-3,21,27,1.202871115,2.55,0,3.44,1,0,0,0,0,3,1
2281,0,2,1.580040497,2.55,0,2.55,0,0,0,4,4,3,3
2281,1,5,1.570519694,2.55,0,2.55,0,0,0,4,4,3,3
2281,0,1,1.555910779,2.55,0,2.55,0,0,0,4,4,3,3
2281,2,5,1.544716242,2.55,0,2.55,0,0,0,4,4,3,3
2281,3,21,1.544166405,2.55,0,2.55,0,0,0,6,6,3,2
2281,6,14,1.542412497,2.55,0,2.55,0,0,0,6,6,3,2
2281,3,17,1.541220408,2.55,0,2.55,0,0,0,6,6,3,2
2281,6,12,1.540780712,2.55,0,2.55,0,0,0,6,6,3,2
2281,15,16,1.5392004,2.55,0,2.55,0,0,0,6,6,2,3
2281,13,16,1.538723211,2.55,0,2.55,0,0,0,6,6,2,3
2281,19,20,1.537530379,2.55,0,2.55,0,0,0,6,6,3,2
2281,18,19,1.536554272,2.55,0,2.55,0,0,0,6,6,2,3
2281,14,15,1.535381189,2.55,0,2.55,0,0,0,6,6,2,2
2281,20,21,1.534442495,2.55,0,2.55,0,0,0,6,6,2,2
2281,17,18,1.533979519,2.55,0,2.55,0,0,0,6,6,2,2
2281,12,13,1.532865309,2.55,0,2.55,0,0,0,6,6,2,2
2281,32,35,1.544170062,2.55,0,2.55,0,0,0,7,7,2,2
2281,0,3,1.542587954,2.55,0,2.55,0,0,0,4,6,3,3
2281,29,32,1.539757667,2.55,0,2.55,0,0,0,7,7,2,2
2281,16,45,1.538723318,2.55,0,2.55,0,0,0,6,0,3,2
2281,19,44,1.538391702,2.55,0,2.55,0,0,0,6,0,3,2
2281,25,35,1.535677386,2.55,0,2.55,0,0,0,7,7,2,2
2281,2,6,1.534215943,2.55,0,2.55,0,0,0,4,6,3,3
2281,45,47,1.530959617,2.55,0,2.55,0,0,0,0,0,2,1
2281,44,46,1.530930937,2.55,0,2.55,0,0,0,0,0,2,1
2281,24,25,1.524669346,2.55,0,2.55,0,0,0,7,7,2,2
2281,28,29,1.524139171,2.55,0,2.55,0,0,0,7,7,2,2
2281,1,10,1.518693542,2.55,0,2.55,0,0,0,4,7,3,3
2281,5,9,1.510336919,2.55,0,2.55,0,0,0,4,7,3,3
2281,23,24,1.442293828,3.44,1,2.55,0,0,0,7,7,2,2
2281,22,28,1.441342574,3.44,1,2.55,0,0,0,7,7,2,2
2281,10,22,1.349877685,2.55,0,3.44,1,0,0,7,7,3,2
2281,9,23,1.34637853,2.55,0,3.44,1,0,0,7,7,3,2
2281,9,43,1.209634263,2.55,0,3.44,1,0,0,7,0,3,1
2281,10,42,1.206224341,2.55,0,3.44,1,0,0,7,0,3,1
2282,1,4,1.561157709,2.55,0,2.55,0,0,0,4,4,3,3
2282,2,4,1.520807506,2.55,0,2.55,0,0,0,4,4,3,3
2282,0,1,1.517344535,2.55,0,2.55,0,0,0,4,4,3,3
2282,3,15,1.411370907,2.55,0,2.55,0,0,0,6,6,3,2
2282,3,19,1.411224323,2.55,0,2.55,0,0,0,6,6,3,2
2282,5,6,1.411153253,2.55,0,2.55,0,0,0,6,6,3,2
2282,5,8,1.411026298,2.55,0,2.55,0,0,0,6,6,3,2
2282,7,10,1.400003532,2.55,0,2.55,0,0,0,6,6,2,2
2282,16,17,1.399989026,2.55,0,2.55,0,0,0,6,6,2,2
2282,17,18,1.398305483,2.55,0,2.55,0,0,0,6,6,2,2
2282,9,10,1.397990274,2.55,0,2.55,0,0,0,6,6,2,2
2282,18,19,1.396524867,2.55,0,2.55,0,0,0,6,6,2,2
2282,8,9,1.395805647,2.55,0,2.55,0,0,0,6,6,2,2
2282,15,16,1.394849965,2.55,0,2.55,0,0,0,6,6,2,2
2282,6,7,1.394548209,2.55,0,2.55,0,0,0,6,6,2,2
2282,0,2,1.369397938,2.55,0,2.55,0,0,0,4,4,3,3
2282,30,31,1.511329745,2.55,0,2.55,0,0,0,0,0,3,1
2282,35,36,1.508464048,2.55,0,2.55,0,0,0,0,0,3,1
2282,0,3,1.463575063,2.55,0,2.55,0,0,0,4,6,3,3
2282,2,5,1.462621345,2.55,0,2.55,0,0,0,4,6,3,3
2282,1,28,1.429604812,2.55,0,3.44,1,0,0,4,0,3,2
2282,4,27,1.429059948,2.55,0,3.44,1,0,0,4,0,3,2
2282,27,30,1.358422298,3.44,1,2.55,0,0,0,0,0,2,3
2282,28,35,1.35286888,3.44,1,2.55,0,0,0,0,0,2,3
2282,35,41,1.206665919,2.55,0,3.44,1,0,0,0,0,3,1
2282,30,40,1.201772198,2.55,0,3.44,1,0,0,0,0,3,1
2283,1,4,1.553377394,2.55,0,2.55,0,0,0,4,4,3,3
2283,0,1,1.519044458,2.55,0,2.55,0,0,0,4,4,3,3
2283,2,4,1.518150609,2.55,0,2.55,0,0,0,4,4,3,3
2283,3,15,1.411356075,2.55,0,2.55,0,0,0,6,6,3,2
2283,5,8,1.41111327,2.55,0,2.55,0,0,0,6,6,3,2
2283,3,19,1.411011871,2.55,0,2.55,0,0,0,6,6,3,2
2283,5,6,1.410822801,2.55,0,2.55,0,0,0,6,6,3,2
2283,9,10,1.400330572,2.55,0,2.55,0,0,0,6,6,2,2
2283,16,17,1.400307141,2.55,0,2.55,0,0,0,6,6,2,2
2283,17,18,1.398226398,2.55,0,2.55,0,0,0,6,6,2,2
2283,7,10,1.398188935,2.55,0,2.55,0,0,0,6,6,2,2
2283,18,19,1.396749654,2.55,0,2.55,0,0,0,6,6,2,2
2283,6,7,1.396263256,2.55,0,2.55,0,0,0,6,6,2,2
2283,15,16,1.394521096,2.55,0,2.55,0,0,0,6,6,2,2
2283,8,9,1.394423397,2.55,0,2.55,0,0,0,6,6,2,2
2283,0,2,1.367183795,2.55,0,2.55,0,0,0,4,4,3,3
2283,30,31,1.509453627,2.55,0,2.55,0,0,0,0,0,3,1
2283,35,36,1.50897347,2.55,0,2.55,0,0,0,0,0,3,1
2283,0,3,1.462183733,2.55,0,2.55,0,0,0,4,6,3,3
2283,2,5,1.460800329,2.55,0,2.55,0,0,0,4,6,3,3
2283,1,28,1.433259008,2.55,0,3.44,1,0,0,4,0,3,2
2283,4,27,1.43157434,2.55,0,3.44,1,0,0,4,0,3,2
2283,27,30,1.354677148,3.44,1,2.55,0,0,0,0,0,2,3
2283,28,35,1.351808563,3.44,1,2.55,0,0,0,0,0,2,3
2283,35,41,1.206844039,2.55,0,3.44,1,0,0,0,0,3,1
2283,30,40,1.204564368,2.55,0,3.44,1,0,0,0,0,3,1