Molecule,Atom 1,Atom 2,Bond Length,Standardised Bond Length,Cos Part Angles,Cos(Length),InRing_B,Mayer,Elecneg_1,Ele_1,Elecneg_2,Ele_2,InConj_1,InConj_2,InRing_1,InRing_2,Bond Type,MullikenCharge1,MullikenCharge2,Neighbour1,Neighbour2,MaxRing,Ratio,IsBroken,,,,
1,2,4,1.563574854,1.023281972,0.974307135,1.523402136,4,1.04059988,2.55,0,2.55,0,0,0,4,4,0,-0.064145,-0.077219,3,3,4,0.25,1,,,,
1,20,21,1.521542959,0.995774188,0.666628911,1.014304526,0,1.07426637,2.55,0,2.55,0,0,0,0,0,0,0.222945,0.192931,2,2,0,0,0,,,,
1,17,16,1.516091922,0.992206756,0.647441196,0.981580368,0,1.0455706,2.55,0,2.55,0,0,0,0,0,0,0.211758,0.213321,2,2,0,0,0,,,,
1,4,11,1.512668201,0.9899661,0.7304203,1.104883562,0,0.93687101,2.55,0,2.55,0,0,0,4,0,0,-0.077219,0.202643,3,3,0,0,0,,,,
1,0,2,1.510638742,0.98863792,0.735247189,1.110692888,0,0.95291791,2.55,0,2.55,0,0,0,0,4,0,0.211492,-0.064145,3,3,0,0,0,,,,
1,35,36,1.509123966,0.987646575,0.844821969,1.27494108,0,1.04416683,2.55,0,2.55,0,0,0,0,0,0,0.119778,0.050022,3,1,0,0,0,,,,
1,31,30,1.508871486,0.987481339,0.844695779,1.274537376,0,1.04430422,2.55,0,2.55,0,0,0,0,0,0,0.050978,0.118058,1,3,0,0,0,,,,
1,15,20,1.432483693,1.018112078,0.819279857,1.173605036,0,0.90748416,3.44,1,2.55,0,0,0,0,0,1,-0.297731,0.222945,2,2,0,0,0,,,,
1,16,1,1.431766561,1.017602388,0.680804402,0.974752977,0,0.89998347,2.55,0,3.44,1,0,0,0,0,1,0.213321,-0.311833,2,2,0,0,0,,,,
1,21,27,1.430757324,1.016885092,0.678306548,0.970492061,0,0.91308906,2.55,0,3.44,1,0,0,0,0,1,0.192931,-0.328512,2,2,0,0,0,,,,
1,24,17,1.429676621,1.016117002,0.678454994,0.969971244,0,0.91083394,3.44,1,2.55,0,0,0,0,0,1,-0.327807,0.211758,2,2,0,0,0,,,,
1,30,24,1.353279848,0.961819366,0.6865098,0.929039878,0,1.12797007,2.55,0,3.44,1,0,0,0,0,1,0.118058,-0.327807,3,2,0,0,0,,,,
1,27,35,1.352507326,0.96127031,0.686182469,0.928066816,0,1.12886633,3.44,1,2.55,0,0,0,0,0,1,-0.328512,0.119778,2,3,0,0,0,,,,
1,11,15,1.346103592,0.956718971,0.693248782,0.933184675,0,1.18876175,2.55,0,3.44,1,0,0,0,0,1,0.202643,-0.297731,3,2,0,0,0,,,,
1,1,0,1.345926609,0.956593183,0.688646344,0.926867438,0,1.18236971,3.44,1,2.55,0,0,0,0,0,1,-0.311833,0.211492,2,3,0,0,0,,,,
2,2,4,1.566851256,1.025426214,0.837138021,1.311670759,4,1.00505578,2.55,0,2.55,0,0,0,4,4,0,-0.075748,-0.07726,3,3,4,0.25,1,,,,
2,17,16,1.516331788,0.992363736,0.648230585,0.982932642,0,1.0451141,2.55,0,2.55,0,0,0,0,0,0,0.210292,0.214366,2,2,0,0,0,,,,
2,20,21,1.516180073,0.992264446,0.648069661,0.982590306,0,1.04482062,2.55,0,2.55,0,0,0,0,0,0,0.214784,0.210321,2,2,0,0,0,,,,
2,4,11,1.510131251,0.988305792,0.917205473,1.385100648,0,0.96982075,2.55,0,2.55,0,0,0,4,0,0,-0.07726,0.206172,3,3,0,0,0,,,,
2,0,2,1.510129799,0.988304842,0.911003571,1.375733639,0,0.96943505,2.55,0,2.55,0,0,0,0,4,0,0.205541,-0.075748,3,3,0,0,0,,,,
2,35,36,1.508580056,0.987290613,0.844678359,1.274264926,0,1.04426613,2.55,0,2.55,0,0,0,0,0,0,0.118884,0.050081,3,1,0,0,0,,,,
2,31,30,1.508579229,0.987290072,0.844584441,1.274122545,0,1.04415496,2.55,0,2.55,0,0,0,0,0,0,0.049999,0.118871,1,3,0,0,0,,,,
2,16,1,1.430551267,1.01673864,0.681197301,0.974487662,0,0.90044555,2.55,0,3.44,1,0,0,0,0,1,0.214366,-0.327503,2,2,0,0,0,,,,
2,15,20,1.430444732,1.016662923,0.68098075,0.974105327,0,0.90024025,3.44,1,2.55,0,0,0,0,0,1,-0.327614,0.214784,2,2,0,0,0,,,,
2,24,17,1.429078403,1.015691829,0.679518642,0.971085415,0,0.91250035,3.44,1,2.55,0,0,0,0,0,1,-0.327512,0.210292,2,2,0,0,0,,,,
2,21,27,1.428859186,1.015536024,0.679379092,0.970737057,0,0.9126215,2.55,0,3.44,1,0,0,0,0,1,0.210321,-0.327471,2,2,0,0,0,,,,
2,30,24,1.35394593,0.962292772,0.68630097,0.929214405,0,1.1266737,2.55,0,3.44,1,0,0,0,0,1,0.118871,-0.327512,3,2,0,0,0,,,,
2,27,35,1.353920364,0.962274601,0.686191278,0.929048345,0,1.12668419,3.44,1,2.55,0,0,0,0,0,1,-0.327471,0.118884,2,3,0,0,0,,,,
2,1,0,1.352520249,0.961279494,0.690003008,0.93324304,0,1.16034954,3.44,1,2.55,0,0,0,0,0,1,-0.327503,0.205541,2,3,0,0,0,,,,
2,11,15,1.352456745,0.961234361,0.68976477,0.932877016,0,1.1600152,2.55,0,3.44,1,0,0,0,0,1,0.206172,-0.327614,3,2,0,0,0,,,,
3,2,4,1.581420806,1.034961261,0.979825306,1.549516125,4,1.0148796,2.55,0,2.55,0,0,0,4,4,0,-0.376695,-0.005578,4,3,4,0.25,1,,,,
3,0,2,1.534751548,1.004418552,0.733530482,1.125787043,0,0.85522737,2.55,0,2.55,0,0,0,0,4,0,0.265088,-0.376695,3,4,0,0,0,,,,
3,20,21,1.521401978,0.995681923,0.664837969,1.011485801,0,1.07484272,2.55,0,2.55,0,0,0,0,0,0,0.221312,0.192811,2,2,0,0,0,,,,
3,17,16,1.516027306,0.992164467,0.646048082,0.979426534,0,1.04655467,2.55,0,2.55,0,0,0,0,0,0,0.210241,0.211368,2,2,0,0,0,,,,
3,4,11,1.514926022,0.991443732,0.724484494,1.097540412,0,0.93185244,2.55,0,2.55,0,0,0,4,0,0,-0.005578,0.212996,3,3,0,0,0,,,,
3,35,36,1.508508719,0.987243926,0.844644195,1.274153133,0,1.04522239,2.55,0,2.55,0,0,0,0,0,0,0.12001,0.050446,3,1,0,0,0,,,,
3,31,30,1.508247725,0.987073118,0.844389267,1.27354819,0,1.04529736,2.55,0,2.55,0,0,0,0,0,0,0.051111,0.11873,1,3,0,0,0,,,,
3,16,1,1.43651172,1.020974925,0.682244974,0.9800529,0,0.88421549,2.55,0,3.44,1,0,0,0,0,1,0.211368,-0.302351,2,2,0,0,0,,,,
3,15,20,1.435389115,1.020177054,0.815418592,1.170442972,0,0.89686853,3.44,1,2.55,0,0,0,0,0,1,-0.291883,0.221312,2,2,0,0,0,,,,
3,21,27,1.429129904,1.015728432,0.677388464,0.96807611,0,0.91763646,2.55,0,3.44,1,0,0,0,0,1,0.192811,-0.328792,2,2,0,0,0,,,,
3,24,17,1.428320444,1.015153123,0.676485755,0.966238434,0,0.91428015,3.44,1,2.55,0,0,0,0,0,1,-0.329139,0.210241,2,2,0,0,0,,,,
3,30,24,1.355115765,0.963124211,0.686103538,0.929749721,0,1.12106924,2.55,0,3.44,1,0,0,0,0,1,0.11873,-0.329139,3,2,0,0,0,,,,
3,27,35,1.354193089,0.962468435,0.685898785,0.928839394,0,1.12301587,3.44,1,2.55,0,0,0,0,0,1,-0.328792,0.12001,2,3,0,0,0,,,,
3,11,15,1.341175165,0.95321618,0.692007428,0.928103177,0,1.20950422,2.55,0,3.44,1,0,0,0,0,1,0.212996,-0.291883,3,2,0,0,0,,,,
3,1,0,1.336122362,0.94962499,0.683028466,0.912609607,0,1.21771595,3.44,1,2.55,0,0,0,0,0,1,-0.302351,0.265088,2,3,0,0,0,,,,
4,2,4,1.591504333,1.041560428,0.825432417,1.313679269,4,1.0075528,2.55,0,2.55,0,0,0,4,4,0,-0.014528,-0.40036,3,4,4,0.25,1,,,,
4,4,11,1.53030176,1.001506388,0.928680865,1.421161963,0,0.88710147,2.55,0,2.55,0,0,0,4,0,0,-0.40036,0.268504,4,3,0,0,0,,,,
4,16,15,1.516987465,0.992792844,0.646253688,0.980358744,0,1.05200736,2.55,0,2.55,0,0,0,0,0,0,0.204706,0.210914,2,2,0,0,0,,,,
4,19,20,1.516020219,0.992159829,0.646844914,0.980629969,0,1.04441314,2.55,0,2.55,0,0,0,0,0,0,0.214091,0.209662,2,2,0,0,0,,,,
4,0,2,1.514527447,0.991182884,0.837419056,1.268294144,0,0.94759685,2.55,0,2.55,0,0,0,0,4,0,0.204031,-0.014528,3,3,0,0,0,,,,
4,30,29,1.508890525,0.987493799,0.844453837,1.274188393,0,1.04354909,2.55,0,2.55,0,0,0,0,0,0,0.049812,0.119879,1,3,0,0,0,,,,
4,34,35,1.507856802,0.986817279,0.844447658,1.273306145,0,1.0463005,2.55,0,2.55,0,0,0,0,0,0,0.118441,0.051842,3,1,0,0,0,,,,
4,14,19,1.435723394,1.020414637,0.681310097,0.978172845,0,0.88472621,3.44,1,2.55,0,0,0,0,0,1,-0.325008,0.214091,2,2,0,0,0,,,,
4,15,1,1.433793751,1.019043178,0.691315606,0.991203996,0,0.88676488,2.55,0,3.44,1,0,0,0,0,1,0.210914,-0.315565,2,2,0,0,0,,,,
4,23,16,1.429652602,1.016099931,0.678313492,0.969752648,0,0.909715,3.44,1,2.55,0,0,0,0,0,1,-0.329719,0.204706,2,2,0,0,0,,,,
4,20,26,1.427604457,1.014644248,0.676259146,0.965430571,0,0.91709194,2.55,0,3.44,1,0,0,0,0,1,0.209662,-0.328109,2,2,0,0,0,,,,
4,26,34,1.355615334,0.963479271,0.685779457,0.929653147,0,1.11981289,3.44,1,2.55,0,0,0,0,0,1,-0.328109,0.118441,2,3,0,0,0,,,,
4,29,23,1.353712066,0.962126558,0.686366258,0.929142286,0,1.1259867,2.55,0,3.44,1,0,0,0,0,1,0.119879,-0.329719,3,2,0,0,0,,,,
4,11,14,1.344898411,0.95586241,0.681499685,0.916547843,0,1.17779775,2.55,0,3.44,1,0,0,0,0,1,0.268504,-0.325008,3,2,0,0,0,,,,
4,1,0,1.342461269,0.954130255,0.694151987,0.931872158,0,1.1781929,3.44,1,2.55,0,0,0,0,0,1,-0.315565,0.204031,2,3,0,0,0,,,,
5,2,4,1.598286339,1.045998913,0.973101799,1.555295313,4,0.99053464,2.55,0,2.55,0,0,0,4,4,0,-0.307216,-0.35916,4,4,4,0.25,1,,,,
5,4,10,1.540600998,1.008246726,0.728586736,1.122461453,0,0.84391378,2.55,0,2.55,0,0,0,4,0,0,-0.35916,0.274961,4,3,0,0,0,,,,
5,0,2,1.53638327,1.005486434,0.717336826,1.102104299,0,0.84693608,2.55,0,2.55,0,0,0,0,4,0,0.269874,-0.307216,3,4,0,0,0,,,,
5,18,19,1.521303929,0.995617754,0.664177858,1.010416384,0,1.07338253,2.55,0,2.55,0,0,0,0,0,0,0.222605,0.189243,2,2,0,0,0,,,,
5,15,14,1.515987741,0.992138574,0.64525914,0.978204946,0,1.04609298,2.55,0,2.55,0,0,0,0,0,0,0.209624,0.210753,2,2,0,0,0,,,,
5,33,34,1.507980335,0.986898125,0.844424793,1.273375982,0,1.04570207,2.55,0,2.55,0,0,0,0,0,0,0.120476,0.050153,3,1,0,0,0,,,,
5,29,28,1.507735134,0.986737653,0.844115041,1.272701905,0,1.04597036,2.55,0,2.55,0,0,0,0,0,0,0.051102,0.119215,1,3,0,0,0,,,,
5,14,1,1.438561342,1.022431657,0.683850184,0.983760438,0,0.87856024,2.55,0,3.44,1,0,0,0,0,1,0.210753,-0.304309,2,2,0,0,0,,,,
5,13,18,1.437919167,1.021975243,0.822469131,1.182644129,0,0.88317009,3.44,1,2.55,0,0,0,0,0,1,-0.271043,0.222605,2,2,0,0,0,,,,
5,19,25,1.42811774,1.015009055,0.675807913,0.965133269,0,0.9205453,2.55,0,3.44,1,0,0,0,0,1,0.189243,-0.329635,2,2,0,0,0,,,,
5,22,15,1.427019066,1.014228192,0.675754446,0.964314478,0,0.91694849,3.44,1,2.55,0,0,0,0,0,1,-0.329921,0.209624,2,2,0,0,0,,,,
5,28,22,1.356566148,0.964155045,0.685339543,0.929708424,0,1.11632236,2.55,0,3.44,1,0,0,0,0,1,0.119215,-0.329921,3,2,0,0,0,,,,
5,25,33,1.355469403,0.963375553,0.685605655,0.929317489,0,1.11796737,3.44,1,2.55,0,0,0,0,0,1,-0.329635,0.120476,2,3,0,0,0,,,,
5,1,0,1.333504552,0.947764429,0.67937869,0.905954576,0,1.22089165,3.44,1,2.55,0,0,0,0,0,1,-0.304309,0.269874,2,3,0,0,0,,,,
5,10,13,1.328949705,0.944527153,0.692847401,0.920759349,0,1.26673614,2.55,0,3.44,1,0,0,0,0,1,0.274961,-0.271043,3,2,0,0,0,,,,
6,2,4,1.629875999,1.066672774,0.804657177,1.311491421,4,0.98813831,2.55,0,2.55,0,0,0,4,4,0,-0.337541,-0.335343,4,4,4,0.25,1,,,,
6,0,2,1.538614888,1.006946916,0.831137514,1.278800553,0,0.86252605,2.55,0,2.55,0,0,0,0,4,0,0.260686,-0.337541,3,4,0,0,0,,,,
6,4,10,1.538484478,1.00686157,0.84090072,1.293712705,0,0.86365376,2.55,0,2.55,0,0,0,4,0,0,-0.335343,0.261012,4,3,0,0,0,,,,
6,18,19,1.516702827,0.992606562,0.644670259,0.977773204,0,1.0517016,2.55,0,2.55,0,0,0,0,0,0,0.211437,0.204149,2,2,0,0,0,,,,
6,15,14,1.515976819,0.992131426,0.644552803,0.977127108,0,1.04927951,2.55,0,2.55,0,0,0,0,0,0,0.206071,0.212211,2,2,0,0,0,,,,
6,33,34,1.508113319,0.986985157,0.844382859,1.273425036,0,1.04544149,2.55,0,2.55,0,0,0,0,0,0,0.119877,0.05084,3,1,0,0,0,,,,
6,29,28,1.507854113,0.986815519,0.844471013,1.27333909,0,1.04599408,2.55,0,2.55,0,0,0,0,0,0,0.05143,0.11968,1,3,0,0,0,,,,
6,13,18,1.438922358,1.022688243,0.688636088,0.990893863,0,0.86832614,3.44,1,2.55,0,0,0,0,0,1,-0.312458,0.211437,2,2,0,0,0,,,,
6,14,1,1.438433865,1.022341055,0.683832147,0.983647318,0,0.86967221,2.55,0,3.44,1,0,0,0,0,1,0.212211,-0.3103,2,2,0,0,0,,,,
6,19,25,1.427870165,1.014833095,0.676855963,0.966462435,0,0.91452099,2.55,0,3.44,1,0,0,0,0,1,0.204149,-0.329608,2,2,0,0,0,,,,
6,22,15,1.427161149,1.014329175,0.676403369,0.96533661,0,0.91599731,3.44,1,2.55,0,0,0,0,0,1,-0.328913,0.206071,2,2,0,0,0,,,,
6,28,22,1.355382827,0.96331402,0.685631184,0.929292732,0,1.1198386,2.55,0,3.44,1,0,0,0,0,1,0.11968,-0.328913,3,2,0,0,0,,,,
6,25,33,1.355083985,0.963101624,0.685547092,0.928973886,0,1.1207444,3.44,1,2.55,0,0,0,0,0,1,-0.329608,0.119877,2,3,0,0,0,,,,
6,10,13,1.334862872,0.948729831,0.685375354,0.914882114,0,1.19639515,2.55,0,3.44,1,0,0,0,0,1,0.261012,-0.312458,3,2,0,0,0,,,,
6,1,0,1.334493095,0.948467019,0.68401834,0.912817752,0,1.19946958,3.44,1,2.55,0,0,0,0,0,1,-0.3103,0.260686,2,3,0,0,0,,,,
7,24,26,1.561777985,1.022106011,0.997563274,1.55797236,4,1.10685311,2.55,0,2.55,0,0,0,4,4,0,-0.026929,-0.009016,3,3,4,0.25,1,,,,
7,28,24,1.514253373,0.991003517,0.771201303,1.167794174,0,0.90590728,2.55,0,2.55,0,0,0,0,4,0,0.196168,-0.026929,3,3,0,0,0,,,,
7,26,30,1.514022621,0.990852501,0.738492541,1.118094413,0,0.91404367,2.55,0,2.55,0,0,0,4,0,0,-0.009016,0.198701,3,3,0,0,0,,,,
7,35,40,1.430962073,1.017030613,0.860063523,1.230718282,0,0.91375772,3.44,1,2.55,0,0,0,0,0,1,-0.301493,0.191599,2,1,0,0,0,,,,
7,36,33,1.429403769,1.015923077,0.859311731,1.228303427,0,0.91870608,2.55,0,3.44,1,0,0,0,0,1,0.193784,-0.296993,1,2,0,0,0,,,,
7,30,35,1.344423823,0.955525105,0.689030738,0.926349339,0,1.20452256,2.55,0,3.44,1,0,0,0,0,1,0.198701,-0.301493,3,2,0,0,0,,,,
7,33,28,1.340560044,0.952778994,0.686771074,0.920657861,0,1.20107246,3.44,1,2.55,0,0,0,0,0,1,-0.296993,0.196168,2,3,0,0,0,,,,
8,34,35,1.563373643,1.02315029,0.849003949,1.327310398,4,1.0513863,2.55,0,2.55,0,0,0,4,4,0,0.061847,-0.009588,3,3,4,0.25,1,,,,
8,9,34,1.509569546,0.987938184,0.964710234,1.45629719,0,0.98845326,2.55,0,2.55,0,1,0,6,4,0,0.073087,0.061847,3,3,0,0,0,,,,
8,27,28,1.509098382,0.987629831,0.837090138,1.263251373,0,1.04066164,2.55,0,2.55,0,0,0,0,0,0,0.143779,0.043172,3,1,0,0,0,,,,
8,23,22,1.508866924,0.987478354,0.837088468,1.263055103,0,1.03699343,2.55,0,2.55,0,0,0,0,0,0,0.040279,0.142447,1,3,0,0,0,,,,
8,35,12,1.506103446,0.985669794,0.967225306,1.456741366,0,1.00249176,2.55,0,2.55,0,0,1,4,6,0,-0.009588,0.121591,3,3,0,0,0,,,,
8,20,4,1.388894606,0.987131916,0.962277394,1.336501881,0,0.98052222,3.44,1,2.55,0,0,1,0,6,1,-0.278646,0.217751,2,3,0,0,0,,,,
8,17,21,1.387332234,0.986021488,0.962307966,1.335040861,0,1.00052476,2.55,0,3.44,1,1,0,6,0,1,0.217308,-0.271686,3,2,0,0,0,,,,
8,22,20,1.363199024,0.968869242,0.718845217,0.979929098,0,1.08145241,2.55,0,3.44,1,0,0,0,0,1,0.142447,-0.278646,3,2,0,0,0,,,,
8,21,27,1.361290955,0.967513116,0.726770943,0.989346711,0,1.07982622,3.44,1,2.55,0,0,0,0,0,1,-0.271686,0.143779,2,3,0,0,0,,,,
9,34,35,1.59278479,1.042398422,0.984422454,1.567973111,4,1.01709421,2.55,0,2.55,0,0,0,4,4,0,0.026871,0.022721,3,3,4,0.25,1,,,,
9,9,34,1.511103656,0.988942183,0.965118656,1.45839433,0,0.98319549,2.55,0,2.55,0,1,0,6,4,0,0.088735,0.026871,3,3,0,0,0,,,,
9,23,22,1.509406936,0.987831764,0.837149156,1.263598743,0,1.0401069,2.55,0,2.55,0,0,0,0,0,0,0.042961,0.143973,1,3,0,0,0,,,,
9,27,28,1.508627771,0.98732184,0.837047793,1.262793547,0,1.03644092,2.55,0,2.55,0,0,0,0,0,0,0.140674,0.041013,3,1,0,0,0,,,,
9,35,12,1.504472876,0.984602668,0.967792412,1.456017433,0,1.00620625,2.55,0,2.55,0,0,1,4,6,0,0.022721,0.126045,3,3,0,0,0,,,,
9,17,21,1.389145139,0.987309978,0.962397932,1.336910409,0,0.9749061,2.55,0,3.44,1,1,0,6,0,1,0.213652,-0.280917,3,2,0,0,0,,,,
9,20,4,1.387857014,0.986394466,0.962700918,1.336091221,0,0.99762868,3.44,1,2.55,0,0,1,0,6,1,-0.272032,0.217147,2,3,0,0,0,,,,
9,21,27,1.364379217,0.969708043,0.716010386,0.97690969,0,1.08055952,3.44,1,2.55,0,0,0,0,0,1,-0.280917,0.140674,2,3,0,0,0,,,,
9,22,20,1.360399168,0.966879295,0.726639167,0.988519318,0,1.08245477,2.55,0,3.44,1,0,0,0,0,1,0.143973,-0.272032,3,2,0,0,0,,,,
10,34,32,1.56427093,1.02373752,0.965835864,1.510828965,4,1.03863461,2.55,0,2.55,0,0,0,4,4,0,-0.04858,-0.002356,3,3,4,0.25,1,,,,
10,36,34,1.542399687,1.009423879,0.876700253,1.352222195,0,0.8895714,2.55,0,2.55,0,0,0,0,4,0,0.099869,-0.04858,3,3,0,0,0,,,,
10,32,38,1.519776497,0.994618126,0.773204414,1.175097896,0,0.92667519,2.55,0,2.55,0,0,0,4,0,0,-0.002356,0.127897,3,3,0,0,0,,,,
10,43,49,1.448638087,0.99426087,0.88744804,1.285591031,0,0.98831623,3.04,2,2.55,0,0,0,0,0,2,-0.171143,0.106063,2,1,0,0,0,,,,
10,44,42,1.447730647,0.993638056,0.883608389,1.279226945,0,0.99950331,2.55,0,3.04,2,0,0,0,0,2,0.113411,-0.176075,1,2,0,0,0,,,,
10,42,36,1.3599046,0.933359369,0.724943486,0.985853981,0,1.27490114,3.04,2,2.55,0,0,0,0,0,2,-0.176075,0.099869,2,3,0,0,0,,,,
10,38,43,1.358649014,0.932497607,0.735146987,0.998806728,0,1.28388471,2.55,0,3.04,2,0,0,0,0,2,0.127897,-0.171143,3,2,0,0,0,,,,
11,0,1,1.559652776,1.020715168,0.980827576,1.529750453,4,1.03856988,2.55,0,2.55,0,0,0,4,4,0,-0.098603,0.022611,3,3,4,0.25,1,,,,
11,17,16,1.52164333,0.995839876,0.837910461,1.275000864,0,1.12379323,2.55,0,2.55,0,0,0,0,0,0,-0.009995,0.166359,1,2,0,0,0,,,,
11,1,10,1.520998843,0.995418091,0.768359404,1.168673765,0,0.92815424,2.55,0,2.55,0,0,0,4,0,0,0.022611,0.219047,3,3,0,0,0,,,,
11,4,0,1.520557318,0.995129135,0.750812929,1.141654094,0,0.92606397,2.55,0,2.55,0,0,0,0,4,0,0.24018,-0.098603,3,3,0,0,0,,,,
11,23,24,1.52037695,0.995011093,0.838365603,1.274631738,0,1.12450102,2.55,0,2.55,0,0,0,0,0,0,0.194966,-0.027786,2,1,0,0,0,,,,
11,15,23,1.440301994,1.023668795,0.824876624,1.188071447,0,0.8974265,3.44,1,2.55,0,0,0,0,0,1,-0.305127,0.194966,2,2,0,0,0,,,,
11,16,13,1.431913314,1.017706691,0.837407538,1.199095003,0,0.92455465,2.55,0,3.44,1,0,0,0,0,1,0.166359,-0.298087,2,2,0,0,0,,,,
11,13,4,1.354385495,0.962605185,0.993670709,1.345813195,0,1.12997145,3.44,1,2.55,0,0,0,0,0,1,-0.298087,0.24018,2,3,0,0,0,,,,
11,10,15,1.341306591,0.953309589,0.685052551,0.918865502,0,1.19744161,2.55,0,3.44,1,0,0,0,0,1,0.219047,-0.305127,3,2,0,0,0,,,,
12,4,3,1.526542097,0.999045875,0.775171396,1.183331768,0,0.88138449,2.55,0,2.55,0,0,0,0,4,0,0.115962,-0.01417,3,3,0,0,0,,,,
12,0,13,1.526539205,0.999043983,0.775647004,1.184055561,0,0.8814181,2.55,0,2.55,0,0,0,4,0,0,-0.01408,0.116,3,3,0,0,0,,,,
12,8,7,1.448232604,0.99398257,0.887447869,1.285230938,0,0.98923039,2.55,0,3.04,2,0,0,0,0,2,0.107125,-0.165185,1,2,0,0,0,,,,
12,16,17,1.448226962,0.993978697,0.887452016,1.285231936,0,0.98923099,3.04,2,2.55,0,0,0,0,0,2,-0.165196,0.107131,2,1,0,0,0,,,,
12,13,16,1.363580624,0.935882378,0.731485389,0.997439303,0,1.24351156,2.55,0,3.04,2,0,0,0,0,2,0.116,-0.165196,3,2,0,0,0,,,,
12,7,4,1.363574261,0.93587801,0.731484764,0.997433797,0,1.24351711,3.04,2,2.55,0,0,0,0,0,2,-0.165185,0.115962,2,3,0,0,0,,,,
13,33,38,1.411481221,1.003184948,0.86933161,1.227045242,0,0.96501175,3.44,1,2.55,0,0,0,0,0,1,-0.307954,0.181237,2,1,0,0,0,,,,
13,34,32,1.411399562,1.00312691,0.869371319,1.227030299,0,0.96508605,2.55,0,3.44,1,0,0,0,0,1,0.181114,-0.308011,1,2,0,0,0,,,,
13,32,19,1.353666904,0.962094459,0.716474204,0.969867418,0,1.13867664,3.44,1,2.55,0,0,1,0,6,1,-0.308011,0.244152,2,3,0,0,0,,,,
13,27,33,1.353654649,0.962085749,0.718132387,0.972103244,0,1.1388248,2.55,0,3.44,1,1,0,6,0,1,0.244033,-0.307954,3,2,0,0,0,,,,
14,1,2,1.582576571,1.035717651,0.838477919,1.32695551,4,1.02174553,2.55,0,2.55,0,0,0,4,4,0,0.031388,0.032933,3,3,20,0.45,1,,,,
14,7,1,1.494008688,0.977754377,0.966410865,1.443826229,6,1.01117659,2.55,0,2.55,0,1,0,6,4,0,0.04677,0.031388,3,3,20,0.45,0,,,,
14,2,9,1.493849928,0.977650477,0.966646187,1.444024337,6,1.0113638,2.55,0,2.55,0,0,1,4,6,0,0.032933,0.046422,3,3,20,0.45,0,,,,
14,30,28,1.4119746,1.003535608,0.869612319,1.227870506,0,0.96353799,2.55,0,3.44,1,0,0,0,0,1,0.180452,-0.308463,1,2,0,0,0,,,,
14,29,34,1.411876329,1.003465763,0.869679363,1.227879706,0,0.96367816,3.44,1,2.55,0,0,0,0,0,1,-0.308424,0.180618,2,1,0,0,0,,,,
14,28,15,1.353375453,0.961887316,0.959385468,1.298408742,0,1.13992231,3.44,1,2.55,0,0,1,0,6,1,-0.308463,0.240547,2,3,0,0,0,,,,
14,23,29,1.353303644,0.961836279,0.9594137,1.298378057,0,1.1398761,2.55,0,3.44,1,1,0,6,0,1,0.240359,-0.308424,3,2,0,0,0,,,,
15,0,2,1.619375787,1.059800908,0.71338516,1.155238656,4,0.95024225,2.55,0,2.55,0,0,0,4,4,0,-0.126084,-0.125848,4,4,20,0.45,1,,,,
15,4,0,1.519594411,0.99449896,0.956832808,1.453997788,6,0.91497578,2.55,0,2.55,0,0,0,6,4,0,-0.00339,-0.126084,3,4,20,0.45,0,,,,
15,2,9,1.51956315,0.994478501,0.955950805,1.452627616,6,0.91503248,2.55,0,2.55,0,0,0,4,6,0,-0.125848,-0.003842,4,3,20,0.45,0,,,,
15,52,53,1.518125344,0.993537529,0.649979678,0.986750623,0,1.04159789,2.55,0,2.55,0,0,0,0,0,0,0.173332,0.234544,2,2,0,0,0,,,,
15,41,40,1.518065277,0.993498218,0.650042533,0.986806997,0,1.04136274,2.55,0,2.55,0,0,0,0,0,0,0.235194,0.172867,2,2,0,0,0,,,,
15,48,47,1.508549584,0.98727067,0.844471276,1.273926792,0,1.04529092,2.55,0,2.55,0,0,0,0,0,0,0.05129,0.118748,1,3,0,0,0,,,,
15,60,61,1.508501767,0.987239376,0.844454997,1.273861855,0,1.04528028,2.55,0,2.55,0,0,0,0,0,0,0.118824,0.051318,3,1,0,0,0,,,,
15,44,41,1.42867745,1.015406859,0.677879108,0.968470596,0,0.9164672,3.44,1,2.55,0,0,0,0,0,1,-0.329744,0.235194,2,2,0,0,0,,,,
15,53,57,1.428505434,1.015284601,0.678092553,0.968658896,0,0.91663506,2.55,0,3.44,1,0,0,0,0,1,0.234544,-0.329725,2,2,0,0,0,,,,
15,40,38,1.414848907,1.00557847,0.692427178,0.979679836,0,0.94785739,2.55,0,3.44,1,0,0,0,0,1,0.172867,-0.315748,2,2,0,0,0,,,,
15,39,52,1.414764783,1.00551868,0.692446485,0.979648901,0,0.94772607,3.44,1,2.55,0,0,0,0,0,1,-0.315928,0.173332,2,2,0,0,0,,,,
15,38,25,1.355282503,0.963242717,0.960298076,1.30147518,0,1.12210835,3.44,1,2.55,0,0,0,0,6,1,-0.315748,0.243582,2,3,0,0,0,,,,
15,33,39,1.355159185,0.963155071,0.960242864,1.301281938,0,1.12191427,2.55,0,3.44,1,0,0,6,0,1,0.243353,-0.315928,3,2,0,0,0,,,,
15,57,60,1.354286156,0.962534581,0.686423606,0.929613986,0,1.12240538,3.44,1,2.55,0,0,0,0,0,1,-0.329725,0.118824,2,3,0,0,0,,,,
15,47,44,1.354198981,0.962472624,0.686493161,0.929648339,0,1.12255023,2.55,0,3.44,1,0,0,0,0,1,0.118748,-0.329744,3,2,0,0,0,,,,
16,18,20,1.586404697,1.038222969,0.999969591,1.586356457,4,1.05796415,2.55,0,2.55,0,0,0,4,4,0,0.059288,0.059633,3,3,4,0.25,1,,,,
16,26,32,1.500317791,0.981883371,0.902175824,1.353550439,0,1.06600245,2.55,0,2.55,0,0,0,0,0,0,-0.102792,0.065715,2,1,0,0,0,,,,
16,28,27,1.500197245,0.98180448,0.902041862,1.353240716,0,1.06599258,2.55,0,2.55,0,0,0,0,0,0,0.065619,-0.102942,1,2,0,0,0,,,,
16,20,24,1.496224242,0.979204347,0.806118497,1.206134037,0,1.03559658,2.55,0,2.55,0,0,0,4,0,0,0.059633,0.043365,3,2,0,0,0,,,,
16,22,18,1.49592107,0.979005936,0.806274235,1.206122616,0,1.03781277,2.55,0,2.55,0,0,0,0,4,0,0.045136,0.059288,2,3,0,0,0,,,,
16,27,22,1.340164086,0.877070737,0.782396747,1.048540021,0,1.90919678,2.55,0,2.55,0,0,0,0,0,0,-0.102942,0.045136,2,2,0,0,0,,,,
16,24,26,1.340138191,0.87705379,0.782590235,1.048779062,0,1.90942011,2.55,0,2.55,0,0,0,0,0,0,0.043365,-0.102792,2,2,0,0,0,,,,
17,17,19,1.589166949,1.040030726,0.999700925,1.58869167,4,1.10085362,2.55,0,2.55,0,0,0,4,4,0,0.082829,0.071883,3,3,4,0.25,1,,,,
17,25,31,1.50145965,0.982630661,0.900759446,1.352453963,0,1.06965674,2.55,0,2.55,0,0,0,0,0,0,-0.10575,0.069061,2,1,0,0,0,,,,
17,27,26,1.501350462,0.982559203,0.900891876,1.352554433,0,1.06994576,2.55,0,2.55,0,0,0,0,0,0,0.069383,-0.106208,1,2,0,0,0,,,,
17,19,23,1.501235417,0.982483912,0.822373511,1.23457624,0,1.00785059,2.55,0,2.55,0,0,0,4,0,0,0.071883,0.015814,3,2,0,0,0,,,,
17,21,17,1.500389251,0.981930138,0.825839956,1.239081393,0,1.01418334,2.55,0,2.55,0,0,0,0,4,0,0.013176,0.082829,2,3,0,0,0,,,,
17,26,21,1.339154613,0.876410087,0.791244782,1.0595991,0,1.9416543,2.55,0,2.55,0,0,0,0,0,0,-0.106208,0.013176,2,2,0,0,0,,,,
17,23,25,1.339081584,0.876362293,0.791764613,1.060237412,0,1.94329911,2.55,0,2.55,0,0,0,0,0,0,0.015814,-0.10575,2,2,0,0,0,,,,
18,25,27,1.58413746,1.036739175,0.997863831,1.580753475,4,1.05005236,2.55,0,2.55,0,0,0,4,4,0,0.054653,0.058357,3,3,4,0.25,1,,,,
18,40,41,1.499812199,0.981552486,0.902010556,1.352846436,0,1.06695214,2.55,0,2.55,0,0,0,0,0,0,-0.100746,0.065092,2,1,0,0,0,,,,
18,32,31,1.499492716,0.981343401,0.902420026,1.353172256,0,1.066631,2.55,0,2.55,0,0,0,0,0,0,0.064461,-0.101943,1,2,0,0,0,,,,
18,27,38,1.497094763,0.97977406,0.803820471,1.203395418,0,1.02975844,2.55,0,2.55,0,0,0,4,0,0,0.058357,0.035574,3,2,0,0,0,,,,
18,29,25,1.495176476,0.978518636,0.808677977,1.209116289,0,1.04805833,2.55,0,2.55,0,0,0,0,4,0,0.048991,0.054653,2,3,0,0,0,,,,
18,31,29,1.340336438,0.877183533,0.781574931,1.04757336,0,1.90661589,2.55,0,2.55,0,0,0,0,0,0,-0.101943,0.048991,2,2,0,0,0,,,,
18,38,40,1.339872398,0.876879842,0.781951909,1.04771578,0,1.90896505,2.55,0,2.55,0,0,0,0,0,0,0.035574,-0.100746,2,2,0,0,0,,,,
19,26,28,1.585416681,1.037576362,0.998558193,1.583130816,4,1.05231769,2.55,0,2.55,0,0,0,4,4,0,0.056446,0.059893,3,3,4,0.25,1,,,,
19,41,42,1.500419746,0.981950096,0.902139207,1.353587481,0,1.06566802,2.55,0,2.55,0,0,0,0,0,0,-0.103548,0.066234,2,1,0,0,0,,,,
19,33,32,1.500283267,0.981860777,0.902100167,1.353405786,0,1.06502794,2.55,0,2.55,0,0,0,0,0,0,0.065338,-0.104353,1,2,0,0,0,,,,
19,28,39,1.496765627,0.979558657,0.804256871,1.203784041,0,1.02854313,2.55,0,2.55,0,0,0,4,0,0,0.059893,0.038875,3,2,0,0,0,,,,
19,30,26,1.495048691,0.978435007,0.807250842,1.206879315,0,1.04367176,2.55,0,2.55,0,0,0,0,4,0,0.051305,0.056446,2,3,0,0,0,,,,
19,32,30,1.340405757,0.877228899,0.782607245,1.049011256,0,1.90947891,2.55,0,2.55,0,0,0,0,0,0,-0.104353,0.051305,2,2,0,0,0,,,,
19,39,41,1.340090078,0.877022303,0.7828475,1.049086167,0,1.91045141,2.55,0,2.55,0,0,0,0,0,0,0.038875,-0.103548,2,2,0,0,0,,,,
20,38,39,1.540644503,1.008275199,0.787092475,1.212629695,4,1.08621789,2.55,0,2.55,0,0,0,4,4,0,0.013712,-0.004777,3,3,4,0.25,1,,,,
20,39,23,1.520307428,0.994965594,0.733415209,1.11501659,0,0.94341667,2.55,0,2.55,0,0,0,4,0,0,-0.004777,0.121909,3,3,0,0,0,,,,
20,17,38,1.517540181,0.993154569,0.736587546,1.117801198,0,0.94655267,2.55,0,2.55,0,0,0,0,4,0,0.11358,0.013712,3,3,0,0,0,,,,
20,12,11,1.508159955,0.987015677,0.835834649,1.260572347,0,1.04148763,2.55,0,2.55,0,0,0,0,0,0,0.042654,0.14522,1,3,0,0,0,,,,
20,27,25,1.508055788,0.986947505,0.835718252,1.260309747,0,1.04152427,2.55,0,2.55,0,0,0,0,0,0,0.145653,0.042116,3,1,0,0,0,,,,
20,23,22,1.50059812,0.982066832,0.959927633,1.440465601,0,0.94892604,2.55,0,2.55,0,0,1,0,6,0,0.121909,0.038328,3,3,0,0,0,,,,
20,7,17,1.499854243,0.981580002,0.960162754,1.44010418,0,0.94729928,2.55,0,2.55,0,1,0,6,0,0,0.035461,0.11358,3,3,0,0,0,,,,
20,10,2,1.382637473,0.982684771,0.962306737,1.330521356,0,1.01281021,3.44,1,2.55,0,0,1,0,6,1,-0.271559,0.224061,2,3,0,0,0,,,,
20,24,28,1.382413835,0.982525824,0.962228151,1.330197508,0,1.01330228,2.55,0,3.44,1,1,0,6,0,1,0.224109,-0.271198,3,2,0,0,0,,,,
20,11,10,1.366190883,0.970995652,0.7276643,0.994128332,0,1.06394557,2.55,0,3.44,1,0,0,0,0,1,0.14522,-0.271559,3,2,0,0,0,,,,
20,28,27,1.365999854,0.970859882,0.728206024,0.994729322,0,1.06438263,3.44,1,2.55,0,0,0,0,0,1,-0.271198,0.145653,2,3,0,0,0,,,,
21,0,2,1.5372749,1.00606996,0.825097259,1.268401306,4,1.03822672,2.55,0,2.55,0,0,0,4,4,0,-0.018934,0.024822,3,3,4,0.25,1,,,,
21,27,26,1.516602095,0.992540638,0.647876671,0.982571117,0,1.04434558,2.55,0,2.55,0,0,0,0,0,0,0.210475,0.216061,2,2,0,0,0,,,,
21,30,31,1.516328899,0.992361845,0.647285303,0.981497411,0,1.04462116,2.55,0,2.55,0,0,0,0,0,0,0.215612,0.211691,2,2,0,0,0,,,,
21,41,48,1.508817976,0.98744632,0.844690258,1.274483846,0,1.04415548,2.55,0,2.55,0,0,0,0,0,0,0.118318,0.050752,3,1,0,0,0,,,,
21,44,40,1.508761973,0.987409669,0.84474353,1.274516916,0,1.0444044,2.55,0,2.55,0,0,0,0,0,0,0.051155,0.117951,1,3,0,0,0,,,,
21,2,20,1.507382562,0.986506912,0.71916916,1.084063051,0,0.93800622,2.55,0,2.55,0,0,0,4,0,0,0.024822,0.203508,3,3,0,0,0,,,,
21,18,0,1.505880707,0.985524023,0.719144847,1.082946351,0,0.94432087,2.55,0,2.55,0,0,0,0,4,0,0.209045,-0.018934,3,3,0,0,0,,,,
21,26,24,1.430256377,1.016529053,0.680807291,0.973728969,0,0.90296246,2.55,0,3.44,1,0,0,0,0,1,0.216061,-0.324002,2,2,0,0,0,,,,
21,25,30,1.430246451,1.016521998,0.680780418,0.973683777,0,0.90359831,3.44,1,2.55,0,0,0,0,0,1,-0.321539,0.215612,2,2,0,0,0,,,,
21,34,27,1.429346617,1.015882457,0.679666661,0.971479243,0,0.91134476,3.44,1,2.55,0,0,0,0,0,1,-0.327252,0.210475,2,2,0,0,0,,,,
21,31,37,1.429288049,1.015840831,0.67925677,0.970853584,0,0.91103254,2.55,0,3.44,1,0,0,0,0,1,0.211691,-0.327338,2,2,0,0,0,,,,
21,37,41,1.353271625,0.961813522,0.686142721,0.928537475,0,1.12849638,3.44,1,2.55,0,0,0,0,0,1,-0.327338,0.118318,2,3,0,0,0,,,,
21,40,34,1.353177238,0.961746438,0.686046064,0.928341918,0,1.12855971,2.55,0,3.44,1,0,0,0,0,1,0.117951,-0.327252,3,2,0,0,0,,,,
21,24,18,1.351410113,0.960490485,0.68740934,0.928971934,0,1.15787334,3.44,1,2.55,0,0,0,0,0,1,-0.324002,0.209045,2,3,0,0,0,,,,
21,20,25,1.349465989,0.959108734,0.687243815,0.927412154,0,1.16478559,2.55,0,3.44,1,0,0,0,0,1,0.203508,-0.321539,3,2,0,0,0,,,,
22,0,2,1.558657989,1.020064129,0.968716794,1.50989817,4,1.03825688,2.55,0,2.55,0,0,0,4,4,0,-0.004433,-0.006294,3,3,4,0.25,1,,,,
22,30,31,1.516021756,0.992160835,0.647179417,0.981138076,0,1.04556739,2.55,0,2.55,0,0,0,0,0,0,0.213949,0.210688,2,2,0,0,0,,,,
22,27,26,1.516018489,0.992158697,0.647655248,0.98185733,0,1.04500302,2.55,0,2.55,0,0,0,0,0,0,0.210668,0.215783,2,2,0,0,0,,,,
22,2,20,1.511338382,0.9890958,0.720915084,1.089546636,0,0.93383824,2.55,0,2.55,0,0,0,4,0,0,-0.006294,0.214323,3,3,0,0,0,,,,
22,18,0,1.509980319,0.988207015,0.736104759,1.111503698,0,0.95295813,2.55,0,2.55,0,0,0,0,4,0,0.206657,-0.004433,3,3,0,0,0,,,,
22,41,48,1.509076766,0.987615685,0.844808361,1.27488067,0,1.04404447,2.55,0,2.55,0,0,0,0,0,0,0.118078,0.050823,3,1,0,0,0,,,,
22,44,40,1.508909243,0.987506049,0.844899851,1.274877194,0,1.04449693,2.55,0,2.55,0,0,0,0,0,0,0.051462,0.117774,1,3,0,0,0,,,,
22,26,24,1.431306525,1.017275426,0.680296325,0.973712569,0,0.90041864,2.55,0,3.44,1,0,0,0,0,1,0.215783,-0.314003,2,2,0,0,0,,,,
22,25,30,1.431154358,1.017167276,0.679957207,0.973123721,0,0.90128554,3.44,1,2.55,0,0,0,0,0,1,-0.30518,0.213949,2,2,0,0,0,,,,
22,31,37,1.430085668,1.016407724,0.679139401,0.971227524,0,0.91001455,2.55,0,3.44,1,0,0,0,0,1,0.210688,-0.327201,2,2,0,0,0,,,,
22,34,27,1.429768957,1.016182627,0.6790473,0.97088075,0,0.91080571,3.44,1,2.55,0,0,0,0,0,1,-0.327105,0.210668,2,2,0,0,0,,,,
22,40,34,1.352884791,0.961538586,0.685971282,0.928040115,0,1.12945662,2.55,0,3.44,1,0,0,0,0,1,0.117774,-0.327105,3,2,0,0,0,,,,
22,37,41,1.352546335,0.961298035,0.686202891,0.928121206,0,1.13032268,3.44,1,2.55,0,0,0,0,0,1,-0.327201,0.118078,2,3,0,0,0,,,,
22,24,18,1.348287296,0.958270999,0.688697199,0.928561684,0,1.17691193,3.44,1,2.55,0,0,0,0,0,1,-0.314003,0.206657,2,3,0,0,0,,,,
22,20,25,1.345718036,0.956444944,0.688394883,0.92638541,0,1.18738994,2.55,0,3.44,1,0,0,0,0,1,0.214323,-0.30518,3,2,0,0,0,,,,
23,0,2,1.585186517,1.037425731,0.975412631,1.546210951,4,0.90213313,2.55,0,2.55,0,0,0,4,4,0,-0.235949,-0.166045,4,4,4,0.25,1,,,,
23,2,19,1.543755065,1.010310906,0.749236981,1.156638384,0,0.8535928,2.55,0,2.55,0,0,0,4,0,0,-0.166045,0.270716,4,3,0,0,0,,,,
23,18,0,1.525512634,0.998372143,0.72706457,1.109146187,0,0.88298556,2.55,0,2.55,0,0,0,0,4,0,0.290229,-0.235949,3,4,0,0,0,,,,
23,28,29,1.516487081,0.992465367,0.644977383,0.978099868,0,1.05053447,2.55,0,2.55,0,0,0,0,0,0,0.216962,0.206553,2,2,0,0,0,,,,
23,25,24,1.516231221,0.992297919,0.646656228,0.980480362,0,1.04546823,2.55,0,2.55,0,0,0,0,0,0,0.209691,0.213957,2,2,0,0,0,,,,
23,39,46,1.508986031,0.987556303,0.844647799,1.274561729,0,1.04414721,2.55,0,2.55,0,0,0,0,0,0,0.11835,0.05148,3,1,0,0,0,,,,
23,42,38,1.50831112,0.987114608,0.844487484,1.273749863,0,1.04493428,2.55,0,2.55,0,0,0,0,0,0,0.050651,0.118707,1,3,0,0,0,,,,
23,24,22,1.433878861,1.019103668,0.682262807,0.978282217,0,0.89104339,2.55,0,3.44,1,0,0,0,0,1,0.213957,-0.3052,2,2,0,0,0,,,,
23,23,28,1.432513932,1.018133569,0.681699923,0.976544637,0,0.88538487,3.44,1,2.55,0,0,0,0,0,1,-0.271751,0.216962,2,2,0,0,0,,,,
23,29,35,1.429476131,1.015974507,0.678076334,0.969293934,0,0.90987943,2.55,0,3.44,1,0,0,0,0,1,0.206553,-0.329325,2,2,0,0,0,,,,
23,32,25,1.428583431,1.015340036,0.67730233,0.967582887,0,0.91348061,3.44,1,2.55,0,0,0,0,0,1,-0.32869,0.209691,2,2,0,0,0,,,,
23,38,32,1.35471234,0.962837484,0.685983273,0.929310004,0,1.12314018,2.55,0,3.44,1,0,0,0,0,1,0.118707,-0.32869,3,2,0,0,0,,,,
23,35,39,1.353589797,0.962039657,0.68566673,0.92811149,0,1.12697844,3.44,1,2.55,0,0,0,0,0,1,-0.329325,0.11835,2,3,0,0,0,,,,
23,22,18,1.34041503,0.952675927,0.683185946,0.91575271,0,1.20207386,3.44,1,2.55,0,0,0,0,0,1,-0.3052,0.290229,2,3,0,0,0,,,,
23,19,23,1.32620672,0.942577626,0.700431494,0.928916955,0,1.25256191,2.55,0,3.44,1,0,0,0,0,1,0.270716,-0.271751,3,2,0,0,0,,,,
24,0,2,1.572784232,1.029309052,0.977088019,1.536748629,4,1.02281024,2.55,0,2.55,0,0,0,4,4,0,0.071758,-0.272387,3,4,4,0.25,1,,,,
24,2,19,1.536320472,1.005445335,0.735976973,1.130696491,0,0.85112289,2.55,0,2.55,0,0,0,4,0,0,-0.272387,0.245303,4,3,0,0,0,,,,
24,25,24,1.516302864,0.992344806,0.646778773,0.980712507,0,1.04582241,2.55,0,2.55,0,0,0,0,0,0,0.212245,0.208544,2,2,0,0,0,,,,
24,28,29,1.515997146,0.992144729,0.646481272,0.980063763,0,1.04485022,2.55,0,2.55,0,0,0,0,0,0,0.213417,0.209085,2,2,0,0,0,,,,
24,18,0,1.514964316,0.991468793,0.713850247,1.081457651,0,0.94130247,2.55,0,2.55,0,0,0,0,4,0,0.226273,0.071758,3,3,0,0,0,,,,
24,42,38,1.508509482,0.987244425,0.844552509,1.274015467,0,1.04470016,2.55,0,2.55,0,0,0,0,0,0,0.050639,0.11839,1,3,0,0,0,,,,
24,39,46,1.508344271,0.987136303,0.84461392,1.273968568,0,1.04551456,2.55,0,2.55,0,0,0,0,0,0,0.117963,0.05185,3,1,0,0,0,,,,
24,23,28,1.43585494,1.020508131,0.68163313,0.978726297,0,0.88745393,3.44,1,2.55,0,0,0,0,0,1,-0.306634,0.213417,2,2,0,0,0,,,,
24,24,22,1.433387502,1.018754443,0.681805313,0.977291214,0,0.89288005,2.55,0,3.44,1,0,0,0,0,1,0.208544,-0.307204,2,2,0,0,0,,,,
24,32,25,1.428607463,1.015357117,0.677961162,0.968540375,0,0.91303577,3.44,1,2.55,0,0,0,0,0,1,-0.328631,0.212245,2,2,0,0,0,,,,
24,29,35,1.428583007,1.015339735,0.676742184,0.966782384,0,0.91341017,2.55,0,3.44,1,0,0,0,0,1,0.209085,-0.328518,2,2,0,0,0,,,,
24,35,39,1.354470845,0.962665846,0.686141561,0.929358739,0,1.12347254,3.44,1,2.55,0,0,0,0,0,1,-0.328518,0.117963,2,3,0,0,0,,,,
24,38,32,1.354382124,0.962602789,0.686440142,0.929702257,0,1.12358316,2.55,0,3.44,1,0,0,0,0,1,0.11839,-0.328631,3,2,0,0,0,,,,
24,22,18,1.344216325,0.95537763,0.681843232,0.916544804,0,1.18662178,3.44,1,2.55,0,0,0,0,0,1,-0.307204,0.226273,2,3,0,0,0,,,,
24,19,23,1.337970137,0.950938264,0.68558407,0.917291012,0,1.1964795,2.55,0,3.44,1,0,0,0,0,1,0.245303,-0.306634,3,2,0,0,0,,,,
25,22,20,1.559415821,1.020560092,0.977930106,1.524999679,4,1.03099856,2.55,0,2.55,0,0,0,4,4,0,-0.258991,0.020723,4,3,4,0.25,1,,,,
25,24,22,1.533530817,1.003619645,0.842078084,1.291352693,0,1.03309344,2.55,0,2.55,0,0,0,0,4,0,0.118013,-0.258991,1,4,0,0,0,,,,
25,20,35,1.521967183,0.996051821,0.865040277,1.316562913,0,1.11168828,2.55,0,2.55,0,0,0,4,0,0,0.020723,0.099228,3,1,0,0,0,,,,
26,9,7,1.565841198,1.024765182,0.981351363,1.536655673,4,1.05469313,2.55,0,2.55,0,0,0,4,4,0,-0.240917,0.044769,4,3,4,0.25,1,,,,
26,11,9,1.533782804,1.003784558,0.841232377,1.290258992,0,1.03580148,2.55,0,2.55,0,0,0,0,4,0,0.11509,-0.240917,1,4,0,0,0,,,,
26,7,22,1.521650338,0.995844462,0.862685861,1.312750629,0,1.11260202,2.55,0,2.55,0,0,0,4,0,0,0.044769,0.09527,3,1,0,0,0,,,,
27,3,2,1.572388423,1.029050015,0.980959763,1.542445638,4,0.98609059,2.55,0,2.55,0,0,0,4,4,0,0.001947,-0.336427,3,4,4,0.25,1,,,,
27,2,12,1.538834649,1.007090739,0.836085972,1.286605051,0,1.02907573,2.55,0,2.55,0,0,0,4,0,0,-0.336427,0.113315,4,1,0,0,0,,,,
27,4,3,1.525734894,0.998517601,0.870779424,1.328564105,0,1.10117716,2.55,0,2.55,0,0,0,0,4,0,0.102015,0.001947,1,3,0,0,0,,,,
28,0,3,1.554669292,1.017453725,0.969102512,1.506596207,4,1.05228002,2.55,0,2.55,0,0,0,4,4,0,0.013102,0.035214,3,3,4,0.25,1,,,,
28,4,0,1.513614716,0.990585547,0.718413518,1.08741268,0,0.93173498,2.55,0,2.55,0,0,0,0,4,0,0.177868,0.013102,3,3,0,0,0,,,,
28,3,6,1.511951758,0.989497224,0.737828878,1.115567864,0,0.93146182,2.55,0,2.55,0,0,0,4,0,0,0.035214,0.179123,3,3,0,0,0,,,,
28,11,16,1.429950823,1.016311885,0.858962014,1.228306279,0,0.91972209,3.44,1,2.55,0,0,0,0,0,1,-0.311933,0.1953,2,1,0,0,0,,,,
28,12,10,1.429154039,1.015745586,0.858903446,1.227525444,0,0.92075043,2.55,0,3.44,1,0,0,0,0,1,0.192287,-0.297287,1,2,0,0,0,,,,
28,6,11,1.34573854,0.956459517,0.687886889,0.925709727,0,1.17815361,2.55,0,3.44,1,0,0,0,0,1,0.179123,-0.311933,3,2,0,0,0,,,,
28,10,4,1.343646821,0.954972865,0.684272819,0.919433153,0,1.20348574,3.44,1,2.55,0,0,0,0,0,1,-0.297287,0.177868,2,3,0,0,0,,,,
29,1,3,1.594439621,1.043481427,0.74025851,1.180295708,4,0.99737312,2.55,0,2.55,0,0,0,4,4,0,-0.05011,-0.052584,3,3,4,0.25,1,,,,
29,3,9,1.524109236,0.997453689,0.835554873,1.2734712,0,1.07709152,2.55,0,2.55,0,0,0,4,0,0,-0.052584,0.082669,3,1,0,0,0,,,,
29,4,1,1.52372762,0.99720394,0.83991244,1.279795343,0,1.08669743,2.55,0,2.55,0,0,0,0,4,0,0.08864,-0.05011,1,3,0,0,0,,,,
30,0,2,1.576342357,1.031637668,0.999991092,1.576275492,4,0.98299398,2.55,0,2.55,0,0,0,4,4,0,-0.15122,0.182105,3,3,4,0.25,1,,,,
30,26,0,1.524905003,0.997974478,0.712977304,1.087273878,0,1.07382643,2.55,0,2.55,0,0,0,0,4,0,0.330046,-0.15122,2,3,0,0,0,,,,
30,2,15,1.513407182,0.990449727,0.966941667,1.463389014,0,1.00105342,2.55,0,2.55,0,0,1,4,6,0,0.182105,0.028189,3,3,0,0,0,,,,
30,39,42,1.507076278,0.986306464,0.836402526,1.260506138,0,1.03716342,2.55,0,2.55,0,0,0,0,0,0,0.138492,0.041781,3,1,0,0,0,,,,
30,32,31,1.505347211,0.985174876,0.841383139,1.266572911,0,1.04380687,2.55,0,2.55,0,0,0,0,0,0,0.048472,0.138268,1,3,0,0,0,,,,
30,28,26,1.429812471,1.016213555,0.767382314,1.097242232,0,0.9378837,3.44,1,2.55,0,0,0,0,0,1,-0.327962,0.330046,2,2,0,0,0,,,,
30,20,43,1.386402036,0.985360366,0.963259827,1.335516055,0,0.97350886,2.55,0,3.44,1,1,0,6,0,1,0.213594,-0.285602,3,2,0,0,0,,,,
30,43,39,1.370557437,0.974099102,0.710020604,0.973164049,0,1.06619453,3.44,1,2.55,0,0,0,0,0,1,-0.285602,0.138492,2,3,0,0,0,,,,
30,31,28,1.36034271,0.966839168,0.69157517,0.940820448,0,1.10674658,2.55,0,3.44,1,0,0,0,0,1,0.138268,-0.327962,3,2,0,0,0,,,,
31,48,49,1.440644492,0.978034279,0.878964488,1.266303767,4,0.96181737,3.04,2,3.04,2,0,0,4,4,4,-0.160293,-0.186529,3,3,4,0.25,1,,,,
31,12,11,1.518475601,0.993766754,0.651179177,0.988813292,0,1.0438068,2.55,0,2.55,0,0,0,0,0,0,0.229515,0.182305,2,2,0,0,0,,,,
31,28,29,1.518349599,0.993684292,0.650736875,0.988061308,0,1.04359477,2.55,0,2.55,0,0,0,0,0,0,0.184228,0.22826,2,2,0,0,0,,,,
31,19,18,1.509066994,0.987609289,0.844647506,1.27462953,0,1.0442635,2.55,0,2.55,0,0,0,0,0,0,0.051124,0.118688,1,3,0,0,0,,,,
31,32,33,1.508959168,0.987538723,0.844875734,1.274881306,0,1.04433766,2.55,0,2.55,0,0,0,0,0,0,0.11887,0.051346,3,1,0,0,0,,,,
31,49,31,1.431115764,0.982234567,0.95927894,1.372869103,0,0.97596337,3.04,2,2.55,0,0,1,4,6,2,-0.186529,0.11734,3,3,0,0,0,,,,
31,15,12,1.429591465,1.016056478,0.679722005,0.971716083,0,0.91307835,3.44,1,2.55,0,0,0,0,0,1,-0.329623,0.229515,2,2,0,0,0,,,,
31,29,36,1.429000692,1.015636597,0.679973999,0.971668,0,0.9141559,2.55,0,3.44,1,0,0,0,0,1,0.22826,-0.329101,2,2,0,0,0,,,,
31,34,28,1.410951117,1.002808185,0.691130054,0.975141506,0,0.95718272,3.44,1,2.55,0,0,0,0,0,1,-0.322227,0.184228,2,2,0,0,0,,,,
31,11,10,1.410422922,1.00243278,0.690948905,0.974515867,0,0.95977596,2.55,0,3.44,1,0,0,0,0,1,0.182305,-0.321479,2,2,0,0,0,,,,
31,0,48,1.407996748,0.96636702,0.972569101,1.369385467,0,0.96114823,2.55,0,3.04,2,1,0,6,4,2,0.174038,-0.160293,3,3,0,0,0,,,,
31,10,5,1.362001446,0.968018086,0.958917437,1.306043779,0,1.10357715,3.44,1,2.55,0,0,1,0,6,1,-0.321479,0.243465,2,3,0,0,0,,,,
31,35,34,1.36084047,0.967192942,0.959126307,1.305202293,0,1.10493145,2.55,0,3.44,1,1,0,6,0,1,0.242668,-0.322227,3,2,0,0,0,,,,
31,36,32,1.353502352,0.961977507,0.686010375,0.928510856,0,1.12660216,3.44,1,2.55,0,0,0,0,0,1,-0.329101,0.11887,2,3,0,0,0,,,,
31,18,15,1.353199987,0.961762607,0.686325166,0.928727816,0,1.12707341,2.55,0,3.44,1,0,0,0,0,1,0.118688,-0.329623,3,2,0,0,0,,,,
32,17,45,1.577684934,1.032516318,0.999004091,1.576048503,4,0.96027935,2.55,0,2.55,0,0,0,4,4,0,-0.024354,-0.005921,4,4,16,0.4375,1,,,,
32,24,23,1.518579104,0.993834492,0.654182912,0.993434007,0,1.05839952,2.55,0,2.55,0,0,0,0,0,0,0.218245,0.223422,2,2,0,0,0,,,,
32,52,48,1.518345847,0.993681837,0.653771603,0.992655104,0,1.05650941,2.55,0,2.55,0,0,0,0,0,0,0.221558,0.219447,2,2,0,0,0,,,,
32,31,30,1.510081627,0.988273316,0.845149328,1.27620271,0,1.04249203,2.55,0,2.55,0,0,0,0,0,0,0.051093,0.117884,1,3,0,0,0,,,,
32,51,56,1.509818405,0.98810105,0.845286355,1.276184324,0,1.04285243,2.55,0,2.55,0,0,0,0,0,0,0.118111,0.050394,3,1,0,0,0,,,,
32,27,24,1.431889435,1.017689719,0.68364027,0.978906214,0,0.90460645,3.44,1,2.55,0,0,0,0,0,1,-0.327883,0.218245,2,2,0,0,0,,,,
32,48,55,1.431483283,1.017401054,0.683182832,0.97797669,0,0.90563792,2.55,0,3.44,1,0,0,0,0,1,0.219447,-0.327405,2,2,0,0,0,,,,
32,44,47,1.418766681,1.008362958,0.873326442,1.239108049,0,0.98531731,2.55,0,3.44,1,0,0,6,0,1,-0.004185,-0.388752,4,2,0,0,0,,,,
32,22,2,1.418757702,1.008356576,0.868365007,1.232058136,0,0.98466749,3.44,1,2.55,0,0,0,0,6,1,-0.388009,-0.018409,2,4,0,0,0,,,,
32,47,52,1.410505921,1.00249177,0.683491049,0.964074531,0,0.9761745,3.44,1,2.55,0,0,0,0,0,1,-0.388752,0.221558,2,2,0,0,0,,,,
32,23,22,1.410278143,1.002329881,0.684959984,0.96598532,0,0.97610915,2.55,0,3.44,1,0,0,0,0,1,0.223422,-0.388009,2,2,0,0,0,,,,
32,55,51,1.351015534,0.960210046,0.686360693,0.927297386,0,1.13718664,3.44,1,2.55,0,0,0,0,0,1,-0.327405,0.118111,2,3,0,0,0,,,,
32,30,27,1.350686119,0.959975919,0.686432697,0.927171201,0,1.13759032,2.55,0,3.44,1,0,0,0,0,1,0.117884,-0.327883,3,2,0,0,0,,,,
33,3,0,1.347029936,0.881564094,0.999712199,1.346637708,5,1.78848793,2.55,0,2.55,0,0,0,5,5,0,-0.109452,-0.035929,3,3,5,0.2,0,,,,
33,45,48,1.529753102,1.001147318,0.830686633,1.270739353,0,1.09252621,2.55,0,2.55,0,0,0,0,0,0,-0.015784,-0.01653,2,1,0,0,0,,,,
33,38,35,1.529418266,1.000928185,0.831638678,1.271918188,0,1.09081161,2.55,0,2.55,0,0,0,0,0,0,-0.016509,-0.005219,1,2,0,0,0,,,,
33,35,34,1.520211324,0.994902699,0.673842247,1.024388854,0,1.07539327,2.55,0,2.55,0,0,0,0,0,0,-0.005219,0.18627,2,2,0,0,0,,,,
33,44,45,1.519072451,0.994157363,0.675607227,1.026303182,0,1.07094038,2.55,0,2.55,0,0,0,0,0,0,0.20993,-0.015784,2,2,0,0,0,,,,
33,28,3,1.491324303,0.97599758,0.913401124,1.362182947,0,0.89577026,2.55,0,2.55,0,0,0,0,5,0,0.262808,-0.109452,3,3,0,0,0,,,,
33,0,29,1.471183875,0.962816672,0.992480302,1.460118081,0,0.98289175,2.55,0,2.55,0,0,0,5,0,0,-0.035929,0.186396,3,3,0,0,0,,,,
33,34,32,1.439013976,1.022753359,0.712109402,1.024720522,0,0.91134994,2.55,0,3.44,1,0,0,0,0,1,0.18627,-0.279866,2,2,0,0,0,,,,
33,33,44,1.43889116,1.02266607,0.691522268,0.995005349,0,0.89007387,3.44,1,2.55,0,0,0,0,0,1,-0.321211,0.20993,2,2,0,0,0,,,,
33,29,33,1.348017181,0.95807902,0.69824939,0.941254209,0,1.17155806,2.55,0,3.44,1,0,0,0,0,1,0.186396,-0.321211,3,2,0,0,0,,,,
33,32,28,1.336336931,0.949777492,0.99939577,1.335517654,0,1.1914184,3.44,1,2.55,0,0,0,0,0,1,-0.279866,0.262808,2,3,0,0,0,,,,
34,40,3,1.511229666,0.989024651,0.951135997,1.437411409,0,1.05802197,2.55,0,2.55,0,0,1,0,6,0,0.329816,-0.065761,2,3,0,0,0,,,,
34,54,55,1.509103743,0.987633339,0.844875942,1.275003181,0,1.0452452,2.55,0,2.55,0,0,0,0,0,0,0.116496,0.054313,3,1,0,0,0,,,,
34,45,44,1.508858969,0.987473147,0.84451425,1.274251191,0,1.03802433,2.55,0,2.55,0,0,0,0,0,0,0.05012,0.125149,1,3,0,0,0,,,,
34,17,50,1.507116007,0.986332465,0.856788634,1.291277029,0,1.01720342,2.55,0,2.55,0,1,0,6,0,0,-0.028312,0.302458,3,2,0,0,0,,,,
34,41,40,1.444575512,1.026706121,0.823235683,1.189325092,0,0.91440347,3.44,1,2.55,0,0,0,0,0,1,-0.318832,0.329816,2,2,0,0,0,,,,
34,50,51,1.437200521,1.021464478,0.692064007,0.994706704,0,0.90917692,2.55,0,3.44,1,0,0,0,0,1,0.302458,-0.323257,2,2,0,0,0,,,,
34,51,54,1.352612265,0.961344893,0.684518571,0.925929768,0,1.13624146,3.44,1,2.55,0,0,0,0,0,1,-0.323257,0.116496,2,3,0,0,0,,,,
34,44,41,1.350081106,0.959545917,0.688379538,0.929411139,0,1.14985755,2.55,0,3.44,1,0,0,0,0,1,0.125149,-0.318832,3,2,0,0,0,,,,
35,18,41,1.526363471,0.998928973,0.998895927,1.524740647,0,0.92625618,2.55,0,2.55,0,0,0,6,6,0,0.249189,0.045656,4,3,0,0,0,,,,
35,30,19,1.525283299,0.998222054,0.999007747,1.523768203,0,0.92775696,2.55,0,2.55,0,0,0,6,6,0,0.040257,0.247828,3,4,0,0,0,,,,
35,46,51,1.510746117,0.988708192,0.964279112,1.456790516,0,1.06019164,2.55,0,2.55,0,0,0,6,0,0,-0.056055,0.330947,3,2,0,0,0,,,,
35,54,56,1.508958984,0.987538602,0.844457442,1.2742449,0,1.03848529,2.55,0,2.55,0,0,0,0,0,0,0.125735,0.050083,3,1,0,0,0,,,,
35,27,25,1.508870403,0.98748063,0.845323809,1.275478682,0,1.04634321,2.55,0,2.55,0,0,0,0,0,0,0.052168,0.121138,1,3,0,0,0,,,,
35,22,35,1.50801303,0.986919522,0.957026901,1.443217625,0,0.99960728,2.55,0,2.55,0,0,0,0,6,0,0.300006,-0.040365,2,3,0,0,0,,,,
35,51,53,1.444385523,1.02657109,0.816962721,1.179961149,0,0.91395713,2.55,0,3.44,1,0,0,0,0,1,0.330947,-0.31831,2,2,0,0,0,,,,
35,24,22,1.430563691,1.016747471,0.696489166,0.996346413,0,0.9243538,3.44,1,2.55,0,0,0,0,0,1,-0.3188,0.300006,2,2,0,0,0,,,,
35,25,24,1.352336469,0.961148876,0.685819394,0.92747459,0,1.12861224,2.55,0,3.44,1,0,0,0,0,1,0.121138,-0.3188,3,2,0,0,0,,,,
35,53,54,1.350280532,0.959687656,0.689142457,0.930551893,0,1.15034014,3.44,1,2.55,0,0,0,0,0,1,-0.31831,0.125735,2,3,0,0,0,,,,
36,18,29,1.859654615,1.016204708,0.773319289,1.438083998,6,1.01575071,2.55,0,2.58,3,0,0,6,6,7,-0.324887,0.115939,4,2,6,0.33333333,0,,,,
36,29,65,1.7651445,0.964559836,0.664150241,1.17234287,6,1.06347299,2.58,3,2.55,0,0,0,6,6,7,0.115939,-0.162861,2,3,6,0.33333333,0,,,,
36,30,12,1.881612055,1.028203309,0.902986172,1.699093179,0,0.96793046,2.55,0,2.58,3,0,0,6,0,7,-0.342555,0.028981,4,2,0,0,1,,,,
36,15,18,1.880672977,1.027690152,0.609924116,1.147052069,0,0.9795314,2.58,3,2.55,0,0,0,0,6,7,0.004861,-0.324887,2,4,0,0,1,,,,
36,10,15,1.851969454,1.012005166,0.649377181,1.202632727,0,0.97731739,2.55,0,2.58,3,0,0,0,0,7,0.00751,0.004861,2,2,0,0,0,,,,
36,12,11,1.850996356,1.011473419,0.657819336,1.217621285,0,0.98164803,2.58,3,2.55,0,0,0,0,0,7,0.028981,0.005074,2,2,0,0,0,,,,
37,16,5,1.512915628,0.990128029,0.804380971,1.216975529,3,0.94618713,2.55,0,2.55,0,0,0,3,3,0,-0.074764,-0.13194,3,3,12,0.41666667,0,,,,
37,2,1,1.54330271,1.010014862,0.956394361,1.476002957,7,1.08918134,2.55,0,2.55,0,0,0,7,7,0,0.198761,0.053265,2,2,12,0.41666667,0,,,,
37,35,36,1.524451944,0.997677974,0.675693499,1.03006563,0,1.07190386,2.55,0,2.55,0,0,0,0,0,0,0.144318,0.2232,2,2,0,0,0,,,,
37,1,0,1.518633025,0.993869781,0.753915188,1.144912796,7,1.06713663,2.55,0,2.55,0,0,1,7,5,0,0.053265,0.027386,2,3,12,0.41666667,0,,,,
37,5,2,1.509556479,0.987929633,0.751471301,1.134392414,7,1.05237895,2.55,0,2.55,0,0,0,3,7,0,-0.13194,0.198761,3,2,12,0.41666667,0,,,,
37,19,16,1.508674591,0.987352481,0.839944913,1.267143009,0,1.09070041,2.55,0,2.55,0,0,0,0,3,0,0.326715,-0.074764,2,3,0,0,0,,,,
37,32,35,1.455515136,0.998980876,0.757936131,1.103170081,0,0.93596456,3.04,2,2.55,0,1,0,5,0,2,-0.209361,0.144318,3,2,0,0,0,,,,
37,26,25,1.445074825,0.991815254,0.885882599,1.280168452,0,1.00270432,2.55,0,3.04,2,0,0,0,0,2,0.110986,-0.193445,1,2,0,0,0,,,,
37,21,19,1.437432016,1.021629009,0.813978422,1.170038918,0,0.92080494,3.44,1,2.55,0,0,0,0,0,1,-0.339748,0.326715,2,2,0,0,0,,,,
37,36,39,1.406989253,0.999992362,0.655402717,0.922144485,0,1.00622458,2.55,0,3.44,1,0,0,0,0,1,0.2232,-0.395742,2,2,0,0,0,,,,
37,39,42,1.403402017,0.997442798,0.836650155,1.174154715,0,0.99806098,3.44,1,2.55,0,0,0,0,0,1,-0.395742,0.195136,2,1,0,0,0,,,,
37,25,24,1.361684666,0.934581102,0.722507574,0.983825865,0,1.20337033,3.04,2,2.55,0,0,0,0,0,2,-0.193445,0.23071,2,3,0,0,0,,,,
37,24,21,1.357974656,0.965156117,0.695415302,0.944377316,0,1.13584639,2.55,0,3.44,1,0,0,0,0,1,0.23071,-0.339748,3,2,0,0,0,,,,
38,19,20,1.586850487,1.038514717,0.873746647,1.386505292,6,1.02207622,2.55,0,2.55,0,0,1,6,5,0,-0.086389,-0.037244,4,3,9,0.33333333,1,,,,
38,31,19,1.530577912,1.001687115,0.671851493,1.028321055,0,1.07283385,2.55,0,2.55,0,0,0,0,6,0,0.318084,-0.086389,2,4,0,0,0,,,,
38,41,42,1.525626105,0.998446404,0.671654821,1.024694129,0,1.08255157,2.55,0,2.55,0,0,0,0,0,0,0.181019,0.206946,2,2,0,0,0,,,,
38,48,49,1.508795268,0.987431458,0.844960865,1.274872955,0,1.04525825,2.55,0,2.55,0,0,0,0,0,0,0.121329,0.049665,3,1,0,0,0,,,,
38,36,35,1.508225652,0.987058673,0.843361332,1.271979195,0,1.03725045,2.55,0,2.55,0,0,0,0,0,0,0.051582,0.137216,1,3,0,0,0,,,,
38,28,41,1.453994507,0.997937204,0.830773218,1.207939696,0,0.91180269,3.04,2,2.55,0,1,0,5,0,2,-0.292176,0.181019,3,2,0,0,0,,,,
38,32,31,1.437251306,1.021500573,0.741039143,1.065059476,0,0.89489447,3.44,1,2.55,0,0,0,0,0,1,-0.328977,0.318084,2,2,0,0,0,,,,
38,42,45,1.429466564,1.015967707,0.678416786,0.969774111,0,0.92439708,2.55,0,3.44,1,0,0,0,0,1,0.206946,-0.325034,2,2,0,0,0,,,,
38,45,48,1.35326292,0.961807334,0.685938013,0.928254478,0,1.12550205,3.44,1,2.55,0,0,0,0,0,1,-0.325034,0.121329,2,3,0,0,0,,,,
38,35,32,1.351692079,0.960690887,0.696613549,0.941607016,0,1.13612353,2.55,0,3.44,1,0,0,0,0,1,0.137216,-0.328977,3,2,0,0,0,,,,
39,20,19,1.593060925,1.042579139,0.882708324,1.406787675,6,1.02869963,2.55,0,2.55,0,1,0,5,6,0,-0.013521,0.05453,3,4,9,0.33333333,1,,,,
39,33,32,1.525648652,0.99846116,0.672261291,1.025514004,0,1.0824494,2.55,0,2.55,0,0,0,0,0,0,0.208058,0.179557,2,2,0,0,0,,,,
39,40,39,1.509118218,0.987642813,0.844510686,1.274482716,0,1.0447424,2.55,0,2.55,0,0,0,0,0,0,0.050174,0.120982,1,3,0,0,0,,,,
39,58,59,1.508233644,0.987063903,0.836495413,1.261324208,0,1.03853964,2.55,0,2.55,0,0,0,0,0,0,0.14339,0.041353,3,1,0,0,0,,,,
39,19,31,1.460131661,0.955583548,0.914983078,1.336114096,0,0.861097,2.55,0,2.55,0,0,0,6,0,0,0.05453,0.053153,4,2,0,0,0,,,,
39,32,28,1.453442976,0.997558666,0.841440549,1.223111,0,0.91368623,2.55,0,3.04,2,0,1,0,5,2,0.179557,-0.295205,2,3,0,0,0,,,,
39,45,46,1.43162004,0.93692411,0.999993018,1.431745132,0,0.92693048,2.55,0,2.55,0,0,1,0,6,0,-0.093665,-0.05046,2,3,0,0,0,,,,
39,36,33,1.429986064,1.016336932,0.678454632,0.970148937,0,0.92273123,3.44,1,2.55,0,0,0,0,0,1,-0.325496,0.208058,2,2,0,0,0,,,,
39,51,57,1.385413468,0.98465776,0.962454962,1.334092281,0,0.99535117,2.55,0,3.44,1,1,0,6,0,1,0.219262,-0.276654,3,2,0,0,0,,,,
39,57,58,1.365595816,0.970572719,0.714632031,0.97793371,0,1.07058885,3.44,1,2.55,0,0,0,0,0,1,-0.276654,0.14339,2,3,0,0,0,,,,
39,39,36,1.352673628,0.961388506,0.686064905,0.92832338,0,1.12635181,2.55,0,3.44,1,0,0,0,0,1,0.120982,-0.325496,3,2,0,0,0,,,,
39,31,45,1.215282958,0.79534225,0.999970022,1.215244863,0,2.42138268,2.55,0,2.55,0,0,0,0,0,0,0.053153,-0.093665,2,2,0,0,0,,,,
40,1,0,1.586381379,1.038207709,0.829704081,1.316227104,5,0.99415573,2.55,0,2.55,0,0,1,5,5,0,0.025182,-0.04368,4,3,8,0.375,1,,,,
40,34,35,1.525633029,0.998450935,0.671332373,1.024206841,0,1.08019112,2.55,0,2.55,0,0,0,0,0,0,0.177444,0.205657,2,2,0,0,0,,,,
40,31,29,1.508640853,0.987330401,0.84481853,1.274527747,0,1.04510805,2.55,0,2.55,0,0,0,0,0,0,0.121069,0.050032,3,1,0,0,0,,,,
40,22,21,1.508414954,0.987182562,0.844425627,1.273744243,0,1.04684091,2.55,0,2.55,0,0,0,0,0,0,0.053215,0.123654,1,3,0,0,0,,,,
40,17,1,1.507060644,0.986296233,0.682216168,1.028141137,0,1.03312751,2.55,0,2.55,0,0,0,0,5,0,0.33064,0.025182,2,4,0,0,0,,,,
40,10,34,1.453987255,0.997932227,0.853260526,1.24062993,0,0.91229713,3.04,2,2.55,0,1,0,5,0,2,-0.307675,0.177444,3,2,0,0,0,,,,
40,35,33,1.429300453,1.015849647,0.677978527,0.969035016,0,0.92446852,2.55,0,3.44,1,0,0,0,0,1,0.205657,-0.326006,2,2,0,0,0,,,,
40,18,17,1.426932036,1.014166337,0.691762652,0.98709829,0,0.9462131,3.44,1,2.55,0,0,0,0,0,1,-0.316207,0.33064,2,2,0,0,0,,,,
40,33,31,1.353617401,0.962059276,0.68585952,0.928391382,0,1.12357662,3.44,1,2.55,0,0,0,0,0,1,-0.326006,0.121069,2,3,0,0,0,,,,
40,21,18,1.353438162,0.961931885,0.685726859,0.9280889,0,1.12410942,2.55,0,3.44,1,0,0,0,0,1,0.123654,-0.316207,3,2,0,0,0,,,,
41,1,0,1.582803042,1.035865865,0.936349892,1.482034949,5,1.00900466,2.55,0,2.55,0,0,0,5,5,0,0.223969,-0.04414,3,3,9,0.44444444,1,,,,
41,2,1,1.531532223,1.002311665,0.804075414,1.231518607,5,0.94479624,2.55,0,2.55,0,0,0,5,5,0,-0.095861,0.223969,3,3,9,0.44444444,0,,,,
41,0,7,1.520315514,0.994970886,0.758582628,1.153264581,5,0.91349787,2.55,0,2.55,0,0,0,5,5,0,-0.04414,0.185776,3,3,9,0.44444444,0,,,,
41,7,9,1.397016711,0.958830962,0.705042219,0.984986801,5,1.05647197,2.55,0,3.04,2,0,0,5,5,2,0.185776,-0.307234,3,3,9,0.44444444,0,,,,
41,34,35,1.532911644,1.003214427,0.690885397,1.059100672,0,1.10831811,2.55,0,2.55,0,0,0,0,0,0,0.157784,0.212675,2,2,0,0,0,,,,
41,17,20,1.508904639,0.987503036,0.845131626,1.275240183,0,1.04729972,2.55,0,2.55,0,0,0,0,0,0,0.052081,0.122989,1,3,0,0,0,,,,
41,28,30,1.508358155,0.98714539,0.842938627,1.271399279,0,1.03876917,2.55,0,2.55,0,0,0,0,0,0,0.116687,0.051331,3,1,0,0,0,,,,
41,23,2,1.49008757,0.9751882,0.921523489,1.373145658,0,1.04912175,2.55,0,2.55,0,0,0,0,5,0,0.328046,-0.095861,2,3,0,0,0,,,,
41,9,34,1.455330916,0.998854438,0.862838716,1.255793925,0,0.91661478,3.04,2,2.55,0,0,0,5,0,2,-0.307234,0.157784,3,2,0,0,0,,,,
41,21,23,1.438620963,1.022474032,0.688370177,0.990327486,0,0.91174572,3.44,1,2.55,0,0,0,0,0,1,-0.326729,0.328046,2,2,0,0,0,,,,
41,35,29,1.430398554,1.016630102,0.8147686,1.165456268,0,0.92804358,2.55,0,3.44,1,0,0,0,0,1,0.212675,-0.320511,2,2,0,0,0,,,,
41,29,28,1.356325465,0.963983984,0.690095435,0.935969323,0,1.12849481,3.44,1,2.55,0,0,0,0,0,1,-0.320511,0.116687,2,3,0,0,0,,,,
41,20,21,1.353061641,0.961664279,0.6835981,0.92493625,0,1.13051496,2.55,0,3.44,1,0,0,0,0,1,0.122989,-0.326729,3,2,0,0,0,,,,
42,1,0,1.5875848,1.038995288,0.937612056,1.488554202,5,0.97203293,2.55,0,2.55,0,0,1,5,5,0,-0.04082,-0.004624,4,3,8,0.375,1,,,,
42,34,35,1.526102887,0.998758434,0.671839648,1.025291705,0,1.08431845,2.55,0,2.55,0,0,0,0,0,0,0.170391,0.211398,2,2,0,0,0,,,,
42,17,1,1.511418872,0.989148476,0.692805365,1.047119892,0,1.03372305,2.55,0,2.55,0,0,0,0,5,0,0.358611,-0.04082,2,4,0,0,0,,,,
42,31,29,1.509030862,0.987585643,0.844535657,1.274429062,0,1.04425059,2.55,0,2.55,0,0,0,0,0,0,0.121668,0.049077,3,1,0,0,0,,,,
42,22,21,1.508840599,0.987461125,0.844293513,1.273897424,0,1.04664559,2.55,0,2.55,0,0,0,0,0,0,0.05396,0.121711,1,3,0,0,0,,,,
42,10,34,1.453671852,0.997715753,0.835405111,1.214404168,0,0.91170395,3.04,2,2.55,0,1,0,5,0,2,-0.273849,0.170391,3,2,0,0,0,,,,
42,35,33,1.429739923,1.016161992,0.677520155,0.968678928,0,0.92275489,2.55,0,3.44,1,0,0,0,0,1,0.211398,-0.326957,2,2,0,0,0,,,,
42,18,17,1.428993736,1.015631653,0.686949678,0.9816429,0,0.94206172,3.44,1,2.55,0,0,0,0,0,1,-0.317908,0.358611,2,2,0,0,0,,,,
42,21,18,1.353621793,0.962062397,0.68608343,0.928714114,0,1.12266983,2.55,0,3.44,1,0,0,0,0,1,0.121711,-0.317908,3,2,0,0,0,,,,
42,33,31,1.35338763,0.96189597,0.686308391,0.928852119,0,1.12353873,3.44,1,2.55,0,0,0,0,0,1,-0.326957,0.121668,2,3,0,0,0,,,,
43,1,0,1.590242254,1.04073446,0.937146257,1.490302381,5,0.97377808,2.55,0,2.55,0,0,1,5,5,0,-0.051335,-0.012383,4,3,8,0.375,1,,,,
43,17,1,1.516566457,0.992517315,0.70600508,1.070695895,0,1.0585801,2.55,0,2.55,0,0,0,0,5,0,0.376813,-0.051335,2,4,0,0,0,,,,
43,31,29,1.507721041,0.98672843,0.844749496,1.27365402,0,1.0471065,2.55,0,2.55,0,0,0,0,0,0,0.125162,0.049871,3,1,0,0,0,,,,
43,22,21,1.507710077,0.986721255,0.843521719,1.271798744,0,1.04124193,2.55,0,2.55,0,0,0,0,0,0,0.05535,0.129082,1,3,0,0,0,,,,
43,10,34,1.43371248,0.984016802,0.830106755,1.190117803,0,0.95834741,3.04,2,2.55,0,1,0,5,0,2,-0.270108,0.367936,3,2,0,0,0,,,,
43,18,17,1.431117319,1.017140952,0.805469196,1.152741345,0,0.93584326,3.44,1,2.55,0,0,0,0,0,1,-0.311869,0.376813,2,2,0,0,0,,,,
43,34,33,1.430997826,1.017056024,0.690783826,0.988518021,0,0.93856647,2.55,0,3.44,1,0,0,0,0,1,0.367936,-0.323093,2,2,0,0,0,,,,
43,33,31,1.354400515,0.96261586,0.682847292,0.924828051,0,1.12373868,3.44,1,2.55,0,0,0,0,0,1,-0.323093,0.125162,2,3,0,0,0,,,,
43,21,18,1.351605619,0.960629438,0.69254238,0.936008998,0,1.14275659,2.55,0,3.44,1,0,0,0,0,1,0.129082,-0.311869,3,2,0,0,0,,,,
44,1,0,1.581247451,1.034847808,0.82921185,1.311194854,5,1.00590127,2.55,0,2.55,0,0,1,5,5,0,0.048414,-0.045482,4,3,8,0.375,1,,,,
44,33,34,1.525410907,0.998305568,0.67187095,1.024888947,0,1.08283846,2.55,0,2.55,0,0,0,0,0,0,0.178295,0.208459,2,2,0,0,0,,,,
44,30,28,1.508685414,0.987359564,0.84474325,1.274462523,0,1.04521413,2.55,0,2.55,0,0,0,0,0,0,0.121282,0.050081,3,1,0,0,0,,,,
44,21,20,1.508282072,0.987095597,0.844384906,1.273583716,0,1.04721416,2.55,0,2.55,0,0,0,0,0,0,0.053626,0.12365,1,3,0,0,0,,,,
44,16,1,1.507270533,0.986433595,0.683283104,1.029899834,0,1.03732637,2.55,0,2.55,0,0,0,0,5,0,0.329611,0.048414,2,4,0,0,0,,,,
44,10,33,1.453358824,0.997500909,0.830708166,1.207345312,0,0.91423342,3.04,2,2.55,0,1,0,5,0,2,-0.309174,0.178295,3,2,0,0,0,,,,
44,34,32,1.429456214,1.015960351,0.678021271,0.969221028,0,0.92396567,2.55,0,3.44,1,0,0,0,0,1,0.208459,-0.325944,2,2,0,0,0,,,,
44,17,16,1.426963422,1.014188644,0.691761079,0.987149492,0,0.94742708,3.44,1,2.55,0,0,0,0,0,1,-0.31662,0.329611,2,2,0,0,0,,,,
44,20,17,1.353526328,0.961994548,0.685764908,0.928182012,0,1.12306138,2.55,0,3.44,1,0,0,0,0,1,0.12365,-0.31662,3,2,0,0,0,,,,
44,32,30,1.353221308,0.96177776,0.685875792,0.928129404,0,1.12450255,3.44,1,2.55,0,0,0,0,0,1,-0.325944,0.121282,2,3,0,0,0,,,,
45,4,3,1.588295348,1.039460306,0.938978515,1.491347803,5,0.96649217,2.55,0,2.55,0,0,0,5,5,0,-0.035488,-0.009974,4,3,8,0.375,1,,,,
45,3,11,1.523929826,0.997336274,0.751505477,1.145231615,5,0.92413636,2.55,0,2.55,0,0,0,5,5,0,-0.009974,0.207241,3,3,8,0.375,0,,,,
45,11,10,1.405385205,0.964574609,0.708890779,0.996278677,5,1.03770212,2.55,0,3.04,2,0,0,5,5,2,0.207241,-0.24659,3,3,8,0.375,0,,,,
45,17,4,1.514334964,0.991056914,0.703222793,1.06491044,0,1.04009676,2.55,0,2.55,0,0,0,0,5,0,0.34604,-0.035488,2,4,0,0,0,,,,
45,36,37,1.507555393,0.986620021,0.835843059,1.260067954,0,1.04252833,2.55,0,2.55,0,0,0,0,0,0,0.145978,0.042814,3,1,0,0,0,,,,
45,10,25,1.421604428,0.97570654,0.974554875,1.385443402,0,0.87023736,3.04,2,2.55,0,0,1,5,6,2,-0.24659,0.092985,3,3,0,0,0,,,,
45,18,17,1.403632656,0.997606721,0.672325886,0.943688815,0,1.04813476,3.44,1,2.55,0,0,0,0,0,1,-0.382309,0.34604,2,2,0,0,0,,,,
45,21,18,1.40342721,0.997460704,0.837078722,1.174766632,0,0.99698739,2.55,0,3.44,1,0,0,0,0,1,0.197706,-0.382309,1,2,0,0,0,,,,
45,29,35,1.381650211,0.981983092,0.962669597,1.330051422,0,1.01450821,2.55,0,3.44,1,1,0,6,0,1,0.244406,-0.270755,3,2,0,0,0,,,,
45,35,36,1.365934052,0.970813115,0.727215823,0.993316161,0,1.06435695,3.44,1,2.55,0,0,0,0,0,1,-0.270755,0.145978,2,3,0,0,0,,,,
46,3,4,1.610236962,1.053820001,0.853737604,1.374718287,5,0.99493463,2.55,0,2.55,0,0,0,5,5,0,0.013238,-0.190297,3,4,8,0.375,1,,,,
46,10,3,1.526857096,0.999252026,0.775601865,1.184252144,5,0.9177662,2.55,0,2.55,0,0,0,5,5,0,0.19757,0.013238,3,3,8,0.375,0,,,,
46,9,10,1.400262301,0.961058545,0.706171169,0.988812851,5,1.04957368,3.04,2,2.55,0,0,0,5,5,2,-0.312753,0.19757,3,3,8,0.375,0,,,,
46,23,22,1.525672158,0.998476543,0.672074267,1.025389417,0,1.08347162,2.55,0,2.55,0,0,0,0,0,0,0.220529,0.166582,2,2,0,0,0,,,,
46,4,57,1.522693895,0.996527418,0.797450377,1.214298885,0,0.94732267,2.55,0,2.55,0,0,1,5,5,0,-0.190297,0.099638,4,3,0,0,0,,,,
46,66,67,1.508818651,0.987446761,0.84481819,1.27466525,0,1.0461949,2.55,0,2.55,0,0,0,0,0,0,0.122777,0.051073,3,1,0,0,0,,,,
46,17,19,1.508711121,0.987376388,0.844985061,1.274826377,0,1.04531419,2.55,0,2.55,0,0,0,0,0,0,0.050987,0.121175,1,3,0,0,0,,,,
46,54,52,1.499714519,0.98148856,0.993041961,1.489318118,0,0.9919274,2.55,0,2.55,0,1,0,5,0,0,-0.216482,0.344075,3,2,0,0,0,,,,
46,22,9,1.453417473,0.997541162,0.839148923,1.219628947,0,0.9102079,2.55,0,3.04,2,0,0,0,5,2,0.166582,-0.312753,2,3,0,0,0,,,,
46,52,63,1.430369484,1.016609441,0.688720755,0.985120566,0,0.9359372,2.55,0,3.44,1,0,0,0,0,1,0.344075,-0.319334,2,2,0,0,0,,,,
46,21,23,1.429814167,1.01621476,0.678152307,0.969640199,0,0.92465834,3.44,1,2.55,0,0,0,0,0,1,-0.32628,0.220529,2,2,0,0,0,,,,
46,19,21,1.353284676,0.961822797,0.685971495,0.928360993,0,1.12504148,2.55,0,3.44,1,0,0,0,0,1,0.121175,-0.32628,3,2,0,0,0,,,,
46,63,66,1.353141521,0.961721053,0.684703841,0.926556477,0,1.12383927,3.44,1,2.55,0,0,0,0,0,1,-0.319334,0.122777,2,3,0,0,0,,,,
47,1,0,1.587477369,1.03892498,0.9377436,1.488612981,5,0.97476024,2.55,0,2.55,0,0,0,5,5,0,-0.052403,-0.0146,4,3,8,0.375,1,,,,
47,0,7,1.526867879,0.999259083,0.751079908,1.146795862,5,0.91205749,2.55,0,2.55,0,0,0,5,5,0,-0.0146,0.196801,3,3,8,0.375,0,,,,
47,7,9,1.397610436,0.95923846,0.707317283,0.988541806,5,1.05790364,2.55,0,3.04,2,0,0,5,5,2,0.196801,-0.270223,3,3,8,0.375,0,,,,
47,16,1,1.519029915,0.994129526,0.711440341,1.080704376,0,1.05719959,2.55,0,2.55,0,0,0,0,5,0,0.387369,-0.052403,2,4,0,0,0,,,,
47,30,28,1.507361458,0.9864931,0.844815602,1.273427294,0,1.0481859,2.55,0,2.55,0,0,0,0,0,0,0.124881,0.050232,3,1,0,0,0,,,,
47,21,20,1.504807557,0.9848217,0.844473594,1.270762839,0,1.04338756,2.55,0,2.55,0,0,0,0,0,0,0.06078,0.125582,1,3,0,0,0,,,,
47,9,33,1.434307182,0.984424971,0.830854693,1.191718557,0,0.95605043,3.04,2,2.55,0,0,0,5,0,2,-0.270223,0.368717,3,2,0,0,0,,,,
47,17,16,1.430723022,1.016860712,0.807702231,1.155592649,0,0.94974404,3.44,1,2.55,0,0,0,0,0,1,-0.315705,0.387369,2,2,0,0,0,,,,
47,33,32,1.430068225,1.016395327,0.688577257,0.984715303,0,0.94071778,2.55,0,3.44,1,0,0,0,0,1,0.368717,-0.322857,2,2,0,0,0,,,,
47,20,17,1.35674393,0.9642814,0.691655572,0.938460752,0,1.12864508,2.55,0,3.44,1,0,0,0,0,1,0.125582,-0.315705,3,2,0,0,0,,,,
47,32,30,1.355032141,0.963064777,0.682459397,0.924798713,0,1.12161457,3.44,1,2.55,0,0,0,0,0,1,-0.322857,0.124881,2,3,0,0,0,,,,
48,45,0,1.53609859,1.005300125,0.910840079,1.398930661,0,1.06195816,2.55,0,2.55,0,0,0,0,6,0,0.285254,-0.080278,2,4,0,0,0,,,,
48,39,57,1.536073825,1.005283917,0.910839032,1.398902435,0,1.06199086,2.55,0,2.55,0,0,0,6,0,0,-0.080289,0.285266,4,2,0,0,0,,,,
48,61,63,1.44569914,0.992243747,0.886420086,1.28153348,0,1.00125512,3.04,2,2.55,0,0,0,0,0,2,-0.187124,0.110651,2,1,0,0,0,,,,
48,52,51,1.445688436,0.992236401,0.886433435,1.281539446,0,1.00125818,2.55,0,3.04,2,0,0,0,0,2,0.11066,-0.187122,1,2,0,0,0,,,,
48,57,59,1.426965965,1.014190451,0.735262961,1.049230663,0,0.9404981,2.55,0,3.44,1,0,0,0,0,1,0.285266,-0.33767,2,2,0,0,0,,,,
48,46,45,1.426957437,1.01418439,0.735413656,1.049438157,0,0.94054994,3.44,1,2.55,0,0,0,0,0,1,-0.337656,0.285254,2,2,0,0,0,,,,
48,49,46,1.360858065,0.967205448,0.701253732,0.954156811,0,1.11103881,2.55,0,3.44,1,0,0,0,0,1,0.236172,-0.337656,3,2,0,0,0,,,,
48,59,60,1.360857303,0.967204906,0.701229287,0.954120908,0,1.11102564,3.44,1,2.55,0,0,0,0,0,1,-0.33767,0.236138,2,3,0,0,0,,,,
48,60,61,1.358770233,0.932580805,0.721589246,0.980504692,0,1.21794081,2.55,0,3.04,2,0,0,0,0,2,0.236138,-0.187124,3,2,0,0,0,,,,
48,51,49,1.35876563,0.932577646,0.721593944,0.980504492,0,1.21797798,3.04,2,2.55,0,0,0,0,0,2,-0.187122,0.236172,2,3,0,0,0,,,,
49,45,0,1.542877018,1.009736268,0.930351451,1.435429457,0,0.85060886,2.55,0,2.55,0,0,0,0,6,0,0.141798,-0.001186,3,4,0,0,0,,,,
49,39,53,1.54287608,1.009735655,0.930351836,1.435428644,0,0.85061011,2.55,0,2.55,0,0,0,6,0,0,-0.001184,0.141798,4,3,0,0,0,,,,
49,48,47,1.428218511,1.015080676,0.861514476,1.230474805,0,0.92147435,2.55,0,3.44,1,0,0,0,0,1,0.195516,-0.296032,1,2,0,0,0,,,,
49,54,56,1.428218329,1.015080546,0.861514321,1.230474628,0,0.92147533,3.44,1,2.55,0,0,0,0,0,1,-0.296032,0.195517,2,1,0,0,0,,,,
49,53,54,1.340469455,0.952714609,0.685624769,0.919031331,0,1.21593266,2.55,0,3.44,1,0,0,0,0,1,0.141798,-0.296032,3,2,0,0,0,,,,
49,47,45,1.340468935,0.95271424,0.685625854,0.919032657,0,1.21593277,3.44,1,2.55,0,0,0,0,0,1,-0.296032,0.141798,2,3,0,0,0,,,,
50,8,11,1.528118859,1.000077788,0.999999951,1.528141982,3,0.8791646,2.55,0,2.55,0,0,0,3,3,0,-0.012961,-0.012018,3,3,3,0.33333333,1,,,,
50,1,5,1.534773554,1.004432954,0.696692884,1.069283615,0,1.0818668,2.55,0,2.55,0,0,0,0,0,0,-0.027568,0.11001,2,2,0,0,0,,,,
50,14,16,1.534740983,1.004411638,0.696848203,1.069498251,0,1.08251179,2.55,0,2.55,0,0,0,0,0,0,0.108462,-0.026912,2,2,0,0,0,,,,
50,16,19,1.529436121,1.00093987,0.833973922,1.27548975,0,1.10410458,2.55,0,2.55,0,0,0,0,0,0,-0.026912,0.023074,2,1,0,0,0,,,,
50,0,1,1.529286991,1.000842271,0.834176475,1.275678017,0,1.10437775,2.55,0,2.55,0,0,0,0,0,0,0.022711,-0.027568,1,2,0,0,0,,,,
50,11,14,1.517016334,0.992811737,0.745322927,1.130617437,0,1.07414273,2.55,0,2.55,0,0,0,3,0,0,-0.012018,0.108462,3,2,0,0,0,,,,
50,5,8,1.516807994,0.992675389,0.745961101,1.131431163,0,1.07545774,2.55,0,2.55,0,0,0,0,3,0,0.11001,-0.012961,2,3,0,0,0,,,,
51,8,11,1.528564156,1.000369212,0.999999638,1.528563603,3,0.88276632,2.55,0,2.55,0,0,0,3,3,0,-0.016957,-0.01572,3,3,3,0.33333333,1,,,,
51,1,5,1.534964336,1.004557811,0.696535038,1.069156442,0,1.08125875,2.55,0,2.55,0,0,0,0,0,0,-0.026913,0.111289,2,2,0,0,0,,,,
51,14,16,1.534795812,1.004447521,0.696929112,1.069643882,0,1.08188802,2.55,0,2.55,0,0,0,0,0,0,0.109805,-0.025727,2,2,0,0,0,,,,
51,16,19,1.529449025,1.000948315,0.833969393,1.275513675,0,1.10430535,2.55,0,2.55,0,0,0,0,0,0,-0.025727,0.02278,2,1,0,0,0,,,,
51,0,1,1.529225961,1.00080233,0.834214698,1.275702773,0,1.10454613,2.55,0,2.55,0,0,0,0,0,0,0.022951,-0.026913,1,2,0,0,0,,,,
51,11,14,1.517183864,0.992921377,0.747572702,1.13420524,0,1.06967039,2.55,0,2.55,0,0,0,3,0,0,-0.01572,0.109805,3,2,0,0,0,,,,
51,5,8,1.516913134,0.992744198,0.748109536,1.134817182,0,1.07069934,2.55,0,2.55,0,0,0,0,3,0,0.111289,-0.016957,2,3,0,0,0,,,,
52,8,11,1.54254805,1.009520975,0.99999908,1.54254663,3,0.87556992,2.55,0,2.55,0,0,0,3,3,0,-0.090645,-0.091094,3,3,3,0.33333333,1,,,,
52,1,5,1.535028943,1.004600094,0.69723354,1.070273664,0,1.08185348,2.55,0,2.55,0,0,0,0,0,0,-0.026078,0.114451,2,2,0,0,0,,,,
52,14,16,1.534909043,1.004521625,0.696628804,1.069261851,0,1.08203734,2.55,0,2.55,0,0,0,0,0,0,0.114666,-0.026755,2,2,0,0,0,,,,
52,0,1,1.529514356,1.000991071,0.834110874,1.275784557,0,1.10459065,2.55,0,2.55,0,0,0,0,0,0,0.023098,-0.026078,1,2,0,0,0,,,,
52,16,19,1.529418665,1.000928446,0.834386591,1.276126426,0,1.1042687,2.55,0,2.55,0,0,0,0,0,0,-0.026755,0.023643,2,1,0,0,0,,,,
52,5,8,1.516024447,0.992162596,0.745833603,1.130701975,0,1.0539617,2.55,0,2.55,0,0,0,0,3,0,0.114451,-0.090645,2,3,0,0,0,,,,
52,11,14,1.515871589,0.992062558,0.74556459,1.13018018,0,1.05351752,2.55,0,2.55,0,0,0,3,0,0,-0.091094,0.114666,3,2,0,0,0,,,,
53,8,11,1.541644542,1.008929674,0.99999995,1.541644466,3,0.86870132,2.55,0,2.55,0,0,0,3,3,0,-0.07032,-0.070102,3,3,3,0.33333333,1,,,,
53,1,5,1.535091003,1.004640709,0.696883433,1.069779489,0,1.08316198,2.55,0,2.55,0,0,0,0,0,0,-0.026178,0.105113,2,2,0,0,0,,,,
53,14,16,1.534895274,1.004512614,0.697056598,1.069908877,0,1.08375594,2.55,0,2.55,0,0,0,0,0,0,0.103543,-0.024832,2,2,0,0,0,,,,
53,16,19,1.529126419,1.000737185,0.834456821,1.27598997,0,1.10457815,2.55,0,2.55,0,0,0,0,0,0,-0.024832,0.02197,2,1,0,0,0,,,,
53,0,1,1.528935983,1.000612554,0.834580355,1.276019936,0,1.10504223,2.55,0,2.55,0,0,0,0,0,0,0.022478,-0.026178,1,2,0,0,0,,,,
53,11,14,1.517031665,0.99282177,0.747795795,1.1344299,0,1.06144576,2.55,0,2.55,0,0,0,3,0,0,-0.070102,0.103543,3,2,0,0,0,,,,
53,5,8,1.516862741,0.992711218,0.748307144,1.135079226,0,1.0625338,2.55,0,2.55,0,0,0,0,3,0,0.105113,-0.07032,2,3,0,0,0,,,,
54,1,2,1.563055381,1.022942003,0.704899125,1.10179637,5,1.06259837,2.55,0,2.55,0,0,0,5,5,0,0.14951,-0.068655,2,3,5,0.4,0,,,,
54,0,1,1.552908447,1.01630134,0.692710607,1.075716152,5,1.07002452,2.55,0,2.55,0,0,0,5,5,0,-0.16678,0.14951,3,2,5,0.4,0,,,,
54,9,11,1.542938745,1.009776666,0.663400307,1.023586037,5,1.07020809,2.55,0,2.55,0,0,0,5,5,0,-0.042145,0.099149,3,2,5,0.4,0,,,,
54,11,12,1.535817924,1.005116443,0.666599247,1.023775072,5,1.04001229,2.55,0,2.55,0,0,0,5,5,0,0.099149,-0.119954,2,3,5,0.4,0,,,,
54,5,6,1.532080629,1.002670569,0.999998466,1.532078279,3,0.89215882,2.55,0,2.55,0,0,0,3,3,0,0.039853,0.04121,3,3,3,0.33333333,1,,,,
54,31,0,1.527720501,0.999817082,0.838344024,1.280755352,0,1.08289516,2.55,0,2.55,0,0,0,0,5,0,0.074076,-0.16678,1,3,0,0,0,,,,
54,12,36,1.526908117,0.999285417,0.843294452,1.287633143,0,1.08963108,2.55,0,2.55,0,0,0,5,0,0,-0.119954,0.081499,3,1,0,0,0,,,,
54,2,5,1.517511878,0.993136046,0.756849008,1.14852736,0,1.03090286,2.55,0,2.55,0,0,0,5,3,0,-0.068655,0.039853,3,3,0,0,0,,,,
54,6,9,1.516930372,0.992755479,0.75780159,1.149532248,0,1.03523088,2.55,0,2.55,0,0,0,3,5,0,0.04121,-0.042145,3,3,0,0,0,,,,
55,2,1,1.52686122,0.999254725,0.99999963,1.526860655,3,0.89269564,2.55,0,2.55,0,0,0,3,3,0,-0.027361,-0.028265,3,3,3,0.33333333,1,,,,
55,9,5,1.531559363,1.002329426,0.833390142,1.276386475,0,1.10424186,2.55,0,2.55,0,0,0,0,0,0,0.008487,0.087381,1,2,0,0,0,,,,
55,0,15,1.531554562,1.002326284,0.83353343,1.276601927,0,1.10464082,2.55,0,2.55,0,0,0,0,0,0,0.086398,0.008392,2,1,0,0,0,,,,
55,1,0,1.518272465,0.993633812,0.745725945,1.132215169,0,1.07516994,2.55,0,2.55,0,0,0,3,0,0,-0.028265,0.086398,3,2,0,0,0,,,,
55,5,2,1.518187509,0.993578213,0.746045697,1.132637259,0,1.07559553,2.55,0,2.55,0,0,0,0,3,0,0.087381,-0.027361,2,3,0,0,0,,,,
56,4,7,1.531905849,1.002556184,0.999692025,1.53143406,3,0.84875578,2.55,0,2.55,0,0,0,3,3,0,-0.0589,0.050802,3,4,3,0.33333333,1,,,,
56,0,1,1.531834164,1.00250927,0.832314368,1.274967583,0,1.09927663,2.55,0,2.55,0,0,0,0,0,0,0.007736,0.105021,1,2,0,0,0,,,,
56,10,11,1.531487293,1.00228226,0.832466375,1.274911675,0,1.10527484,2.55,0,2.55,0,0,0,0,0,0,0.105256,0.02553,2,1,0,0,0,,,,
56,7,10,1.522782213,0.996585218,0.741922176,1.129785892,0,1.05643784,2.55,0,2.55,0,0,0,3,0,0,0.050802,0.105256,4,2,0,0,0,,,,
56,1,4,1.51751266,0.993136557,0.752426715,1.141817066,0,1.06105183,2.55,0,2.55,0,0,0,0,3,0,0.105021,-0.0589,2,3,0,0,0,,,,
57,11,12,1.542664845,1.009597411,0.755279018,1.165142389,3,0.8321332,2.55,0,2.55,0,0,0,3,3,0,-0.121458,-0.011771,4,3,6,0.33333333,1,,,,
57,12,10,1.531766002,1.002464661,0.722566033,1.106802084,5,1.00234234,2.55,0,2.55,0,0,0,3,5,0,-0.011771,0.156421,3,3,6,0.33333333,0,,,,
57,10,27,1.54587491,1.011698239,0.699353686,1.081113316,0,1.05495993,2.55,0,2.55,0,0,0,5,0,0,0.156421,0.040542,3,2,0,0,0,,,,
57,16,15,1.536869591,1.005804706,0.708247803,1.088484511,0,1.08160776,2.55,0,2.55,0,0,0,0,0,0,-0.019107,0.150266,2,2,0,0,0,,,,
57,27,29,1.531686361,1.00241254,0.709103783,1.086124593,0,1.09012195,2.55,0,2.55,0,0,0,0,0,0,0.040542,-0.005386,2,2,0,0,0,,,,
57,29,32,1.530573044,1.001683929,0.832999314,1.274966295,0,1.10476174,2.55,0,2.55,0,0,0,0,0,0,-0.005386,0.016622,2,1,0,0,0,,,,
57,19,16,1.529987185,1.001300514,0.830481905,1.270626672,0,1.10343819,2.55,0,2.55,0,0,0,0,0,0,0.0182,-0.019107,1,2,0,0,0,,,,
57,15,11,1.524183269,0.99750214,0.768629134,1.171531666,0,1.05070586,2.55,0,2.55,0,0,0,0,3,0,0.150266,-0.121458,2,4,0,0,0,,,,
58,2,1,1.528364505,1.000238551,0.999999885,1.528364329,3,0.88132094,2.55,0,2.55,0,0,0,3,3,0,-0.032355,-0.033193,3,3,3,0.33333333,1,,,,
58,0,15,1.531525319,1.002307146,0.832773607,1.275413865,0,1.10330988,2.55,0,2.55,0,0,0,0,0,0,0.089588,0.008003,2,1,0,0,0,,,,
58,9,5,1.531455742,1.002261611,0.832794394,1.275387757,0,1.1031165,2.55,0,2.55,0,0,0,0,0,0,0.008088,0.090199,1,2,0,0,0,,,,
58,1,0,1.517732735,0.993280586,0.747198298,1.134047317,0,1.07274466,2.55,0,2.55,0,0,0,3,0,0,-0.033193,0.089588,3,2,0,0,0,,,,
58,5,2,1.517656931,0.993230976,0.747300631,1.134145983,0,1.07279895,2.55,0,2.55,0,0,0,0,3,0,0.090199,-0.032355,2,3,0,0,0,,,,
59,0,10,1.560843007,1.021494115,0.698177984,1.089746224,5,1.0641505,2.55,0,2.55,0,0,0,5,5,0,-0.069021,0.149866,3,2,5,0.4,0,,,,
59,10,26,1.555180132,1.017788044,0.697202096,1.084274848,5,1.06717781,2.55,0,2.55,0,0,0,5,5,0,0.149866,-0.167394,2,3,5,0.4,0,,,,
59,9,5,1.542637827,1.00957973,0.663473445,1.023499233,5,1.06964857,2.55,0,2.55,0,0,0,5,5,0,0.098545,-0.038027,2,3,5,0.4,0,,,,
59,16,9,1.536167737,1.005345378,0.66685844,1.024406421,5,1.040725,2.55,0,2.55,0,0,0,5,5,0,-0.119538,0.098545,3,2,5,0.4,0,,,,
59,2,1,1.533737405,1.003754846,0.999999944,1.533737319,3,0.8786977,2.55,0,2.55,0,0,0,3,3,0,0.034646,0.036477,3,3,3,0.33333333,1,,,,
59,26,36,1.527928974,0.999953517,0.837891804,1.280239164,0,1.08188709,2.55,0,2.55,0,0,0,5,0,0,-0.167394,0.071659,3,1,0,0,0,,,,
59,29,16,1.526820938,0.999228362,0.843383371,1.287695389,0,1.08932558,2.55,0,2.55,0,0,0,0,5,0,0.081963,-0.119538,1,3,0,0,0,,,,
59,5,2,1.516731998,0.992625653,0.758408516,1.150302463,0,1.03347351,2.55,0,2.55,0,0,0,5,3,0,-0.038027,0.034646,3,3,0,0,0,,,,
59,1,0,1.516310074,0.992349525,0.757398032,1.148450266,0,1.02949314,2.55,0,2.55,0,0,0,3,5,0,0.036477,-0.069021,3,3,0,0,0,,,,
60,6,7,1.539283014,1.007384171,0.999965966,1.539230625,3,0.84748279,2.55,0,2.55,0,0,0,3,3,0,0.039649,-0.053057,3,3,3,0.33333333,1,,,,
60,10,12,1.531500847,1.00229113,0.832208803,1.274528486,0,1.103453,2.55,0,2.55,0,0,0,0,0,0,0.099344,0.008803,2,1,0,0,0,,,,
60,7,10,1.516764669,0.992647035,0.744138735,1.128683342,0,1.07317871,2.55,0,2.55,0,0,0,3,0,0,-0.053057,0.099344,3,2,0,0,0,,,,
60,0,1,1.499205647,0.981155528,0.9010082,1.350796582,0,1.06931172,2.55,0,2.55,0,0,0,0,0,0,0.064161,-0.105127,1,2,0,0,0,,,,
60,5,6,1.482057288,0.96993278,0.805084231,1.193180952,0,1.07253816,2.55,0,2.55,0,0,0,0,3,0,0.064739,0.039649,2,3,0,0,0,,,,
60,1,5,1.34105258,0.877652212,0.77616899,1.040883426,0,1.89315362,2.55,0,2.55,0,0,0,0,0,0,-0.105127,0.064739,2,2,0,0,0,,,,
61,6,7,1.541163016,1.00861454,0.999942215,1.541073961,3,0.85304798,2.55,0,2.55,0,0,0,3,3,0,0.036503,-0.054728,3,3,3,0.33333333,1,,,,
61,10,12,1.531343446,1.002188119,0.832862783,1.275398964,0,1.10330143,2.55,0,2.55,0,0,0,0,0,0,0.10209,0.009154,2,1,0,0,0,,,,
61,7,10,1.516704639,0.992607748,0.743726047,1.128012745,0,1.07465417,2.55,0,2.55,0,0,0,3,0,0,-0.054728,0.10209,3,2,0,0,0,,,,
61,0,1,1.5004752,0.981986387,0.911056754,1.367018064,0,1.08861365,2.55,0,2.55,0,0,0,0,0,0,0.07313,-0.098846,1,2,0,0,0,,,,
61,5,6,1.482778546,0.970404808,0.816473094,1.210648787,0,1.07234584,2.55,0,2.55,0,0,0,0,3,0,0.047636,0.036503,2,3,0,0,0,,,,
61,1,5,1.34376943,0.879430255,0.999976792,1.343738243,0,1.92592433,2.55,0,2.55,0,0,0,0,0,0,-0.098846,0.047636,2,2,0,0,0,,,,
62,4,0,1.523490083,0.997048484,0.805805062,1.227636021,3,0.86464233,2.55,0,2.55,0,0,0,3,3,0,-0.036895,-0.03981,3,3,3,0.33333333,1,,,,
62,12,5,1.544550068,1.010831196,0.887975462,1.37152256,0,1.08181657,2.55,0,2.55,0,0,0,0,0,0,0.0965,0.129785,2,2,0,0,0,,,,
62,6,10,1.544256037,1.010638767,0.889639156,1.373830638,0,1.08204932,2.55,0,2.55,0,0,0,0,0,0,0.130829,0.09544,2,2,0,0,0,,,,
62,31,32,1.536551142,1.005596297,0.836864596,1.285885251,0,1.08889641,2.55,0,2.55,0,0,0,0,0,0,0.068397,-0.012517,2,1,0,0,0,,,,
62,28,27,1.536436839,1.005521492,0.836908703,1.285857362,0,1.08858981,2.55,0,2.55,0,0,0,0,0,0,-0.013685,0.067806,1,2,0,0,0,,,,
62,0,6,1.517409197,0.993068846,0.742389333,1.126508403,0,1.05616571,2.55,0,2.55,0,0,0,3,0,0,-0.03981,0.130829,3,2,0,0,0,,,,
62,5,4,1.517345097,0.993026896,0.742545605,1.126697933,0,1.05662222,2.55,0,2.55,0,0,0,0,3,0,0.129785,-0.036895,2,3,0,0,0,,,,
62,18,12,1.506506952,0.985933869,0.81310854,1.224953668,0,1.05286451,2.55,0,2.55,0,0,0,0,0,0,-0.072953,0.0965,2,2,0,0,0,,,,
62,10,15,1.5062993,0.985797971,0.809541915,1.21941242,0,1.05089699,2.55,0,2.55,0,0,0,0,0,0,0.09544,-0.073066,2,2,0,0,0,,,,
62,27,24,1.505658596,0.985378662,0.805112344,1.212224322,0,1.05447945,2.55,0,2.55,0,0,0,0,0,0,0.067806,-0.076481,2,2,0,0,0,,,,
62,21,31,1.505532714,0.985296279,0.807995569,1.216463762,0,1.05466458,2.55,0,2.55,0,0,0,0,0,0,-0.077186,0.068397,2,2,0,0,0,,,,
62,24,18,1.342218411,0.87841519,0.999984113,1.342197087,0,1.9674815,2.55,0,2.55,0,0,0,0,0,0,-0.076481,-0.072953,2,2,0,0,0,,,,
62,15,21,1.342063482,0.878313797,0.999984414,1.342042564,0,1.96837204,2.55,0,2.55,0,0,0,0,0,0,-0.073066,-0.077186,2,2,0,0,0,,,,
63,2,1,1.534246423,1.004087973,0.999999099,1.534245041,3,0.8721383,2.55,0,2.55,0,0,0,3,3,0,-0.045425,-0.020664,3,3,3,0.33333333,1,,,,
63,9,5,1.547509239,1.012767827,0.884053432,1.368080854,0,1.08401826,2.55,0,2.55,0,0,0,0,0,0,0.09789,0.123019,2,2,0,0,0,,,,
63,0,12,1.545818523,1.011661337,0.879222676,1.359118698,0,1.0849699,2.55,0,2.55,0,0,0,0,0,0,0.100596,0.105545,2,2,0,0,0,,,,
63,20,19,1.539687532,1.007648909,0.834901687,1.285487719,0,1.08940874,2.55,0,2.55,0,0,0,0,0,0,-0.011527,0.067353,1,2,0,0,0,,,,
63,32,33,1.539667695,1.007635926,0.834493836,1.284843201,0,1.0889346,2.55,0,2.55,0,0,0,0,0,0,0.068632,-0.017935,2,1,0,0,0,,,,
63,5,2,1.520806739,0.995292368,0.739618735,1.124817155,0,1.06522185,2.55,0,2.55,0,0,0,0,3,0,0.123019,-0.045425,2,3,0,0,0,,,,
63,1,0,1.520463932,0.995068018,0.737954542,1.122033264,0,1.06563248,2.55,0,2.55,0,0,0,3,0,0,-0.020664,0.100596,3,2,0,0,0,,,,
63,15,9,1.507015694,0.986266816,0.810966584,1.22213937,0,1.05055173,2.55,0,2.55,0,0,0,0,0,0,-0.072069,0.09789,2,2,0,0,0,,,,
63,19,18,1.506842163,0.986153248,0.806169814,1.214770666,0,1.05454244,2.55,0,2.55,0,0,0,0,0,0,0.067353,-0.077399,2,2,0,0,0,,,,
63,12,28,1.506828343,0.986144204,0.801133404,1.207170519,0,1.05533065,2.55,0,2.55,0,0,0,0,0,0,0.105545,-0.068228,2,2,0,0,0,,,,
63,31,32,1.50662505,0.986011158,0.80278893,1.209501912,0,1.05532467,2.55,0,2.55,0,0,0,0,0,0,-0.07044,0.068632,2,2,0,0,0,,,,
63,18,15,1.339555236,0.876672275,0.999977774,1.339525463,0,1.96771585,2.55,0,2.55,0,0,0,0,0,0,-0.077399,-0.072069,2,2,0,0,0,,,,
63,28,31,1.339333252,0.876526997,0.999985115,1.339313316,0,1.95581973,2.55,0,2.55,0,0,0,0,0,0,-0.068228,-0.07044,2,2,0,0,0,,,,
64,16,17,1.510187086,0.988342334,0.753788665,1.138361908,3,0.92271127,2.55,0,2.55,0,0,0,3,3,0,0.04705,0.026027,3,3,3,0.33333333,1,,,,
64,17,20,1.506359668,0.985837479,0.734421418,1.106302803,0,0.90872817,2.55,0,2.55,0,0,0,3,0,0,0.026027,0.225722,3,3,0,0,0,,,,
64,18,16,1.505640752,0.985366984,0.718937563,1.082461693,0,0.9304253,2.55,0,2.55,0,0,0,0,3,0,0.222516,0.04705,3,3,0,0,0,,,,
64,26,23,1.429870403,1.016254729,0.858945866,1.228181272,0,0.91751514,2.55,0,3.44,1,0,0,0,0,1,0.188444,-0.301899,1,2,0,0,0,,,,
64,25,30,1.429135962,1.015732738,0.858665508,1.227149757,0,0.91909051,3.44,1,2.55,0,0,0,0,0,1,-0.306262,0.191429,2,1,0,0,0,,,,
64,20,25,1.345066299,0.955981734,0.680260475,0.914995439,0,1.18888699,2.55,0,3.44,1,0,0,0,0,1,0.225722,-0.306262,3,2,0,0,0,,,,
64,23,18,1.343327529,0.954745934,0.680348941,0.913931462,0,1.19267169,3.44,1,2.55,0,0,0,0,0,1,-0.301899,0.222516,2,3,0,0,0,,,,
65,16,17,1.509141688,0.987658173,0.999432184,1.508284774,3,1.00157959,2.55,0,2.55,0,0,0,3,3,0,0.06968,0.038976,3,3,3,0.33333333,1,,,,
65,18,16,1.511870907,0.989444311,0.843948101,1.275940582,0,0.90914067,2.55,0,2.55,0,0,0,0,3,0,0.208288,0.06968,3,3,0,0,0,,,,
65,17,20,1.505481158,0.985262538,0.739700994,1.113605909,0,0.93170708,2.55,0,2.55,0,0,0,3,0,0,0.038976,0.224168,3,3,0,0,0,,,,
65,25,30,1.429819157,1.016218306,0.859155181,1.228436536,0,0.91662141,3.44,1,2.55,0,0,0,0,0,1,-0.306836,0.191338,2,1,0,0,0,,,,
65,26,23,1.42784815,1.014817448,0.859184285,1.226784691,0,0.92184439,2.55,0,3.44,1,0,0,0,0,1,0.195324,-0.282163,1,2,0,0,0,,,,
65,20,25,1.343948997,0.955187631,0.680612537,0.914708536,0,1.18974464,2.55,0,3.44,1,0,0,0,0,1,0.224168,-0.306836,3,2,0,0,0,,,,
65,23,18,1.333918908,0.948058926,0.690477855,0.921041466,0,1.24517768,3.44,1,2.55,0,0,0,0,0,1,-0.282163,0.208288,2,3,0,0,0,,,,
66,9,11,1.560020163,1.020955604,0.735847137,1.147936371,5,1.06855353,2.55,0,2.55,0,0,0,5,5,0,-0.04855,0.122086,3,2,5,0.4,0,,,,
66,11,12,1.542267641,1.009337461,0.678094936,1.045803877,5,1.06203064,2.55,0,2.55,0,0,0,5,5,0,0.122086,-0.145623,2,3,5,0.4,0,,,,
66,1,2,1.541308853,1.008709982,0.663169071,1.02214836,5,1.06278372,2.55,0,2.55,0,0,0,5,5,0,0.084484,-0.047398,2,3,5,0.4,0,,,,
66,0,1,1.536626236,1.005645443,0.666444781,1.024076536,5,1.03949631,2.55,0,2.55,0,0,0,5,5,0,-0.109744,0.084484,3,2,5,0.4,0,,,,
66,5,6,1.477349152,0.966851539,0.999998033,1.477346247,3,1.04284045,2.55,0,2.55,0,0,0,3,3,0,0.124363,0.097167,3,3,3,0.33333333,1,,,,
66,29,0,1.527053216,0.999380377,0.843295577,1.287757223,0,1.08905456,2.55,0,2.55,0,0,0,0,5,0,0.081776,-0.109744,1,3,0,0,0,,,,
66,12,34,1.526667914,0.999128216,0.840504665,1.283171503,0,1.08890087,2.55,0,2.55,0,0,0,5,0,0,-0.145623,0.079581,3,1,0,0,0,,,,
66,6,9,1.513460361,0.990484529,0.761432696,1.152398202,0,1.00471912,2.55,0,2.55,0,0,0,3,5,0,0.097167,-0.04855,3,3,0,0,0,,,,
66,2,5,1.510440843,0.988508405,0.770147268,1.163261889,0,1.01107765,2.55,0,2.55,0,0,0,5,3,0,-0.047398,0.124363,3,3,0,0,0,,,,
67,1,0,1.483805064,0.971076613,0.999944082,1.483722093,3,0.99290442,2.55,0,2.55,0,0,0,3,3,0,0.063441,0.106377,3,3,3,0.33333333,1,,,,
67,7,5,1.537732809,1.006369639,0.873169717,1.342701721,0,1.09194818,2.55,0,2.55,0,0,0,0,0,0,-0.025267,0.111095,2,2,0,0,0,,,,
67,10,7,1.531225377,1.002110849,0.839681929,1.285742277,0,1.10578078,2.55,0,2.55,0,0,0,0,0,0,0.003865,-0.025267,1,2,0,0,0,,,,
67,5,1,1.512555917,0.989892616,0.76167005,1.15206854,0,1.04979856,2.55,0,2.55,0,0,0,0,3,0,0.111095,0.063441,2,3,0,0,0,,,,
67,16,17,1.498929132,0.980974563,0.902013452,1.352054241,0,1.06579929,2.55,0,2.55,0,0,0,0,0,0,-0.107832,0.066414,2,1,0,0,0,,,,
67,0,3,1.48066125,0.969019143,0.80533778,1.192432445,0,1.05545762,2.55,0,2.55,0,0,0,3,0,0,0.106377,0.051562,3,2,0,0,0,,,,
67,3,16,1.340539818,0.877316635,0.776940324,1.041519441,0,1.87228888,2.55,0,2.55,0,0,0,0,0,0,0.051562,-0.107832,2,2,0,0,0,,,,
68,11,10,1.609005151,1.053013842,0.999932372,1.608896336,4,1.01421627,2.55,0,2.55,0,0,0,4,4,0,-0.000336,0.076162,3,3,4,0.25,1,,,,
68,14,12,1.533373982,1.003517004,0.700027625,1.073404146,0,1.08484707,2.55,0,2.55,0,0,0,0,0,0,-0.016546,0.103115,2,2,0,0,0,,,,
68,17,14,1.53001878,1.001321191,0.83504617,1.277636322,0,1.10403832,2.55,0,2.55,0,0,0,0,0,0,0.022135,-0.016546,1,2,0,0,0,,,,
68,12,11,1.529045012,1.000683908,0.716628251,1.095756854,0,1.06889021,2.55,0,2.55,0,0,0,0,4,0,0.103115,-0.000336,2,3,0,0,0,,,,
68,25,26,1.501664244,0.982764558,0.911236994,1.368372012,0,1.08833634,2.55,0,2.55,0,0,0,0,0,0,-0.102097,0.076016,2,1,0,0,0,,,,
68,10,23,1.499487116,0.981339735,0.816624367,1.224517717,0,1.03772592,2.55,0,2.55,0,0,0,4,0,0,0.076162,0.020231,3,2,0,0,0,,,,
68,23,25,1.343678239,0.879370575,0.999991417,1.343666707,0,1.92393502,2.55,0,2.55,0,0,0,0,0,0,0.020231,-0.102097,2,2,0,0,0,,,,
69,11,10,1.586774167,1.038464769,0.782467371,1.241599011,4,1.03183709,2.55,0,2.55,0,0,0,4,4,0,0.013802,0.013005,3,3,4,0.25,1,,,,
69,12,11,1.530373436,1.001553296,0.713303563,1.091620824,0,1.03515051,2.55,0,2.55,0,0,0,0,4,0,0.060494,0.013802,2,3,0,0,0,,,,
69,10,15,1.53035289,1.00153985,0.713452044,1.091833398,0,1.03503799,2.55,0,2.55,0,0,0,4,0,0,0.013005,0.061132,3,2,0,0,0,,,,
69,15,17,1.530112459,1.001382499,0.838042975,1.282299997,0,1.10645832,2.55,0,2.55,0,0,0,0,0,0,0.061132,0.009763,2,1,0,0,0,,,,
69,14,12,1.530080056,1.001361293,0.838060216,1.282299222,0,1.1067565,2.55,0,2.55,0,0,0,0,0,0,0.009905,0.060494,1,2,0,0,0,,,,
70,10,11,1.56113485,1.021685111,0.762822156,1.190868253,4,1.04719037,2.55,0,2.55,0,0,0,4,4,0,0.273791,0.276086,3,3,4,0.25,1,,,,
70,14,24,1.508578808,0.987289796,0.845202681,1.275054853,0,1.04743273,2.55,0,2.55,0,0,0,0,0,0,0.131982,0.053701,3,1,0,0,0,,,,
70,20,17,1.508483458,0.987227394,0.845282918,1.275095298,0,1.04793591,2.55,0,2.55,0,0,0,0,0,0,0.053709,0.131686,1,3,0,0,0,,,,
70,11,12,1.42903472,1.015660782,0.703348675,1.005109678,0,0.90379365,2.55,0,3.44,1,0,0,4,0,1,0.276086,-0.305579,3,2,0,0,0,,,,
70,15,10,1.429011087,1.015643985,0.703254558,1.00495856,0,0.90389649,3.44,1,2.55,0,0,0,0,4,1,-0.30548,0.273791,2,3,0,0,0,,,,
70,17,15,1.352230032,0.961073228,0.685716235,0.927246087,0,1.12995267,2.55,0,3.44,1,0,0,0,0,1,0.131686,-0.30548,3,2,0,0,0,,,,
70,12,14,1.352151226,0.961017218,0.68626861,0.927938943,0,1.13008692,3.44,1,2.55,0,0,0,0,0,1,-0.305579,0.131982,2,3,0,0,0,,,,
71,11,10,1.599354132,1.04669773,0.999911392,1.599212416,4,1.0287012,2.55,0,2.55,0,0,0,4,4,0,-0.02786,0.152173,3,3,4,0.25,1,,,,
71,14,12,1.53358313,1.003653881,0.700259175,1.073905657,0,1.08407627,2.55,0,2.55,0,0,0,0,0,0,-0.014631,0.110394,2,2,0,0,0,,,,
71,17,14,1.529925006,1.001259821,0.835030835,1.277534555,0,1.1054265,2.55,0,2.55,0,0,0,0,0,0,0.021516,-0.014631,1,2,0,0,0,,,,
71,12,11,1.528702532,1.000459772,0.719389108,1.099731951,0,1.06528864,2.55,0,2.55,0,0,0,0,4,0,0.110394,-0.02786,2,3,0,0,0,,,,
71,10,23,1.510477244,0.988532228,0.780248696,1.1785479,0,1.00626812,2.55,0,2.55,0,0,0,4,0,0,0.152173,-0.045423,3,2,0,0,0,,,,
71,25,26,1.50083634,0.982222736,0.901419673,1.352883404,0,1.07302134,2.55,0,2.55,0,0,0,0,0,0,-0.083341,0.071816,2,1,0,0,0,,,,
71,23,25,1.339157694,0.876412104,0.78060157,1.045348599,0,1.93653489,2.55,0,2.55,0,0,0,0,0,0,-0.045423,-0.083341,2,2,0,0,0,,,,
72,12,3,1.597348748,1.045385306,0.99999998,1.597348717,4,1.03017341,2.55,0,2.55,0,0,0,4,4,0,-0.003481,-0.003412,3,3,4,0.25,1,,,,
72,7,12,1.531159579,1.002067788,0.719174034,1.101170211,0,1.07127002,2.55,0,2.55,0,0,0,0,4,0,0.070598,-0.003481,2,3,0,0,0,,,,
72,3,14,1.530989501,1.00195648,0.718891574,1.100615452,0,1.07085757,2.55,0,2.55,0,0,0,4,0,0,-0.003412,0.070185,3,2,0,0,0,,,,
72,17,7,1.530849455,1.001864827,0.8349217,1.27813943,0,1.10307635,2.55,0,2.55,0,0,0,0,0,0,0.018535,0.070598,1,2,0,0,0,,,,
72,14,19,1.5308293,1.001851636,0.834795258,1.27792904,0,1.10342831,2.55,0,2.55,0,0,0,0,0,0,0.070185,0.018773,2,1,0,0,0,,,,
73,10,11,1.575840976,1.03130954,0.99999827,1.575838251,4,1.00410316,2.55,0,2.55,0,0,0,4,4,0,0.255451,0.255308,3,3,4,0.25,1,,,,
73,20,17,1.508760472,0.987408686,0.845100633,1.275054429,0,1.04680801,2.55,0,2.55,0,0,0,0,0,0,0.054823,0.129657,1,3,0,0,0,,,,
73,14,24,1.508732601,0.987390446,0.845307547,1.275343055,0,1.04715944,2.55,0,2.55,0,0,0,0,0,0,0.12897,0.055507,3,1,0,0,0,,,,
73,15,10,1.425896799,1.013430561,0.701438995,1.000179617,0,0.9284926,3.44,1,2.55,0,0,0,0,4,1,-0.292082,0.255451,2,3,0,0,0,,,,
73,11,12,1.425857047,1.013402308,0.70159855,1.000379237,0,0.92874614,2.55,0,3.44,1,0,0,4,0,1,0.255308,-0.291658,3,2,0,0,0,,,,
73,17,15,1.350783888,0.960045407,0.684119566,0.924097687,0,1.13719514,2.55,0,3.44,1,0,0,0,0,1,0.129657,-0.292082,3,2,0,0,0,,,,
73,12,14,1.350751832,0.960022624,0.684199941,0.924184323,0,1.13744282,3.44,1,2.55,0,0,0,0,0,1,-0.291658,0.12897,2,3,0,0,0,,,,
74,19,21,1.58266967,1.03577858,0.754459008,1.19405939,5,0.92198653,2.55,0,2.55,0,0,0,5,5,0,0.218378,-0.242278,4,4,19,0.36842105,0,,,,
74,21,15,1.52300365,0.996730137,0.724080882,1.102777826,5,0.93265407,2.55,0,2.55,0,0,1,5,5,0,-0.242278,0.037536,4,3,19,0.36842105,0,,,,
74,20,19,1.477593079,1.050172764,0.714605457,1.055896077,6,0.8862862,3.44,1,2.55,0,0,0,6,5,1,-0.296283,0.218378,2,4,19,0.36842105,1,,,,
74,1,20,1.333764286,0.94794903,0.751598602,1.002455373,6,1.19137152,2.55,0,3.44,1,1,0,6,6,1,0.193219,-0.296283,3,2,19,0.36842105,0,,,,
74,46,47,1.507487947,0.986575881,0.840266874,1.266692185,0,1.03939241,2.55,0,2.55,0,0,0,0,0,0,0.137499,0.046218,3,1,0,0,0,,,,
74,40,39,1.502044224,0.983013236,0.840560554,1.262559126,0,1.05308154,2.55,0,2.55,0,0,0,0,0,0,0.037694,0.157711,1,3,0,0,0,,,,
74,12,45,1.397808937,0.993467617,0.856475199,1.197188687,0,0.90997942,2.55,0,3.44,1,1,0,6,0,1,0.205375,-0.292726,3,2,0,0,0,,,,
74,38,0,1.379756174,0.98063694,0.894179453,1.233749621,0,0.99134825,3.44,1,2.55,0,0,1,0,6,1,-0.278542,0.176813,2,3,0,0,0,,,,
74,39,38,1.378268852,0.979579852,0.703408069,0.969485432,0,1.05895458,2.55,0,3.44,1,0,0,0,0,1,0.157711,-0.278542,3,2,0,0,0,,,,
74,45,46,1.364596228,0.96986228,0.692445842,0.944908984,0,1.10255006,3.44,1,2.55,0,0,0,0,0,1,-0.292726,0.137499,2,3,0,0,0,,,,
75,20,19,1.479841969,1.051771122,0.789618102,1.168510007,6,0.88811067,3.44,1,2.55,0,0,0,6,5,1,-0.299033,0.225361,2,4,15,0.26666667,1,,,,
75,19,22,1.444302424,0.991285123,0.878085134,1.268220489,5,1.04772184,2.55,0,3.04,2,0,0,5,5,2,0.225361,-0.288513,4,3,15,0.26666667,0,,,,
75,0,1,1.411821417,0.923966896,0.999958085,1.411762242,6,1.31586513,2.55,0,2.55,0,0,0,6,6,0,0.176355,0.194233,3,3,15,0.26666667,0,,,,
75,1,20,1.334277655,0.948313899,0.753739585,1.005697886,6,1.1873846,2.55,0,3.44,1,0,0,6,6,1,0.194233,-0.299033,3,2,15,0.26666667,0,,,,
75,31,42,1.532357631,1.002851852,0.690704778,1.058406737,0,1.08678912,2.55,0,2.55,0,0,0,0,0,0,0.131702,0.231161,2,2,0,0,0,,,,
75,48,49,1.507903618,0.986847918,0.84500791,1.274190485,0,1.03898598,2.55,0,2.55,0,0,0,0,0,0,0.127039,0.049773,3,1,0,0,0,,,,
75,37,36,1.502644368,0.983406,0.838368955,1.259770388,0,1.05304077,2.55,0,2.55,0,0,0,0,0,0,0.044439,0.156908,1,3,0,0,0,,,,
75,22,31,1.454335771,0.998171428,0.75623341,1.0998173,0,0.95308146,3.04,2,2.55,0,0,0,5,0,2,-0.288513,0.131702,3,2,0,0,0,,,,
75,42,45,1.433412288,1.01877206,0.824652487,1.182067008,0,0.9172088,2.55,0,3.44,1,0,0,0,0,1,0.231161,-0.316665,2,2,0,0,0,,,,
75,35,0,1.380471224,0.981145149,0.89480644,1.235254542,0,0.98731333,3.44,1,2.55,0,0,0,0,6,1,-0.281117,0.176355,2,3,0,0,0,,,,
75,36,35,1.376628297,0.978413857,0.697798256,0.960608825,0,1.05582977,2.55,0,3.44,1,0,0,0,0,1,0.156908,-0.281117,3,2,0,0,0,,,,
75,45,48,1.351584677,0.960614553,0.688484928,0.930545679,0,1.14940653,3.44,1,2.55,0,0,0,0,0,1,-0.316665,0.127039,2,3,0,0,0,,,,
76,19,20,1.477005628,1.049755244,0.753218326,1.112507706,6,0.8935477,2.55,0,3.44,1,0,0,5,6,1,0.222694,-0.300339,4,2,15,0.26666667,1,,,,
76,22,19,1.444011002,0.991085108,0.880120906,1.270904272,5,1.03377394,3.04,2,2.55,0,0,0,5,5,2,-0.294818,0.222694,3,4,15,0.26666667,0,,,,
76,20,1,1.339902654,0.952311766,0.754394264,1.010814876,6,1.19694801,3.44,1,2.55,0,0,1,6,6,1,-0.300339,0.187866,2,3,15,0.26666667,0,,,,
76,35,31,1.53300852,1.003277827,0.692717775,1.061942252,0,1.09409884,2.55,0,2.55,0,0,0,0,0,0,0.229709,0.139951,2,2,0,0,0,,,,
76,51,50,1.508606328,0.987307806,0.845911948,1.276148117,0,1.0480075,2.55,0,2.55,0,0,0,0,0,0,0.127664,0.046368,3,1,0,0,0,,,,
76,42,41,1.507722818,0.986729593,0.844860511,1.27381547,0,1.03841176,2.55,0,2.55,0,0,0,0,0,0,0.050029,0.12266,1,3,0,0,0,,,,
76,0,55,1.50325561,0.983806027,0.864039293,1.298871915,0,1.00677402,2.55,0,2.55,0,1,0,6,0,0,-0.091075,0.332376,3,2,0,0,0,,,,
76,31,22,1.451427452,0.996175327,0.758065742,1.100277428,0,0.96225367,2.55,0,3.04,2,0,0,0,5,2,0.139951,-0.294818,2,3,0,0,0,,,,
76,55,48,1.440482219,1.023796886,0.691023576,0.995407174,0,0.91235185,2.55,0,3.44,1,0,0,0,0,1,0.332376,-0.317597,2,2,0,0,0,,,,
76,38,35,1.433289668,1.01868491,0.82648804,1.184596768,0,0.91662385,3.44,1,2.55,0,0,0,0,0,1,-0.317679,0.229709,2,2,0,0,0,,,,
76,48,51,1.354029148,0.962351918,0.682794121,0.924523143,0,1.12908021,3.44,1,2.55,0,0,0,0,0,1,-0.317597,0.127664,2,3,0,0,0,,,,
76,41,38,1.352290687,0.961116338,0.688835706,0.93150611,0,1.14628198,2.55,0,3.44,1,0,0,0,0,1,0.12266,-0.317679,3,2,0,0,0,,,,
77,20,19,1.922146799,1.050353442,0.678872679,1.304892946,6,0.94939,2.58,3,2.55,0,0,0,6,5,7,0.057912,-0.069851,2,4,15,0.26666667,1,,,,
77,1,20,1.760810227,0.962191381,0.692778085,1.219850737,6,1.09288787,2.55,0,2.58,3,1,0,6,6,7,-0.020105,0.057912,3,2,15,0.26666667,0,,,,
78,20,19,1.465030102,1.041243854,0.791830247,1.160055147,6,0.92246599,3.44,1,2.55,0,0,0,6,5,1,-0.311833,0.23241,2,4,15,0.26666667,1,,,,
78,19,22,1.452440187,0.996870409,0.88151178,1.280343134,5,1.02778496,2.55,0,3.04,2,0,0,5,5,2,0.23241,-0.29225,4,3,15,0.26666667,0,,,,
78,0,1,1.405464155,0.919806384,0.999973994,1.405427605,6,1.337645,2.55,0,2.55,0,0,0,6,6,0,0.169234,0.170488,3,3,15,0.26666667,0,,,,
78,1,20,1.346378943,0.956914671,0.755496912,1.017185134,6,1.14124177,2.55,0,3.44,1,0,0,6,6,1,0.170488,-0.311833,3,2,15,0.26666667,0,,,,
78,31,39,1.532039065,1.002643367,0.690214528,1.057435621,0,1.08737572,2.55,0,2.55,0,0,0,0,0,0,0.133333,0.231211,2,2,0,0,0,,,,
78,45,46,1.508601776,0.987304827,0.845115149,1.274942215,0,1.03815494,2.55,0,2.55,0,0,0,0,0,0,0.126826,0.049279,3,1,0,0,0,,,,
78,34,33,1.50437622,0.984539411,0.839400514,1.262774172,0,1.05030389,2.55,0,2.55,0,0,0,0,0,0,0.043375,0.155432,1,3,0,0,0,,,,
78,22,31,1.45354911,0.99763151,0.753930464,1.095874955,0,0.95493799,3.04,2,2.55,0,0,0,5,0,2,-0.29225,0.133333,3,2,0,0,0,,,,
78,39,42,1.43468905,1.019679495,0.824473843,1.182863595,0,0.91326604,2.55,0,3.44,1,0,0,0,0,1,0.231211,-0.31706,2,2,0,0,0,,,,
78,32,0,1.385622699,0.984806467,0.894641005,1.239634884,0,0.97611764,3.44,1,2.55,0,0,0,0,6,1,-0.282865,0.169234,2,3,0,0,0,,,,
78,33,32,1.37157505,0.974822353,0.697951961,0.957293496,0,1.07258558,2.55,0,3.44,1,0,0,0,0,1,0.155432,-0.282865,3,2,0,0,0,,,,
78,42,45,1.350426225,0.959791205,0.688357644,0.929576214,0,1.15345499,3.44,1,2.55,0,0,0,0,0,1,-0.31706,0.126826,2,3,0,0,0,,,,
79,20,19,1.46845861,1.043680604,0.797966831,1.171781263,6,0.91523263,3.44,1,2.55,0,0,0,6,5,1,-0.30994,0.233088,2,4,15,0.26666667,1,,,,
79,19,22,1.450130844,0.995285411,0.881263441,1.277947297,5,1.03488262,2.55,0,3.04,2,0,0,5,5,2,0.233088,-0.291173,4,3,15,0.26666667,0,,,,
79,1,20,1.344548378,0.95561363,0.754921718,1.015028771,6,1.15042552,2.55,0,3.44,1,1,0,6,6,1,0.1813,-0.30994,3,2,15,0.26666667,0,,,,
79,31,39,1.53210458,1.002686243,0.690399635,1.057764442,0,1.08715956,2.55,0,2.55,0,0,0,0,0,0,0.131546,0.231867,2,2,0,0,0,,,,
79,45,46,1.508373684,0.987155552,0.845005819,1.27458454,0,1.03835988,2.55,0,2.55,0,0,0,0,0,0,0.126773,0.049553,3,1,0,0,0,,,,
79,34,33,1.503589708,0.984024678,0.838904959,1.261368863,0,1.05167954,2.55,0,2.55,0,0,0,0,0,0,0.043811,0.155882,1,3,0,0,0,,,,
79,22,31,1.45378176,0.997791187,0.756267652,1.099448118,0,0.95392664,3.04,2,2.55,0,0,0,5,0,2,-0.291173,0.131546,3,2,0,0,0,,,,
79,39,42,1.434211015,1.019339741,0.824460781,1.182450734,0,0.91488322,2.55,0,3.44,1,0,0,0,0,1,0.231867,-0.317115,2,2,0,0,0,,,,
79,32,0,1.382963904,0.982916776,0.894386859,1.236904743,0,0.9796789,3.44,1,2.55,0,0,1,0,6,1,-0.282538,0.165445,2,3,0,0,0,,,,
79,33,32,1.374509861,0.976908217,0.698384657,0.959936598,0,1.06317585,2.55,0,3.44,1,0,0,0,0,1,0.155882,-0.282538,3,2,0,0,0,,,,
79,42,45,1.350915547,0.960138981,0.688313951,0.929854017,0,1.1515543,3.44,1,2.55,0,0,0,0,0,1,-0.317115,0.126773,2,3,0,0,0,,,,
80,19,22,1.45512918,0.998715978,0.888105809,1.292308678,5,1.01114118,2.55,0,3.04,2,0,0,5,5,2,0.22589,-0.292538,4,3,15,0.4,0,,,,
80,31,32,1.528145619,1.0000953,0.685824632,1.048039906,0,1.07838346,2.55,0,2.55,0,0,0,0,0,0,0.158742,0.2211,2,2,0,0,0,,,,
80,39,5,1.511116528,0.988950607,0.944565069,1.427347887,0,1.01288464,2.55,0,2.55,0,0,1,0,6,0,0.294526,-0.033234,2,3,0,0,0,,,,
80,22,31,1.45087819,0.995798346,0.767512258,1.113566796,0,0.94842751,3.04,2,2.55,0,0,0,5,0,2,-0.292538,0.158742,3,2,0,0,0,,,,
80,40,39,1.406527363,0.999664082,0.679825437,0.95619308,0,1.01568024,3.44,1,2.55,0,0,0,0,0,1,-0.385014,0.294526,2,2,0,0,0,,,,
80,32,35,1.404542065,0.998253067,0.667320604,0.937279859,0,1.01676723,2.55,0,3.44,1,0,0,0,0,1,0.2211,-0.389264,2,2,0,0,0,,,,
80,35,47,1.401523093,0.996107387,0.838815445,1.175619218,0,1.00343416,3.44,1,2.55,0,0,0,0,0,1,-0.389264,0.193045,2,1,0,0,0,,,,
80,43,40,1.401456229,0.996059864,0.837401237,1.17358118,0,1.00317095,2.55,0,3.44,1,0,0,0,0,1,0.195549,-0.385014,1,2,0,0,0,,,,
81,19,22,1.458343181,1.000921881,0.81642711,1.190630909,5,1.01186625,2.55,0,3.04,2,0,0,5,5,2,0.232999,-0.292646,4,3,15,0.4,0,,,,
81,31,32,1.52596142,0.99866585,0.675878902,1.031365129,0,1.07313231,2.55,0,2.55,0,0,0,0,0,0,0.15794,0.224191,2,2,0,0,0,,,,
81,39,48,1.50966072,0.987997854,0.845387239,1.276247908,0,1.04357875,2.55,0,2.55,0,0,0,0,0,0,0.118262,0.051679,3,1,0,0,0,,,,
81,43,42,1.508239599,0.987067801,0.837677539,1.263418437,0,1.03552804,2.55,0,2.55,0,0,0,0,0,0,0.04249,0.136501,1,3,0,0,0,,,,
81,22,31,1.450150422,0.995298848,0.766299493,1.111249533,0,0.95237937,3.04,2,2.55,0,0,0,5,0,2,-0.292646,0.15794,3,2,0,0,0,,,,
81,32,35,1.432681415,1.018252605,0.682566187,0.97789989,0,0.91436816,2.55,0,3.44,1,0,0,0,0,1,0.224191,-0.325017,2,2,0,0,0,,,,
81,41,5,1.391924781,0.989285559,0.943100844,1.312725437,0,0.95054762,3.44,1,2.55,0,0,1,0,6,1,-0.288701,0.223689,2,3,0,0,0,,,,
81,42,41,1.366353604,0.971111303,0.70694103,0.965931425,0,1.08141574,2.55,0,3.44,1,0,0,0,0,1,0.136501,-0.288701,3,2,0,0,0,,,,
81,35,39,1.351131653,0.960292575,0.686742131,0.927879031,0,1.1338864,3.44,1,2.55,0,0,0,0,0,1,-0.325017,0.118262,2,3,0,0,0,,,,
82,19,18,1.460373428,1.037934206,0.756493183,1.104762543,6,0.94897044,3.44,1,2.55,0,0,0,6,5,1,-0.308834,0.227215,2,4,15,0.33333333,1,,,,
82,18,21,1.454434015,0.998238857,0.880480043,1.280600125,5,1.01213587,2.55,0,3.04,2,0,0,5,5,2,0.227215,-0.294551,4,3,15,0.33333333,0,,,,
82,1,19,1.353862907,0.962233765,0.756858852,1.024683126,6,1.10068253,2.55,0,3.44,1,1,0,6,6,1,0.190065,-0.308834,3,2,15,0.33333333,0,,,,
82,30,31,1.526008605,0.998696731,0.676249336,1.031962306,0,1.0736695,2.55,0,2.55,0,0,0,0,0,0,0.159337,0.224123,2,2,0,0,0,,,,
82,42,41,1.510028464,0.988238524,0.845209829,1.276290901,0,1.0433462,2.55,0,2.55,0,0,0,0,0,0,0.054772,0.115496,1,3,0,0,0,,,,
82,38,47,1.509492366,0.987887674,0.845271487,1.275930857,0,1.0432323,2.55,0,2.55,0,0,0,0,0,0,0.118457,0.051351,3,1,0,0,0,,,,
82,52,6,1.505485038,0.985265077,0.800524865,1.205178206,0,1.01728807,2.55,0,2.55,0,0,1,0,6,0,0.296132,-0.020014,2,3,0,0,0,,,,
82,21,30,1.450009853,0.99520237,0.769214521,1.115368635,0,0.95403717,3.04,2,2.55,0,0,0,5,0,2,-0.294551,0.159337,3,2,0,0,0,,,,
82,40,52,1.442266352,1.025064927,0.691432022,0.99722914,0,0.91372755,3.44,1,2.55,0,0,0,0,0,1,-0.319172,0.296132,2,2,0,0,0,,,,
82,31,34,1.432493024,1.018118709,0.683833101,0.979586147,0,0.91369178,2.55,0,3.44,1,0,0,0,0,1,0.224123,-0.325303,2,2,0,0,0,,,,
82,34,38,1.351397373,0.960481431,0.687184044,0.928658713,0,1.13354298,3.44,1,2.55,0,0,0,0,0,1,-0.325303,0.118457,2,3,0,0,0,,,,
82,41,40,1.349951008,0.959453453,0.683488224,0.922675617,0,1.14856332,2.55,0,3.44,1,0,0,0,0,1,0.115496,-0.319172,3,2,0,0,0,,,,
83,2,1,1.444880452,1.026922851,0.829114357,1.197971126,6,0.94286463,3.44,1,2.55,0,0,0,6,6,1,-0.31261,0.200608,2,4,10,0.3,1,,,,
83,9,3,1.431790551,0.937035701,0.999860177,1.431590354,6,1.23571045,2.55,0,2.55,0,0,0,6,6,0,0.221561,0.128615,3,3,10,0.3,0,,,,
83,3,2,1.354444628,0.962647212,0.733976473,0.994130491,6,1.12888013,2.55,0,3.44,1,0,0,6,6,1,0.128615,-0.31261,3,2,10,0.3,0,,,,
83,1,46,1.543304865,1.010016273,0.962023156,1.484695017,0,0.93541068,2.55,0,2.55,0,0,1,6,6,0,0.200608,0.05644,4,3,0,0,0,,,,
83,21,20,1.518195744,0.993583602,0.651012053,0.988363728,0,1.04234227,2.55,0,2.55,0,0,0,0,0,0,0.231827,0.179256,2,2,0,0,0,,,,
83,28,27,1.509057571,0.987603123,0.844796225,1.274846139,0,1.04436464,2.55,0,2.55,0,0,0,0,0,0,0.051319,0.119045,1,3,0,0,0,,,,
83,57,58,1.508669986,0.987349467,0.836958887,1.262694752,0,1.03659813,2.55,0,2.55,0,0,0,0,0,0,0.142071,0.040521,3,1,0,0,0,,,,
83,24,21,1.429917084,1.016287906,0.678941743,0.970830397,0,0.91318882,3.44,1,2.55,0,0,0,0,0,1,-0.330048,0.231827,2,2,0,0,0,,,,
83,20,19,1.412248282,1.003730122,0.689773802,0.974131867,0,0.95170773,2.55,0,3.44,1,0,0,0,0,1,0.179256,-0.307341,2,2,0,0,0,,,,
83,51,56,1.388183187,0.986626288,0.962074501,1.335535647,0,0.97852054,2.55,0,3.44,1,1,0,6,0,1,0.220518,-0.280307,3,2,0,0,0,,,,
83,56,57,1.364821073,0.970022084,0.717374561,0.979087918,0,1.07796029,3.44,1,2.55,0,0,0,0,0,1,-0.280307,0.142071,2,3,0,0,0,,,,
83,19,9,1.3559714,0.963732339,0.723651752,0.98125108,0,1.15835393,3.44,1,2.55,0,0,0,0,6,1,-0.307341,0.221561,2,3,0,0,0,,,,
83,27,24,1.353156947,0.961732016,0.686303435,0.92867626,0,1.12644771,2.55,0,3.44,1,0,0,0,0,1,0.119045,-0.330048,3,2,0,0,0,,,,
84,2,1,1.447303237,1.028644803,0.830051497,1.201336218,6,0.95406079,3.44,1,2.55,0,0,0,6,6,1,-0.306826,0.23141,2,4,10,0.3,1,,,,
84,3,2,1.35609774,0.963822132,0.733238535,0.99434312,6,1.13289691,2.55,0,3.44,1,1,0,6,6,1,0.122705,-0.306826,3,2,10,0.3,0,,,,
84,1,46,1.541696057,1.008963388,0.962429973,1.483774494,0,0.93429811,2.55,0,2.55,0,0,1,6,6,0,0.23141,-0.001258,4,3,0,0,0,,,,
84,21,20,1.518202082,0.99358775,0.65099552,0.988342754,0,1.04201295,2.55,0,2.55,0,0,0,0,0,0,0.232772,0.179024,2,2,0,0,0,,,,
84,28,27,1.509134902,0.987653732,0.844855776,1.275001339,0,1.04411324,2.55,0,2.55,0,0,0,0,0,0,0.050933,0.119144,1,3,0,0,0,,,,
84,57,58,1.50819451,0.987038292,0.836736687,1.261961678,0,1.03655035,2.55,0,2.55,0,0,0,0,0,0,0.140874,0.041098,3,1,0,0,0,,,,
84,24,21,1.430150805,1.016454019,0.678812649,0.970804457,0,0.91263353,3.44,1,2.55,0,0,0,0,0,1,-0.33005,0.232772,2,2,0,0,0,,,,
84,20,19,1.411974038,1.003535208,0.689828837,0.974020408,0,0.95161166,2.55,0,3.44,1,0,0,0,0,1,0.179024,-0.309419,2,2,0,0,0,,,,
84,51,56,1.38789172,0.986419133,0.962974917,1.336504914,0,0.97540376,2.55,0,3.44,1,1,0,6,0,1,0.218203,-0.282844,3,2,0,0,0,,,,
84,56,57,1.366632382,0.97130944,0.714724372,0.976765471,0,1.07473378,3.44,1,2.55,0,0,0,0,0,1,-0.282844,0.140874,2,3,0,0,0,,,,
84,19,9,1.357129665,0.964555554,0.723792607,0.982280418,0,1.14198347,3.44,1,2.55,0,0,1,0,6,1,-0.309419,0.227372,2,3,0,0,0,,,,
84,27,24,1.352960533,0.961592419,0.6864434,0.928730828,0,1.12736836,2.55,0,3.44,1,0,0,0,0,1,0.119144,-0.33005,3,2,0,0,0,,,,
85,2,1,1.453120512,1.032779326,0.820777227,1.192688225,6,0.93683714,3.44,1,2.55,0,0,0,6,6,1,-0.33149,0.23129,2,4,10,0.3,1,,,,
85,9,3,1.423905356,0.931875233,0.999087445,1.422605964,6,1.28045994,2.55,0,2.55,0,0,0,6,6,0,-0.09585,0.126644,3,3,10,0.3,0,,,,
85,3,2,1.361049982,0.967341849,0.736719649,1.002712265,6,1.13225932,2.55,0,3.44,1,0,0,6,6,1,0.126644,-0.33149,3,2,10,0.3,0,,,,
85,1,39,1.541720834,1.008979603,0.966580346,1.490197056,0,0.93301806,2.55,0,2.55,0,0,1,6,6,0,0.23129,0.037802,4,3,0,0,0,,,,
85,21,20,1.50969778,0.988022107,0.844911745,1.275561385,0,1.04575402,2.55,0,2.55,0,0,0,0,0,0,0.049403,0.126451,1,3,0,0,0,,,,
85,50,51,1.507905559,0.986849188,0.836758194,1.261752332,0,1.03679291,2.55,0,2.55,0,0,0,0,0,0,0.139891,0.041343,3,1,0,0,0,,,,
85,56,9,1.506326237,0.9858156,0.714379951,1.076089264,0,0.97987133,2.55,0,2.55,0,0,0,0,6,0,0.325897,-0.09585,2,3,0,0,0,,,,
85,19,56,1.428929937,1.015586309,0.695453948,0.993754966,0,0.92923149,3.44,1,2.55,0,0,0,0,0,1,-0.319339,0.325897,2,2,0,0,0,,,,
85,44,49,1.387479877,0.986126423,0.962726927,1.335764238,0,0.97545074,2.55,0,3.44,1,1,0,6,0,1,0.220727,-0.282766,3,2,0,0,0,,,,
85,49,50,1.367523089,0.971942494,0.713607712,0.975875022,0,1.07275457,3.44,1,2.55,0,0,0,0,0,1,-0.282766,0.139891,2,3,0,0,0,,,,
85,20,19,1.351701626,0.960697673,0.68582567,0.927031674,0,1.12608228,2.55,0,3.44,1,0,0,0,0,1,0.126451,-0.319339,3,2,0,0,0,,,,
86,2,1,1.448550518,1.029531285,0.827990775,1.199386466,6,0.93737404,3.44,1,2.55,0,0,0,6,6,1,-0.312104,0.205483,2,4,10,0.3,1,,,,
86,9,3,1.432057302,0.937210276,0.999830655,1.431814791,6,1.23436428,2.55,0,2.55,0,0,0,6,6,0,0.22104,0.129202,3,3,10,0.3,0,,,,
86,3,2,1.353409063,0.961911203,0.734116474,0.993559888,6,1.13460648,2.55,0,3.44,1,0,0,6,6,1,0.129202,-0.312104,3,2,10,0.3,0,,,,
86,1,45,1.54278269,1.009674535,0.96239203,1.484761765,0,0.93516426,2.55,0,2.55,0,0,1,6,6,0,0.205483,0.050138,4,3,0,0,0,,,,
86,21,20,1.518352987,0.99368651,0.650875524,0.988258796,0,1.04244208,2.55,0,2.55,0,0,0,0,0,0,0.231463,0.180645,2,2,0,0,0,,,,
86,28,27,1.509207442,0.987701206,0.844845433,1.275047015,0,1.04412531,2.55,0,2.55,0,0,0,0,0,0,0.051393,0.119097,1,3,0,0,0,,,,
86,56,57,1.509023389,0.987580752,0.837146003,1.263272898,0,1.03615725,2.55,0,2.55,0,0,0,0,0,0,0.141399,0.041048,3,1,0,0,0,,,,
86,24,21,1.43026811,1.016537392,0.679444468,0.971787756,0,0.91201122,3.44,1,2.55,0,0,0,0,0,1,-0.329689,0.231463,2,2,0,0,0,,,,
86,20,19,1.411397418,1.003125386,0.689443801,0.9730792,0,0.95376971,2.55,0,3.44,1,0,0,0,0,1,0.180645,-0.306352,2,2,0,0,0,,,,
86,50,55,1.389385776,0.987481006,0.962370029,1.337103229,0,0.97388711,2.55,0,3.44,1,1,0,6,0,1,0.219366,-0.281152,3,2,0,0,0,,,,
86,55,56,1.364052028,0.969475499,0.71670054,0.977616825,0,1.08104884,3.44,1,2.55,0,0,0,0,0,1,-0.281152,0.141399,2,3,0,0,0,,,,
86,19,9,1.356167595,0.963871781,0.723821168,0.981622813,0,1.15776236,3.44,1,2.55,0,0,0,0,6,1,-0.306352,0.22104,2,3,0,0,0,,,,
86,27,24,1.352688383,0.961398993,0.686214467,0.928234338,0,1.12852051,2.55,0,3.44,1,0,0,0,0,1,0.119097,-0.329689,3,2,0,0,0,,,,
87,2,1,1.445955426,1.02768687,0.827880879,1.197078849,6,0.95678551,3.44,1,2.55,0,0,0,6,6,1,-0.301568,0.247651,2,4,10,0.3,1,,,,
87,9,3,1.432423905,0.9374502,0.999802063,1.432140375,6,1.23001727,2.55,0,2.55,0,0,0,6,6,0,0.220579,0.125299,3,3,10,0.3,0,,,,
87,3,2,1.351268453,0.960389803,0.734871629,0.99300885,6,1.14767927,2.55,0,3.44,1,0,0,6,6,1,0.125299,-0.301568,3,2,10,0.3,0,,,,
87,1,45,1.542068129,1.009206891,0.964893782,1.487931949,0,0.91862376,2.55,0,2.55,0,0,1,6,6,0,0.247651,-0.038104,4,3,0,0,0,,,,
87,21,20,1.518724157,0.993929422,0.649441971,0.98632321,0,1.04380738,2.55,0,2.55,0,0,0,0,0,0,0.230252,0.181923,2,2,0,0,0,,,,
87,28,27,1.509608674,0.987963792,0.84471204,1.275184623,0,1.04325883,2.55,0,2.55,0,0,0,0,0,0,0.050711,0.119304,1,3,0,0,0,,,,
87,56,57,1.508684527,0.987358984,0.836418509,1.261891663,0,1.04093446,2.55,0,2.55,0,0,0,0,0,0,0.144008,0.04345,3,1,0,0,0,,,,
87,24,21,1.430398751,1.016630242,0.680176072,0.972923004,0,0.91025226,3.44,1,2.55,0,0,0,0,0,1,-0.330585,0.230252,2,2,0,0,0,,,,
87,20,19,1.41047815,1.002472033,0.690124387,0.973405368,0,0.95415903,2.55,0,3.44,1,0,0,0,0,1,0.181923,-0.300144,2,2,0,0,0,,,,
87,50,55,1.384526299,0.98402722,0.963598315,1.334127209,0,1.0046297,2.55,0,3.44,1,1,0,6,0,1,0.228646,-0.271486,3,2,0,0,0,,,,
87,55,56,1.363156015,0.968838675,0.726983965,0.990992565,0,1.07380212,3.44,1,2.55,0,0,0,0,0,1,-0.271486,0.144008,2,3,0,0,0,,,,
87,19,9,1.353285234,0.961823194,0.724631987,0.980633768,0,1.16800191,3.44,1,2.55,0,0,0,0,6,1,-0.300144,0.220579,2,3,0,0,0,,,,
87,27,24,1.352611908,0.96134464,0.68641604,0.92845451,0,1.1284234,2.55,0,3.44,1,0,0,0,0,1,0.119304,-0.330585,3,2,0,0,0,,,,
88,2,1,1.456004745,1.034829243,0.820049859,1.193996486,6,0.93004099,3.44,1,2.55,0,0,0,6,6,1,-0.33172,0.235766,2,4,10,0.3,1,,,,
88,9,3,1.424071009,0.931983645,0.998987047,1.422628492,6,1.2791544,2.55,0,2.55,0,0,0,6,6,0,-0.095662,0.127157,3,3,10,0.3,0,,,,
88,3,2,1.35976613,0.966429374,0.736660548,1.001686062,6,1.13767898,2.55,0,3.44,1,0,0,6,6,1,0.127157,-0.33172,3,2,10,0.3,0,,,,
88,1,39,1.542419535,1.009436869,0.966709123,1.491071036,0,0.93200158,2.55,0,2.55,0,0,1,6,6,0,0.235766,0.037225,4,3,0,0,0,,,,
88,22,21,1.509737287,0.988047963,0.845080439,1.275849449,0,1.0457104,2.55,0,2.55,0,0,0,0,0,0,0.049547,0.126663,1,3,0,0,0,,,,
88,50,51,1.508227246,0.987059716,0.837001452,1.262388395,0,1.03581306,2.55,0,2.55,0,0,0,0,0,0,0.138297,0.041601,3,1,0,0,0,,,,
88,19,9,1.506258825,0.985771482,0.713718934,1.075045443,0,0.98078433,2.55,0,2.55,0,0,0,0,6,0,0.326627,-0.095662,2,3,0,0,0,,,,
88,20,19,1.429637019,1.016088855,0.69504557,0.993662876,0,0.92748955,3.44,1,2.55,0,0,0,0,0,1,-0.318862,0.326627,2,2,0,0,0,,,,
88,44,49,1.38916783,0.987326105,0.963213203,1.338064794,0,0.96366916,2.55,0,3.44,1,1,0,6,0,1,0.219378,-0.285967,3,2,0,0,0,,,,
88,49,50,1.367637959,0.972024136,0.709704127,0.970618304,0,1.07604205,3.44,1,2.55,0,0,0,0,0,1,-0.285967,0.138297,2,3,0,0,0,,,,
88,21,20,1.351120849,0.960284896,0.685222237,0.92581805,0,1.12890563,2.55,0,3.44,1,0,0,0,0,1,0.126663,-0.318862,3,2,0,0,0,,,,
90,12,13,1.55635336,1.018555864,0.674256084,1.049380721,0,1.0378839,2.55,0,2.55,0,0,0,0,0,0,-0.179457,0.053723,4,2,0,0,0,,,,
90,1,5,1.55533471,1.017889208,0.677979559,1.05448514,0,1.03168081,2.55,0,2.55,0,0,0,0,0,0,0.054568,-0.156037,2,4,0,0,0,,,,
90,0,1,1.528065873,1.000043111,0.842099799,1.286783964,0,1.10760093,2.55,0,2.55,0,0,0,0,0,0,0.007803,0.054568,1,2,0,0,0,,,,
90,13,16,1.527999976,0.999999984,0.842313071,1.287054352,0,1.10526851,2.55,0,2.55,0,0,0,0,0,0,0.053723,0.007164,2,1,0,0,0,,,,
90,11,12,1.502804303,1.031437408,0.725225859,1.089872541,0,0.93176936,3.04,2,2.55,0,0,0,0,0,2,-0.115282,-0.179457,2,4,0,0,1,,,,
90,5,8,1.491147476,1.02343684,0.755973175,1.127267492,0,0.90095981,2.55,0,3.04,2,0,0,0,0,2,-0.156037,-0.135419,4,2,0,0,1,,,,
90,8,11,1.227452811,0.833301297,0.675871921,0.82960089,0,1.82289587,3.04,2,3.04,2,0,0,0,0,4,-0.135419,-0.115282,2,2,0,0,0,,,,
91,13,2,1.520384815,0.99501624,0.835622305,1.270467463,0,1.10225672,2.55,0,2.55,0,0,0,0,0,0,0.058581,0.231853,1,3,0,0,0,,,,
91,22,33,1.519942395,0.994726698,0.834385367,1.268217694,0,1.09426878,2.55,0,2.55,0,0,0,0,0,0,0.250636,0.046134,3,1,0,0,0,,,,
91,2,15,1.449670382,1.030327208,0.83300144,1.207577516,0,0.91223552,2.55,0,3.44,1,0,0,0,0,1,0.231853,-0.243217,3,2,0,0,0,,,,
91,15,35,1.443240075,1.000859969,0.708652848,1.022756189,0,0.90724789,3.44,1,3.44,1,0,0,0,0,3,-0.243217,-0.246483,2,2,0,0,1,,,,
91,35,22,1.440678661,1.023936504,0.813687067,1.172261594,0,0.93440446,3.44,1,2.55,0,0,0,0,0,1,-0.246483,0.250636,2,3,0,0,0,,,,
4047,1,0,2.078525669,0.766493833,1.593177107,0.989774128,0,1.113978,2.58,3,2.58,3,0,0,0,0,6,0.091885,0.013311,2,2,0,0,1,,,,
4047,0,24,1.786098953,0.64890081,1.159001057,0.976010357,0,0.93398153,2.58,3,2.55,0,0,1,0,5,7,0.013311,-0.085793,2,3,0,0,0,,,,
4047,2,1,1.780534554,0.985401591,1.754541582,0.972969701,0,0.97167477,2.55,0,2.58,3,1,0,5,0,7,-0.061614,0.091885,3,2,0,0,0,,,,
93,0,1,2.08464921,0.9926901,0.752960254,1.569657999,0,1.09306843,2.58,3,2.58,3,0,0,0,0,6,-0.053431,-0.081873,2,2,0,0,1,,,,
93,1,3,1.847136081,1.009363979,0.624144902,1.152880568,0,0.95314692,2.58,3,2.55,0,0,0,0,0,7,-0.081873,-0.079608,2,2,0,0,0,,,,
93,2,0,1.838085379,1.00441824,0.818634576,1.504720245,0,0.97533916,2.55,0,2.58,3,0,0,0,0,7,-0.086155,-0.053431,2,2,0,0,0,,,,
94,27,75,1.635343212,1.070250793,0.703730927,1.150881178,0,0.90529049,2.55,0,2.55,0,0,0,5,5,0,-0.1524,-0.170447,4,4,0,0,1,,,,
94,75,82,1.547744533,1.012921814,0.956534493,1.480390225,0,0.93119006,2.55,0,2.55,0,0,1,5,6,0,-0.170447,0.040593,4,3,0,0,0,,,,
94,9,27,1.542396644,1.009421888,0.954879507,1.47284026,0,0.93029253,2.55,0,2.55,0,1,0,6,5,0,0.042524,-0.1524,3,4,0,0,0,,,,
94,21,20,1.517138636,0.992891778,0.823384295,1.249183785,0,1.10492508,2.55,0,2.55,0,0,0,0,0,0,0.018986,0.150458,1,2,0,0,0,,,,
94,68,66,1.517105131,0.99286985,0.823178794,1.248807957,0,1.10495717,2.55,0,2.55,0,0,0,0,0,0,0.149925,0.019078,2,1,0,0,0,,,,
94,72,68,1.419291325,1.008735839,0.70010024,0.993643887,0,0.94828045,3.44,1,2.55,0,0,0,0,0,1,-0.311968,0.149925,2,2,0,0,0,,,,
94,20,19,1.41919424,1.008666837,0.699844747,0.993212474,0,0.94919313,2.55,0,3.44,1,0,0,0,0,1,0.150458,-0.312317,2,2,0,0,0,,,,
94,19,4,1.355377745,0.963310409,0.958903405,1.299632912,0,1.13409868,3.44,1,2.55,0,0,1,0,6,1,-0.312317,0.243462,2,3,0,0,0,,,,
94,73,72,1.354944955,0.963002811,0.95918601,1.299574429,0,1.13469261,2.55,0,3.44,1,1,0,6,0,1,0.243432,-0.311968,3,2,0,0,0,,,,
95,60,59,1.631838951,1.067957429,0.702799032,1.146854836,0,0.97030048,2.55,0,2.55,0,0,0,0,0,0,0.015803,0.013502,4,4,0,0,1,,,,
95,15,60,1.554779661,1.017525956,0.949214616,1.475819579,0,0.90852335,2.55,0,2.55,0,1,0,6,0,0,0.021261,0.015803,3,4,0,0,0,,,,
95,59,43,1.553844016,1.016913623,0.957453321,1.487733113,0,0.93956837,2.55,0,2.55,0,0,1,0,6,0,0.013502,-0.02515,4,3,0,0,0,,,,
95,27,26,1.517034886,0.992823878,0.823073271,1.248630867,0,1.10532017,2.55,0,2.55,0,0,0,0,0,0,0.018881,0.1498,1,2,0,0,0,,,,
95,33,65,1.517005557,0.992804684,0.82297737,1.248461244,0,1.10512891,2.55,0,2.55,0,0,0,0,0,0,0.149365,0.019108,2,1,0,0,0,,,,
95,35,33,1.420333658,1.009476658,0.700004116,0.994239407,0,0.94613628,3.44,1,2.55,0,0,0,0,0,1,-0.312986,0.149365,2,2,0,0,0,,,,
95,26,25,1.420266909,1.009429217,0.70017673,0.99443784,0,0.9460707,2.55,0,3.44,1,0,0,0,0,1,0.1498,-0.312571,2,2,0,0,0,,,,
95,34,35,1.35465736,0.962798408,0.959139361,1.299305194,0,1.13599511,2.55,0,3.44,1,1,0,6,0,1,0.242577,-0.312986,3,2,0,0,0,,,,
95,25,10,1.354568789,0.962735458,0.95899387,1.299023166,0,1.13580717,3.44,1,2.55,0,0,1,0,6,1,-0.312571,0.242513,2,3,0,0,0,,,,
96,8,26,1.537674617,1.006331556,0.907330703,1.395179391,5,0.94555452,2.55,0,2.55,0,0,0,5,5,0,-0.018041,-0.097807,3,4,9,0.33333333,0,,,,
96,49,44,1.537414541,1.006161349,0.908008698,1.395985775,5,0.94579141,2.55,0,2.55,0,0,0,5,5,0,-0.098864,-0.017407,4,3,9,0.33333333,0,,,,
96,2,1,1.399173612,0.915689537,0.745463442,1.043032777,6,1.33041306,2.55,0,2.55,0,0,0,6,6,0,0.193844,-0.006534,3,2,9,0.33333333,0,,,,
96,41,36,1.399107853,0.915646501,0.74502986,1.042377127,6,1.33087236,2.55,0,2.55,0,0,0,6,6,0,-0.00678,0.193318,2,3,9,0.33333333,0,,,,
96,1,8,1.390611477,0.910086045,0.776831992,1.080271484,6,1.36459297,2.55,0,2.55,0,0,0,6,5,0,-0.006534,-0.018041,2,3,9,0.33333333,0,,,,
96,44,41,1.390388152,0.90993989,0.776793323,1.080044233,6,1.36507677,2.55,0,2.55,0,0,0,5,6,0,-0.017407,-0.00678,3,2,9,0.33333333,0,,,,
96,26,49,1.619068128,1.05959956,0.697840579,1.129851439,0,0.98109337,2.55,0,2.55,0,0,0,5,5,0,-0.097807,-0.098864,4,4,0,0,1,,,,
96,21,20,1.505165327,0.985055843,0.83872193,1.262415168,0,1.04284329,2.55,0,2.55,0,0,0,0,0,0,0.046856,0.139492,1,3,0,0,0,,,,
96,37,32,1.505066167,0.984990947,0.839044913,1.262818111,0,1.04353919,2.55,0,2.55,0,0,0,0,0,0,0.139091,0.047876,3,1,0,0,0,,,,
96,36,34,1.389647347,0.987666913,0.866039125,1.203488972,0,0.93549335,2.55,0,3.44,1,0,0,6,0,1,0.193318,-0.290686,3,2,0,0,0,,,,
96,19,2,1.389628069,0.987653212,0.86683987,1.204585014,0,0.93552718,3.44,1,2.55,0,0,0,0,6,1,-0.290925,0.193844,2,3,0,0,0,,,,
96,20,19,1.371670288,0.974890041,0.693697073,0.951523664,0,1.0753514,2.55,0,3.44,1,0,0,0,0,1,0.139492,-0.290925,3,2,0,0,0,,,,
96,34,37,1.371661812,0.974884017,0.693384215,0.951088648,0,1.07605774,3.44,1,2.55,0,0,0,0,0,1,-0.290686,0.139091,2,3,0,0,0,,,,
97,22,56,1.581379568,1.034934272,0.70391501,1.113156813,0,0.86325395,2.55,0,2.55,0,0,0,5,5,0,-0.235405,-0.235278,4,4,0,0,0,,,,
97,10,22,1.546004193,1.011782849,0.964117093,1.490529068,0,0.90828177,2.55,0,2.55,0,1,0,6,5,0,0.071916,-0.235405,3,4,0,0,0,,,,
97,56,45,1.545602695,1.011520088,0.962036163,1.486925686,0,0.90768046,2.55,0,2.55,0,0,1,5,6,0,-0.235278,0.07286,4,3,0,0,0,,,,
97,34,35,1.524135844,0.997471102,0.845720436,1.288992831,0,1.11687461,2.55,0,2.55,0,0,0,0,0,0,0.177904,-0.019981,2,1,0,0,0,,,,
97,26,25,1.523822049,0.997265739,0.845797288,1.288844557,0,1.11694145,2.55,0,2.55,0,0,0,0,0,0,-0.018649,0.177803,1,2,0,0,0,,,,
97,43,34,1.422256316,1.010843153,0.851252615,1.210699408,0,0.95314835,3.44,1,2.55,0,0,0,0,0,1,-0.313303,0.177904,2,2,0,0,0,,,,
97,25,24,1.422121856,1.010747588,0.845601911,1.202548959,0,0.95248082,2.55,0,3.44,1,0,0,0,0,1,0.177803,-0.313197,2,2,0,0,0,,,,
97,41,43,1.357181385,0.964592313,0.958913895,1.301420088,0,1.12589267,2.55,0,3.44,1,1,0,6,0,1,0.240568,-0.313303,3,2,0,0,0,,,,
97,24,15,1.356914285,0.964402477,0.959136141,1.301465531,0,1.12631711,3.44,1,2.55,0,0,1,0,6,1,-0.313197,0.241641,2,3,0,0,0,,,,
98,14,16,1.589973221,1.040558391,0.9999103,1.5898306,4,1.02653097,2.55,0,2.55,0,0,0,4,4,0,0.06828,0.073811,3,3,4,0.25,1,,,,
98,21,20,1.500454497,0.981972839,0.902149135,1.353633727,0,1.06594001,2.55,0,2.55,0,0,0,0,0,0,0.065733,-0.104638,1,2,0,0,0,,,,
98,27,28,1.500443334,0.981965533,0.902003364,1.353404935,0,1.06596933,2.55,0,2.55,0,0,0,0,0,0,-0.103923,0.065596,2,1,0,0,0,,,,
98,16,25,1.49722001,0.979856028,0.803585393,1.203144131,0,1.04249784,2.55,0,2.55,0,0,0,4,0,0,0.073811,0.044196,3,2,0,0,0,,,,
98,18,14,1.496981814,0.97970014,0.803949082,1.203497155,0,1.04461353,2.55,0,2.55,0,0,0,0,4,0,0.047714,0.06828,2,3,0,0,0,,,,
98,20,18,1.340133611,0.877050793,0.782552319,1.048724666,0,1.91488649,2.55,0,2.55,0,0,0,0,0,0,-0.104638,0.047714,2,2,0,0,0,,,,
98,25,27,1.340014814,0.876973046,0.782946442,1.04915983,0,1.91492772,2.55,0,2.55,0,0,0,0,0,0,0.044196,-0.103923,2,2,0,0,0,,,,
99,17,18,1.559646071,1.020710779,0.999069102,1.558194199,4,1.0506589,2.55,0,2.55,0,0,0,4,4,0,0.211409,0.240323,3,3,4,0.25,1,,,,
99,25,6,1.508695264,0.987366011,0.843850712,1.273113572,0,1.04447198,2.55,0,2.55,0,0,0,0,0,0,0.047429,0.134206,1,3,0,0,0,,,,
99,23,26,1.508421497,0.987186843,0.843534595,1.272405717,0,1.0470503,2.55,0,2.55,0,0,0,0,0,0,0.133552,0.051462,3,1,0,0,0,,,,
99,20,17,1.422024363,1.010678297,0.698227167,0.992896043,0,0.92877917,3.44,1,2.55,0,0,0,0,4,1,-0.306189,0.211409,2,3,0,0,0,,,,
99,18,7,1.420929573,1.009900194,0.838765221,1.191826308,0,0.94478699,2.55,0,3.44,1,0,0,4,0,1,0.240323,-0.300944,3,2,0,0,0,,,,
99,6,20,1.355549958,0.963432806,0.686908575,0.931138889,0,1.11137001,2.55,0,3.44,1,0,0,0,0,1,0.134206,-0.306189,3,2,0,0,0,,,,
99,7,23,1.354644709,0.962789417,0.685799495,0.929014657,0,1.11148026,3.44,1,2.55,0,0,0,0,0,1,-0.300944,0.133552,2,3,0,0,0,,,,
100,17,18,1.559512597,1.020623427,0.998621203,1.557362346,4,1.04862122,2.55,0,2.55,0,0,0,4,4,0,0.211914,0.238115,3,3,4,0.25,1,,,,
100,25,6,1.508673526,0.987351784,0.843860826,1.273110488,0,1.04449906,2.55,0,2.55,0,0,0,0,0,0,0.047856,0.133997,1,3,0,0,0,,,,
100,23,26,1.508536673,0.98726222,0.843595026,1.272594034,0,1.04684364,2.55,0,2.55,0,0,0,0,0,0,0.133825,0.051302,3,1,0,0,0,,,,
100,20,17,1.421553791,1.010343846,0.699252398,0.994024896,0,0.92909973,3.44,1,2.55,0,0,0,0,4,1,-0.305799,0.211914,2,3,0,0,0,,,,
100,18,7,1.421414934,1.010245155,0.837465204,1.190385548,0,0.94406746,2.55,0,3.44,1,0,0,4,0,1,0.238115,-0.301137,3,2,0,0,0,,,,
100,6,20,1.355510145,0.963404509,0.686810393,0.930978455,0,1.11111622,2.55,0,3.44,1,0,0,0,0,1,0.133997,-0.305799,3,2,0,0,0,,,,
100,7,23,1.354406754,0.962620294,0.685912416,0.929004409,0,1.11210259,3.44,1,2.55,0,0,0,0,0,1,-0.301137,0.133825,2,3,0,0,0,,,,
101,14,7,1.589125637,1.040003689,0.999992325,1.589113441,4,1.02059895,2.55,0,2.55,0,0,0,4,4,0,0.020675,0.017482,3,3,4,0.25,1,,,,
101,21,29,1.500490562,0.981996441,0.902061307,1.353534479,0,1.06644645,2.55,0,2.55,0,0,0,0,0,0,-0.106012,0.065205,2,1,0,0,0,,,,
101,26,23,1.50030564,0.981875419,0.902172336,1.353534245,0,1.0665047,2.55,0,2.55,0,0,0,0,0,0,0.065103,-0.105791,1,2,0,0,0,,,,
101,7,18,1.495446694,0.97869548,0.810122358,1.211494802,0,1.03709135,2.55,0,2.55,0,0,0,4,0,0,0.017482,0.048443,3,2,0,0,0,,,,
101,17,14,1.495411376,0.978672367,0.811767465,1.213926302,0,1.0369272,2.55,0,2.55,0,0,0,0,4,0,0.047803,0.020675,2,3,0,0,0,,,,
101,23,17,1.340542524,0.877318406,0.78131505,1.047386049,0,1.89908665,2.55,0,2.55,0,0,0,0,0,0,-0.105791,0.047803,2,2,0,0,0,,,,
101,18,21,1.340499544,0.877290278,0.781459891,1.047546628,0,1.89882874,2.55,0,2.55,0,0,0,0,0,0,0.048443,-0.106012,2,2,0,0,0,,,,
102,1,4,1.549411716,1.014012903,0.79295694,1.228616773,3,0.8487534,2.55,0,2.55,0,0,0,3,3,0,-0.163524,-0.17063,3,3,3,0.33333333,1,,,,
102,10,5,1.544940421,1.011086663,0.887609477,1.37130376,0,1.0820441,2.55,0,2.55,0,0,0,0,0,0,0.099313,0.125242,2,2,0,0,0,,,,
102,7,12,1.544273937,1.010650482,0.888217796,1.371651592,0,1.08253653,2.55,0,2.55,0,0,0,0,0,0,0.12217,0.100965,2,2,0,0,0,,,,
102,34,37,1.537067861,1.005934464,0.836911292,1.286389449,0,1.08920693,2.55,0,2.55,0,0,0,0,0,0,0.067402,-0.010431,2,1,0,0,0,,,,
102,22,21,1.53660941,1.005634431,0.837269235,1.286555785,0,1.08901377,2.55,0,2.55,0,0,0,0,0,0,-0.010668,0.065793,1,2,0,0,0,,,,
102,4,7,1.516632567,0.99256058,0.736971419,1.117714854,0,1.0400991,2.55,0,2.55,0,0,0,3,0,0,-0.17063,0.12217,3,2,0,0,0,,,,
102,5,1,1.516465178,0.992451033,0.73770731,1.118707448,0,1.04231163,2.55,0,2.55,0,0,0,0,3,0,0.125242,-0.163524,2,3,0,0,0,,,,
102,15,10,1.506679479,0.986046779,0.821122116,1.237167842,0,1.05899831,2.55,0,2.55,0,0,0,0,0,0,-0.074551,0.099313,2,2,0,0,0,,,,
102,12,28,1.506260044,0.98577228,0.809419523,1.219196286,0,1.05341753,2.55,0,2.55,0,0,0,0,0,0,0.100965,-0.076143,2,2,0,0,0,,,,
102,21,18,1.505626696,0.985357785,0.808006534,1.216556209,0,1.05490369,2.55,0,2.55,0,0,0,0,0,0,0.065793,-0.075857,2,2,0,0,0,,,,
102,31,34,1.505608364,0.985345788,0.811427194,1.221691569,0,1.05519998,2.55,0,2.55,0,0,0,0,0,0,-0.077799,0.067402,2,2,0,0,0,,,,
102,28,31,1.34234264,0.878496492,0.999981,1.342317136,0,1.96851585,2.55,0,2.55,0,0,0,0,0,0,-0.076143,-0.077799,2,2,0,0,0,,,,
102,18,15,1.342204159,0.878405863,0.999975602,1.342171412,0,1.96769015,2.55,0,2.55,0,0,0,0,0,0,-0.075857,-0.074551,2,2,0,0,0,,,,
103,1,4,1.5569348,1.018936388,0.999978897,1.556901945,3,0.86062034,2.55,0,2.55,0,0,0,3,3,0,-0.165512,-0.179425,3,3,3,0.33333333,1,,,,
103,10,5,1.546597553,1.012171173,0.895438607,1.384883158,0,1.08049271,2.55,0,2.55,0,0,0,0,0,0,0.099679,0.118581,2,2,0,0,0,,,,
103,7,12,1.545147423,1.011222135,0.881543088,1.36211403,0,1.08295765,2.55,0,2.55,0,0,0,0,0,0,0.115417,0.101572,2,2,0,0,0,,,,
103,34,37,1.536622571,1.005643044,0.836829534,1.285891149,0,1.08898506,2.55,0,2.55,0,0,0,0,0,0,0.06777,-0.012699,2,1,0,0,0,,,,
103,22,21,1.536335963,1.005455473,0.837212266,1.286239313,0,1.08951055,2.55,0,2.55,0,0,0,0,0,0,-0.012046,0.065377,1,2,0,0,0,,,,
103,4,7,1.517543788,0.99315693,0.742424996,1.126662442,0,1.04417696,2.55,0,2.55,0,0,0,3,0,0,-0.179425,0.115417,3,2,0,0,0,,,,
103,5,1,1.51740497,0.99306608,0.747681333,1.13453537,0,1.05441964,2.55,0,2.55,0,0,0,0,3,0,0.118581,-0.165512,2,3,0,0,0,,,,
103,15,10,1.507182705,0.986376116,0.83387185,1.25679723,0,1.04991459,2.55,0,2.55,0,0,0,0,0,0,-0.088251,0.099679,2,2,0,0,0,,,,
103,12,28,1.506196734,0.985730847,0.811837814,1.222787464,0,1.05467565,2.55,0,2.55,0,0,0,0,0,0,0.101572,-0.076626,2,2,0,0,0,,,,
103,21,18,1.505737998,0.985430627,0.80527673,1.212535772,0,1.05274435,2.55,0,2.55,0,0,0,0,0,0,0.065377,-0.076643,2,2,0,0,0,,,,
103,31,34,1.505654171,0.985375766,0.806741615,1.214673878,0,1.05432007,2.55,0,2.55,0,0,0,0,0,0,-0.077285,0.06777,2,2,0,0,0,,,,
103,18,15,1.343032048,0.878947676,0.999969432,1.342990994,0,1.96153474,2.55,0,2.55,0,0,0,0,0,0,-0.076643,-0.088251,2,2,0,0,0,,,,
103,28,31,1.34236814,0.878513181,0.999968234,1.342325498,0,1.9674152,2.55,0,2.55,0,0,0,0,0,0,-0.076626,-0.077285,2,2,0,0,0,,,,
105,35,40,1.573486182,1.029768444,0.801000576,1.260363338,4,0.83887652,2.55,0,2.55,0,0,0,4,4,0,0.224457,0.22822,4,4,4,0.25,1,,,,
105,19,27,1.40943968,1.001733959,0.868444692,1.224020409,0,0.97039952,3.44,1,2.55,0,0,0,0,0,1,-0.312226,0.181777,2,1,0,0,0,,,,
105,24,10,1.409407173,1.001710855,0.868033025,1.223411972,0,0.97074785,2.55,0,3.44,1,0,0,0,0,1,0.182575,-0.312464,1,2,0,0,0,,,,
105,23,17,1.394021877,0.990776032,0.963141919,1.342640905,0,0.9804341,3.44,1,2.55,0,0,1,0,6,1,-0.263317,0.205701,2,3,0,0,0,,,,
105,6,2,1.392942154,0.990008638,0.962585697,1.340826195,0,0.98516371,2.55,0,3.44,1,1,0,6,0,1,0.210114,-0.262202,3,2,0,0,0,,,,
105,16,19,1.358061289,0.965217689,0.958268495,1.301387348,0,1.12864278,2.55,0,3.44,1,1,0,6,0,1,0.240974,-0.312226,3,2,0,0,0,,,,
105,10,1,1.358046798,0.965207391,0.958410828,1.301566757,0,1.12928363,3.44,1,2.55,0,0,1,0,6,1,-0.312464,0.241597,2,3,0,0,0,,,,
105,2,35,1.350822628,0.960072941,0.717481578,0.96919035,0,1.1259205,3.44,1,2.55,0,0,0,0,4,1,-0.262202,0.224457,2,4,0,0,0,,,,
105,40,23,1.350760528,0.960028805,0.718614684,0.97067635,0,1.12868071,2.55,0,3.44,1,0,0,4,0,1,0.22822,-0.263317,4,2,0,0,0,,,,
106,35,40,1.574912101,1.030701637,0.989862503,1.558946433,4,0.87173707,2.55,0,2.55,0,0,0,4,4,0,0.243317,0.230962,4,4,4,0.25,1,,,,
106,24,10,1.409347729,1.001668606,0.868303581,1.223741679,0,0.97072781,2.55,0,3.44,1,0,0,0,0,1,0.181635,-0.311821,1,2,0,0,0,,,,
106,19,27,1.409228226,1.001583672,0.868544347,1.22397721,0,0.97069488,3.44,1,2.55,0,0,0,0,0,1,-0.31207,0.181804,2,1,0,0,0,,,,
106,6,2,1.39583196,0.992062516,0.963296118,1.344599509,0,0.96801293,2.55,0,3.44,1,1,0,6,0,1,0.213371,-0.261211,3,2,0,0,0,,,,
106,23,17,1.39339794,0.99033258,0.96360183,1.342680805,0,0.97840388,3.44,1,2.55,0,0,1,0,6,1,-0.257772,0.20183,2,3,0,0,0,,,,
106,16,19,1.358018102,0.965186995,0.958286428,1.301370315,0,1.1287398,2.55,0,3.44,1,1,0,6,0,1,0.240774,-0.31207,3,2,0,0,0,,,,
106,10,1,1.357868267,0.965080502,0.958206991,1.301118867,0,1.12943706,3.44,1,2.55,0,0,1,0,6,1,-0.311821,0.240357,2,3,0,0,0,,,,
106,2,35,1.356158584,0.963865376,0.71042019,0.963442439,0,1.16781942,3.44,1,2.55,0,0,0,0,4,1,-0.261211,0.243317,2,4,0,0,0,,,,
106,40,23,1.34942327,0.959078372,0.724040473,0.977037062,0,1.1452696,2.55,0,3.44,1,0,0,4,0,1,0.230962,-0.257772,4,2,0,0,0,,,,
107,2,7,1.611186688,1.05444155,0.999509329,1.610396126,5,1.00011089,2.55,0,2.55,0,0,0,5,5,0,-0.060046,0.056555,3,3,5,0.2,1,,,,
107,69,72,1.608940295,1.052971398,0.981532867,1.579227782,5,1.01910969,2.55,0,2.55,0,0,0,5,5,0,0.087168,0.045213,3,3,5,0.2,1,,,,
107,37,40,1.599912789,1.047063344,0.990587676,1.584853891,5,1.00696849,2.55,0,2.55,0,0,0,5,5,0,0.067661,-0.084954,3,3,5,0.2,1,,,,
107,72,37,1.565847843,1.024769531,0.754453336,1.181359129,0,1.01236539,2.55,0,2.55,0,0,0,5,5,0,0.045213,0.067661,3,3,0,0,0,,,,
107,7,69,1.554164879,1.017123612,0.749139174,1.164285794,0,1.03034388,2.55,0,2.55,0,0,0,5,5,0,0.056555,0.087168,3,3,0,0,0,,,,
107,13,2,1.536937701,1.005849281,0.86153694,1.324128605,0,1.10191931,2.55,0,2.55,0,0,0,0,5,0,0.117158,-0.060046,1,3,0,0,0,,,,
107,40,59,1.533970354,1.0039073,0.850896528,1.305250048,0,1.10117813,2.55,0,2.55,0,0,0,5,0,0,-0.084954,0.099552,3,1,0,0,0,,,,
108,66,62,1.536447842,1.005528693,0.959404758,1.47412058,0,0.91233915,2.55,0,2.55,0,0,1,5,6,0,0.132771,0.084621,4,3,0,0,0,,,,
108,12,11,1.517533619,0.993150274,0.823524073,1.249718125,0,1.10450095,2.55,0,2.55,0,0,0,0,0,0,0.019046,0.152444,1,2,0,0,0,,,,
108,61,56,1.517095895,0.992863805,0.82314782,1.248788301,0,1.10508357,2.55,0,2.55,0,0,0,0,0,0,0.149854,0.01918,2,1,0,0,0,,,,
108,0,18,1.484529574,0.971550768,0.966883582,1.43544793,0,0.96834819,2.55,0,2.55,0,1,1,6,5,0,0.023579,0.060842,3,3,0,0,0,,,,
108,21,66,1.480586858,1.016188647,0.784288674,1.161132296,0,0.91163971,3.04,2,2.55,0,1,0,5,5,2,-0.182123,0.132771,3,4,0,0,0,,,,
108,54,61,1.419971612,1.00921934,0.700034366,0.994020586,0,0.94683466,3.44,1,2.55,0,0,0,0,0,1,-0.313774,0.149854,2,2,0,0,0,,,,
108,11,10,1.417939643,1.007775155,0.699480659,0.991834073,0,0.95246559,2.55,0,3.44,1,0,0,0,0,1,0.152444,-0.31637,2,2,0,0,0,,,,
108,10,5,1.357786319,0.965022259,0.959481913,1.302596879,0,1.1246365,3.44,1,2.55,0,0,1,0,6,1,-0.31637,0.234649,2,3,0,0,0,,,,
108,58,54,1.355292271,0.96324966,0.958733861,1.299192145,0,1.13364948,2.55,0,3.44,1,1,0,6,0,1,0.235629,-0.313774,3,2,0,0,0,,,,
109,14,13,1.509042782,0.987593444,0.864359592,1.304355604,0,1.03709541,2.55,0,2.55,0,0,0,0,0,0,0.019267,0.156395,1,3,0,0,0,,,,
109,30,33,1.508564359,0.987280339,0.836798291,1.262364078,0,1.03873936,2.55,0,2.55,0,0,0,0,0,0,0.143387,0.042382,3,1,0,0,0,,,,
109,3,10,1.463303733,0.957659511,0.988270262,1.446139565,0,1.00263428,2.55,0,2.55,0,1,1,6,5,0,0.010501,0.131627,3,3,0,0,0,,,,
109,26,24,1.387868258,0.986402457,0.992345004,1.377244131,0,0.98986765,2.55,0,3.44,1,1,0,6,0,1,0.211924,-0.279079,3,2,0,0,0,,,,
109,13,2,1.385445855,0.984680778,0.996830131,1.381054173,0,0.99764943,2.55,0,3.44,1,0,0,0,0,1,0.156395,-0.253579,3,2,0,0,0,,,,
109,2,5,1.370724487,0.97421783,0.868514544,1.190494153,0,1.08416357,3.44,1,2.55,0,0,1,0,6,1,-0.253579,0.118961,2,3,0,0,0,,,,
109,24,30,1.36401725,0.969450782,0.723579108,0.986974386,0,1.07409132,3.44,1,2.55,0,0,0,0,0,1,-0.279079,0.143387,2,3,0,0,0,,,,
110,23,8,1.844308817,1.007819025,0.656322884,1.210462082,0,0.97463345,2.55,0,2.58,3,0,0,0,0,7,-0.087662,0.017742,2,2,0,0,1,,,,
110,9,24,1.843298653,1.007267023,0.654399253,1.206253262,0,0.97820994,2.58,3,2.55,0,0,0,0,0,7,0.019765,-0.085386,2,2,0,0,1,,,,
110,8,5,1.746202202,0.954208853,0.724757566,1.265573257,0,1.08122191,2.58,3,2.55,0,0,1,0,5,7,0.017742,-0.127776,2,3,0,0,0,,,,
110,11,9,1.743872584,0.952935838,0.722453919,1.259867582,0,1.0861302,2.55,0,2.58,3,1,0,5,0,7,-0.125751,0.019765,3,2,0,0,0,,,,
111,5,8,1.840638335,1.005813298,0.655680086,1.206869902,0,1.0025186,2.55,0,2.58,3,0,0,0,0,7,-0.170212,0.109385,3,2,0,0,1,,,,
111,14,17,1.839623189,1.005258573,0.654889383,1.204749696,0,1.0044591,2.58,3,2.55,0,0,0,0,0,7,0.108869,-0.172729,2,3,0,0,1,,,,
111,11,14,1.772012395,0.968312784,0.608453516,1.078187173,0,1.09297096,2.55,0,2.58,3,0,0,0,0,7,-0.167119,0.108869,3,2,0,0,0,,,,
111,8,11,1.771185536,0.967860949,0.608642491,1.078018777,0,1.09431648,2.58,3,2.55,0,0,0,0,0,7,0.109385,-0.167119,2,3,0,0,0,,,,
112,30,7,1.788616672,0.977386159,0.772898206,1.382418617,0,0.84589051,2.58,3,2.55,0,0,1,0,6,7,1.025681,-0.115135,4,3,0,0,0,,,,
112,0,31,1.787372203,0.976706122,0.760410563,1.359136703,0,0.84576806,2.55,0,2.58,3,1,0,6,0,7,-0.114798,1.024288,3,4,0,0,0,,,,
112,31,37,1.705627792,1.009247214,0.599434114,1.022411484,0,0.8004159,2.58,3,3.44,1,0,0,0,0,8,1.024288,-0.395623,4,2,0,0,1,,,,
112,36,30,1.702310625,1.007284393,0.604130678,1.028418073,0,0.80132013,3.44,1,2.58,3,0,0,0,0,8,-0.400833,1.025681,2,4,0,0,1,,,,
113,17,11,1.831411869,1.000771513,0.802974583,1.470577182,0,1.03077346,2.55,0,2.58,3,0,0,0,0,7,-0.09216,-0.072288,2,2,0,0,1,,,,
113,11,8,1.831298528,1.000709578,0.804780868,1.47379402,0,1.031401,2.58,3,2.55,0,0,0,0,0,7,-0.072288,-0.09198,2,2,0,0,1,,,,
114,18,19,1.511538922,0.989227043,0.959433398,1.450220924,0,0.98128839,2.55,0,2.55,0,0,1,0,6,0,0.269195,-0.044281,2,3,0,0,0,,,,
114,26,27,1.492822581,0.976978129,0.96246268,1.436786022,0,0.93862889,2.55,0,2.55,0,1,0,6,0,0,-0.034687,0.216682,3,3,0,0,0,,,,
114,8,1,1.488358917,0.974056883,0.962064835,1.431897775,0,0.95081138,2.55,0,2.55,0,0,1,0,6,0,0.215134,-0.034232,3,3,0,0,0,,,,
114,32,33,1.426309992,1.013724231,0.858110534,1.22393163,0,0.92300554,3.44,1,2.55,0,0,0,0,0,1,-0.311512,0.196319,2,1,0,0,0,,,,
114,14,13,1.425483394,1.013136741,0.857764771,1.222729437,0,0.92550082,2.55,0,3.44,1,0,0,0,0,1,0.197277,-0.313092,1,2,0,0,0,,,,
114,10,18,1.41233508,1.003791812,0.710305949,1.003190009,0,0.97939248,3.44,1,2.55,0,0,0,0,0,1,-0.306732,0.269195,2,2,0,0,0,,,,
114,9,10,1.354957908,0.963012017,0.959100192,1.29954039,0,1.11232793,2.55,0,3.44,1,1,0,6,0,1,0.243584,-0.306732,3,2,0,0,0,,,,
114,13,8,1.350213576,0.959640068,0.692738526,0.935344962,0,1.20079213,3.44,1,2.55,0,0,0,0,0,1,-0.313092,0.215134,2,3,0,0,0,,,,
114,27,32,1.348764683,0.958610294,0.692255512,0.933689787,0,1.20371674,2.55,0,3.44,1,0,0,0,0,1,0.216682,-0.311512,3,2,0,0,0,,,,
115,26,21,1.468113805,1.007627869,0.709512245,1.041644722,5,0.99451003,3.04,2,2.55,0,0,0,5,5,2,-0.387306,0.382359,3,3,5,0.4,0,,,,
115,23,26,1.465925305,1.00612581,0.690846093,1.012728769,5,0.95954583,2.55,0,3.04,2,0,0,5,5,2,0.042963,-0.387306,3,3,5,0.4,0,,,,
115,21,59,1.540009672,1.007859733,0.960257983,1.478806582,0,0.97124343,2.55,0,2.55,0,0,1,5,6,0,0.382359,-0.095474,3,3,0,0,1,,,,
115,27,23,1.525249222,0.998199753,0.680649603,1.038160277,0,1.04127142,2.55,0,2.55,0,0,0,0,5,0,0.259498,0.042963,2,3,0,0,0,,,,
115,33,32,1.518138595,0.993546201,0.829116319,1.258713485,0,1.10693696,2.55,0,2.55,0,0,0,0,0,0,0.006904,0.185042,1,2,0,0,0,,,,
115,71,72,1.514358636,0.991072406,0.818664392,1.239751492,0,1.12059549,2.55,0,2.55,0,0,0,0,0,0,0.19039,-0.009524,2,1,0,0,0,,,,
115,70,71,1.437735534,1.021844729,0.694709657,0.99880876,0,0.91226403,3.44,1,2.55,0,0,0,0,0,1,-0.326062,0.19039,2,2,0,0,0,,,,
115,32,29,1.409603118,1.001850119,0.675702038,0.9524717,0,0.98834841,2.55,0,3.44,1,0,0,0,0,1,0.185042,-0.401026,2,2,0,0,0,,,,
115,29,27,1.407617209,1.00043867,0.668127504,0.940467773,0,1.00589841,3.44,1,2.55,0,0,0,0,0,1,-0.401026,0.259498,2,2,0,0,0,,,,
115,64,70,1.350439826,0.959800872,0.960067754,1.296513731,0,1.14913458,2.55,0,3.44,1,1,0,6,0,1,0.01969,-0.326062,3,2,0,0,0,,,,
116,26,21,1.471539083,1.00997878,0.71292095,1.049091041,5,0.98510592,3.04,2,2.55,0,0,0,5,5,2,-0.38735,0.390155,3,3,5,0.4,0,,,,
116,23,26,1.464899598,1.005421824,0.691144316,1.012457031,5,0.96238241,2.55,0,3.04,2,0,0,5,5,2,0.04615,-0.38735,3,3,5,0.4,0,,,,
116,21,59,1.53385118,1.003829307,0.960034921,1.472550697,0,0.97108332,2.55,0,2.55,0,0,1,5,6,0,0.390155,-0.088803,3,3,0,0,1,,,,
116,27,23,1.52524325,0.998195844,0.681142289,1.038907679,0,1.04091155,2.55,0,2.55,0,0,0,0,5,0,0.258024,0.04615,2,3,0,0,0,,,,
116,33,32,1.518260665,0.99362609,0.829362173,1.259187965,0,1.10662235,2.55,0,2.55,0,0,0,0,0,0,0.007146,0.18604,1,2,0,0,0,,,,
116,71,72,1.516482409,0.992462309,0.822838951,1.247820794,0,1.1051863,2.55,0,2.55,0,0,0,0,0,0,0.144215,0.022084,2,1,0,0,0,,,,
116,70,71,1.422379139,1.010930447,0.70012022,0.995836396,0,0.93920787,3.44,1,2.55,0,0,0,0,0,1,-0.310899,0.144215,2,2,0,0,0,,,,
116,32,29,1.409024952,1.001439198,0.675381584,0.951629504,0,0.99044086,2.55,0,3.44,1,0,0,0,0,1,0.18604,-0.400778,2,2,0,0,0,,,,
116,29,27,1.408196027,1.000850055,0.668321631,0.941127865,0,1.00399431,3.44,1,2.55,0,0,0,0,0,1,-0.400778,0.258024,2,2,0,0,0,,,,
116,64,70,1.350859502,0.960099148,0.959325003,1.295913295,0,1.14339617,2.55,0,3.44,1,1,0,6,0,1,0.240296,-0.310899,3,2,0,0,0,,,,
117,26,21,1.470619846,1.009347869,0.714895752,1.051339881,5,0.98068427,3.04,2,2.55,0,0,0,5,5,2,-0.386972,0.398203,3,3,5,0.4,0,,,,
117,23,26,1.464921667,1.005436971,0.692386305,1.014291699,5,0.96245155,2.55,0,3.04,2,0,0,5,5,2,0.045808,-0.386972,3,3,5,0.4,0,,,,
117,21,59,1.53163702,1.002380249,0.960155349,1.470609478,0,0.9688617,2.55,0,2.55,0,0,1,5,6,0,0.398203,-0.023183,3,3,0,0,1,,,,
117,27,23,1.525151714,0.998135938,0.681213456,1.03895387,0,1.0407969,2.55,0,2.55,0,0,0,0,5,0,0.257635,0.045808,2,3,0,0,0,,,,
117,33,32,1.518271073,0.993632901,0.829287723,1.259083561,0,1.10652898,2.55,0,2.55,0,0,0,0,0,0,0.007038,0.186186,1,2,0,0,0,,,,
117,71,72,1.516895289,0.992732519,0.822993651,1.248395192,0,1.10563428,2.55,0,2.55,0,0,0,0,0,0,0.14986,0.019175,2,1,0,0,0,,,,
117,70,71,1.420464703,1.009569796,0.699568689,0.99371263,0,0.9446123,3.44,1,2.55,0,0,0,0,0,1,-0.314308,0.14986,2,2,0,0,0,,,,
117,32,29,1.408995202,1.001418054,0.675358045,0.951576245,0,0.9905712,2.55,0,3.44,1,0,0,0,0,1,0.186186,-0.401011,2,2,0,0,0,,,,
117,29,27,1.408277602,1.000908033,0.6683035,0.941156851,0,1.00372498,3.44,1,2.55,0,0,0,0,0,1,-0.401011,0.257635,2,2,0,0,0,,,,
117,64,70,1.354127346,0.96242171,0.958246078,1.297587219,0,1.13528166,2.55,0,3.44,1,1,0,6,0,1,0.236191,-0.314308,3,2,0,0,0,,,,
118,49,51,1.433908596,1.019124802,0.780110715,1.118607461,5,0.97383128,3.44,1,2.55,0,0,0,5,5,1,-0.378729,0.443014,2,3,5,0.4,0,,,,
118,10,12,1.433266732,1.018668608,0.772393848,1.107046406,5,0.97847362,2.55,0,3.44,1,0,0,5,5,1,0.423753,-0.395994,3,2,5,0.4,0,,,,
118,34,36,1.423766271,1.011916326,0.728697669,1.037495163,5,1.00677825,3.44,1,2.55,0,0,0,5,5,1,-0.358439,0.42843,2,3,5,0.4,0,,,,
118,12,11,1.41949729,1.008882225,0.766380384,1.087874878,5,1.01121219,3.44,1,2.55,0,0,0,5,5,1,-0.395994,0.436896,2,3,5,0.4,0,,,,
118,32,34,1.415759772,1.00622585,0.753096478,1.066203697,5,1.01837528,2.55,0,3.44,1,0,0,5,5,1,0.473706,-0.358439,3,2,5,0.4,0,,,,
118,47,49,1.410302045,1.002346869,0.771947298,1.088678854,5,1.05140875,2.55,0,3.44,1,0,0,5,5,1,0.437448,-0.378729,3,2,5,0.4,0,,,,
118,13,32,1.412924881,1.004211003,0.874848693,1.236095485,0,1.04274456,3.44,1,2.55,0,0,0,0,5,1,-0.350685,0.473706,2,3,0,0,0,,,,
118,39,47,1.41120463,1.002988365,0.844416242,1.19164411,0,1.02210328,3.44,1,2.55,0,0,0,0,5,1,-0.340236,0.437448,2,3,0,0,0,,,,
118,11,13,1.407426103,1.000302845,0.865206357,1.217714011,0,1.03916249,2.55,0,3.44,1,0,0,5,0,1,0.436896,-0.350685,3,2,0,0,0,,,,
118,36,39,1.396149104,0.992287921,0.836300547,1.167600259,0,1.0729934,2.55,0,3.44,1,0,0,5,0,1,0.42843,-0.340236,3,2,0,0,0,,,,
118,51,54,1.38851758,0.986863952,0.832449685,1.155871023,0,1.10397551,2.55,0,3.44,1,0,0,5,0,1,0.443014,-0.364085,3,2,0,0,0,,,,
118,15,10,1.385804745,0.984935853,0.833719766,1.155372808,0,1.1197314,3.44,1,2.55,0,0,0,0,5,1,-0.368929,0.423753,2,3,0,0,0,,,,
119,11,0,1.797878344,0.982447183,0.943956709,1.697157806,0,0.92063793,2.55,0,2.58,3,1,0,6,0,7,-0.103761,0.312254,3,3,0,0,1,,,,
119,0,1,1.79724526,0.982101235,0.937552071,1.685057411,0,0.92055811,2.58,3,2.55,0,0,1,0,6,7,0.312254,-0.101161,3,3,0,0,1,,,,
120,29,30,1.488187306,0.973944572,0.908084786,1.351400252,5,1.02607174,2.55,0,3.04,2,0,0,5,5,2,0.147466,-0.311555,4,3,15,0.33333333,1,,,,
120,29,13,1.530086293,1.001365375,0.963970373,1.474957854,6,0.93212444,2.55,0,2.55,0,1,1,5,6,0,0.147466,0.028428,4,3,15,0.33333333,0,,,,
120,34,33,1.527873081,0.999916938,0.677860156,1.035684285,0,1.07768028,2.55,0,2.55,0,0,0,0,0,0,0.219576,0.185399,2,2,0,0,0,,,,
120,52,50,1.450891006,0.9849905,0.900723507,1.306851636,0,0.99166603,3.04,2,2.55,0,0,0,0,0,2,-0.19994,0.126728,2,1,0,0,0,,,,
120,33,30,1.449589066,0.948683943,0.807160155,1.170050535,0,0.94709453,2.55,0,3.04,2,0,1,0,5,2,0.185399,-0.311555,2,3,0,0,0,,,,
120,43,42,1.444313674,0.945231462,0.885084298,1.278339354,0,1.00505075,2.55,0,3.04,2,0,0,0,0,2,0.112075,-0.199171,1,2,0,0,0,,,,
120,37,34,1.430144106,0.991778159,0.677603416,0.969070532,0,0.91175236,3.44,1,2.55,0,0,0,0,0,1,-0.34605,0.219576,2,2,0,0,0,,,,
120,9,48,1.380591093,0.903528202,0.961511107,1.32745367,0,0.99366806,2.55,0,3.44,1,1,0,6,0,1,0.241289,-0.297375,3,2,0,0,0,,,,
120,48,49,1.373229053,0.952308636,0.728910089,1.000960512,0,1.04525452,3.44,1,2.55,0,0,0,0,0,1,-0.297375,0.234714,2,3,0,0,0,,,,
120,42,40,1.363555742,0.925699757,0.722395383,0.985026373,0,1.19797057,3.04,2,2.55,0,0,0,0,0,2,-0.199171,0.227927,2,3,0,0,0,,,,
120,49,52,1.360910711,0.890648371,0.998084884,1.358304409,0,1.20358467,2.55,0,3.04,2,0,0,0,0,2,0.234714,-0.19994,3,2,0,0,0,,,,
120,40,37,1.357646129,0.888511865,0.692238177,0.939814482,0,1.12353155,2.55,0,3.44,1,0,0,0,0,1,0.227927,-0.34605,3,2,0,0,0,,,,
602,3,17,1.547675335,1.012876528,0.904113225,1.399273739,0,1.02649064,2.55,0,2.55,0,0,0,6,0,0,0.093672,0.280604,3,2,0,0,0,,,,
602,22,29,1.514465202,0.991142148,0.872658858,1.321611473,0,1.02497364,2.55,0,2.55,0,0,0,0,0,0,0.142877,-0.016921,3,1,0,0,0,,,,
602,25,15,1.51252093,0.989869719,0.877003211,1.326485712,0,1.03966016,2.55,0,2.55,0,0,0,0,0,0,-0.009167,0.126119,1,3,0,0,0,,,,
602,14,6,1.431134282,1.017153008,0.99575082,1.425053135,0,0.93980498,3.44,1,2.55,0,0,0,0,6,1,-0.309248,0.171824,2,3,0,0,0,,,,
602,17,20,1.416172128,1.006518925,0.854643342,1.21032208,0,0.99319936,2.55,0,3.44,1,0,0,0,0,1,0.280604,-0.299701,2,2,0,0,0,,,,
602,15,14,1.368512856,0.972645953,0.983602673,1.346072903,0,1.05976777,2.55,0,3.44,1,0,0,0,0,1,0.126119,-0.309248,3,2,0,0,0,,,,
602,20,22,1.365492284,0.970499136,0.997387073,1.361924353,0,1.06814902,3.44,1,2.55,0,0,0,0,0,1,-0.299701,0.142877,2,3,0,0,0,,,,
603,2,16,1.538745841,1.007032618,0.920352354,1.416188357,0,1.0205147,2.55,0,2.55,0,0,0,6,0,0,0.126793,0.283029,3,2,0,0,0,,,,
603,23,22,1.497525971,0.980056264,0.841795148,1.260610096,0,1.05235785,2.55,0,2.55,0,0,0,0,0,0,0.056111,0.149658,1,3,0,0,0,,,,
603,27,28,1.497248701,0.979874804,0.839272277,1.256599326,0,1.0440054,2.55,0,2.55,0,0,0,0,0,0,0.133145,0.040785,3,1,0,0,0,,,,
603,11,4,1.441657763,1.024632383,0.940728225,1.356208148,0,0.89716874,3.44,1,2.55,0,0,0,0,6,1,-0.285297,0.077911,2,3,0,0,0,,,,
603,16,19,1.43557305,1.020307782,0.693630852,0.995757758,0,0.88776187,2.55,0,3.44,1,0,0,0,0,1,0.283029,-0.357917,2,2,0,0,0,,,,
603,19,27,1.366432616,0.97116746,0.671586916,0.917678266,0,1.09488604,3.44,1,2.55,0,0,0,0,0,1,-0.357917,0.133145,2,3,0,0,0,,,,
603,22,11,1.356783683,0.964309654,0.683583653,0.927475146,0,1.17793775,2.55,0,3.44,1,0,0,0,0,1,0.149658,-0.285297,3,2,0,0,0,,,,
604,2,1,1.543653517,1.010244449,0.827717177,1.277708531,0,1.06800209,2.55,0,2.55,0,0,0,0,0,0,0.034345,-0.093096,1,3,0,0,0,,,,
604,0,13,1.543155377,1.00991844,0.850549789,1.312530481,0,1.09930843,2.55,0,2.55,0,0,0,0,0,0,0.033301,0.088208,2,2,0,0,0,,,,
604,1,0,1.537020488,1.005903461,0.709819751,1.0910075,0,1.0447577,2.55,0,2.55,0,0,0,0,0,0,-0.093096,0.033301,3,2,0,0,0,,,,
606,1,6,1.532500201,1.002945157,0.702940113,1.077255864,0,1.08295357,2.55,0,2.55,0,0,0,0,0,0,-0.005788,0.004242,2,2,0,0,0,,,,
606,16,18,1.532500132,1.002945113,0.702940063,1.077255739,0,1.08295347,2.55,0,2.55,0,0,0,0,0,0,0.00424,-0.005787,2,2,0,0,0,,,,
606,12,16,1.532103806,1.002685737,0.704113738,1.078775337,0,1.08162977,2.55,0,2.55,0,0,0,0,0,0,0.022563,0.00424,2,2,0,0,0,,,,
606,6,10,1.532103752,1.002685701,0.704113568,1.078775039,0,1.08162994,2.55,0,2.55,0,0,0,0,0,0,0.004242,0.022564,2,2,0,0,0,,,,
606,10,12,1.53210119,1.002684025,0.70418623,1.07888456,0,1.08220863,2.55,0,2.55,0,0,0,0,0,0,0.022564,0.022563,2,2,0,0,0,,,,
606,18,22,1.530063869,1.001350699,0.836781853,1.280329679,0,1.10520767,2.55,0,2.55,0,0,0,0,0,0,-0.005787,0.020212,2,1,0,0,0,,,,
606,0,1,1.530063802,1.001350655,0.836781818,1.280329569,0,1.10520852,2.55,0,2.55,0,0,0,0,0,0,0.020213,-0.005788,1,2,0,0,0,,,,
607,4,5,1.519791251,0.994627782,0.667271603,1.014113544,0,1.05530406,2.55,0,2.55,0,0,0,0,0,0,0.216374,0.216365,2,2,0,0,0,,,,
607,1,2,1.519335669,0.994329626,0.664646614,1.009821308,0,1.06499616,2.55,0,2.55,0,0,0,0,0,0,0.179411,0.196076,2,2,0,0,0,,,,
607,7,8,1.519334393,0.994328791,0.664648047,1.009822637,0,1.06499881,2.55,0,2.55,0,0,0,0,0,0,0.196074,0.179404,2,2,0,0,0,,,,
607,8,9,1.411447969,1.003161314,0.789898478,1.114900603,0,1.06998734,2.55,0,3.44,1,0,0,0,0,1,0.179404,-0.312751,2,1,0,0,0,,,,
607,0,1,1.4114471,1.003160696,0.789894479,1.114894271,0,1.06998522,3.44,1,2.55,0,0,0,0,0,1,-0.312755,0.179411,1,2,0,0,0,,,,
607,6,7,1.405525321,0.998951899,0.671388184,0.943653093,0,0.99299631,3.44,1,2.55,0,0,0,0,0,1,-0.402484,0.196074,2,2,0,0,0,,,,
607,2,3,1.405524481,0.998951301,0.671388451,0.943652904,0,0.99299429,2.55,0,3.44,1,0,0,0,0,1,0.196076,-0.402484,2,2,0,0,0,,,,
607,3,4,1.404882733,0.99849519,0.670061474,0.941357795,0,0.99290696,3.44,1,2.55,0,0,0,0,0,1,-0.402484,0.216374,2,2,0,0,0,,,,
607,5,6,1.404881072,0.99849401,0.670062206,0.94135771,0,0.9929059,2.55,0,3.44,1,0,0,0,0,1,0.216365,-0.402484,2,2,0,0,0,,,,
608,12,13,1.524061575,0.997422497,0.678690034,1.034365403,0,1.04763326,2.55,0,2.55,0,0,0,0,0,0,0.181213,0.197713,2,2,0,0,0,,,,
608,3,9,1.496748115,0.979547196,0.96232965,1.44036509,0,0.93411406,2.55,0,2.55,0,1,0,6,0,0,-0.028051,0.230284,3,3,0,0,0,,,,
608,6,0,1.494205507,0.977883185,0.963055603,1.439002986,0,0.92705463,2.55,0,2.55,0,0,1,0,6,0,0.169824,-0.030189,3,3,0,0,0,,,,
608,10,12,1.431684601,1.017544137,0.68721222,0.983871152,0,0.88776903,3.44,1,2.55,0,0,0,0,0,1,-0.316955,0.181213,2,2,0,0,0,,,,
608,13,14,1.408727057,1.001227475,0.809837329,1.140839757,0,1.03004445,2.55,0,3.44,1,0,0,0,0,1,0.197713,-0.315591,2,1,0,0,0,,,,
608,7,6,1.349159025,0.958890565,0.814946757,1.099492772,0,1.26184568,3.44,1,2.55,0,0,0,0,0,1,-0.172806,0.169824,1,3,0,0,0,,,,
608,9,10,1.347324704,0.957586854,0.694769382,0.936079952,0,1.19473602,2.55,0,3.44,1,0,0,0,0,1,0.230284,-0.316955,3,2,0,0,0,,,,
609,1,5,1.550642079,1.014818114,0.727917162,1.128738981,0,1.02690103,2.55,0,2.55,0,0,0,0,0,0,-0.088972,0.077337,3,2,0,0,0,,,,
609,13,21,1.544717384,1.010940696,0.85144832,1.315247021,0,1.06727017,2.55,0,2.55,0,0,0,0,0,0,0.032831,0.015995,2,2,0,0,0,,,,
609,9,13,1.544543552,1.010826932,0.697378502,1.077131468,0,1.06549183,2.55,0,2.55,0,0,0,0,0,0,-0.098732,0.032831,3,2,0,0,0,,,,
609,5,9,1.544311703,1.010675199,0.698073534,1.078043128,0,1.06156778,2.55,0,2.55,0,0,0,0,0,0,0.077337,-0.098732,2,3,0,0,0,,,,
609,0,1,1.536230546,1.005386483,0.822590558,1.263688742,0,1.08063986,2.55,0,2.55,0,0,0,0,0,0,0.030528,-0.088972,1,3,0,0,0,,,,
610,1,0,1.506891235,0.986185364,0.959877314,1.446430712,0,0.9242735,2.55,0,2.55,0,1,0,6,0,0,-0.012695,0.150729,3,3,0,0,0,,,,
610,0,10,1.506654784,0.986030618,0.95986196,1.446180614,0,0.92429726,2.55,0,2.55,0,0,1,0,6,0,0.150729,-0.014658,3,3,0,0,0,,,,
611,6,11,1.807849023,0.987895641,0.94262356,1.704121082,0,0.80642464,2.58,3,2.55,0,0,1,0,6,7,0.803547,-0.063022,4,3,0,0,1,,,,
611,5,6,1.807330255,0.987612161,0.942076542,1.702643437,0,0.80652722,2.55,0,2.58,3,1,0,6,0,7,-0.063252,0.803547,3,4,0,0,1,,,,
612,1,5,1.544311921,1.010675341,0.693355377,1.070756974,0,1.04795143,2.55,0,2.55,0,0,0,0,0,0,-0.002075,0.042563,3,2,0,0,0,,,,
612,0,1,1.539496622,1.007523967,0.822466225,1.266183976,0,1.07254169,2.55,0,2.55,0,0,0,0,0,0,0.06547,-0.002075,1,3,0,0,0,,,,
612,5,8,1.539216265,1.007340488,0.840241176,1.293312886,0,1.08318848,2.55,0,2.55,0,0,0,0,0,0,0.042563,0.108995,2,2,0,0,0,,,,
614,12,16,1.537561371,1.006257442,0.724387153,1.113789704,0,1.01963322,2.55,0,2.55,0,0,0,0,0,0,-0.070004,0.126869,3,2,0,0,0,,,,
614,6,10,1.532760484,1.0031155,0.908281426,1.392177878,0,1.03453894,2.55,0,2.55,0,0,0,0,0,0,-0.051381,0.111457,3,2,0,0,0,,,,
614,10,12,1.531975359,1.002601675,0.706403021,1.082192021,0,1.02882453,2.55,0,2.55,0,0,0,0,0,0,0.111457,-0.070004,2,3,0,0,0,,,,
614,0,1,1.530275726,1.001489349,0.851907029,1.303652648,0,1.05511338,2.55,0,2.55,0,0,0,0,0,0,0.0495,0.044551,2,2,0,0,0,,,,
614,16,18,1.528564534,1.000369459,0.710871009,1.086612213,0,1.03600738,2.55,0,2.55,0,0,0,0,0,0,0.126869,-0.09948,2,3,0,0,0,,,,
614,1,6,1.527548457,0.999704488,0.716865316,1.095046507,0,1.04296783,2.55,0,2.55,0,0,0,0,0,0,0.044551,-0.051381,2,3,0,0,0,,,,
614,18,22,1.522615321,0.996475995,0.831647298,1.266278917,0,1.07202442,2.55,0,2.55,0,0,0,0,0,0,-0.09948,0.071111,3,1,0,0,0,,,,
616,36,34,1.550458288,1.014697833,0.724598216,1.12345931,5,1.02092415,2.55,0,2.55,0,0,0,5,5,0,0.126283,0.159878,3,3,8,0.375,0,,,,
616,34,21,1.540689784,1.008304833,0.636207072,0.980197737,5,1.03074329,2.55,0,2.55,0,0,0,5,5,0,0.159878,0.145209,3,3,8,0.375,0,,,,
616,21,29,1.52407667,0.997432376,0.760843444,1.159583743,5,1.00754357,2.55,0,2.55,0,0,0,5,5,0,0.145209,0.127015,3,3,8,0.375,0,,,,
616,13,25,1.526629458,0.999103049,0.677925093,1.034940418,0,1.06371696,2.55,0,2.55,0,0,0,0,0,0,0.213438,0.139188,2,2,0,0,0,,,,
616,6,7,1.525771918,0.998541831,0.688995814,1.051250464,0,1.06985792,2.55,0,2.55,0,0,0,0,0,0,0.170766,0.009006,2,2,0,0,0,,,,
616,7,8,1.51346794,0.99048949,0.697905407,1.056257458,0,0.98584578,2.55,0,2.55,0,0,0,0,0,0,0.009006,0.164927,2,3,0,0,0,,,,
616,0,3,1.497495095,0.980036057,0.893574667,1.338123681,0,1.06847631,2.55,0,2.55,0,0,0,0,0,0,0.067561,-0.115111,1,2,0,0,0,,,,
616,14,6,1.45218296,0.996693864,0.699915533,1.01640541,0,0.99506633,3.04,2,2.55,0,0,0,0,0,2,-0.172577,0.170766,2,2,0,0,0,,,,
616,25,37,1.448190017,0.993953341,0.835805973,1.210405867,0,0.98635722,2.55,0,3.04,2,0,0,0,0,2,0.139188,-0.187222,2,2,0,0,0,,,,
616,26,32,1.445640799,0.992203705,0.885729613,1.280446865,0,1.00049522,3.04,2,2.55,0,0,0,0,0,2,-0.192175,0.110726,2,1,0,0,0,,,,
616,39,36,1.43269377,1.018261386,0.915614641,1.311795392,0,0.91171678,3.44,1,2.55,0,0,0,0,5,1,-0.318311,0.126283,2,3,0,0,0,,,,
616,11,13,1.431492773,1.017407799,0.682356179,0.976787938,0,0.91153964,3.44,1,2.55,0,0,0,0,0,1,-0.319597,0.213438,2,2,0,0,0,,,,
616,29,23,1.431333281,1.017294443,0.679303827,0.972310176,0,0.89093868,2.55,0,3.44,1,0,0,5,0,1,0.127015,-0.339854,3,2,0,0,0,,,,
616,37,31,1.363260126,0.935662407,0.719912631,0.981428184,0,1.18937763,3.04,2,2.55,0,0,0,0,0,2,-0.187222,0.239507,2,3,0,0,0,,,,
616,23,30,1.362506025,0.968376705,0.692252743,0.943198533,0,1.10903175,3.44,1,2.55,0,0,0,0,0,1,-0.339854,0.236877,2,3,0,0,0,,,,
616,30,26,1.360169596,0.933541246,0.722072367,0.98214088,0,1.21278641,2.55,0,3.04,2,0,0,0,0,2,0.236877,-0.192175,3,2,0,0,0,,,,
616,31,39,1.354498843,0.962685745,0.705528188,0.955637115,0,1.14162188,2.55,0,3.44,1,0,0,0,0,1,0.239507,-0.318311,3,2,0,0,0,,,,
616,5,14,1.354377229,0.919468587,0.741990423,1.004934933,0,1.05286474,3.04,2,3.04,2,0,0,0,0,4,-0.05615,-0.172577,2,2,0,0,0,,,,
616,8,11,1.350035849,0.959513752,0.686353428,0.926601733,0,1.15681934,2.55,0,3.44,1,0,0,0,0,1,0.164927,-0.319597,3,2,0,0,0,,,,
616,3,5,1.278312033,0.87735898,0.745320256,0.952751852,0,1.89249363,2.55,0,3.04,2,0,0,0,0,2,-0.115111,-0.05615,2,2,0,0,0,,,,
617,36,34,1.550926542,1.015004282,0.723911796,1.122734018,5,1.02029873,2.55,0,2.55,0,0,0,5,5,0,0.12538,0.1599,3,3,8,0.375,0,,,,
617,34,21,1.540725369,1.008328121,0.635519112,0.979160418,5,1.03137935,2.55,0,2.55,0,0,0,5,5,0,0.1599,0.14401,3,3,8,0.375,0,,,,
617,21,29,1.523778176,0.997237026,0.76093516,1.15949639,5,1.00715675,2.55,0,2.55,0,0,0,5,5,0,0.14401,0.126949,3,3,8,0.375,0,,,,
617,13,25,1.526581557,0.999071699,0.67806659,1.035123951,0,1.06402503,2.55,0,2.55,0,0,0,0,0,0,0.212981,0.137985,2,2,0,0,0,,,,
617,6,7,1.519758009,0.994606027,0.671726636,1.020861935,0,1.06452215,2.55,0,2.55,0,0,0,0,0,0,0.258375,0.011782,2,2,0,0,0,,,,
617,7,8,1.512040981,0.989555616,0.696092244,1.05252,0,0.98317917,2.55,0,2.55,0,0,0,0,0,0,0.011782,0.155448,2,3,0,0,0,,,,
617,0,3,1.494998129,0.978401917,0.889656498,1.3300348,0,1.06300523,2.55,0,2.55,0,0,0,0,0,0,0.057337,-0.072245,1,2,0,0,0,,,,
617,25,37,1.4483337,0.994051956,0.835091971,1.209491844,0,0.9867435,2.55,0,3.04,2,0,0,0,0,2,0.137985,-0.187111,2,2,0,0,0,,,,
617,26,32,1.445767256,0.992290498,0.885628068,1.280412061,0,1.00019407,3.04,2,2.55,0,0,0,0,0,2,-0.192116,0.110825,2,1,0,0,0,,,,
617,39,36,1.432666072,1.0182417,0.916370767,1.312853307,0,0.91175303,3.44,1,2.55,0,0,0,0,5,1,-0.318478,0.12538,2,3,0,0,0,,,,
617,11,13,1.43175912,1.017597101,0.682734278,0.97751103,0,0.91121257,3.44,1,2.55,0,0,0,0,0,1,-0.317169,0.212981,2,2,0,0,0,,,,
617,29,23,1.431283776,1.017259258,0.679068518,0.971939753,0,0.89143271,2.55,0,3.44,1,0,0,5,0,1,0.126949,-0.33976,3,2,0,0,0,,,,
617,14,6,1.419988736,1.009231511,0.646268804,0.917694422,0,0.95079423,3.44,1,2.55,0,0,0,0,0,1,-0.33817,0.258375,2,2,0,0,0,,,,
617,5,14,1.385510635,0.968211485,0.683840668,0.947468518,0,0.92999182,3.04,2,3.44,1,0,0,0,0,5,0.011555,-0.33817,2,2,0,0,0,,,,
617,37,31,1.363250847,0.935656038,0.720131656,0.98172009,0,1.18974472,3.04,2,2.55,0,0,0,0,0,2,-0.187111,0.240421,2,3,0,0,0,,,,
617,23,30,1.362582775,0.968431255,0.692310718,0.943330659,0,1.1085381,3.44,1,2.55,0,0,0,0,0,1,-0.33976,0.237032,2,3,0,0,0,,,,
617,30,26,1.359961669,0.933398537,0.721896563,0.981751655,0,1.21348531,2.55,0,3.04,2,0,0,0,0,2,0.237032,-0.192116,3,2,0,0,0,,,,
617,31,39,1.35470443,0.962831862,0.705448954,0.955674822,0,1.14113668,2.55,0,3.44,1,0,0,0,0,1,0.240421,-0.318478,3,2,0,0,0,,,,
617,8,11,1.348678432,0.958548992,0.686705724,0.926145199,0,1.16102018,2.55,0,3.44,1,0,0,0,0,1,0.155448,-0.317169,3,2,0,0,0,,,,
617,3,5,1.275133039,0.875177103,0.704677183,0.898557158,0,1.92784332,2.55,0,3.04,2,0,0,0,0,2,-0.072245,0.011555,2,2,0,0,0,,,,
618,3,6,1.833992568,1.002181731,0.636455855,1.167255309,0,1.00276672,2.55,0,2.58,3,0,0,0,0,7,-0.088545,-0.11683,2,2,0,0,1,,,,
618,6,8,1.830957178,1.000523048,0.632068958,1.157291195,0,1.0044408,2.58,3,2.55,0,0,0,0,0,7,-0.11683,-0.063091,2,2,0,0,0,,,,
619,6,8,2.098079232,0.999085349,0.65178404,1.367494559,0,1.10204665,2.58,3,2.58,3,0,0,0,0,6,-0.076009,-0.082327,2,2,0,0,1,,,,
619,8,9,1.881062572,1.027903045,0.666605817,1.253927252,0,0.95620655,2.58,3,2.55,0,0,0,0,0,7,-0.082327,-0.051519,2,2,0,0,0,,,,
619,3,6,1.85813816,1.015376044,0.662471122,1.230962872,0,0.95511284,2.55,0,2.58,3,0,0,0,0,7,-0.081162,-0.076009,2,2,0,0,0,,,,
620,30,28,1.550205198,1.014532198,0.725389413,1.124502439,5,1.02043394,2.55,0,2.55,0,0,0,5,5,0,0.125704,0.157939,3,3,8,0.375,0,,,,
620,28,39,1.540060191,1.007892795,0.634983606,0.977912973,5,1.02904868,2.55,0,2.55,0,0,0,5,5,0,0.157939,0.144633,3,3,8,0.375,0,,,,
620,39,35,1.523849617,0.997283781,0.761422874,1.160293955,5,1.0077513,2.55,0,2.55,0,0,0,5,5,0,0.144633,0.12633,3,3,8,0.375,0,,,,
620,13,36,1.533004782,1.003275381,0.695216885,1.06577081,0,1.09035009,2.55,0,2.55,0,0,0,0,0,0,0.212674,0.126668,2,2,0,0,0,,,,
620,6,7,1.529393547,1.000912007,0.691100549,1.05696472,0,1.06870887,2.55,0,2.55,0,0,0,0,0,0,0.14141,0.028334,2,2,0,0,0,,,,
620,7,8,1.512341008,0.989751968,0.698291054,1.056054196,0,0.97771056,2.55,0,2.55,0,0,0,0,0,0,0.028334,0.160152,2,3,0,0,0,,,,
620,0,3,1.49907112,0.981067487,0.898666345,1.347164764,0,1.04990826,2.55,0,2.55,0,0,0,0,0,0,0.074498,-0.086265,1,2,0,0,0,,,,
620,5,6,1.447632781,0.993570886,0.751463449,1.087843123,0,1.01275973,3.04,2,2.55,0,0,0,0,0,2,-0.176064,0.14141,2,2,0,0,0,,,,
620,36,27,1.446762252,0.992973405,0.800828449,1.158608371,0,0.98560176,2.55,0,3.04,2,0,0,0,0,2,0.126668,-0.18889,2,2,0,0,0,,,,
620,31,21,1.445594487,0.99217192,0.885627495,1.280258224,0,1.00092706,3.04,2,2.55,0,0,0,0,0,2,-0.192073,0.110776,2,1,0,0,0,,,,
620,26,30,1.432677052,1.018249504,0.915823557,1.312079395,0,0.91350199,3.44,1,2.55,0,0,0,0,5,1,-0.320673,0.125704,2,3,0,0,0,,,,
620,11,13,1.431713534,1.017564701,0.811762163,1.162210875,0,0.92096118,3.44,1,2.55,0,0,0,0,0,1,-0.31525,0.212674,2,2,0,0,0,,,,
620,35,37,1.431288169,1.01726238,0.678978275,0.971813572,0,0.89111196,2.55,0,3.44,1,0,0,5,0,1,0.12633,-0.338772,3,2,0,0,0,,,,
620,27,34,1.364159077,0.936279394,0.722455991,0.985544897,0,1.18845989,3.04,2,2.55,0,0,0,0,0,2,-0.18889,0.235853,2,3,0,0,0,,,,
620,37,29,1.362149731,0.968123476,0.692740838,0.943616746,0,1.10966118,3.44,1,2.55,0,0,0,0,0,1,-0.338772,0.236724,2,3,0,0,0,,,,
620,29,31,1.360223022,0.933577915,0.721820258,0.981836533,0,1.21316016,2.55,0,3.04,2,0,0,0,0,2,0.236724,-0.192073,3,2,0,0,0,,,,
620,34,26,1.356108188,0.963829558,0.70337074,0.953846821,0,1.1344599,2.55,0,3.44,1,0,0,0,0,1,0.235853,-0.320673,3,2,0,0,0,,,,
620,8,11,1.353743743,0.962149071,0.690882794,0.93527826,0,1.15462791,2.55,0,3.44,1,0,0,0,0,1,0.160152,-0.31525,3,2,0,0,0,,,,
620,3,5,1.267984821,0.870270982,0.740600072,0.939069649,0,1.98294238,2.55,0,3.04,2,0,0,0,0,2,-0.086265,-0.176064,2,2,0,0,0,,,,
622,19,22,2.090537584,0.995494087,0.728486886,1.522907786,0,1.08525703,2.58,3,2.58,3,0,0,0,0,6,-0.070269,-0.098152,2,2,0,0,1,,,,
622,22,23,1.851779392,1.011901307,0.627615713,1.162207315,0,0.95016088,2.58,3,2.55,0,0,0,0,0,7,-0.098152,-0.091319,2,2,0,0,0,,,,
622,17,19,1.839046474,1.004943428,0.847689947,1.55895723,0,0.99838395,2.55,0,2.58,3,0,0,0,0,7,-0.018322,-0.070269,2,2,0,0,0,,,,
623,25,26,1.575139394,1.030850389,0.999294808,1.574051204,5,1.0318136,2.55,0,2.55,0,0,0,5,5,0,0.063637,0.062425,3,3,5,0.2,1,,,,
623,36,25,1.522971816,0.996709303,0.733582132,1.117212621,0,0.93521205,2.55,0,2.55,0,0,0,0,5,0,0.195913,0.063637,3,3,0,0,0,,,,
623,26,43,1.519217374,0.994252208,0.767978096,1.166751658,0,0.91667214,2.55,0,2.55,0,0,0,5,0,0,0.062425,0.207814,3,3,0,0,0,,,,
623,39,38,1.431119006,1.017142151,0.861433586,1.232824868,0,0.90782213,2.55,0,3.44,1,0,0,0,0,1,0.195638,-0.290317,1,2,0,0,0,,,,
623,45,46,1.429231516,1.015800651,0.859887585,1.228961788,0,0.91764145,3.44,1,2.55,0,0,0,0,0,1,-0.290971,0.19351,2,1,0,0,0,,,,
623,43,45,1.339798348,0.952237631,0.683399019,0.915596995,0,1.22555205,2.55,0,3.44,1,0,0,0,0,1,0.207814,-0.290971,3,2,0,0,0,,,,
623,38,36,1.338204292,0.951104685,0.693028526,0.927402833,0,1.22725264,3.44,1,2.55,0,0,0,0,0,1,-0.290317,0.195913,2,3,0,0,0,,,,
624,23,24,1.564381778,1.023810064,0.989040491,1.547209827,5,1.02678547,2.55,0,2.55,0,0,0,5,5,0,0.039896,0.095334,3,3,5,0.2,1,,,,
624,24,41,1.520079742,0.994816585,0.898891817,1.366405134,0,0.92188841,2.55,0,2.55,0,0,0,5,0,0,0.095334,0.217851,3,3,0,0,0,,,,
624,34,23,1.517102411,0.99286807,0.710316484,1.077630988,0,0.93070021,2.55,0,2.55,0,0,0,0,5,0,0.216427,0.039896,3,3,0,0,0,,,,
624,37,36,1.430816532,1.016927173,0.860505896,1.231216226,0,0.91292021,2.55,0,3.44,1,0,0,0,0,1,0.190541,-0.303058,1,2,0,0,0,,,,
624,43,44,1.428088786,1.014988476,0.859011337,1.226737607,0,0.92177044,3.44,1,2.55,0,0,0,0,0,1,-0.322129,0.19609,2,1,0,0,0,,,,
624,41,43,1.345657128,0.956401655,0.677455084,0.911603632,0,1.17582571,2.55,0,3.44,1,0,0,0,0,1,0.217851,-0.322129,3,2,0,0,0,,,,
624,36,34,1.343679365,0.954995995,0.683087922,0.917851662,0,1.20885051,3.44,1,2.55,0,0,0,0,0,1,-0.303058,0.216427,2,3,0,0,0,,,,
625,23,24,1.564895823,1.024146481,0.989335304,1.548203702,5,1.02603541,2.55,0,2.55,0,0,0,5,5,0,0.040152,0.097657,3,3,5,0.2,1,,,,
625,24,41,1.519384519,0.994361596,0.899952402,1.367377171,0,0.92217949,2.55,0,2.55,0,0,0,5,0,0,0.097657,0.214456,3,3,0,0,0,,,,
625,34,23,1.516242186,0.992305095,0.711165294,1.078294045,0,0.93178999,2.55,0,2.55,0,0,0,0,5,0,0.216998,0.040152,3,3,0,0,0,,,,
625,37,36,1.429892225,1.016270238,0.859672236,1.229237072,0,0.91589088,2.55,0,3.44,1,0,0,0,0,1,0.192009,-0.303434,1,2,0,0,0,,,,
625,43,44,1.427478438,1.014554682,0.858575065,1.225587903,0,0.92386656,3.44,1,2.55,0,0,0,0,0,1,-0.323463,0.196909,2,1,0,0,0,,,,
625,41,43,1.347132336,0.957450132,0.677279813,0.91237654,0,1.17072426,2.55,0,3.44,1,0,0,0,0,1,0.214456,-0.323463,3,2,0,0,0,,,,
625,36,34,1.344904041,0.955866412,0.682914503,0.918452624,0,1.20583904,3.44,1,2.55,0,0,0,0,0,1,-0.303434,0.216998,2,3,0,0,0,,,,
626,5,8,1.565173678,1.024328323,0.625635815,0.979223658,5,0.80472281,2.55,0,2.55,0,0,0,5,5,0,-0.016322,0.10963,4,3,5,0.4,1,,,,
626,8,2,1.564800459,1.02408407,0.625044043,0.978048072,5,0.80383574,2.55,0,2.55,0,0,0,5,5,0,0.10963,-0.014829,3,4,5,0.4,1,,,,
626,38,37,1.51726823,0.99297659,0.823471734,1.249425873,0,1.10526153,2.55,0,2.55,0,0,0,0,0,0,0.019612,0.151293,1,2,0,0,0,,,,
626,45,46,1.517147876,0.992897825,0.823487897,1.249351467,0,1.10508363,2.55,0,2.55,0,0,0,0,0,0,0.151238,0.019442,2,1,0,0,0,,,,
626,6,5,1.510836799,0.988767538,0.971635401,1.467998279,0,0.93956243,2.55,0,2.55,0,0,0,6,5,0,0.088024,-0.016322,3,4,0,0,0,,,,
626,2,7,1.510699862,0.98867792,0.972045848,1.468451537,0,0.94046373,2.55,0,2.55,0,0,0,5,6,0,-0.014829,0.089254,4,3,0,0,0,,,,
626,37,36,1.418896638,1.008455322,0.699504047,0.992525549,0,0.94986382,2.55,0,3.44,1,0,0,0,0,1,0.151293,-0.314222,2,2,0,0,0,,,,
626,44,45,1.418794007,1.008382379,0.699452645,0.992382783,0,0.94994338,3.44,1,2.55,0,0,0,0,0,1,-0.314238,0.151238,2,2,0,0,0,,,,
626,21,44,1.356576239,0.964162217,0.958888848,1.300807885,0,1.13067973,2.55,0,3.44,1,0,0,6,0,1,0.235067,-0.314238,3,2,0,0,0,,,,
626,36,29,1.356466687,0.964084355,0.958862555,1.30067212,0,1.13087861,3.44,1,2.55,0,0,0,0,6,1,-0.314222,0.235174,2,3,0,0,0,,,,
627,0,1,1.594726225,1.043668995,0.997986274,1.591471807,5,0.98174285,2.55,0,2.55,0,0,0,5,5,0,0.001542,-0.012451,3,3,5,0.2,1,,,,
627,1,6,1.53612247,1.005315753,0.710129799,1.090843932,0,1.08849995,2.55,0,2.55,0,0,0,5,0,0,-0.012451,0.091954,3,2,0,0,0,,,,
627,8,0,1.533814556,1.003805337,0.705390852,1.081953028,0,1.09133329,2.55,0,2.55,0,0,0,0,5,0,0.074488,0.001542,2,3,0,0,0,,,,
627,10,8,1.526555554,0.999054682,0.71483423,1.091231408,0,0.95325513,2.55,0,2.55,0,0,0,0,0,0,0.00196,0.074488,3,2,0,0,0,,,,
627,6,20,1.526233567,0.998843958,0.711644451,1.086122589,0,0.95628453,2.55,0,2.55,0,0,0,0,0,0,0.091954,-0.001401,2,3,0,0,0,,,,
627,23,24,1.525111851,0.99810985,0.838716962,1.279131945,0,1.10761834,2.55,0,2.55,0,0,0,0,0,0,-0.007072,0.04275,2,1,0,0,0,,,,
627,14,13,1.524716502,0.997851114,0.839115772,1.279408725,0,1.10756089,2.55,0,2.55,0,0,0,0,0,0,0.040278,-0.007283,1,2,0,0,0,,,,
627,20,23,1.522780552,0.996584131,0.71451634,1.088022188,0,0.9817159,2.55,0,2.55,0,0,0,0,0,0,-0.001401,-0.007072,3,2,0,0,0,,,,
627,13,10,1.522021529,0.996087388,0.715051115,1.088298308,0,0.98213623,2.55,0,2.55,0,0,0,0,0,0,-0.007283,0.00196,2,3,0,0,0,,,,
628,25,26,1.591772421,1.041735878,0.999622677,1.591181153,5,0.97266943,2.55,0,2.55,0,0,0,5,5,0,0.077502,0.060096,3,3,5,0.2,1,,,,
628,39,38,1.460044395,0.955526437,0.999976892,1.459999517,0,1.13054086,2.55,0,2.55,0,0,0,0,0,0,0.073174,-0.311815,1,2,0,0,0,,,,
628,45,46,1.459599945,0.955235566,0.999980092,1.459568986,0,1.13245061,2.55,0,2.55,0,0,0,0,0,0,-0.308841,0.073389,2,1,0,0,0,,,,
628,26,43,1.458327053,0.954402522,0.918034523,1.33879836,0,0.94886817,2.55,0,2.55,0,0,0,5,0,0,0.060096,0.09421,3,2,0,0,0,,,,
628,36,25,1.457970232,0.954169,0.91915955,1.340101673,0,0.94492209,2.55,0,2.55,0,0,0,0,5,0,0.0932,0.077502,2,3,0,0,0,,,,
628,38,36,1.213756407,0.794343198,0.999825953,1.21354507,0,2.4612055,2.55,0,2.55,0,0,0,0,0,0,-0.311815,0.0932,2,2,0,0,0,,,,
628,43,45,1.213271679,0.794025968,0.999861363,1.213100655,0,2.48419981,2.55,0,2.55,0,0,0,0,0,0,0.09421,-0.308841,2,2,0,0,0,,,,
630,25,26,1.582511442,1.035675027,0.999806582,1.582227051,5,1.00523459,2.55,0,2.55,0,0,0,5,5,0,-0.017928,0.016513,3,3,5,0.2,1,,,,
630,49,48,1.535901875,1.005171384,0.698326646,1.072605045,0,0.85539575,2.55,0,2.55,0,0,0,0,0,0,-0.359909,0.282634,3,3,0,0,0,,,,
630,60,61,1.535784232,1.005094393,0.696981922,1.070482493,0,0.86025281,2.55,0,2.55,0,0,0,0,0,0,0.285967,-0.355178,3,3,0,0,0,,,,
630,36,25,1.53069732,1.001765262,0.702256809,1.074938845,0,1.10311995,2.55,0,2.55,0,0,0,0,5,0,0.320692,-0.017928,2,3,0,0,0,,,,
630,26,38,1.524083676,0.997436961,0.686857131,1.046823679,0,1.08579098,2.55,0,2.55,0,0,0,5,0,0,0.016513,0.290015,3,2,0,0,0,,,,
630,50,49,1.522525113,0.996416959,0.819446625,1.24758855,0,1.03859638,2.55,0,2.55,0,0,0,0,0,0,0.12758,-0.359909,1,3,0,0,0,,,,
630,61,62,1.522245303,0.996233837,0.819496085,1.24748721,0,1.04150755,2.55,0,2.55,0,0,0,0,0,0,-0.355178,0.131526,3,1,0,0,0,,,,
630,42,36,1.440720592,1.023966306,0.783758312,1.129186985,0,0.90042394,3.44,1,2.55,0,0,0,0,0,1,-0.310604,0.320692,2,2,0,0,0,,,,
630,38,45,1.439871621,1.023362915,0.695396761,1.001352396,0,0.89040381,2.55,0,3.44,1,0,0,0,0,1,0.290015,-0.317381,2,2,0,0,0,,,,
630,48,42,1.345436075,0.956244545,0.693908242,0.933618958,0,1.18684482,2.55,0,3.44,1,0,0,0,0,1,0.282634,-0.310604,3,2,0,0,0,,,,
630,45,60,1.344174331,0.955347784,0.690310117,0.927884415,0,1.16679193,3.44,1,2.55,0,0,0,0,0,1,-0.317381,0.285967,2,3,0,0,0,,,,
631,25,26,1.587411308,1.038881746,0.999198239,1.586151173,5,0.99403297,2.55,0,2.55,0,0,0,5,5,0,0.006301,0.016768,3,3,5,0.2,1,,,,
631,60,61,1.535230725,1.00473215,0.696759294,1.069687769,0,0.86138538,2.55,0,2.55,0,0,0,0,0,0,0.285567,-0.355166,3,3,0,0,0,,,,
631,49,48,1.534687635,1.004376725,0.6987062,1.072293317,0,0.86206911,2.55,0,2.55,0,0,0,0,0,0,-0.358522,0.288465,3,3,0,0,0,,,,
631,36,25,1.528539758,1.000353245,0.68924468,1.053535118,0,1.07154886,2.55,0,2.55,0,0,0,0,5,0,0.317479,0.006301,2,3,0,0,0,,,,
631,26,38,1.526805315,0.999218138,0.686871719,1.048715633,0,1.08336061,2.55,0,2.55,0,0,0,5,0,0,0.016768,0.302308,3,2,0,0,0,,,,
631,50,49,1.522108087,0.996144036,0.819619875,1.247549192,0,1.03995304,2.55,0,2.55,0,0,0,0,0,0,0.130323,-0.358522,1,3,0,0,0,,,,
631,61,62,1.522077769,0.996124194,0.819825674,1.247843857,0,1.04162492,2.55,0,2.55,0,0,0,0,0,0,-0.355166,0.13187,3,1,0,0,0,,,,
631,42,36,1.437715728,1.021830653,0.687584825,0.988551235,0,0.90434843,3.44,1,2.55,0,0,0,0,0,1,-0.313998,0.317479,2,2,0,0,0,,,,
631,38,45,1.437238801,1.021491685,0.691154639,0.993360324,0,0.90157726,2.55,0,3.44,1,0,0,0,0,1,0.302308,-0.315087,2,2,0,0,0,,,,
631,48,42,1.345204907,0.956080246,0.687334,0.924606062,0,1.17338898,2.55,0,3.44,1,0,0,0,0,1,0.288465,-0.313998,3,2,0,0,0,,,,
631,45,60,1.344732219,0.955744292,0.689571957,0.927287397,0,1.16624733,3.44,1,2.55,0,0,0,0,0,1,-0.315087,0.285567,2,3,0,0,0,,,,
632,25,26,1.58485396,1.037208089,0.997044358,1.580124921,5,1.01083598,2.55,0,2.55,0,0,0,5,5,0,0.005361,0.008741,3,3,5,0.2,1,,,,
632,36,25,1.537659349,1.006321564,0.717580925,1.103388047,0,1.09016874,2.55,0,2.55,0,0,0,0,5,0,0.056108,0.005361,2,3,0,0,0,,,,
632,26,39,1.537185222,1.006011271,0.854031923,1.312781546,0,1.08586765,2.55,0,2.55,0,0,0,5,0,0,0.008741,0.058386,3,2,0,0,0,,,,
632,39,41,1.533442971,1.003562154,0.839427361,1.287228655,0,1.1087881,2.55,0,2.55,0,0,0,0,0,0,0.058386,0.016551,2,1,0,0,0,,,,
632,38,36,1.532092818,1.002678546,0.846052678,1.296264025,0,1.11510352,2.55,0,2.55,0,0,0,0,0,0,0.023669,0.056108,1,2,0,0,0,,,,
701,21,19,1.590465657,1.040880665,0.654402846,1.040834601,5,0.91851703,2.55,0,2.55,0,0,0,5,5,0,-0.275541,0.220309,4,4,19,0.36842105,0,,,,
701,15,21,1.522614362,0.996475368,0.721835982,1.099064321,5,0.92524838,2.55,0,2.55,0,1,0,5,5,0,0.035476,-0.275541,3,4,19,0.36842105,0,,,,
701,19,20,1.441549776,1.024555633,0.749697673,1.080717117,6,0.95091949,2.55,0,3.44,1,0,0,5,6,1,0.220309,-0.288364,4,2,19,0.36842105,1,,,,
701,20,1,1.343844067,0.955113054,0.754433905,1.013915765,6,1.17429809,3.44,1,2.55,0,0,1,6,6,1,-0.288364,0.197855,2,3,19,0.36842105,0,,,,
701,36,35,1.509420514,0.98784065,0.837803861,1.264599679,0,1.03551024,2.55,0,2.55,0,0,0,0,0,0,0.040553,0.140914,1,3,0,0,0,,,,
701,42,43,1.503855798,0.984198821,0.837670645,1.25973763,0,1.0497097,2.55,0,2.55,0,0,0,0,0,0,0.159733,0.045984,3,1,0,0,0,,,,
701,34,12,1.392946878,0.990011996,0.763512398,1.063532305,0,0.96402789,3.44,1,2.55,0,0,1,0,6,1,-0.282747,0.219405,2,3,0,0,0,,,,
701,0,41,1.381228368,0.981683275,0.886020256,1.223795928,0,0.98307942,2.55,0,3.44,1,1,0,6,0,1,0.16837,-0.280471,3,2,0,0,0,,,,
701,41,42,1.373939322,0.976502717,0.698117073,0.959184767,0,1.06164704,3.44,1,2.55,0,0,0,0,0,1,-0.280471,0.159733,2,3,0,0,0,,,,
701,35,34,1.361393582,0.967586057,0.716855875,0.975919544,0,1.08870499,2.55,0,3.44,1,0,0,0,0,1,0.140914,-0.282747,3,2,0,0,0,,,,
702,19,20,1.470982751,1.045474592,0.757432067,1.114152981,6,0.91186037,2.55,0,3.44,1,0,0,5,6,1,0.222138,-0.307874,4,2,15,0.26666667,1,,,,
702,22,19,1.449494126,0.994848405,0.872364661,1.264513047,5,1.02294617,3.04,2,2.55,0,0,0,5,5,2,-0.29114,0.222138,3,4,15,0.26666667,0,,,,
702,20,1,1.346249792,0.95682288,0.753293416,1.014123665,6,1.17852877,3.44,1,2.55,0,0,1,6,6,1,-0.307874,0.156661,2,3,15,0.26666667,0,,,,
702,37,34,1.533216027,1.00341363,0.694251138,1.064424495,0,1.10000497,2.55,0,2.55,0,0,0,0,0,0,0.229575,0.139479,2,2,0,0,0,,,,
702,49,50,1.527153047,0.999445711,0.849512031,1.29732922,0,1.13905272,2.55,0,2.55,0,0,0,0,0,0,0.067038,0.013477,2,1,0,0,0,,,,
702,0,49,1.514205517,0.990972197,0.740168682,1.120772469,0,1.02169095,2.55,0,2.55,0,1,0,6,0,0,-0.067172,0.067038,3,2,0,0,0,,,,
702,44,43,1.508372914,0.987155048,0.844128794,1.273254073,0,1.03995261,2.55,0,2.55,0,0,0,0,0,0,0.052485,0.119833,1,3,0,0,0,,,,
702,34,22,1.449788523,0.995050462,0.762770152,1.105872323,0,0.96483652,2.55,0,3.04,2,0,0,0,5,2,0.139479,-0.29114,2,3,0,0,0,,,,
702,40,37,1.432914586,1.018418327,0.825707416,1.183162984,0,0.91887186,3.44,1,2.55,0,0,0,0,0,1,-0.319822,0.229575,2,2,0,0,0,,,,
702,43,40,1.354040337,0.96235987,0.68884274,0.932734056,0,1.13787911,2.55,0,3.44,1,0,0,0,0,1,0.119833,-0.319822,3,2,0,0,0,,,,
703,21,19,1.590539355,1.040928897,0.655549807,1.042669249,5,0.91862978,2.55,0,2.55,0,0,0,5,5,0,-0.272168,0.219003,4,4,19,0.36842105,0,,,,
703,15,21,1.52276481,0.996573828,0.721485423,1.098661799,5,0.92286195,2.55,0,2.55,0,1,0,5,5,0,0.028366,-0.272168,3,4,19,0.36842105,0,,,,
703,19,20,1.441926398,1.024823311,0.756381562,1.090630356,6,0.95305562,2.55,0,3.44,1,0,0,5,6,1,0.219003,-0.287525,4,2,19,0.36842105,1,,,,
703,20,1,1.344106081,0.955299276,0.755569027,1.015571498,6,1.17394799,3.44,1,2.55,0,0,1,6,6,1,-0.287525,0.200999,2,3,19,0.36842105,0,,,,
703,48,36,1.554835968,1.017562806,0.79965644,1.243336826,0,1.0156721,2.55,0,2.55,0,0,0,0,0,0,-0.012148,0.136011,3,2,0,0,0,,,,
703,40,72,1.552233594,1.015859682,0.694373927,1.077828329,0,1.02766829,2.55,0,2.55,0,0,0,0,0,0,-0.292089,0.116129,4,2,0,0,0,,,,
703,36,53,1.551894233,1.015637587,0.687793179,1.067384843,0,1.04064509,2.55,0,2.55,0,0,0,0,0,0,0.136011,-0.300699,2,4,0,0,0,,,,
703,72,73,1.547084865,1.012490095,0.710959462,1.099910583,0,1.03838216,2.55,0,2.55,0,0,0,0,0,0,0.116129,0.00221,2,3,0,0,0,,,,
703,73,76,1.543704247,1.010277649,0.816195371,1.259964724,0,1.07387857,2.55,0,2.55,0,0,0,0,0,0,0.00221,0.060321,3,1,0,0,0,,,,
703,49,48,1.542932678,1.009772695,0.827863821,1.277337426,0,1.07006631,2.55,0,2.55,0,0,0,0,0,0,0.066011,-0.012148,1,3,0,0,0,,,,
703,53,35,1.539216211,1.007340452,0.670005105,1.031285466,0,0.89990611,2.55,0,2.55,0,0,0,0,0,0,-0.300699,0.246096,4,3,0,0,0,,,,
703,39,40,1.535505648,1.004912073,0.667954626,1.025652256,0,0.90713253,2.55,0,2.55,0,0,0,0,0,0,0.277853,-0.292089,3,4,0,0,0,,,,
703,34,12,1.39528782,0.991675778,0.79810834,1.113588865,0,0.92176228,3.44,1,2.55,0,0,1,0,6,1,-0.2967,0.216307,2,3,0,0,0,,,,
703,0,38,1.380928196,0.981469933,0.882090204,1.218090121,0,0.98261217,2.55,0,3.44,1,1,0,6,0,1,0.168191,-0.283887,3,2,0,0,0,,,,
703,38,39,1.374327526,0.976778625,0.702026566,0.964815338,0,1.07602546,3.44,1,2.55,0,0,0,0,0,1,-0.283887,0.277853,2,3,0,0,0,,,,
703,35,34,1.366846524,0.971461638,0.703134291,0.961068823,0,1.10529164,2.55,0,3.44,1,0,0,0,0,1,0.246096,-0.2967,3,2,0,0,0,,,,
704,21,19,1.592605497,1.042281085,0.658331271,1.048454493,5,0.91600206,2.55,0,2.55,0,0,0,5,5,0,-0.282747,0.227211,4,4,19,0.36842105,0,,,,
704,15,21,1.522905647,0.996665999,0.72139641,1.098619858,5,0.92428904,2.55,0,2.55,0,1,0,5,5,0,0.030525,-0.282747,3,4,19,0.36842105,0,,,,
704,19,20,1.443136577,1.025683424,0.753567449,1.087483128,6,0.9522745,2.55,0,3.44,1,0,0,5,6,1,0.227211,-0.287993,4,2,19,0.36842105,1,,,,
704,20,1,1.343767971,0.95505897,0.755505383,1.015227302,6,1.17405904,3.44,1,2.55,0,0,1,6,6,1,-0.287993,0.199644,2,3,19,0.36842105,0,,,,
704,40,72,1.551218657,1.015195456,0.694934967,1.077995645,0,1.02262818,2.55,0,2.55,0,0,0,0,0,0,-0.261674,0.074638,4,2,0,0,0,,,,
704,36,53,1.5506027,1.014792343,0.693670041,1.075612482,0,1.0365354,2.55,0,2.55,0,0,0,0,0,0,0.098528,-0.285985,2,4,0,0,0,,,,
704,53,35,1.539992251,1.007848332,0.669605418,1.03118462,0,0.89571193,2.55,0,2.55,0,0,0,0,0,0,-0.285985,0.248361,4,3,0,0,0,,,,
704,48,36,1.539678589,1.007643056,0.71444346,1.100011842,0,1.03047861,2.55,0,2.55,0,0,0,0,0,0,0.106936,0.098528,3,2,0,0,0,,,,
704,72,73,1.53646814,1.005541976,0.709666162,1.090375567,0,1.04191159,2.55,0,2.55,0,0,0,0,0,0,0.074638,0.128536,2,3,0,0,0,,,,
704,39,40,1.53439577,1.004185714,0.668239668,1.025337858,0,0.91222377,2.55,0,2.55,0,0,0,0,0,0,0.276876,-0.261674,3,4,0,0,0,,,,
704,73,76,1.53060942,1.001707736,0.824118166,1.261407064,0,1.09089835,2.55,0,2.55,0,0,0,0,0,0,0.128536,0.038089,3,1,0,0,0,,,,
704,49,48,1.525036185,0.99806033,0.823744484,1.256243992,0,1.08481537,2.55,0,2.55,0,0,0,0,0,0,0.044571,0.106936,1,3,0,0,0,,,,
704,34,12,1.395388198,0.99174712,0.784102743,1.094130274,0,0.92754138,3.44,1,2.55,0,0,1,0,6,1,-0.296598,0.21912,2,3,0,0,0,,,,
704,0,38,1.380770681,0.981357982,0.881084099,1.216560355,0,0.98330163,2.55,0,3.44,1,1,0,6,0,1,0.168985,-0.284053,3,2,0,0,0,,,,
704,38,39,1.374462075,0.976874253,0.70194985,0.964790982,0,1.07517026,3.44,1,2.55,0,0,0,0,0,1,-0.284053,0.276876,2,3,0,0,0,,,,
704,35,34,1.365663339,0.97062071,0.706402781,0.964710814,0,1.10519206,2.55,0,3.44,1,0,0,0,0,1,0.248361,-0.296598,3,2,0,0,0,,,,
705,21,19,1.590526916,1.040920756,0.656358507,1.048724262,5,0.91876455,2.55,0,2.55,0,0,0,5,5,0,-0.271991,0.217396,4,4,19,0.36842105,0,,,,
705,15,21,1.522890895,0.996656345,0.71367546,1.082493793,5,0.92330549,2.55,0,2.55,0,1,0,5,5,0,0.029596,-0.271991,3,4,19,0.36842105,0,,,,
705,19,20,1.441598695,1.024590402,0.757292854,1.09244746,6,0.95377093,2.55,0,3.44,1,0,0,5,6,1,0.217396,-0.28736,4,2,19,0.36842105,1,,,,
705,20,1,1.344381193,0.955494807,0.74001384,1.012251205,6,1.17302529,3.44,1,2.55,0,0,1,6,6,1,-0.28736,0.200001,2,3,19,0.36842105,0,,,,
705,40,72,1.560407863,1.021209334,0.692459108,1.082115781,0,1.00745589,2.55,0,2.55,0,0,0,0,0,0,-0.290753,0.092579,4,2,0,0,0,,,,
705,36,53,1.55033382,1.014616374,0.701673749,1.095418137,0,1.02934446,2.55,0,2.55,0,0,0,0,0,0,0.115924,-0.294306,2,4,0,0,0,,,,
705,73,76,1.543737461,1.010299386,0.819208348,1.25301681,0,1.07064278,2.55,0,2.55,0,0,0,0,0,0,-0.058958,0.036858,3,1,0,0,0,,,,
705,49,48,1.543089719,1.00987547,0.824945546,1.2617949,0,1.0660575,2.55,0,2.55,0,0,0,0,0,0,0.040187,-0.038857,1,3,0,0,0,,,,
705,48,36,1.542545451,1.009519274,0.710499961,1.100813502,0,1.02925004,2.55,0,2.55,0,0,0,0,0,0,-0.038857,0.115924,3,2,0,0,0,,,,
705,53,35,1.539602021,1.007592946,0.679404946,1.051916513,0,0.89704611,2.55,0,2.55,0,0,0,0,0,0,-0.294306,0.249366,4,3,0,0,0,,,,
705,72,73,1.539442058,1.007488258,0.712153786,1.097363704,0,1.04453795,2.55,0,2.55,0,0,0,0,0,0,0.092579,-0.058958,2,3,0,0,0,,,,
705,39,40,1.533261085,1.003443119,0.675839501,1.048358639,0,0.91037742,2.55,0,2.55,0,0,0,0,0,0,0.267377,-0.290753,3,4,0,0,0,,,,
705,34,12,1.394718463,0.991271118,0.771621432,1.090415904,0,0.92710482,3.44,1,2.55,0,0,1,0,6,1,-0.293863,0.218838,2,3,0,0,0,,,,
705,0,38,1.38096667,0.981497278,0.73952869,1.046564479,0,0.98173845,2.55,0,3.44,1,1,0,6,0,1,0.171101,-0.282392,3,2,0,0,0,,,,
705,38,39,1.372198818,0.975265685,0.75300376,1.041479586,0,1.08139118,3.44,1,2.55,0,0,0,0,0,1,-0.282392,0.267377,2,3,0,0,0,,,,
705,35,34,1.364440484,0.969751588,0.732042727,1.023448859,0,1.10997324,2.55,0,3.44,1,0,0,0,0,1,0.249366,-0.293863,3,2,0,0,0,,,,
706,22,19,1.468600996,1.007962248,0.877582655,1.288827766,5,0.99483568,3.04,2,2.55,0,0,0,5,5,2,-0.278995,0.221079,3,4,15,0.26666667,0,,,,
706,19,20,1.441473369,1.024501329,0.751420458,1.083144235,6,0.9451682,2.55,0,3.44,1,0,0,5,6,1,0.221079,-0.303698,4,2,15,0.26666667,1,,,,
706,1,0,1.414192699,0.925518782,0.999361782,1.413297239,6,1.36618617,2.55,0,2.55,0,0,0,6,6,0,0.17889,-0.101483,3,3,15,0.26666667,0,,,,
706,20,1,1.354332744,0.962567693,0.758831594,1.027710145,6,1.14946639,3.44,1,2.55,0,0,0,6,6,1,-0.303698,0.17889,2,3,15,0.26666667,0,,,,
706,51,52,1.564772975,1.024066083,0.875957305,1.370705201,0,1.03482902,2.55,0,2.55,0,0,0,0,0,0,0.180941,-0.305918,2,4,0,0,0,,,,
706,35,31,1.550088946,1.014456116,0.695370223,1.077877614,0,1.04461382,2.55,0,2.55,0,0,0,0,0,0,-0.297796,0.089573,4,2,0,0,0,,,,
706,31,71,1.54161852,1.008912644,0.832093002,1.282778583,0,1.06659741,2.55,0,2.55,0,0,0,0,0,0,0.089573,0.060539,2,2,0,0,0,,,,
706,71,32,1.539955246,1.007824114,0.7131088,1.09815937,0,1.08305426,2.55,0,2.55,0,0,0,0,0,0,0.060539,0.162386,2,2,0,0,0,,,,
706,44,35,1.539302308,1.007396799,0.67493564,1.038934749,0,0.89785154,2.55,0,2.55,0,0,0,0,0,0,0.223385,-0.297796,3,4,0,0,0,,,,
706,52,61,1.537915152,1.006488974,0.743047826,1.142753037,0,0.89062201,2.55,0,2.55,0,0,0,0,0,0,-0.305918,0.211895,4,3,0,0,0,,,,
706,0,51,1.514986501,0.991483312,0.817686805,1.238798691,0,1.03137207,2.55,0,2.55,0,0,0,6,0,0,-0.101483,0.180941,3,2,0,0,0,,,,
706,32,22,1.456902266,0.999932921,0.756064882,1.101513411,0,0.9567758,2.55,0,3.04,2,0,0,0,5,2,0.162386,-0.278995,2,3,0,0,0,,,,
706,62,63,1.433443713,1.018794394,0.861407172,1.234783421,0,0.90895847,3.44,1,2.55,0,0,0,0,0,1,-0.297456,0.178493,2,1,0,0,0,,,,
706,46,45,1.42778159,1.014770142,0.859235186,1.226799509,0,0.92492366,2.55,0,3.44,1,0,0,0,0,1,0.194243,-0.31545,1,2,0,0,0,,,,
706,45,44,1.348895007,0.958702919,0.686315218,0.925770397,0,1.17784068,3.44,1,2.55,0,0,0,0,0,1,-0.31545,0.223385,2,3,0,0,0,,,,
706,61,62,1.341899503,0.95373099,0.694482634,0.931907891,0,1.2149646,2.55,0,3.44,1,0,0,0,0,1,0.211895,-0.297456,3,2,0,0,0,,,,
707,19,20,1.476067441,1.049088444,0.745945709,1.101064961,6,0.90061646,2.55,0,3.44,1,0,0,5,6,1,0.222797,-0.311479,4,2,15,0.26666667,1,,,,
707,22,19,1.44304946,0.990425161,0.870918735,1.25680652,5,1.03881242,3.04,2,2.55,0,0,0,5,5,2,-0.273926,0.222797,3,4,15,0.26666667,0,,,,
707,20,1,1.346270578,0.956837653,0.756065786,1.01786345,6,1.1580068,3.44,1,2.55,0,0,1,6,6,1,-0.311479,0.178092,2,3,15,0.26666667,0,,,,
707,40,41,1.555946204,1.0182894,0.894280053,1.391429311,0,1.0602695,2.55,0,2.55,0,0,0,0,0,0,0.171338,-0.042633,2,3,0,0,0,,,,
707,35,31,1.547019429,1.012447271,0.885575605,1.369968838,0,1.04474255,2.55,0,2.55,0,0,0,0,0,0,-0.000777,0.027286,3,2,0,0,0,,,,
707,36,35,1.539482538,1.00751475,0.832332213,1.281380639,0,1.06414079,2.55,0,2.55,0,0,0,0,0,0,0.041879,-0.000777,1,3,0,0,0,,,,
707,41,42,1.536990114,1.005883583,0.829713649,1.27526244,0,1.06390011,2.55,0,2.55,0,0,0,0,0,0,-0.042633,0.049414,3,1,0,0,0,,,,
707,49,32,1.5353032,1.004779581,0.701052173,1.076319376,0,1.0920018,2.55,0,2.55,0,0,0,0,0,0,0.028263,0.159889,2,2,0,0,0,,,,
707,31,49,1.532175615,1.002732733,0.701494934,1.074796213,0,1.08231122,2.55,0,2.55,0,0,0,0,0,0,0.027286,0.028263,2,2,0,0,0,,,,
707,0,40,1.512875845,0.990101993,0.812956504,1.229887776,0,1.04028135,2.55,0,2.55,0,1,0,6,0,0,-0.077196,0.171338,3,2,0,0,0,,,,
707,32,22,1.454581026,0.998339757,0.772632995,1.123871708,0,0.96589978,2.55,0,3.04,2,0,0,0,5,2,0.159889,-0.273926,2,3,0,0,0,,,,
708,19,20,1.476258019,1.049223894,0.809900558,1.195623738,6,0.89623772,2.55,0,3.44,1,0,0,5,6,1,0.234177,-0.298807,4,2,15,0.26666667,1,,,,
708,22,19,1.449370117,0.994763292,0.873784838,1.266437716,5,1.03870985,3.04,2,2.55,0,0,0,5,5,2,-0.270128,0.234177,3,4,15,0.26666667,0,,,,
708,1,0,1.419997011,0.929317416,0.998956138,1.418521912,6,1.34302461,2.55,0,2.55,0,0,0,6,6,0,0.197835,-0.065104,3,3,15,0.26666667,0,,,,
708,20,1,1.340760055,0.952921148,0.759263229,1.01799726,6,1.17655947,3.44,1,2.55,0,0,0,6,6,1,-0.298807,0.197835,2,3,15,0.26666667,0,,,,
708,43,44,1.548339536,1.013311215,0.892700831,1.382203117,0,1.07722297,2.55,0,2.55,0,0,0,0,0,0,0.177767,-0.121003,2,3,0,0,0,,,,
708,36,35,1.541865588,1.009074337,0.831774567,1.282494477,0,1.06943133,2.55,0,2.55,0,0,0,0,0,0,0.049426,-0.086267,1,3,0,0,0,,,,
708,44,45,1.540421198,1.008129056,0.846532085,1.304022632,0,1.06889277,2.55,0,2.55,0,0,0,0,0,0,-0.121003,0.036013,3,1,0,0,0,,,,
708,55,32,1.534119311,1.004004784,0.700042703,1.073963305,0,1.09825135,2.55,0,2.55,0,0,0,0,0,0,0.025926,0.165105,2,2,0,0,0,,,,
708,35,31,1.533970505,1.003907399,0.70000868,1.073790227,0,1.05276917,2.55,0,2.55,0,0,0,0,0,0,-0.086267,0.0502,3,2,0,0,0,,,,
708,31,55,1.531557442,1.002328169,0.699434298,1.071219965,0,1.07599954,2.55,0,2.55,0,0,0,0,0,0,0.0502,0.025926,2,2,0,0,0,,,,
708,0,43,1.517376464,0.993047424,0.802095503,1.217083716,0,1.04373812,2.55,0,2.55,0,0,0,6,0,0,-0.065104,0.177767,3,2,0,0,0,,,,
708,32,22,1.454308901,0.998152986,0.768841509,1.118121552,0,0.96572952,2.55,0,3.04,2,0,0,0,5,2,0.165105,-0.270128,2,3,0,0,0,,,,
710,20,19,1.576346197,1.031640181,0.867110511,1.366853918,6,1.01504842,2.55,0,2.55,0,1,0,5,6,0,-0.021837,0.219311,3,4,9,0.33333333,1,,,,
710,47,48,1.53538566,1.004833547,0.696248116,1.069038755,0,0.85938092,2.55,0,2.55,0,0,0,0,0,0,0.277493,-0.354045,3,3,0,0,0,,,,
710,33,32,1.532250737,1.002781896,0.698911381,1.070908735,0,1.10302292,2.55,0,2.55,0,0,0,0,0,0,-0.014959,0.194994,2,2,0,0,0,,,,
710,36,33,1.532021534,1.002631894,0.694244286,1.063598315,0,1.09325515,2.55,0,2.55,0,0,0,0,0,0,-0.029628,-0.014959,2,2,0,0,0,,,,
710,39,36,1.529689065,1.001105409,0.835038068,1.277350126,0,1.10862719,2.55,0,2.55,0,0,0,0,0,0,0.019354,-0.029628,1,2,0,0,0,,,,
710,50,51,1.52637461,0.998936263,0.670862573,1.023979203,0,1.09213922,2.55,0,2.55,0,0,0,0,0,0,0.202435,0.217194,2,2,0,0,0,,,,
710,48,56,1.522006984,0.996077869,0.820511684,1.248802721,0,1.0403671,2.55,0,2.55,0,0,0,0,0,0,-0.354045,0.131701,3,1,0,0,0,,,,
710,32,28,1.457892268,1.000612401,0.846163273,1.233611119,0,0.91717791,2.55,0,3.04,2,0,1,0,5,2,0.194994,-0.281893,2,3,0,0,0,,,,
710,51,49,1.435117007,1.019983658,0.825618921,1.184862034,0,0.89282659,2.55,0,3.44,1,0,0,0,0,1,0.217194,-0.30815,2,2,0,0,0,,,,
710,31,50,1.418688142,1.008307137,0.711496551,1.009411823,0,0.94817657,3.44,1,2.55,0,0,0,0,0,1,-0.377866,0.202435,2,2,0,0,0,,,,
710,19,31,1.403044958,0.997189025,0.690185644,0.968396616,0,1.07128302,2.55,0,3.44,1,0,0,6,0,1,0.219311,-0.377866,4,2,0,0,0,,,,
710,49,47,1.342278929,0.95400066,0.693746307,0.931171679,0,1.19417702,3.44,1,2.55,0,0,0,0,0,1,-0.30815,0.277493,2,3,0,0,0,,,,
711,20,19,1.583132694,1.036081606,0.866982418,1.372548211,6,1.0314397,2.55,0,2.55,0,0,0,5,6,0,-0.040893,0.061747,3,4,9,0.33333333,1,,,,
711,24,20,1.527076078,0.999395339,0.727192892,1.110478869,5,0.89825184,2.55,0,2.55,0,0,0,5,5,0,0.213469,-0.040893,3,3,9,0.33333333,0,,,,
711,28,24,1.388153566,0.952747815,0.708856271,0.98400136,5,1.09534522,3.04,2,2.55,0,0,0,5,5,2,-0.276614,0.213469,3,3,9,0.33333333,0,,,,
711,47,48,1.535550086,1.004941156,0.697410694,1.070909051,0,0.85511272,2.55,0,2.55,0,0,0,0,0,0,0.279754,-0.356415,3,3,0,0,0,,,,
711,33,32,1.532329981,1.002833757,0.698487308,1.070313043,0,1.1026308,2.55,0,2.55,0,0,0,0,0,0,-0.016164,0.194582,2,2,0,0,0,,,,
711,36,33,1.53185558,1.002523285,0.694375675,1.063683252,0,1.09329508,2.55,0,2.55,0,0,0,0,0,0,-0.02876,-0.016164,2,2,0,0,0,,,,
711,50,51,1.53083064,1.001852513,0.682852186,1.045331049,0,1.09081967,2.55,0,2.55,0,0,0,0,0,0,0.121248,0.231523,2,2,0,0,0,,,,
711,39,36,1.529665136,1.001089748,0.834671249,1.276767509,0,1.10828072,2.55,0,2.55,0,0,0,0,0,0,0.018262,-0.02876,1,2,0,0,0,,,,
711,48,56,1.522009051,0.996079222,0.820364134,1.248601637,0,1.04063648,2.55,0,2.55,0,0,0,0,0,0,-0.356415,0.130904,3,1,0,0,0,,,,
711,32,28,1.458587052,1.00108926,0.839752653,1.224852346,0,0.91374196,2.55,0,3.04,2,0,0,0,5,2,0.194582,-0.276614,2,3,0,0,0,,,,
711,31,50,1.453561759,0.997640192,0.725745958,1.054916572,0,0.9870036,3.04,2,2.55,0,0,0,0,0,2,-0.260111,0.121248,2,2,0,0,0,,,,
711,19,31,1.449043616,0.994539201,0.701644025,1.016712795,0,1.1165458,2.55,0,3.04,2,0,0,6,0,2,0.061747,-0.260111,4,2,0,0,0,,,,
711,51,49,1.438137466,1.022130395,0.822446339,1.182790895,0,0.89736597,2.55,0,3.44,1,0,0,0,0,1,0.231523,-0.30286,2,2,0,0,0,,,,
711,49,47,1.340017345,0.95239328,0.691438993,0.926540244,0,1.20470805,3.44,1,2.55,0,0,0,0,0,1,-0.30286,0.279754,2,3,0,0,0,,,,
713,20,19,1.578063362,1.032763981,0.872702018,1.37717908,6,1.01503135,2.55,0,2.55,0,1,0,5,6,0,-0.018912,0.216112,3,4,9,0.33333333,1,,,,
713,33,32,1.532349375,1.00284645,0.699070016,1.071219502,0,1.10288236,2.55,0,2.55,0,0,0,0,0,0,-0.015536,0.196332,2,2,0,0,0,,,,
713,36,33,1.531807732,1.002491971,0.694468858,1.063792766,0,1.09363881,2.55,0,2.55,0,0,0,0,0,0,-0.028829,-0.015536,2,2,0,0,0,,,,
713,39,36,1.529801613,1.001179066,0.834903276,1.277236378,0,1.10813562,2.55,0,2.55,0,0,0,0,0,0,0.019271,-0.028829,1,2,0,0,0,,,,
713,47,48,1.528000152,1.000000099,0.685107833,1.046844873,0,1.0615948,2.55,0,2.55,0,0,0,0,0,0,0.181899,0.198794,2,2,0,0,0,,,,
713,32,28,1.457569822,1.000391092,0.836814956,1.219716226,0,0.91836541,2.55,0,3.04,2,0,1,0,5,2,0.196332,-0.28264,2,3,0,0,0,,,,
713,31,47,1.420772573,1.009788609,0.720592145,1.023797556,0,0.93123336,3.44,1,2.55,0,0,0,0,0,1,-0.372508,0.181899,2,2,0,0,0,,,,
713,48,46,1.410999614,1.002842654,0.811449422,1.144954821,0,1.02616187,2.55,0,3.44,1,0,0,0,0,1,0.198794,-0.317657,2,1,0,0,0,,,,
713,19,31,1.401236538,0.995903723,0.690804939,0.967981121,0,1.08443577,2.55,0,3.44,1,0,0,6,0,1,0.216112,-0.372508,4,2,0,0,0,,,,
714,20,19,1.582475656,1.035651607,0.868432401,1.374273133,6,1.02778959,2.55,0,2.55,0,0,0,5,6,0,-0.030762,0.053979,3,4,9,0.33333333,1,,,,
714,24,20,1.52589864,0.998624764,0.726939598,1.109236144,5,0.89737566,2.55,0,2.55,0,0,0,5,5,0,0.212678,-0.030762,3,3,9,0.33333333,0,,,,
714,28,24,1.389288071,0.953526473,0.708692449,0.984577965,5,1.09168506,3.04,2,2.55,0,0,0,5,5,2,-0.276733,0.212678,3,3,9,0.33333333,0,,,,
714,33,32,1.532147538,1.002714357,0.698664504,1.0704571,0,1.10252353,2.55,0,2.55,0,0,0,0,0,0,-0.015177,0.194566,2,2,0,0,0,,,,
714,36,33,1.531852744,1.002521429,0.694230374,1.063458704,0,1.09321668,2.55,0,2.55,0,0,0,0,0,0,-0.029352,-0.015177,2,2,0,0,0,,,,
714,47,48,1.529796513,1.001175729,0.697617712,1.067213144,0,1.06677641,2.55,0,2.55,0,0,0,0,0,0,0.115114,0.168398,2,2,0,0,0,,,,
714,39,36,1.529698856,1.001111817,0.83481068,1.277008942,0,1.10819419,2.55,0,2.55,0,0,0,0,0,0,0.019192,-0.029352,1,2,0,0,0,,,,
714,31,47,1.459682157,1.001840876,0.728132886,1.062842582,0,1.01061716,3.04,2,2.55,0,0,0,0,0,2,-0.242055,0.115114,2,2,0,0,0,,,,
714,32,28,1.458457363,1.001000249,0.835565798,1.21863709,0,0.91415691,2.55,0,3.04,2,0,0,0,5,2,0.194566,-0.276733,2,3,0,0,0,,,,
714,19,31,1.447303644,0.993344985,0.700453543,1.013768964,0,1.11947001,2.55,0,3.04,2,0,0,6,0,2,0.053979,-0.242055,4,2,0,0,0,,,,
714,48,46,1.408959584,1.001392739,0.815823995,1.149463036,0,1.04537606,2.55,0,3.44,1,0,0,0,0,1,0.168398,-0.310246,2,1,0,0,0,,,,
715,5,7,1.52339059,0.99698337,0.924310113,1.408085328,0,0.90948483,2.55,0,2.55,0,0,0,0,5,0,0.207635,-0.067413,3,3,0,0,0,,,,
715,24,25,1.522393298,0.996330692,0.964213847,1.467912698,0,1.02525948,2.55,0,2.55,0,0,1,0,6,0,0.308818,-0.053965,2,3,0,0,0,,,,
715,31,37,1.493525476,0.977438139,0.962443266,1.437433536,0,0.93812474,2.55,0,2.55,0,1,0,6,0,0,-0.035215,0.21678,3,3,0,0,0,,,,
715,22,24,1.442949595,0.99035662,0.89752717,1.295086466,0,0.99365288,3.04,2,2.55,0,1,0,5,0,2,-0.28449,0.308818,3,2,0,0,0,,,,
715,0,1,1.429673587,1.016114845,0.859317118,1.228542987,0,0.91830995,2.55,0,3.44,1,0,0,0,0,1,0.192723,-0.306141,1,2,0,0,0,,,,
715,39,40,1.426786369,1.014062806,0.857844749,1.223961194,0,0.92214486,3.44,1,2.55,0,0,0,0,0,1,-0.310772,0.195628,2,1,0,0,0,,,,
715,37,39,1.348250941,0.958245161,0.692258792,0.933338568,0,1.20558003,2.55,0,3.44,1,0,0,0,0,1,0.21678,-0.310772,3,2,0,0,0,,,,
715,1,5,1.34522619,0.956095373,0.687452601,0.924779243,0,1.19426952,3.44,1,2.55,0,0,0,0,0,1,-0.306141,0.207635,2,3,0,0,0,,,,
716,7,14,1.552737063,1.016189177,0.675260814,1.048502493,5,1.01618387,2.55,0,2.55,0,0,0,5,5,0,-0.078838,0.148903,3,3,9,0.33333333,0,,,,
716,14,13,1.552044103,1.015735669,0.690452593,1.071612875,5,0.99045855,2.55,0,2.55,0,0,1,5,5,0,0.148903,0.139144,3,3,9,0.33333333,0,,,,
716,13,25,1.455789827,0.952742033,0.87845759,1.278849623,5,0.93919992,2.55,0,3.04,2,0,0,5,5,2,0.139144,-0.288506,3,3,9,0.33333333,1,,,,
716,22,26,1.523348809,0.996956027,0.962025989,1.465501145,0,1.01100118,2.55,0,2.55,0,0,1,0,6,0,0.292508,-0.058044,2,3,0,0,0,,,,
716,5,7,1.522489413,0.996393595,0.710732547,1.082082778,0,0.91171296,2.55,0,2.55,0,0,0,0,5,0,0.201867,-0.078838,3,3,0,0,0,,,,
716,31,38,1.492715717,0.976908192,0.962372268,1.436548211,0,0.93991993,2.55,0,2.55,0,1,0,6,0,0,-0.033981,0.216711,3,3,0,0,0,,,,
716,25,22,1.441884866,0.989625852,0.867662177,1.251068962,0,0.98586506,3.04,2,2.55,0,1,0,5,0,2,-0.288506,0.292508,3,2,0,0,0,,,,
716,0,1,1.430133823,1.01644195,0.859682696,1.229461301,0,0.91654205,2.55,0,3.44,1,0,0,0,0,1,0.191856,-0.301684,1,2,0,0,0,,,,
716,32,37,1.425758925,1.013332569,0.857740992,1.222931874,0,0.92482875,3.44,1,2.55,0,0,0,0,0,1,-0.311783,0.196525,2,1,0,0,0,,,,
716,38,32,1.349503804,0.95913561,0.692450236,0.934464227,0,1.20154162,2.55,0,3.44,1,0,0,0,0,1,0.216711,-0.311783,3,2,0,0,0,,,,
716,1,5,1.343532996,0.954891966,0.689333969,0.926142932,0,1.20294099,3.44,1,2.55,0,0,0,0,0,1,-0.301684,0.201867,2,3,0,0,0,,,,
717,37,42,1.549706298,1.014205692,0.687362996,1.065210765,0,1.04081256,2.55,0,2.55,0,0,0,0,0,0,-0.281304,0.059577,4,2,0,0,0,,,,
717,16,15,1.549362625,1.013980776,0.687814454,1.065674007,0,1.04130544,2.55,0,2.55,0,0,0,0,0,0,0.06083,-0.277574,2,4,0,0,0,,,,
717,15,13,1.539189446,1.007322936,0.676501313,1.041263682,0,0.9050855,2.55,0,2.55,0,0,0,0,0,0,-0.277574,0.229665,4,3,0,0,0,,,,
717,40,37,1.536893291,1.005820216,0.675784401,1.038608512,0,0.90805393,2.55,0,2.55,0,0,0,0,0,0,0.232708,-0.281304,3,4,0,0,0,,,,
717,17,16,1.530736423,1.001790853,0.847550866,1.297376981,0,1.10964122,2.55,0,2.55,0,0,0,0,0,0,0.022657,0.06083,1,2,0,0,0,,,,
717,42,41,1.530513044,1.001644662,0.847217391,1.296677268,0,1.11026596,2.55,0,2.55,0,0,0,0,0,0,0.059577,0.02177,2,1,0,0,0,,,,
717,43,38,1.526365056,0.99893001,0.671986357,1.025696494,0,1.06953365,2.55,0,2.55,0,0,0,0,0,0,0.165903,0.22127,2,2,0,0,0,,,,
717,7,6,1.525478408,0.998349743,0.674939775,1.029606053,0,1.07066015,2.55,0,2.55,0,0,0,0,0,0,0.208845,0.166677,2,2,0,0,0,,,,
717,6,0,1.498885307,0.980945881,0.811957481,1.217031138,0,1.04415725,2.55,0,2.55,0,0,1,0,5,0,0.166677,-0.090551,2,3,0,0,0,,,,
717,4,43,1.45261234,0.996988566,0.84059713,1.221061765,0,0.93292239,3.04,2,2.55,0,1,0,5,0,2,-0.169442,0.165903,3,2,0,0,0,,,,
717,10,7,1.434415387,1.019484994,0.686163346,0.984243261,0,0.90712898,3.44,1,2.55,0,0,0,0,0,1,-0.322645,0.208845,2,2,0,0,0,,,,
717,38,44,1.427895996,1.014851454,0.678256208,0.968479323,0,0.92067734,2.55,0,3.44,1,0,0,0,0,1,0.22127,-0.328799,2,2,0,0,0,,,,
717,44,40,1.356804288,0.964324299,0.68924362,0.935168698,0,1.13354074,3.44,1,2.55,0,0,0,0,0,1,-0.328799,0.232708,2,3,0,0,0,,,,
717,13,10,1.350612785,0.959923799,0.689451169,0.931181564,0,1.1563247,2.55,0,3.44,1,0,0,0,0,1,0.229665,-0.322645,3,2,0,0,0,,,,
718,40,41,1.555746313,1.018158582,0.684413098,1.064773154,0,1.02582844,2.55,0,2.55,0,0,0,0,0,0,-0.292676,0.027731,4,2,0,0,0,,,,
718,16,11,1.549514234,1.014079996,0.687234278,1.064879295,0,1.04177369,2.55,0,2.55,0,0,0,0,0,0,0.060359,-0.27962,2,4,0,0,0,,,,
718,11,14,1.537688108,1.006340385,0.675583471,1.038836669,0,0.90708539,2.55,0,2.55,0,0,0,0,0,0,-0.27962,0.233516,4,3,0,0,0,,,,
718,43,40,1.537602903,1.006284622,0.70197352,1.079356522,0,0.90406271,2.55,0,2.55,0,0,0,0,0,0,0.23354,-0.292676,3,4,0,0,0,,,,
718,15,16,1.530719522,1.001779792,0.847467345,1.297234808,0,1.10975607,2.55,0,2.55,0,0,0,0,0,0,0.021641,0.060359,1,2,0,0,0,,,,
718,41,42,1.529907752,1.001248529,0.847283547,1.296265667,0,1.11549641,2.55,0,2.55,0,0,0,0,0,0,0.027731,0.02413,2,1,0,0,0,,,,
718,34,38,1.529208198,1.000790705,0.679890268,1.039693771,0,1.07021033,2.55,0,2.55,0,0,0,0,0,0,0.122825,0.217938,2,2,0,0,0,,,,
718,12,17,1.523676075,0.997170206,0.666099814,1.01492035,0,1.07392327,2.55,0,2.55,0,0,0,0,0,0,0.222284,0.149562,2,2,0,0,0,,,,
718,1,34,1.49696246,0.979687474,0.861410072,1.28949854,0,1.04672987,2.55,0,2.55,0,1,0,5,0,0,0.00498,0.122825,3,2,0,0,0,,,,
718,17,4,1.456560667,0.999698468,0.757555068,1.103424916,0,0.92849591,2.55,0,3.04,2,0,1,0,5,2,0.149562,-0.198493,2,3,0,0,0,,,,
718,18,12,1.432020902,1.017783157,0.670506543,0.960179384,0,0.90687561,3.44,1,2.55,0,0,0,0,0,1,-0.33201,0.222284,2,2,0,0,0,,,,
718,38,37,1.431833618,1.017650049,0.683025869,0.977979401,0,0.9105551,2.55,0,3.44,1,0,0,0,0,1,0.217938,-0.308347,2,2,0,0,0,,,,
718,14,18,1.355850374,0.963646321,0.688308217,0.933242953,0,1.13552721,2.55,0,3.44,1,0,0,0,0,1,0.233516,-0.33201,3,2,0,0,0,,,,
718,37,43,1.351818878,0.960781008,0.695678436,0.940431243,0,1.17277185,3.44,1,2.55,0,0,0,0,0,1,-0.308347,0.23354,2,3,0,0,0,,,,
719,5,4,1.571971917,1.028777433,0.999999831,1.571971651,4,1.09021588,2.55,0,2.55,0,0,0,4,4,0,-0.04201,-0.042275,3,3,4,0.25,1,,,,
719,6,5,1.523409704,0.99699588,0.86121299,1.311980226,0,1.09398931,2.55,0,2.55,0,0,0,0,4,0,0.08635,-0.04201,1,3,0,0,0,,,,
719,4,8,1.523354308,0.996959626,0.861205909,1.311921731,0,1.09384344,2.55,0,2.55,0,0,0,4,0,0,-0.042275,0.086293,3,1,0,0,0,,,,
720,5,4,1.556588403,1.018709688,0.993839881,1.546999633,4,1.1360553,2.55,0,2.55,0,0,0,4,4,0,0.050215,0.123784,3,3,4,0.25,1,,,,
720,4,12,1.513286405,0.990370684,0.752111483,1.138160083,0,0.9035396,2.55,0,2.55,0,0,0,4,0,0,0.123784,0.185692,3,3,0,0,0,,,,
720,10,5,1.508654587,0.98733939,0.739497132,1.115645741,0,0.91449403,2.55,0,2.55,0,0,0,0,4,0,0.203117,0.050215,3,3,0,0,0,,,,
720,20,21,1.429574785,1.016044624,0.857284356,1.225552099,0,0.91803315,3.44,1,2.55,0,0,0,0,0,1,-0.304515,0.195652,2,1,0,0,0,,,,
720,16,14,1.427567916,1.014618277,0.857770879,1.224526186,0,0.92527324,2.55,0,3.44,1,0,0,0,0,1,0.193145,-0.304728,1,2,0,0,0,,,,
720,14,10,1.350097898,0.959557852,0.685457233,0.92543437,0,1.18586449,3.44,1,2.55,0,0,0,0,0,1,-0.304728,0.203117,2,3,0,0,0,,,,
720,12,20,1.347136268,0.957452927,0.692985779,0.933546276,0,1.18402877,2.55,0,3.44,1,0,0,0,0,1,0.185692,-0.304515,3,2,0,0,0,,,,
721,4,1,1.57882506,1.033262474,0.788904815,1.245542692,4,1.03938976,2.55,0,2.55,0,0,0,4,4,0,0.184292,-0.309973,3,4,4,0.25,1,,,,
721,9,4,1.508047684,0.986942202,0.800688102,1.207475838,0,0.90582349,2.55,0,2.55,0,0,0,0,4,0,0.185813,0.184292,3,3,0,0,0,,,,
721,1,8,1.506472973,0.985911632,0.705307723,1.062527023,0,0.87971109,2.55,0,2.55,0,0,0,4,0,0,-0.309973,0.247609,4,3,0,0,0,,,,
721,25,26,1.427742014,1.014742015,0.858367347,1.225527126,0,0.92313544,3.44,1,2.55,0,0,0,0,0,1,-0.3034,0.19602,2,1,0,0,0,,,,
721,12,11,1.427223617,1.014373573,0.85940659,1.226565383,0,0.92485422,2.55,0,3.44,1,0,0,0,0,1,0.192484,-0.307312,1,2,0,0,0,,,,
721,11,9,1.351674245,0.960678213,0.683960798,0.924492195,0,1.18557517,3.44,1,2.55,0,0,0,0,0,1,-0.307312,0.185813,2,3,0,0,0,,,,
721,8,25,1.34844984,0.958386525,0.688184989,0.927982939,0,1.21669505,2.55,0,3.44,1,0,0,0,0,1,0.247609,-0.3034,3,2,0,0,0,,,,
722,3,2,1.589441274,1.040210258,0.999146938,1.588085383,4,0.99786071,2.55,0,2.55,0,0,0,4,4,0,-0.210709,-0.255802,4,4,4,0.25,1,,,,
722,2,7,1.507828455,0.986798727,0.817026716,1.231936131,0,0.88675387,2.55,0,2.55,0,0,0,4,0,0,-0.255802,0.239514,4,3,0,0,0,,,,
722,6,3,1.506542008,0.985956812,0.739651171,1.11431556,0,0.8760026,2.55,0,2.55,0,0,0,0,4,0,0.234404,-0.210709,3,4,0,0,0,,,,
722,10,8,1.429185412,1.015767883,0.858154383,1.226461725,0,0.9205987,2.55,0,3.44,1,0,0,0,0,1,0.195104,-0.311523,1,2,0,0,0,,,,
722,14,15,1.427007295,1.014219826,0.858472805,1.225046955,0,0.92282275,3.44,1,2.55,0,0,0,0,0,1,-0.298172,0.197637,2,1,0,0,0,,,,
722,8,6,1.349545631,0.959165338,0.686834739,0.926914821,0,1.16888964,3.44,1,2.55,0,0,0,0,0,1,-0.311523,0.234404,2,3,0,0,0,,,,
722,7,14,1.34461868,0.955663596,0.689361818,0.926928778,0,1.22158329,2.55,0,3.44,1,0,0,0,0,1,0.239514,-0.298172,3,2,0,0,0,,,,
723,16,17,1.430164782,0.935971716,0.995799401,1.424157233,6,1.37158416,2.55,0,2.55,0,0,0,6,6,0,0.121563,0.05041,3,3,11,0.363636364,0,,,,
723,11,34,1.386197104,0.951405013,0.992846703,1.376281223,5,1.14210235,2.55,0,3.04,2,0,0,5,5,2,0.088651,-0.210513,3,3,11,0.363636364,0,,,,
723,27,26,1.521685208,0.995867282,0.87712013,1.334700727,0,1.0502219,2.55,0,2.55,0,0,0,0,0,0,0.056483,0.078123,1,3,0,0,0,,,,
723,17,11,1.481374622,0.969486009,0.805577632,1.193362259,7,0.99342225,2.55,0,2.55,0,0,0,6,5,0,0.05041,0.088651,3,3,11,0.363636364,0,,,,
723,34,35,1.456498249,0.999655628,0.917166768,1.335851791,0,0.95043748,3.04,2,2.55,0,0,0,5,0,2,-0.210513,0.144037,3,1,0,0,0,,,,
723,13,16,1.410123463,0.967826673,0.805904156,1.13642436,7,1.02434722,3.04,2,2.55,0,0,0,7,6,2,-0.266425,0.121563,3,3,11,0.363636364,0,,,,
723,26,13,1.402625411,0.962680447,0.986433498,1.38359669,0,1.0629652,2.55,0,3.04,2,0,0,0,7,2,0.078123,-0.266425,3,3,0,0,0,,,,
724,27,26,1.520811773,0.995295663,0.874415901,1.329821997,0,1.05040905,2.55,0,2.55,0,0,0,0,0,0,0.058177,0.074067,1,3,0,0,0,,,,
724,35,34,1.454733991,0.998444743,0.915029429,1.331124413,0,0.9537503,3.04,2,2.55,0,1,0,5,0,2,-0.206648,0.146075,3,1,0,0,0,,,,
724,26,13,1.391637244,0.955138808,0.843695101,1.174117525,0,1.09174808,2.55,0,3.04,2,0,0,0,7,2,0.074067,-0.276398,3,3,0,0,0,,,,
725,1,0,1.566864329,1.02543477,0.985584784,1.544277642,4,1.04871379,2.55,0,2.55,0,0,0,4,4,0,-0.053814,-0.06969,3,3,4,0.25,1,,,,
725,3,1,1.540035427,1.007876588,0.861864535,1.327301918,0,1.030131,2.55,0,2.55,0,0,0,0,4,0,0.179241,-0.053814,2,3,0,0,0,,,,
725,0,2,1.525321262,0.998246899,0.878877887,1.340571128,0,1.07718544,2.55,0,2.55,0,0,0,4,0,0,-0.06969,0.217511,3,2,0,0,0,,,,
725,2,4,1.51643366,0.992430406,0.957924879,1.452629531,0,1.01558135,2.55,0,2.55,0,0,1,0,6,0,0.217511,-0.085449,2,3,0,0,0,,,,
725,16,3,1.514039465,0.990863524,0.962190446,1.456794309,0,1.03194263,2.55,0,2.55,0,1,0,6,0,0,-0.072867,0.179241,3,2,0,0,0,,,,
725,9,62,1.505862452,0.985512076,0.999786577,1.505541067,0,1.06209048,2.55,0,2.55,0,1,0,6,0,0,-0.110605,0.085309,3,1,0,0,0,,,,
725,58,21,1.505567314,0.985318923,0.999809111,1.505279918,0,1.06324552,2.55,0,2.55,0,0,1,0,6,0,0.085484,-0.10938,1,3,0,0,0,,,,
726,11,15,1.574668315,1.030542091,0.922962716,1.453360145,5,1.02451128,2.55,0,2.55,0,0,0,5,5,0,-0.058494,-0.022232,3,3,9,0.44444444,1,,,,
726,1,11,1.54859553,1.01347875,0.755923915,1.170620395,5,1.04224645,2.55,0,2.55,0,0,0,5,5,0,0.238566,-0.058494,2,3,9,0.44444444,0,,,,
726,15,17,1.534198006,1.004056287,0.789700587,1.211557066,5,0.9500929,2.55,0,2.55,0,0,0,5,5,0,-0.022232,-0.062542,3,3,9,0.44444444,0,,,,
726,0,1,1.518876879,0.994029371,0.699943114,1.063127413,5,1.0240048,2.55,0,2.55,0,0,0,5,5,0,-0.187645,0.238566,3,2,9,0.44444444,0,,,,
726,3,2,1.537547272,1.006248215,0.842941515,1.296062427,0,1.09652993,2.55,0,2.55,0,0,0,0,0,0,-0.006516,0.097442,1,2,0,0,0,,,,
726,21,22,1.535171933,1.004693673,0.858767212,1.318355321,0,1.10777838,2.55,0,2.55,0,0,0,0,0,0,0.095986,-0.002694,2,1,0,0,0,,,,
726,17,21,1.5048291,0.984835798,0.916872977,1.379737137,0,1.09187255,2.55,0,2.55,0,0,0,5,0,0,-0.062542,0.095986,3,2,0,0,0,,,,
726,2,0,1.504577018,0.984670823,0.898048545,1.351183202,0,1.06784329,2.55,0,2.55,0,0,0,0,5,0,0.097442,-0.187645,2,3,0,0,0,,,,
727,11,15,1.580201312,1.034163162,0.863858683,1.365070625,5,0.99585751,2.55,0,2.55,0,1,0,5,5,0,-0.042356,-0.224114,3,4,8,0.375,1,,,,
727,3,2,1.536981094,1.005877679,0.844209919,1.297534685,0,1.0959293,2.55,0,2.55,0,0,0,0,0,0,-0.00766,0.098103,1,2,0,0,0,,,,
727,28,27,1.531502198,1.002292014,0.848682449,1.299759036,0,1.11105002,2.55,0,2.55,0,0,0,0,0,0,0.103989,0.007844,2,1,0,0,0,,,,
727,15,28,1.531273869,1.002142584,0.893882962,1.368779621,0,1.05882791,2.55,0,2.55,0,0,0,5,0,0,-0.224114,0.103989,4,2,0,0,0,,,,
727,2,0,1.50473063,0.984771355,0.90483808,1.361537574,0,1.06826421,2.55,0,2.55,0,0,1,0,5,0,0.098103,-0.181058,2,3,0,0,0,,,,
728,12,14,1.4376898,0.976028377,0.063559503,0.091378849,4,0.94515085,3.04,2,3.04,2,0,0,4,4,4,-0.170945,-0.161106,3,3,8,0.375,1,,,,
728,24,34,1.51465373,0.99126553,0.819333873,1.241007106,0,1.10592602,2.55,0,2.55,0,0,0,0,0,0,0.185795,-0.001361,2,1,0,0,0,,,,
728,23,24,1.436790462,0.996387283,0.685939659,0.985551559,0,0.89892913,3.44,1,2.55,0,0,0,0,0,1,-0.303977,0.185795,2,2,0,0,0,,,,
728,17,18,1.425637882,0.988653178,0.353115052,0.503414196,0,0.93058714,3.44,1,2.55,0,0,0,0,0,1,-0.30405,0.19787,2,1,0,0,0,,,,
728,14,22,1.387825307,0.94217604,0.739970869,1.026950298,0,1.07399006,3.04,2,2.55,0,0,0,4,0,2,-0.161106,0.275192,3,3,0,0,0,,,,
728,12,16,1.381933403,0.938176105,0.271601261,0.375334855,0,1.07754395,3.04,2,2.55,0,0,0,4,0,2,-0.170945,0.273004,3,3,0,0,0,,,,
728,16,17,1.342279924,0.878455447,0.536611582,0.720282953,0,1.16831408,2.55,0,3.44,1,0,0,0,0,1,0.273004,-0.30405,3,2,0,0,0,,,,
728,22,23,1.337845666,0.875553446,0.696485611,0.931790256,0,1.18966804,2.55,0,3.44,1,0,0,0,0,1,0.275192,-0.303977,3,2,0,0,0,,,,
729,3,5,1.557711483,1.019444688,0.694789988,1.082282343,6,1.04325955,2.55,0,2.55,0,0,0,6,5,0,0.020433,-0.073343,3,3,9,0.44444444,0,,,,
729,5,14,1.532649909,1.003043134,0.714926602,1.095732192,5,0.91223397,2.55,0,2.55,0,0,0,5,5,0,-0.073343,0.17199,3,3,9,0.44444444,0,,,,
729,2,3,1.532390212,1.002873175,0.732205141,1.122023992,6,1.00868329,2.55,0,2.55,0,0,0,6,6,0,-0.098301,0.020433,3,3,9,0.44444444,0,,,,
729,14,18,1.393587333,0.956477236,0.70790932,0.986533461,5,1.08086872,2.55,0,3.04,2,0,0,5,5,2,0.17199,-0.268355,3,3,9,0.44444444,0,,,,
729,19,20,1.532750702,1.003109098,0.697615983,1.069271388,0,1.10052264,2.55,0,2.55,0,0,0,0,0,0,0.169815,-0.023936,2,2,0,0,0,,,,
729,20,23,1.529211273,1.000792718,0.829229904,1.268067718,0,1.11522099,2.55,0,2.55,0,0,0,0,0,0,-0.023936,-0.004459,2,1,0,0,0,,,,
729,8,7,1.527596148,0.999735699,0.851472911,1.300706738,0,1.13634845,2.55,0,2.55,0,0,0,0,0,0,0.027844,0.059756,1,2,0,0,0,,,,
729,7,2,1.513151291,0.990282259,0.734768732,1.111816255,0,1.06813877,2.55,0,2.55,0,0,0,0,6,0,0.059756,-0.098301,2,3,0,0,0,,,,
729,18,19,1.458398283,1.0009597,0.83949846,1.224323112,0,0.91636662,3.04,2,2.55,0,0,0,5,0,2,-0.268355,0.169815,3,2,0,0,0,,,,
730,3,5,1.581721946,1.035158342,0.666886906,1.054829656,5,1.00784381,2.55,0,2.55,0,0,0,5,5,0,-0.058179,0.011875,3,3,14,0.42857143,0,,,,
730,2,3,1.527046695,0.999376109,0.785224796,1.19907493,5,0.96587615,2.55,0,2.55,0,0,0,5,5,0,-0.052591,-0.058179,3,3,14,0.42857143,0,,,,
730,5,21,1.523566569,0.99709854,0.759404212,1.15700287,6,0.94360435,2.55,0,2.55,0,0,0,5,6,0,0.011875,0.098854,3,3,14,0.42857143,0,,,,
730,21,24,1.495690944,0.97885533,0.750356287,1.122301104,6,0.95311791,2.55,0,2.55,0,0,1,6,6,0,0.098854,0.050419,3,3,14,0.42857143,0,,,,
730,13,12,1.528477711,1.000312638,0.847737619,1.295748055,0,1.12996685,2.55,0,2.55,0,0,0,0,0,0,0.004247,0.098335,1,2,0,0,0,,,,
730,32,33,1.527554196,0.999708243,0.851995405,1.301469156,0,1.14369958,2.55,0,2.55,0,0,0,0,0,0,0.038903,0.016218,2,1,0,0,0,,,,
730,27,32,1.517207194,0.992936645,0.997850625,1.513946148,0,1.01260491,2.55,0,2.55,0,1,0,6,0,0,0.01345,0.038903,3,2,0,0,0,,,,
730,12,2,1.499054294,0.981056475,0.746003768,1.118300152,0,1.07423954,2.55,0,2.55,0,0,0,0,5,0,0.098335,-0.052591,2,3,0,0,0,,,,
731,3,5,1.572593884,1.029184479,0.671366587,1.055786989,5,1.00558394,2.55,0,2.55,0,0,0,5,5,0,-0.048043,0.001012,3,3,14,0.35714286,0,,,,
731,2,3,1.528734306,1.000480567,0.785458203,1.200756901,5,0.96075307,2.55,0,2.55,0,0,0,5,5,0,-0.055682,-0.048043,3,3,14,0.35714286,0,,,,
731,5,21,1.527735988,0.999827218,0.736190348,1.124704489,6,0.93610819,2.55,0,2.55,0,0,0,5,6,0,0.001012,0.067522,3,3,14,0.35714286,0,,,,
731,21,24,1.498702652,0.980826343,0.765961277,1.147948197,6,0.94901918,2.55,0,2.55,0,0,0,6,6,0,0.067522,0.05776,3,3,14,0.35714286,0,,,,
731,24,28,1.42650202,0.933574621,0.999775639,1.426181969,6,1.36169499,2.55,0,2.55,0,0,0,6,6,0,0.05776,-0.088883,3,3,14,0.35714286,0,,,,
731,34,35,1.528879668,1.000575699,0.85172743,1.302188751,0,1.11876153,2.55,0,2.55,0,0,0,0,0,0,0.082332,0.019002,2,1,0,0,0,,,,
731,13,12,1.528315812,1.000206683,0.84798458,1.295988242,0,1.12941325,2.55,0,2.55,0,0,0,0,0,0,0.00468,0.099439,1,2,0,0,0,,,,
731,28,34,1.520066225,0.994807739,0.756727657,1.150276153,0,1.06148008,2.55,0,2.55,0,0,0,6,0,0,-0.088883,0.082332,3,2,0,0,0,,,,
731,12,2,1.499283783,0.981206665,0.745961192,1.118407518,0,1.07371274,2.55,0,2.55,0,0,0,0,5,0,0.099439,-0.055682,2,3,0,0,0,,,,
732,3,5,1.591802733,1.041755715,0.658875212,1.048799362,5,0.99520666,2.55,0,2.55,0,0,0,5,5,0,-0.064708,-0.059851,3,3,6,0.33333333,0,,,,
732,2,3,1.528411775,1.000269486,0.783518373,1.197538708,5,0.971008,2.55,0,2.55,0,0,0,5,5,0,-0.043029,-0.064708,3,3,6,0.33333333,0,,,,
732,13,12,1.528522498,1.000341949,0.847518374,1.295450903,0,1.13112369,2.55,0,2.55,0,0,0,0,0,0,0.004486,0.095444,1,2,0,0,0,,,,
732,5,21,1.526346979,0.99891818,0.794776479,1.213104678,0,0.91442616,2.55,0,2.55,0,0,0,5,0,0,-0.059851,0.044706,3,3,0,0,0,,,,
732,23,24,1.524353899,0.997613808,0.838986192,1.278911873,0,1.1076865,2.55,0,2.55,0,0,0,0,0,0,-0.006735,0.04139,2,1,0,0,0,,,,
732,21,23,1.523621781,0.997134673,0.715530436,1.090197756,0,0.98432165,2.55,0,2.55,0,0,0,0,0,0,0.044706,-0.006735,3,2,0,0,0,,,,
732,12,2,1.499733904,0.981501246,0.746362831,1.119345642,0,1.06982659,2.55,0,2.55,0,0,0,0,5,0,0.095444,-0.043029,2,3,0,0,0,,,,
733,3,5,1.591414094,1.041501371,0.659161613,1.048999081,5,0.99523798,2.55,0,2.55,0,0,0,5,5,0,-0.06439,-0.059095,3,3,6,0.33333333,0,,,,
733,2,3,1.528462671,1.000302795,0.783485893,1.197528941,5,0.97083914,2.55,0,2.55,0,0,0,5,5,0,-0.043213,-0.06439,3,3,6,0.33333333,0,,,,
733,13,12,1.528450963,1.000295133,0.847593586,1.295505232,0,1.13097707,2.55,0,2.55,0,0,0,0,0,0,0.004636,0.095339,1,2,0,0,0,,,,
733,5,21,1.526297276,0.998885652,0.793499003,1.211115367,0,0.91431597,2.55,0,2.55,0,0,0,5,0,0,-0.059095,0.044709,3,3,0,0,0,,,,
733,23,24,1.524307278,0.997583297,0.839056547,1.278980001,0,1.10768541,2.55,0,2.55,0,0,0,0,0,0,-0.007049,0.041277,2,1,0,0,0,,,,
733,21,23,1.523619133,0.99713294,0.715484253,1.090125498,0,0.98445407,2.55,0,2.55,0,0,0,0,0,0,0.044709,-0.007049,3,2,0,0,0,,,,
733,12,2,1.499701932,0.981480322,0.746370682,1.119333554,0,1.06986838,2.55,0,2.55,0,0,0,0,5,0,0.095339,-0.043213,2,3,0,0,0,,,,
734,20,19,1.574452535,1.030400874,0.87065107,1.370798784,6,1.03268262,2.55,0,2.55,0,1,0,5,6,0,-0.020667,0.234279,3,4,9,0.33333333,1,,,,
734,33,32,1.532528885,1.00296393,0.692139604,1.060723935,0,1.09375676,2.55,0,2.55,0,0,0,0,0,0,0.119088,0.183331,2,2,0,0,0,,,,
734,63,64,1.518689219,0.993906557,0.647727854,0.983697309,0,1.04497032,2.55,0,2.55,0,0,0,0,0,0,0.236936,0.173501,2,2,0,0,0,,,,
734,71,73,1.515906685,0.992085527,0.870618893,1.319776999,0,1.02470256,2.55,0,2.55,0,0,0,0,0,0,0.128002,-0.011137,3,1,0,0,0,,,,
734,32,28,1.455834443,0.999200029,0.841769953,1.22547769,0,0.91102662,2.55,0,3.04,2,0,1,0,5,2,0.183331,-0.287032,2,3,0,0,0,,,,
734,39,36,1.45139362,0.996152107,0.841397788,1.221199381,0,1.05185947,2.55,0,3.04,2,0,0,0,0,2,0.103375,-0.296271,1,2,0,0,0,,,,
734,36,33,1.449462079,0.99482641,0.683323535,0.990451552,0,1.04471385,3.04,2,2.55,0,0,0,0,0,2,-0.296271,0.119088,2,2,0,0,0,,,,
734,61,63,1.429844467,1.016236295,0.675461361,0.96580469,0,0.9059265,3.44,1,2.55,0,0,0,0,0,1,-0.338084,0.236936,2,2,0,0,0,,,,
734,64,67,1.420495564,1.00959173,0.704241799,1.000372351,0,0.94689443,2.55,0,3.44,1,0,0,0,0,1,0.173501,-0.301061,2,2,0,0,0,,,,
734,19,31,1.419112125,1.008608475,0.69337094,0.983971107,0,0.95280036,2.55,0,3.44,1,0,0,6,0,1,0.234279,-0.330537,4,2,0,0,0,,,,
734,54,59,1.408562438,0.966755277,0.79892093,1.125330013,0,1.07223781,2.55,0,3.04,2,1,0,6,0,2,0.1302,-0.07312,3,2,0,0,0,,,,
734,46,44,1.406390215,0.965264389,0.99936539,1.405497706,0,1.0868503,3.04,2,2.55,0,0,1,0,6,2,-0.074745,0.112385,2,3,0,0,0,,,,
734,59,60,1.374861421,0.94362486,0.996921767,1.370629277,0,1.13875845,3.04,2,2.55,0,0,0,0,0,2,-0.07312,0.22569,2,3,0,0,0,,,,
734,45,46,1.371154521,0.94108066,0.740439443,1.01525689,0,1.14688316,2.55,0,3.04,2,0,0,0,0,2,0.257008,-0.074745,3,2,0,0,0,,,,
734,31,45,1.364193648,0.969576154,0.714508457,0.974727899,0,1.07010452,3.44,1,2.55,0,0,0,0,0,1,-0.330537,0.257008,2,3,0,0,0,,,,
734,67,71,1.362116154,0.968099612,0.998531595,1.360116015,0,1.09870795,3.44,1,2.55,0,0,0,0,0,1,-0.301061,0.128002,2,3,0,0,0,,,,
734,60,61,1.352391195,0.961187772,0.702129371,0.949553579,0,1.10802751,2.55,0,3.44,1,0,0,0,0,1,0.22569,-0.338084,3,2,0,0,0,,,,
735,18,20,1.593086687,1.042595999,0.757845075,1.207322281,5,0.90887963,2.55,0,2.55,0,0,0,5,5,0,0.222002,-0.230565,4,4,19,0.42105263,0,,,,
735,20,14,1.522669783,0.996511638,0.723434009,1.101544249,5,0.9304926,2.55,0,2.55,0,0,1,5,5,0,-0.230565,0.064908,4,3,19,0.42105263,0,,,,
735,19,18,1.471123225,1.045574431,0.764365663,1.124463878,6,0.91940399,3.44,1,2.55,0,0,0,6,5,1,-0.30178,0.222002,2,4,19,0.42105263,1,,,,
735,56,47,1.389392554,0.953598184,0.970988334,1.349064305,6,1.14776405,3.04,2,2.55,0,0,1,6,6,2,-0.31491,0.172061,3,3,10,0.4,0,,,,
735,79,90,1.386875252,0.951870454,0.973737935,1.350454179,6,1.1441382,2.55,0,3.04,2,1,0,6,6,2,0.168359,-0.308322,3,3,10,0.4,0,,,,
735,1,19,1.345093504,0.956001069,0.756957719,1.01817659,6,1.12873767,2.55,0,3.44,1,1,0,6,6,1,0.229097,-0.30178,3,2,19,0.42105263,0,,,,
735,93,94,1.533293741,1.00346449,0.849906966,1.30316323,0,1.119859,2.55,0,2.55,0,0,0,0,0,0,0.109975,0.016177,2,1,0,0,0,,,,
735,60,59,1.526864955,0.999257169,0.852191349,1.301169743,0,1.10896744,2.55,0,2.55,0,0,0,0,0,0,-0.006757,0.110046,1,2,0,0,0,,,,
735,59,56,1.462020353,1.003445678,0.735593561,1.075453279,0,0.99286653,2.55,0,3.04,2,0,0,0,6,2,0.110046,-0.31491,2,3,0,0,0,,,,
735,90,93,1.454790988,0.998483862,0.839177513,1.220823774,0,0.99500819,3.04,2,2.55,0,0,0,6,0,2,-0.308322,0.109975,3,2,0,0,0,,,,
735,11,74,1.42698017,0.933887546,0.94064046,1.342273704,0,0.92768906,2.55,0,2.55,0,1,0,6,0,0,0.003938,-0.021309,3,2,0,0,0,,,,
735,75,76,1.425918692,0.933192862,0.999978467,1.425886192,0,0.92917395,2.55,0,2.55,0,0,1,0,6,0,-0.018365,0.012166,2,3,0,0,0,,,,
735,42,41,1.420268705,0.929495226,0.999839994,1.420047783,0,0.96506225,2.55,0,2.55,0,1,0,6,0,0,-0.020161,0.004011,3,2,0,0,0,,,,
735,40,6,1.418052842,0.928045054,0.942891759,1.337072857,0,0.96438651,2.55,0,2.55,0,0,1,0,6,0,-0.002421,-0.004489,2,3,0,0,0,,,,
735,41,40,1.222735328,0.800219456,0.998155366,1.220485666,0,2.3043536,2.55,0,2.55,0,0,0,0,0,0,0.004011,-0.002421,2,2,0,0,0,,,,
735,74,75,1.222053859,0.799773468,0.999998761,1.22205355,0,2.35202508,2.55,0,2.55,0,0,0,0,0,0,-0.021309,-0.018365,2,2,0,0,0,,,,
736,0,2,1.555236258,1.017824776,0.991189124,1.541538038,4,1.06155375,2.55,0,2.55,0,0,0,4,4,0,0.217104,-0.156773,3,3,4,0.25,1,,,,
736,4,0,1.527248603,0.999508248,0.7551789,1.153288352,0,0.90032971,2.55,0,2.55,0,0,0,0,4,0,0.188311,0.217104,3,3,0,0,0,,,,
736,16,17,1.514259058,0.991007237,0.819376059,1.240753021,0,1.10652228,2.55,0,2.55,0,0,0,0,0,0,0.179133,-0.001764,2,1,0,0,0,,,,
736,7,6,1.514227211,0.990986394,0.819786647,1.241346125,0,1.10799546,2.55,0,2.55,0,0,0,0,0,0,-0.002113,0.180869,1,2,0,0,0,,,,
736,2,14,1.511743303,0.9893608,0.747556358,1.130112344,0,0.93644023,2.55,0,2.55,0,0,0,4,0,0,-0.156773,0.2258,3,3,0,0,0,,,,
736,15,16,1.441828574,1.024753784,0.690861557,0.996102879,0,0.88535045,3.44,1,2.55,0,0,0,0,0,1,-0.308894,0.179133,2,2,0,0,0,,,,
736,6,5,1.440529857,1.023830744,0.689761649,0.993627597,0,0.88776695,2.55,0,3.44,1,0,0,0,0,1,0.180869,-0.301753,2,2,0,0,0,,,,
736,14,15,1.340196652,0.952520719,0.687537799,0.92144213,0,1.2046776,2.55,0,3.44,1,0,0,0,0,1,0.2258,-0.308894,3,2,0,0,0,,,,
736,5,4,1.336872791,0.950158344,0.68565313,0.916628205,0,1.19647534,3.44,1,2.55,0,0,0,0,0,1,-0.301753,0.188311,2,3,0,0,0,,,,
737,0,2,1.532175089,1.002732388,0.764736728,1.171662527,4,1.05962284,2.55,0,2.55,0,0,0,4,4,0,0.204387,-0.14484,3,3,4,0.25,1,,,,
737,4,0,1.525480096,0.998350848,0.711220045,1.08498413,0,0.90260482,2.55,0,2.55,0,0,0,0,4,0,0.199469,0.204387,3,3,0,0,0,,,,
737,16,17,1.514564983,0.99120745,0.819768185,1.241593643,0,1.10600324,2.55,0,2.55,0,0,0,0,0,0,0.179296,-0.00041,2,1,0,0,0,,,,
737,7,6,1.514239956,0.990994735,0.819526781,1.240980607,0,1.10719079,2.55,0,2.55,0,0,0,0,0,0,-0.00181,0.178273,1,2,0,0,0,,,,
737,2,14,1.509397263,0.987825434,0.71872494,1.08486606,0,0.91597864,2.55,0,2.55,0,0,0,4,0,0,-0.14484,0.219055,3,3,0,0,0,,,,
737,6,5,1.440672587,1.023932187,0.69151085,0.996238697,0,0.88851555,2.55,0,3.44,1,0,0,0,0,1,0.178273,-0.302817,2,2,0,0,0,,,,
737,15,16,1.440658085,1.02392188,0.690786669,0.995193389,0,0.89144242,3.44,1,2.55,0,0,0,0,0,1,-0.318336,0.179296,2,2,0,0,0,,,,
737,14,15,1.343578113,0.954924032,0.684309238,0.919434611,0,1.1777678,2.55,0,3.44,1,0,0,0,0,1,0.219055,-0.318336,3,2,0,0,0,,,,
737,5,4,1.335778268,0.949380432,0.683433276,0.912922998,0,1.21109014,3.44,1,2.55,0,0,0,0,0,1,-0.302817,0.199469,2,3,0,0,0,,,,
738,0,2,1.557210301,1.019116689,0.999984969,1.557120924,4,1.02419076,2.55,0,2.55,0,0,0,4,4,0,0.140344,-0.183076,3,3,4,0.25,1,,,,
738,6,7,1.531359384,1.00219855,0.833683924,1.276713717,0,1.10210912,2.55,0,2.55,0,0,0,0,0,0,0.064314,0.016238,2,1,0,0,0,,,,
738,5,4,1.530754134,1.001802444,0.830352522,1.271150075,0,1.1031446,2.55,0,2.55,0,0,0,0,0,0,0.014224,0.063236,1,2,0,0,0,,,,
738,2,6,1.526526185,0.999035461,0.724457617,1.105888125,0,1.0738882,2.55,0,2.55,0,0,0,4,0,0,-0.183076,0.064314,3,2,0,0,0,,,,
738,4,0,1.521072075,0.995466017,0.724121433,1.101374932,0,1.07757976,2.55,0,2.55,0,0,0,0,4,0,0.063236,0.140344,2,3,0,0,0,,,,
739,0,2,1.548171513,1.013201252,0.799542847,1.237787369,4,1.03372355,2.55,0,2.55,0,0,0,4,4,0,0.147752,-0.161014,3,3,4,0.25,1,,,,
739,6,7,1.530864175,1.00187446,0.836977924,1.281302455,0,1.10342299,2.55,0,2.55,0,0,0,0,0,0,0.057872,0.009075,2,1,0,0,0,,,,
739,5,4,1.530052234,1.001343085,0.833966873,1.27599508,0,1.10629244,2.55,0,2.55,0,0,0,0,0,0,0.006747,0.058187,1,2,0,0,0,,,,
739,2,6,1.524151678,0.997481465,0.722301921,1.100873688,0,1.04958708,2.55,0,2.55,0,0,0,4,0,0,-0.161014,0.057872,3,2,0,0,0,,,,
739,4,0,1.518940948,0.994071301,0.722076418,1.096742192,0,1.06142904,2.55,0,2.55,0,0,0,0,4,0,0.058187,0.147752,2,3,0,0,0,,,,
740,3,5,1.615018985,1.056949598,0.652982162,1.054502718,5,0.98510513,2.55,0,2.55,0,0,0,5,5,0,-0.002311,-0.373076,3,4,6,0.33333333,0,,,,
740,2,3,1.529864863,1.00122046,0.782075959,1.196486223,5,0.96030215,2.55,0,2.55,0,0,0,5,5,0,-0.044949,-0.002311,3,3,6,0.33333333,0,,,,
740,5,21,1.558937277,1.020246909,0.803670467,1.252925242,0,0.8450033,2.55,0,2.55,0,0,0,5,0,0,-0.373076,0.06933,4,3,0,0,0,,,,
740,13,12,1.528124275,1.000081332,0.845981735,1.292762757,0,1.13337734,2.55,0,2.55,0,0,0,0,0,0,0.000636,0.098411,1,2,0,0,0,,,,
740,22,23,1.524975367,0.998020528,0.837377746,1.276995285,0,1.10520785,2.55,0,2.55,0,0,0,0,0,0,0.003465,0.047077,2,1,0,0,0,,,,
740,21,22,1.518396796,0.99371518,0.718223524,1.090572534,0,1.0133205,2.55,0,2.55,0,0,0,0,0,0,0.06933,0.003465,3,2,0,0,0,,,,
740,12,2,1.499774289,0.981527676,0.746046436,1.118900878,0,1.06179024,2.55,0,2.55,0,0,0,0,5,0,0.098411,-0.044949,2,3,0,0,0,,,,
741,3,5,1.614782685,1.056794951,0.653268095,1.054719513,5,0.9854381,2.55,0,2.55,0,0,0,5,5,0,-0.002252,-0.372875,3,4,6,0.33333333,0,,,,
741,2,3,1.529755524,1.001148903,0.781903735,1.196085054,5,0.96029858,2.55,0,2.55,0,0,0,5,5,0,-0.045323,-0.002252,3,3,6,0.33333333,0,,,,
741,5,21,1.558969936,1.020268283,0.804736769,1.25464777,0,0.8450139,2.55,0,2.55,0,0,0,5,0,0,-0.372875,0.069485,4,3,0,0,0,,,,
741,13,12,1.527955742,0.999971036,0.846133671,1.292828268,0,1.13290299,2.55,0,2.55,0,0,0,0,0,0,0.000846,0.098438,1,2,0,0,0,,,,
741,22,23,1.525047851,0.998067965,0.837331739,1.276938404,0,1.10535836,2.55,0,2.55,0,0,0,0,0,0,0.003219,0.046938,2,1,0,0,0,,,,
741,21,22,1.518415111,0.993727167,0.718198802,1.090525391,0,1.01283918,2.55,0,2.55,0,0,0,0,0,0,0.069485,0.003219,3,2,0,0,0,,,,
741,12,2,1.499627413,0.981431553,0.745898937,1.118562982,0,1.06200685,2.55,0,2.55,0,0,0,0,5,0,0.098438,-0.045323,2,3,0,0,0,,,,
742,16,18,1.588566932,1.039638045,0.652238369,1.036104171,5,0.91519755,2.55,0,2.55,0,0,0,5,5,0,0.207866,-0.245345,4,4,17,0.35294118,0,,,,
742,18,13,1.540813408,1.008385738,0.735427224,1.133146397,5,0.93963313,2.55,0,2.55,0,0,0,5,5,0,-0.245345,0.033377,4,3,17,0.35294118,0,,,,
742,17,16,1.418549399,1.008208528,0.702411586,0.996387085,6,0.97313871,3.44,1,2.55,0,0,0,6,5,1,-0.346163,0.207866,2,4,17,0.35294118,1,,,,
742,13,12,1.402141672,0.917631984,0.998961713,1.40067963,6,1.4553515,2.55,0,2.55,0,0,0,5,6,0,0.033377,-0.068754,3,3,17,0.35294118,0,,,,
742,1,17,1.376195227,0.978106061,0.723496261,0.995669598,6,1.03515986,2.55,0,3.44,1,1,0,6,6,1,0.175954,-0.346163,3,2,17,0.35294118,0,,,,
742,35,33,1.552994422,1.016357606,0.721982715,1.121235432,0,0.87908357,2.55,0,2.55,0,0,0,0,0,0,-0.28871,0.143198,4,3,0,0,0,,,,
742,44,35,1.551151425,1.015151456,0.867482633,1.345593169,0,1.03071352,2.55,0,2.55,0,0,0,0,0,0,0.047243,-0.28871,2,4,0,0,0,,,,
742,109,108,1.544688265,1.01092164,0.912185226,1.409040069,0,1.03056954,2.55,0,2.55,0,0,0,0,0,0,-0.042378,0.020197,4,2,0,0,0,,,,
742,45,44,1.53052133,1.001650085,0.84594336,1.294733261,0,1.10796126,2.55,0,2.55,0,0,0,0,0,0,0.015023,0.047243,1,2,0,0,0,,,,
742,108,111,1.53004606,1.001339045,0.846538665,1.295238949,0,1.10314682,2.55,0,2.55,0,0,0,0,0,0,0.020197,0.019934,2,1,0,0,0,,,,
742,12,112,1.50129875,0.98252536,0.759203754,1.139793731,0,0.91869154,2.55,0,2.55,0,0,0,6,0,0,-0.068754,0.22089,3,3,0,0,0,,,,
742,117,109,1.471192975,1.045624005,0.894864005,1.316509528,0,0.82915134,3.44,1,2.55,0,0,0,0,0,1,-0.323239,-0.042378,2,4,0,0,0,,,,
742,32,0,1.404519487,0.96398043,0.776262765,1.090292989,0,1.11404173,3.04,2,2.55,0,0,1,0,6,2,-0.06226,0.077363,2,3,0,0,0,,,,
742,33,32,1.373579359,0.942744927,0.763466651,1.048685649,0,1.18941492,2.55,0,3.04,2,0,0,0,0,2,0.143198,-0.06226,3,2,0,0,0,,,,
742,112,117,1.342332718,0.95403889,0.715859684,0.960923192,0,1.19945544,2.55,0,3.44,1,0,0,0,0,1,0.22089,-0.323239,3,2,0,0,0,,,,
743,16,18,1.588975529,1.039905451,0.651380484,1.035094777,5,0.91514573,2.55,0,2.55,0,0,0,5,5,0,0.205997,-0.252129,4,4,17,0.35294118,0,,,,
743,18,13,1.530505196,1.001639526,0.72578414,1.110813732,5,0.92623658,2.55,0,2.55,0,0,0,5,5,0,-0.252129,0.039748,4,3,17,0.35294118,0,,,,
743,17,16,1.423981741,1.012069468,0.705100155,1.004058816,6,0.97443395,3.44,1,2.55,0,0,0,6,5,1,-0.282693,0.205997,2,4,17,0.35294118,1,,,,
743,13,12,1.389653061,0.90945881,0.998303554,1.387294171,6,1.44754126,2.55,0,2.55,0,0,0,5,6,0,0.039748,0.099663,3,3,17,0.35294118,0,,,,
743,1,17,1.353130331,0.961713099,0.720477514,0.97489639,6,1.1397063,2.55,0,3.44,1,1,0,6,6,1,0.199284,-0.282693,3,2,17,0.35294118,0,,,,
743,33,32,1.516351189,0.992376432,0.822814611,1.247687219,0,1.10411149,2.55,0,2.55,0,0,0,0,0,0,0.024694,0.141396,1,2,0,0,0,,,,
743,63,64,1.508791562,0.987429033,0.83704712,1.262918528,0,1.03557019,2.55,0,2.55,0,0,0,0,0,0,0.140292,0.039169,3,1,0,0,0,,,,
743,32,31,1.422763312,1.011203491,0.698207574,0.993376082,0,0.93641019,2.55,0,3.44,1,0,0,0,0,1,0.141396,-0.304681,2,2,0,0,0,,,,
743,12,62,1.392820925,0.989922477,0.780545771,1.087139816,0,0.987012,2.55,0,3.44,1,0,0,6,0,1,0.099663,-0.298321,3,2,0,0,0,,,,
743,62,63,1.368007846,0.972287027,0.709758858,0.970958512,0,1.06607168,3.44,1,2.55,0,0,0,0,0,1,-0.298321,0.140292,2,3,0,0,0,,,,
743,31,0,1.350374497,0.95975444,0.724906314,0.978875767,0,1.17769661,3.44,1,2.55,0,0,1,0,6,1,-0.304681,0.198267,2,3,0,0,0,,,,
744,20,18,1.592013257,1.041893492,0.664914597,1.067505435,5,0.91643379,2.55,0,2.55,0,0,0,5,5,0,-0.263872,0.218564,4,4,19,0.36842105,0,,,,
744,14,20,1.522130397,0.996158636,0.715000368,1.088224977,5,0.92776512,2.55,0,2.55,0,1,0,5,5,0,0.015057,-0.263872,3,4,19,0.36842105,0,,,,
744,18,19,1.430569996,1.016751952,0.758392015,1.099921109,6,0.98740952,2.55,0,3.44,1,0,0,5,6,1,0.218564,-0.295718,4,2,19,0.36842105,1,,,,
744,19,1,1.356224085,0.96391193,0.74478686,1.021882045,6,1.13615671,3.44,1,2.55,0,0,1,6,6,1,-0.295718,0.169938,2,3,19,0.36842105,0,,,,
744,51,50,1.516717539,0.992616191,0.822527067,1.24947654,0,1.10577994,2.55,0,2.55,0,0,0,0,0,0,0.018049,0.14667,1,2,0,0,0,,,,
744,72,73,1.516604543,0.99254224,0.825246839,1.254565269,0,1.10602704,2.55,0,2.55,0,0,0,0,0,0,0.14644,0.017931,2,1,0,0,0,,,,
744,39,37,1.486426523,0.972792227,0.957955541,1.431611,0,0.95191288,2.55,0,2.55,0,1,0,6,0,0,-0.039055,0.242273,3,3,0,0,0,,,,
744,59,60,1.483927726,0.971156889,0.923924447,1.361798807,0,0.9585887,2.55,0,2.55,0,0,1,0,6,0,0.246601,-0.038748,3,3,0,0,0,,,,
744,71,72,1.422427769,1.01096501,0.692055795,0.989776472,0,0.93896734,3.44,1,2.55,0,0,0,0,0,1,-0.306095,0.14644,2,2,0,0,0,,,,
744,50,49,1.422190505,1.010796379,0.688763367,0.983029658,0,0.9397629,2.55,0,3.44,1,0,0,0,0,1,0.14667,-0.307619,2,2,0,0,0,,,,
744,36,11,1.393680155,0.990533159,0.979374045,1.386519315,0,0.92768778,3.44,1,2.55,0,0,1,0,6,1,-0.290862,0.219937,2,3,0,0,0,,,,
744,0,58,1.38157837,0.981932033,0.763620191,1.089122703,0,1.00587892,2.55,0,3.44,1,1,0,6,0,1,0.168815,-0.277544,3,2,0,0,0,,,,
744,58,59,1.369058069,0.973033453,0.708312427,0.984794881,0,1.11133173,3.44,1,2.55,0,0,0,0,0,1,-0.277544,0.246601,2,3,0,0,0,,,,
744,37,36,1.364490457,0.969787105,0.72079814,1.000445284,0,1.13398372,2.55,0,3.44,1,0,0,0,0,1,0.242273,-0.290862,3,2,0,0,0,,,,
744,49,42,1.350927358,0.960147376,0.951287589,1.300725268,0,1.14803736,3.44,1,2.55,0,0,1,0,6,1,-0.307619,0.233518,2,3,0,0,0,,,,
744,65,71,1.350304453,0.959704657,0.953776441,1.306936536,0,1.15069335,2.55,0,3.44,1,1,0,6,0,1,0.232992,-0.306095,3,2,0,0,0,,,,
745,2,1,1.461252788,1.038559195,0.8180393,1.19538277,6,0.93432587,3.44,1,2.55,0,0,0,6,6,1,-0.333363,0.225195,2,4,10,0.3,1,,,,
745,3,2,1.358272514,0.965367814,0.738203488,1.002689116,6,1.13663263,2.55,0,3.44,1,1,0,6,6,1,0.132025,-0.333363,3,2,10,0.3,0,,,,
745,1,37,1.540353344,1.008084649,0.9686488,1.492052188,0,0.93606034,2.55,0,2.55,0,0,1,6,6,0,0.225195,0.032074,4,3,0,0,0,,,,
745,48,49,1.517076909,0.99285138,0.823128294,1.248745193,0,1.10538457,2.55,0,2.55,0,0,0,0,0,0,0.149543,0.019825,2,1,0,0,0,,,,
745,21,20,1.509910599,0.988161387,0.845080487,1.27598053,0,1.04534117,2.55,0,2.55,0,0,0,0,0,0,0.049171,0.125509,1,3,0,0,0,,,,
745,53,9,1.506270478,0.985779109,0.714084033,1.075611434,0,0.98025683,2.55,0,2.55,0,0,1,0,6,0,0.324667,-0.096433,2,3,0,0,0,,,,
745,19,53,1.429683592,1.016121956,0.695761739,0.994719327,0,0.92694342,3.44,1,2.55,0,0,0,0,0,1,-0.318621,0.324667,2,2,0,0,0,,,,
745,47,48,1.420051442,1.009276078,0.700297233,0.994463912,0,0.94651905,3.44,1,2.55,0,0,0,0,0,1,-0.313747,0.149543,2,2,0,0,0,,,,
745,42,47,1.355269647,0.96323358,0.959121386,1.299873492,0,1.13439973,2.55,0,3.44,1,1,0,6,0,1,0.237913,-0.313747,3,2,0,0,0,,,,
745,20,19,1.350741654,0.96001539,0.686046383,0.926668569,0,1.12931377,2.55,0,3.44,1,0,0,0,0,1,0.125509,-0.318621,3,2,0,0,0,,,,
746,2,1,1.45859818,1.036672481,0.830988798,1.212090726,6,0.941976,3.44,1,2.55,0,0,0,6,6,1,-0.330259,0.254001,2,4,10,0.3,1,,,,
746,3,2,1.359483306,0.966228363,0.737439469,1.002552813,6,1.12919795,2.55,0,3.44,1,1,0,6,6,1,0.135239,-0.330259,3,2,10,0.3,0,,,,
746,44,45,1.529528055,1.001000036,0.842323632,1.288388778,0,1.14298385,2.55,0,2.55,0,0,0,0,0,0,0.094689,-0.00648,2,1,0,0,0,,,,
746,1,37,1.522671105,0.996512503,0.852075633,1.297449961,0,0.94986908,2.55,0,2.55,0,0,1,6,5,0,0.254001,-0.138989,4,3,0,0,0,,,,
746,21,20,1.509831699,0.98810975,0.844970473,1.27575817,0,1.04521756,2.55,0,2.55,0,0,0,0,0,0,0.049134,0.125384,1,3,0,0,0,,,,
746,42,44,1.507192657,0.986382629,0.720006162,1.085197049,0,1.03150918,2.55,0,2.55,0,1,0,5,0,0,-0.182401,0.094689,3,2,0,0,0,,,,
746,49,9,1.506405783,0.985867659,0.714086002,1.075723707,0,0.98059691,2.55,0,2.55,0,0,1,0,6,0,0.324659,-0.09538,2,3,0,0,0,,,,
746,19,49,1.429571308,1.016042152,0.695212891,0.993849703,0,0.9270041,3.44,1,2.55,0,0,0,0,0,1,-0.319331,0.324659,2,2,0,0,0,,,,
746,20,19,1.351121112,0.960285083,0.685855392,0.926676691,0,1.12778116,2.55,0,3.44,1,0,0,0,0,1,0.125384,-0.319331,3,2,0,0,0,,,,
747,2,1,1.464824384,1.041097643,0.818247097,1.198594686,6,0.92805574,3.44,1,2.55,0,0,0,6,6,1,-0.333948,0.226172,2,4,10,0.3,1,,,,
747,3,2,1.356679376,0.964235519,0.738454356,1.001852852,6,1.14082743,2.55,0,3.44,1,1,0,6,6,1,0.133468,-0.333948,3,2,10,0.3,0,,,,
747,1,37,1.535489707,1.00490164,0.96866262,1.487381153,0,0.94046189,2.55,0,2.55,0,0,1,6,6,0,0.226172,0.031564,4,3,0,0,0,,,,
747,48,49,1.53325823,1.00344125,0.850966173,1.304713708,0,1.10916172,2.55,0,2.55,0,0,0,0,0,0,0.097547,0.012371,2,1,0,0,0,,,,
747,21,20,1.509947148,0.988185306,0.845048341,1.27597689,0,1.04494477,2.55,0,2.55,0,0,0,0,0,0,0.048755,0.125627,1,3,0,0,0,,,,
747,53,9,1.506298134,0.985797208,0.713839725,1.07525681,0,0.98146062,2.55,0,2.55,0,0,1,0,6,0,0.324831,-0.096661,2,3,0,0,0,,,,
747,47,48,1.456866834,0.999908603,0.854721476,1.245215485,0,1.00888052,3.04,2,2.55,0,0,0,0,0,2,-0.30084,0.097547,3,2,0,0,0,,,,
747,19,53,1.430262901,1.016533689,0.695900184,0.995316808,0,0.92524413,3.44,1,2.55,0,0,0,0,0,1,-0.318718,0.324831,2,2,0,0,0,,,,
747,42,47,1.38532588,0.950807056,0.969451408,1.343052724,0,1.14199539,2.55,0,3.04,2,1,0,6,0,2,0.221115,-0.30084,3,3,0,0,0,,,,
747,20,19,1.350199389,0.959629985,0.686059389,0.926316007,0,1.13080733,2.55,0,3.44,1,0,0,0,0,1,0.125627,-0.318718,3,2,0,0,0,,,,
749,18,20,1.592914284,1.04248317,0.61582023,0.980970426,5,0.90976254,2.55,0,2.55,0,0,0,5,5,0,0.215391,-0.222924,4,4,19,0.47368421,0,,,,
749,20,14,1.522364766,0.99631202,0.723922262,1.102089407,5,0.93053362,2.55,0,2.55,0,0,1,5,5,0,-0.222924,0.063477,4,3,19,0.47368421,0,,,,
749,66,67,1.54204089,1.009189064,0.705271521,1.087577252,0,1.08391138,2.55,0,2.55,0,0,0,0,0,0,0.126765,-0.008778,2,2,0,0,0,,,,
749,49,48,1.532816298,1.003152028,0.703405537,1.078190665,0,1.11858944,2.55,0,2.55,0,0,0,0,0,0,-0.049091,0.121879,2,2,0,0,0,,,,
749,52,49,1.529733579,1.001134541,0.832238803,1.273109971,0,1.10727449,2.55,0,2.55,0,0,0,0,0,0,0.024893,-0.049091,1,2,0,0,0,,,,
749,67,70,1.529042704,1.000682398,0.832260198,1.272554342,0,1.10501127,2.55,0,2.55,0,0,0,0,0,0,-0.008778,0.019534,2,1,0,0,0,,,,
749,48,41,1.506244064,0.985761822,0.720939583,1.08590003,0,1.01988175,2.55,0,2.55,0,0,1,0,5,0,0.121879,-0.18119,2,3,0,0,0,,,,
749,58,66,1.500077015,0.981725795,0.835427454,1.253198212,0,1.06178669,2.55,0,2.55,0,1,0,5,0,0,-0.273953,0.126765,3,2,0,0,0,,,,
749,38,5,1.470021863,0.962056193,0.940837536,1.383059836,0,1.03575094,2.55,0,2.55,0,1,1,5,6,0,-0.088165,0.150945,3,3,0,0,0,,,,
749,11,36,1.468730236,0.961210887,0.759213308,1.115061109,0,1.0466563,2.55,0,2.55,0,1,1,6,5,0,0.147365,-0.084127,3,3,0,0,0,,,,
750,20,18,1.591338678,1.041452014,0.785913368,1.250606802,5,0.9115653,2.55,0,2.55,0,0,0,5,5,0,-0.247913,0.243262,4,4,32,0.46875,0,,,,
750,66,74,1.587465177,1.038917,0.79158099,1.256584918,5,0.93187082,2.55,0,2.55,0,0,0,5,5,0,0.120431,-0.232653,4,4,32,0.46875,0,,,,
750,14,20,1.523844233,0.997280258,0.72397984,1.103246345,5,0.93353124,2.55,0,2.55,0,1,0,5,5,0,0.05349,-0.247913,3,4,32,0.46875,0,,,,
750,74,76,1.521781375,0.995930219,0.725915963,1.104691605,5,0.9408961,2.55,0,2.55,0,0,1,5,5,0,-0.232653,0.064761,4,3,32,0.46875,0,,,,
750,84,85,1.540444694,1.008144433,0.703700033,1.084012149,0,1.08611794,2.55,0,2.55,0,0,0,0,0,0,0.083447,-0.002381,2,2,0,0,0,,,,
750,45,42,1.530246749,1.001470386,0.831901221,1.273011874,0,1.10610818,2.55,0,2.55,0,0,0,0,0,0,0.031584,-0.027861,1,2,0,0,0,,,,
750,42,41,1.529899483,1.001243117,0.71103902,1.087818601,0,1.11221248,2.55,0,2.55,0,0,0,0,0,0,-0.027861,0.097897,2,2,0,0,0,,,,
750,85,88,1.529533873,1.001003843,0.833989354,1.275610682,0,1.10022718,2.55,0,2.55,0,0,0,0,0,0,-0.002381,0.020314,2,1,0,0,0,,,,
750,79,84,1.514056348,0.990874573,0.842184127,1.275124831,0,1.03269348,2.55,0,2.55,0,1,0,6,0,0,0.000103,0.083447,3,2,0,0,0,,,,
750,41,40,1.514022884,0.990852673,0.960130273,1.453635673,0,1.01644444,2.55,0,2.55,0,0,1,0,6,0,0.097897,-0.053717,2,3,0,0,0,,,,
750,36,11,1.488762301,0.974320878,0.970213219,1.444379054,0,0.95929005,2.55,0,2.55,0,1,1,6,6,0,0.079838,0.033696,3,3,0,0,0,,,,
751,18,20,1.592681223,1.042330643,0.66260034,1.055295886,5,0.90999956,2.55,0,2.55,0,0,0,5,5,0,0.22053,-0.226393,4,4,19,0.47368421,0,,,,
751,20,14,1.522583631,0.996455256,0.724935531,1.103799001,5,0.93210493,2.55,0,2.55,0,0,1,5,5,0,-0.226393,0.061295,4,3,19,0.47368421,0,,,,
751,36,37,1.540329535,1.008069068,0.703662186,1.083869296,0,1.08602486,2.55,0,2.55,0,0,0,0,0,0,0.08487,-0.003828,2,2,0,0,0,,,,
751,66,65,1.53067565,1.00175108,0.713640949,1.09235262,0,1.11530459,2.55,0,2.55,0,0,0,0,0,0,-0.028384,0.058297,2,2,0,0,0,,,,
751,69,66,1.530071145,1.001355461,0.832407957,1.273659097,0,1.10211355,2.55,0,2.55,0,0,0,0,0,0,0.0312,-0.028384,1,2,0,0,0,,,,
751,37,77,1.529546473,1.00101209,0.833886897,1.275497995,0,1.10039084,2.55,0,2.55,0,0,0,0,0,0,-0.003828,0.019636,2,1,0,0,0,,,,
751,65,50,1.519884304,0.994688681,0.998107891,1.517024598,0,0.99758388,2.55,0,2.55,0,0,1,0,6,0,0.058297,-0.002306,2,3,0,0,0,,,,
751,11,36,1.514184238,0.990958271,0.85531315,1.295108143,0,1.03297201,2.55,0,2.55,0,1,0,6,0,0,0.000419,0.08487,3,2,0,0,0,,,,
751,38,5,1.486398548,0.972773919,0.956331358,1.421492012,0,0.96895011,2.55,0,2.55,0,1,1,6,6,0,0.089871,0.094114,3,3,0,0,0,,,,
752,18,20,1.591947168,1.041850241,0.65684742,1.045698721,5,0.91355639,2.55,0,2.55,0,0,0,5,5,0,0.23479,-0.276995,4,4,19,0.36842105,0,,,,
752,20,14,1.522281308,0.996257401,0.724110716,1.102285168,5,0.91941438,2.55,0,2.55,0,0,1,5,5,0,-0.276995,0.052953,4,3,19,0.36842105,0,,,,
752,19,18,1.429510136,1.015998675,0.746633182,1.067325929,6,0.9804798,3.44,1,2.55,0,0,0,6,5,1,-0.303955,0.23479,2,4,19,0.36842105,1,,,,
752,1,19,1.360419371,0.966893654,0.760798615,1.035024595,6,1.12281901,2.55,0,3.44,1,1,0,6,6,1,0.140557,-0.303955,3,2,19,0.36842105,0,,,,
752,67,66,1.540763799,1.008353272,0.702119607,1.081791905,0,1.08500831,2.55,0,2.55,0,0,0,0,0,0,-0.007013,0.082974,2,2,0,0,0,,,,
752,36,37,1.540707911,1.008316696,0.703151377,1.083351864,0,1.08588512,2.55,0,2.55,0,0,0,0,0,0,0.084764,-0.004467,2,2,0,0,0,,,,
752,70,67,1.529289686,1.000844035,0.833547859,1.274752691,0,1.1019375,2.55,0,2.55,0,0,0,0,0,0,0.020217,-0.007013,1,2,0,0,0,,,,
752,37,78,1.529278097,1.000836451,0.834314281,1.275893928,0,1.10038239,2.55,0,2.55,0,0,0,0,0,0,-0.004467,0.020406,2,1,0,0,0,,,,
752,11,36,1.51385266,0.99074127,0.85220187,1.290100483,0,1.03420708,2.55,0,2.55,0,1,0,6,0,0,0.000163,0.084764,3,2,0,0,0,,,,
752,66,51,1.513427914,0.990463295,0.853723428,1.292048352,0,1.03170274,2.55,0,2.55,0,0,1,0,6,0,0.082974,-0.005577,2,3,0,0,0,,,,
752,39,0,1.489914141,0.9750747,0.952834671,1.419672603,0,0.93910596,2.55,0,2.55,0,1,1,6,6,0,0.065552,0.032693,3,3,0,0,0,,,,
753,20,18,1.594581584,1.043574335,0.708443005,1.129670169,5,0.91202574,2.55,0,2.55,0,0,1,5,5,0,-0.230006,0.223832,4,4,19,0.47368421,0,,,,
753,14,20,1.515908454,0.992086684,0.710265939,1.076698142,5,0.93047567,2.55,0,2.55,0,0,0,5,5,0,0.059687,-0.230006,3,4,19,0.47368421,0,,,,
753,11,12,1.406165298,0.920265248,0.755858821,1.062862444,6,1.28574683,2.55,0,2.55,0,0,0,6,6,0,0.09062,-0.116798,3,2,19,0.47368421,0,,,,
753,12,14,1.392929791,0.911603267,0.786136194,1.095032525,6,1.41646203,2.55,0,2.55,0,0,0,6,5,0,-0.116798,0.059687,2,3,19,0.47368421,0,,,,
753,90,91,1.531666961,1.002399844,0.707384425,1.083477352,0,1.11154448,2.55,0,2.55,0,0,0,0,0,0,0.062598,-0.028287,2,2,0,0,0,,,,
753,76,75,1.529712833,1.001120964,0.684465879,1.047036238,0,1.08551633,2.55,0,2.55,0,0,0,0,0,0,-0.006786,0.080175,2,2,0,0,0,,,,
753,91,94,1.521896253,0.996005401,0.824498256,1.254800807,0,1.10409916,2.55,0,2.55,0,0,0,0,0,0,-0.028287,0.025721,2,1,0,0,0,,,,
753,79,76,1.520650752,0.995190282,0.825382071,1.255117866,0,1.10289994,2.55,0,2.55,0,0,0,0,0,0,0.020328,-0.006786,1,2,0,0,0,,,,
753,42,90,1.513065493,0.990226108,0.957471505,1.448717094,0,1.00212336,2.55,0,2.55,0,1,0,6,0,0,-0.000736,0.062598,3,2,0,0,0,,,,
753,75,69,1.508597836,0.987302248,0.963937317,1.454193749,0,1.03459979,2.55,0,2.55,0,0,1,0,6,0,0.080175,0.012726,2,3,0,0,0,,,,
753,57,52,1.480266129,0.968760556,0.971803251,1.438527437,0,0.9855705,2.55,0,2.55,0,1,1,6,6,0,0.107933,0.094746,3,3,0,0,0,,,,
753,5,38,1.4783831,0.967528207,0.993191063,1.468316883,0,0.97302575,2.55,0,2.55,0,1,1,6,6,0,0.100124,0.08237,3,3,0,0,0,,,,
753,36,11,1.476133104,0.966055696,0.973618597,1.437190642,0,0.97724757,2.55,0,2.55,0,1,0,6,6,0,0.081155,0.09062,3,3,0,0,0,,,,
753,66,59,1.47395571,0.9646307,0.967631897,1.42624656,0,0.90600218,2.55,0,2.55,0,1,1,6,6,0,-0.069885,-0.037688,3,3,0,0,0,,,,
754,18,20,1.591671598,1.041669894,0.750823292,1.195018915,5,0.91078281,2.55,0,2.55,0,0,0,5,5,0,0.231272,-0.241119,4,4,19,0.47368421,0,,,,
754,20,14,1.523043287,0.996756078,0.724690868,1.103701367,5,0.93203295,2.55,0,2.55,0,0,1,5,5,0,-0.241119,0.060956,4,3,19,0.47368421,0,,,,
754,67,68,1.51737778,0.993048286,0.823716587,1.249889563,0,1.10484244,2.55,0,2.55,0,0,0,0,0,0,0.153598,0.017785,2,1,0,0,0,,,,
754,60,59,1.517198948,0.992931249,0.8236454,1.249626702,0,1.10530497,2.55,0,2.55,0,0,0,0,0,0,0.018755,0.152056,1,2,0,0,0,,,,
754,38,5,1.486312701,0.972717736,0.993111093,1.47607081,0,0.97630331,2.55,0,2.55,0,1,1,6,6,0,0.086153,0.103769,3,3,0,0,0,,,,
754,11,36,1.486272407,0.972691366,0.97241589,1.44530326,0,0.97723348,2.55,0,2.55,0,1,1,6,6,0,0.097036,0.085835,3,3,0,0,0,,,,
754,59,58,1.418543704,1.00820448,0.699754472,0.992636013,0,0.95046637,2.55,0,3.44,1,0,0,0,0,1,0.152056,-0.315019,2,2,0,0,0,,,,
754,66,67,1.417772125,1.007656095,0.699323426,0.991479891,0,0.95305661,3.44,1,2.55,0,0,0,0,0,1,-0.316824,0.153598,2,2,0,0,0,,,,
754,52,66,1.358549784,0.965564879,0.958989452,1.302817624,0,1.12326169,2.55,0,3.44,1,1,0,6,0,1,0.227617,-0.316824,3,2,0,0,0,,,,
754,58,42,1.357183514,0.964593826,0.959096003,1.301637525,0,1.12826865,3.44,1,2.55,0,0,1,0,6,1,-0.315019,0.229308,2,3,0,0,0,,,,
755,18,20,1.591601951,1.041624313,0.748889339,1.191906748,5,0.90949699,2.55,0,2.55,0,0,0,5,5,0,0.247331,-0.251284,4,4,19,0.36842105,0,,,,
755,20,14,1.522803454,0.996599119,0.725060615,1.104149648,5,0.93118953,2.55,0,2.55,0,0,1,5,5,0,-0.251284,0.065982,4,3,19,0.36842105,0,,,,
755,19,18,1.469397755,1.044348085,0.730797358,1.073786418,6,0.90924912,3.44,1,2.55,0,0,0,6,5,1,-0.316584,0.247331,2,4,19,0.36842105,1,,,,
755,1,19,1.34948962,0.95912553,0.758050629,1.022985072,6,1.15024117,2.55,0,3.44,1,1,0,6,6,1,0.183464,-0.316584,3,2,19,0.36842105,0,,,,
755,38,37,1.53653484,1.005585629,0.802350014,1.232836776,0,0.99075353,2.55,0,2.55,0,0,0,0,0,0,0.03104,0.217001,3,2,0,0,0,,,,
755,50,42,1.525777227,0.998545306,0.851346809,1.298978017,0,1.12300656,2.55,0,2.55,0,0,0,0,0,0,0.006191,0.065966,1,2,0,0,0,,,,
755,37,0,1.5178712,0.993371204,0.776833042,1.179117693,0,1.04806366,2.55,0,2.55,0,0,1,0,6,0,0.217001,-0.116356,2,3,0,0,0,,,,
755,42,41,1.513523263,0.990525696,0.715904612,1.083564077,0,1.0292917,2.55,0,2.55,0,0,0,0,0,0,0.065966,-0.128308,2,3,0,0,0,,,,
755,41,38,1.502843319,0.983536204,0.73504195,1.104641234,0,0.97142005,2.55,0,2.55,0,0,0,0,0,0,-0.128308,0.03104,3,3,0,0,0,,,,
755,11,56,1.486054829,0.972548972,0.730098106,1.084966945,0,0.9521993,2.55,0,2.55,0,1,0,6,0,0,-0.027874,0.211407,3,3,0,0,0,,,,
755,57,58,1.425228566,1.012955626,0.857342814,1.221910814,0,0.92643066,3.44,1,2.55,0,0,0,0,0,1,-0.314832,0.198442,2,1,0,0,0,,,,
755,56,57,1.351441143,0.960512539,0.69420499,0.938178205,0,1.19652923,2.55,0,3.44,1,0,0,0,0,1,0.211407,-0.314832,3,2,0,0,0,,,,
756,18,19,1.94012479,1.060177481,0.789793648,1.53231109,6,0.91767071,2.55,0,2.58,3,0,0,5,6,7,-0.024342,0.029065,4,2,15,0.26666667,1,,,,
756,19,1,1.756675232,0.959931821,0.69007672,1.212231372,6,1.10621672,2.58,3,2.55,0,0,1,6,6,7,0.029065,-0.048084,2,3,15,0.26666667,0,,,,
757,19,17,1.5943635,1.04343161,0.763617401,1.217495106,5,0.91561955,2.55,0,2.55,0,0,0,5,5,0,-0.218908,0.224772,4,4,23,0.34782609,0,,,,
757,13,19,1.521284681,0.995605158,0.724675863,1.102440515,5,0.93291355,2.55,0,2.55,0,1,0,5,5,0,0.055767,-0.218908,3,4,23,0.34782609,0,,,,
757,17,18,1.485720526,1.055949201,0.794055384,1.179704398,6,0.88096209,2.55,0,3.44,1,0,0,5,6,1,0.224772,-0.314142,4,2,23,0.34782609,1,,,,
757,1,0,1.437685367,0.940893565,0.995504691,1.431231545,6,1.194464,2.55,0,2.55,0,0,0,6,6,0,0.101345,0.087152,3,3,23,0.34782609,0,,,,
757,0,47,1.431606597,0.936915312,0.996428667,1.426523327,6,1.20093452,2.55,0,2.55,0,0,0,6,6,0,0.087152,0.08851,3,3,23,0.34782609,0,,,,
757,18,1,1.344919997,0.955877752,0.754150596,1.014280581,6,1.18464318,3.44,1,2.55,0,0,0,6,6,1,-0.314142,0.101345,2,3,23,0.34782609,0,,,,
757,36,35,1.530742671,1.001794942,0.713500715,1.092185783,0,1.11392736,2.55,0,2.55,0,0,0,0,0,0,-0.025309,0.06685,2,2,0,0,0,,,,
757,37,36,1.530265744,1.001482817,0.832810143,1.274420717,0,1.10322289,2.55,0,2.55,0,0,0,0,0,0,0.027025,-0.025309,1,2,0,0,0,,,,
757,35,10,1.520519298,0.995104252,0.744128994,1.131463254,0,0.99904272,2.55,0,2.55,0,0,1,0,6,0,0.06685,-0.000214,2,3,0,0,0,,,,
757,54,56,1.510800697,0.988743911,0.868228918,1.311733921,0,1.03540338,2.55,0,2.55,0,0,0,0,0,0,0.156952,0.020549,3,1,0,0,0,,,,
757,47,53,1.382108164,0.982308575,0.835015102,1.154092137,0,1.04521997,2.55,0,3.44,1,0,0,6,0,1,0.08851,-0.25245,3,2,0,0,0,,,,
757,53,54,1.370386158,0.973977369,0.996649009,1.365806087,0,1.03712674,3.44,1,2.55,0,0,0,0,0,1,-0.25245,0.156952,2,3,0,0,0,,,,
758,17,20,1.44997683,0.995179705,0.836329651,1.212690089,5,1.01778516,2.55,0,3.04,2,0,0,5,5,2,0.255194,-0.28027,4,3,19,0.31578947,0,,,,
758,48,43,1.537147837,1.005986804,0.919195819,1.412950571,0,1.05623199,2.55,0,2.55,0,0,0,0,6,0,0.088853,-0.133594,2,3,0,0,0,,,,
758,29,62,1.534731479,1.004405418,0.857002371,1.315246479,0,1.11282242,2.55,0,2.55,0,0,0,0,0,0,0.120612,0.002586,2,1,0,0,0,,,,
758,53,50,1.533137533,1.00336226,0.700510407,1.073973969,0,1.08504684,2.55,0,2.55,0,0,0,0,0,0,-0.010941,0.002194,2,2,0,0,0,,,,
758,50,48,1.532883208,1.003195817,0.709481313,1.087542896,0,1.08357168,2.55,0,2.55,0,0,0,0,0,0,0.002194,0.088853,2,2,0,0,0,,,,
758,56,53,1.529715543,1.001122738,0.836480721,1.279552416,0,1.10516824,2.55,0,2.55,0,0,0,0,0,0,0.022964,-0.010941,1,2,0,0,0,,,,
758,20,29,1.454498671,0.998283233,0.855850003,1.244837706,0,0.99704561,3.04,2,2.55,0,0,0,5,0,2,-0.28027,0.120612,3,2,0,0,0,,,,
759,19,18,1.926608204,1.052791368,0.763229613,1.470371146,6,0.94505769,2.58,3,2.55,0,0,0,6,5,7,0.089921,-0.077294,2,4,19,0.36842105,1,,,,
759,1,19,1.756191064,0.959667248,0.679861518,1.193972594,6,1.07818206,2.55,0,2.58,3,0,0,6,6,7,-0.066959,0.089921,3,2,19,0.36842105,0,,,,
760,18,0,1.456118687,1.034910225,0.708604708,1.031806092,6,0.94579802,2.55,0,3.44,1,0,0,6,6,1,0.242244,-0.333631,4,2,10,0.3,1,,,,
760,0,1,1.362811156,0.968593572,0.755223753,1.029226225,6,1.11294901,3.44,1,2.55,0,0,1,6,6,1,-0.333631,0.142307,2,3,10,0.3,0,,,,
760,59,60,1.539938515,1.007813164,0.69700618,1.073377897,0,1.08417071,2.55,0,2.55,0,0,0,0,0,0,0.092364,0.008742,2,2,0,0,0,,,,
760,20,18,1.539541406,1.007553276,0.954197948,1.469035614,0,0.90812774,2.55,0,2.55,0,1,0,6,6,0,0.009358,0.242244,3,4,0,0,0,,,,
760,60,63,1.518662073,0.993888791,0.67363024,1.023009474,0,1.07188879,2.55,0,2.55,0,0,0,0,0,0,0.008742,0.236501,2,2,0,0,0,,,,
760,2,59,1.512370641,0.989771362,0.833477468,1.260510943,0,1.06962313,2.55,0,2.55,0,1,0,6,0,0,-0.092972,0.092364,3,2,0,0,0,,,,
760,69,70,1.510625042,0.988628954,0.845976282,1.277968171,0,1.04200993,2.55,0,2.55,0,0,0,0,0,0,0.118854,0.052491,3,1,0,0,0,,,,
760,54,53,1.508597103,0.987301769,0.837094681,1.262847664,0,1.03665098,2.55,0,2.55,0,0,0,0,0,0,0.040907,0.14074,1,3,0,0,0,,,,
760,63,66,1.436520505,1.020981169,0.68982596,0.99094804,0,0.91303689,2.55,0,3.44,1,0,0,0,0,1,0.236501,-0.317057,2,2,0,0,0,,,,
760,52,23,1.389062144,0.987250991,0.962912763,1.337553771,0,0.97610609,3.44,1,2.55,0,0,1,0,6,1,-0.280379,0.21724,2,3,0,0,0,,,,
760,53,52,1.364334046,0.969675939,0.716466095,0.977516724,0,1.08040234,2.55,0,3.44,1,0,0,0,0,1,0.14074,-0.280379,3,2,0,0,0,,,,
760,66,69,1.347873611,0.95797698,0.686017164,0.92464677,0,1.14840506,3.44,1,2.55,0,0,0,0,0,1,-0.317057,0.118854,2,3,0,0,0,,,,
761,4,6,1.444923292,0.945630426,0.960481643,1.387841749,6,1.1811374,2.55,0,2.55,0,0,1,6,6,0,-0.006551,0.121643,3,3,14,0.35714286,0,,,,
761,29,1,1.541495008,1.008831811,0.871259927,1.343063936,0,0.93201585,2.55,0,2.55,0,1,0,6,6,0,0.028999,0.221126,3,4,0,0,0,,,,
761,40,39,1.537214929,1.006030713,0.838256291,1.288564676,0,1.10458424,2.55,0,2.55,0,0,0,0,0,0,0.019268,0.062576,1,2,0,0,0,,,,
761,39,34,1.513859591,0.990745806,0.965527875,1.46167118,0,1.04026881,2.55,0,2.55,0,0,1,0,6,0,0.062576,-0.009418,2,3,0,0,0,,,,
761,48,50,1.508956389,0.987536903,0.836620848,1.262421791,0,1.03476539,2.55,0,2.55,0,0,0,0,0,0,0.143586,0.039869,3,1,0,0,0,,,,
761,10,47,1.391553785,0.98902188,0.776584115,1.080659686,0,0.97978002,2.55,0,3.44,1,1,0,6,0,1,0.121769,-0.300729,3,2,0,0,0,,,,
761,47,48,1.369464449,0.973322281,0.715052479,0.979244488,0,1.05280633,3.44,1,2.55,0,0,0,0,0,1,-0.300729,0.143586,2,3,0,0,0,,,,
762,1,2,1.445841445,1.02760586,0.829713365,1.199610261,6,0.9401948,2.55,0,3.44,1,0,0,6,6,1,0.200148,-0.312981,4,2,10,0.3,1,,,,
762,3,9,1.432439076,0.937460128,0.99982847,1.43225947,6,1.2322915,2.55,0,2.55,0,0,0,6,6,0,0.127007,0.222891,3,3,10,0.3,0,,,,
762,2,3,1.353806044,0.96219335,0.734026505,0.993725627,6,1.12993603,3.44,1,2.55,0,0,0,6,6,1,-0.312981,0.127007,2,3,10,0.3,0,,,,
762,29,1,1.541629232,1.008919655,0.962453321,1.483734785,0,0.93882204,2.55,0,2.55,0,1,0,6,6,0,0.045357,0.200148,3,4,0,0,0,,,,
762,45,46,1.409301875,1.001636017,0.866352824,1.220953436,0,0.96920703,3.44,1,2.55,0,0,0,0,0,1,-0.298323,0.187009,2,1,0,0,0,,,,
762,40,39,1.409171081,1.001543057,0.868698959,1.224137248,0,0.97196613,2.55,0,3.44,1,0,0,0,0,1,0.18458,-0.31268,1,2,0,0,0,,,,
762,39,34,1.358168105,0.965293607,0.959115674,1.302578012,0,1.1281803,3.44,1,2.55,0,0,1,0,6,1,-0.31268,0.23651,2,3,0,0,0,,,,
762,9,45,1.354260583,0.962516406,0.721804247,0.977489494,0,1.17623128,2.55,0,3.44,1,0,0,6,0,1,0.222891,-0.298323,3,2,0,0,0,,,,
763,15,18,1.470641804,1.00936294,0.895913447,1.317550597,5,0.99036697,2.55,0,3.04,2,0,0,5,5,2,0.228405,-0.277808,4,3,15,0.26666667,0,,,,
763,16,15,1.437258746,1.021505861,0.788908148,1.133819887,6,0.95706497,3.44,1,2.55,0,0,0,6,5,1,-0.303095,0.228405,2,4,15,0.26666667,1,,,,
763,0,16,1.354054398,0.962369864,0.753742321,1.020613997,6,1.16243773,2.55,0,3.44,1,1,0,6,6,1,0.157645,-0.303095,3,2,15,0.26666667,0,,,,
763,52,55,1.538573565,1.006919872,0.697955678,1.073879917,0,1.10943973,2.55,0,2.55,0,0,0,0,0,0,0.150991,0.170631,2,2,0,0,0,,,,
763,27,45,1.533965958,1.003904423,0.697011301,1.069192468,0,1.09638495,2.55,0,2.55,0,0,0,0,0,0,0.147054,0.04871,2,2,0,0,0,,,,
763,45,48,1.52903654,1.000678364,0.715249619,1.093652723,0,0.95731772,2.55,0,2.55,0,0,0,0,0,0,0.04871,0.063247,2,3,0,0,0,,,,
763,36,35,1.527142122,0.999438562,0.849376378,1.297115114,0,1.14046024,2.55,0,2.55,0,0,0,0,0,0,0.012809,0.0659,1,2,0,0,0,,,,
763,35,32,1.514536431,0.991188764,0.741063641,1.122376733,0,1.02035585,2.55,0,2.55,0,0,1,0,6,0,0.0659,-0.063642,2,3,0,0,0,,,,
763,79,80,1.507677136,0.986699696,0.835278078,1.259323716,0,1.04168296,2.55,0,2.55,0,0,0,0,0,0,0.144143,0.043546,3,1,0,0,0,,,,
763,55,58,1.46808184,1.00760593,0.825583565,1.212069462,0,0.9259218,2.55,0,3.04,2,0,1,0,6,2,0.170631,-0.300123,2,3,0,0,0,,,,
763,18,27,1.45062151,0.995622176,0.772156902,1.120081567,0,0.95727468,3.04,2,2.55,0,0,0,5,0,2,-0.277808,0.147054,3,2,0,0,0,,,,
763,51,52,1.450219305,0.995346126,0.789033061,1.14429331,0,0.97861061,3.04,2,2.55,0,0,0,0,0,2,-0.180282,0.150991,2,2,0,0,0,,,,
763,74,78,1.382892982,0.98286637,0.999771534,1.382578695,0,1.01373083,2.55,0,3.44,1,1,0,6,0,1,0.250059,-0.274679,3,2,0,0,0,,,,
763,48,51,1.369205819,0.939743184,0.734608561,1.005826445,0,1.21364293,2.55,0,3.04,2,0,0,0,0,2,0.063247,-0.180282,3,2,0,0,0,,,,
763,78,79,1.368057812,0.972322538,0.728402749,0.996500243,0,1.05510062,3.44,1,2.55,0,0,0,0,0,1,-0.274679,0.144143,2,3,0,0,0,,,,
764,2,1,1.455095963,1.034183343,0.817401757,1.189368875,6,0.93217404,3.44,1,2.55,0,0,0,6,6,1,-0.334006,0.230144,2,4,10,0.3,1,,,,
764,3,2,1.360389287,0.966872272,0.737920978,1.003872428,6,1.13378701,2.55,0,3.44,1,1,0,6,6,1,0.12635,-0.334006,3,2,10,0.3,0,,,,
764,1,27,1.539014896,1.007208702,0.9659455,1.486612872,0,0.93594543,2.55,0,2.55,0,0,1,6,6,0,0.230144,0.027611,4,3,0,0,0,,,,
764,38,52,1.518263805,0.993628145,0.650418916,0.987503979,0,1.04325814,2.55,0,2.55,0,0,0,0,0,0,0.181118,0.229241,2,2,0,0,0,,,,
764,47,46,1.509660963,0.987998013,0.844944681,1.275579997,0,1.04518328,2.55,0,2.55,0,0,0,0,0,0,0.049205,0.125343,1,3,0,0,0,,,,
764,60,61,1.509046053,0.987595584,0.844896805,1.275017107,0,1.04448087,2.55,0,2.55,0,0,0,0,0,0,0.11862,0.05117,3,1,0,0,0,,,,
764,40,9,1.506338133,0.985823386,0.71411042,1.075708837,0,0.98131763,2.55,0,2.55,0,0,1,0,6,0,0.326572,-0.096924,2,3,0,0,0,,,,
764,41,40,1.429591674,1.016056627,0.696387087,0.995549183,0,0.92754126,3.44,1,2.55,0,0,0,0,0,1,-0.318548,0.326572,2,2,0,0,0,,,,
764,52,57,1.429195691,1.015775189,0.67948042,0.971080056,0,0.91426401,2.55,0,3.44,1,0,0,0,0,1,0.229241,-0.328799,2,2,0,0,0,,,,
764,37,38,1.412308857,1.003773175,0.691833306,0.977125967,0,0.95474569,3.44,1,2.55,0,0,0,0,0,1,-0.319292,0.181118,2,2,0,0,0,,,,
764,32,37,1.359000536,0.965885242,0.959700184,1.3042741,0,1.11228823,2.55,0,3.44,1,1,0,6,0,1,0.2377,-0.319292,3,2,0,0,0,,,,
764,57,60,1.353311085,0.961841567,0.686246284,0.928675839,0,1.1270579,3.44,1,2.55,0,0,0,0,0,1,-0.328799,0.11862,2,3,0,0,0,,,,
764,46,41,1.350842575,0.960087118,0.686260702,0.927032903,0,1.12872087,2.55,0,3.44,1,0,0,0,0,1,0.125343,-0.318548,3,2,0,0,0,,,,
766,18,17,1.490945447,1.05966272,0.754222668,1.12448737,6,0.89012602,3.44,1,2.55,0,0,0,6,5,1,-0.309301,0.235618,2,4,15,0.26666667,1,,,,
766,17,20,1.438043988,0.986989697,0.866278748,1.245734881,5,1.03794722,2.55,0,3.04,2,0,0,5,5,2,0.235618,-0.278652,4,3,15,0.26666667,0,,,,
766,0,1,1.412131589,0.924169888,0.999186591,1.410965924,6,1.32697969,2.55,0,2.55,0,0,0,6,6,0,0.170879,0.19923,3,3,15,0.26666667,0,,,,
766,1,18,1.336711992,0.95004406,0.753045913,1.00659212,6,1.17480245,2.55,0,3.44,1,0,0,6,6,1,0.19923,-0.309301,3,2,15,0.26666667,0,,,,
766,23,30,1.532673204,1.003058379,0.687142795,1.053158788,0,1.06550757,2.55,0,2.55,0,0,0,0,0,0,0.141768,0.215952,2,2,0,0,0,,,,
766,45,46,1.5092889,0.987754516,0.844761282,1.27495968,0,1.04213784,2.55,0,2.55,0,0,0,0,0,0,0.119291,0.050326,3,1,0,0,0,,,,
766,33,28,1.503200254,0.9837698,0.838102164,1.259827152,0,1.05015214,2.55,0,2.55,0,0,0,0,0,0,0.046508,0.159473,1,3,0,0,0,,,,
766,20,23,1.449403769,0.994786389,0.851865759,1.234734496,0,0.99546601,3.04,2,2.55,0,0,0,5,0,2,-0.278652,0.141768,3,2,0,0,0,,,,
766,30,42,1.433228563,1.01864148,0.680204516,0.97488332,0,0.9082714,2.55,0,3.44,1,0,0,0,0,1,0.215952,-0.329546,2,2,0,0,0,,,,
766,27,0,1.380948949,0.981484683,0.880652653,1.216144789,0,0.97732292,3.44,1,2.55,0,0,0,0,6,1,-0.280959,0.170879,2,3,0,0,0,,,,
766,28,27,1.373956101,0.976514642,0.702142935,0.964749584,0,1.05768243,2.55,0,3.44,1,0,0,0,0,1,0.159473,-0.280959,3,2,0,0,0,,,,
766,42,45,1.35237435,0.961175799,0.688019657,0.930474704,0,1.12908286,3.44,1,2.55,0,0,0,0,0,1,-0.329546,0.119291,2,3,0,0,0,,,,
767,20,17,1.469848167,1.008818234,0.809571544,1.189934959,5,0.9705789,3.04,2,2.55,0,0,0,5,5,2,-0.287752,0.212271,3,4,15,0.4,0,,,,
767,35,59,1.530884898,1.001888022,0.712454427,1.090694378,0,0.96814604,2.55,0,2.55,0,0,0,0,0,0,0.080655,-0.028308,3,2,0,0,0,,,,
767,30,23,1.527509468,0.999678971,0.67514321,1.031288184,0,1.07615337,2.55,0,2.55,0,0,0,0,0,0,0.230458,0.15183,2,2,0,0,0,,,,
767,59,62,1.525760755,0.998534525,0.831356335,1.268495896,0,1.11616099,2.55,0,2.55,0,0,0,0,0,0,-0.028308,0.022486,2,1,0,0,0,,,,
767,45,44,1.510001794,0.988221069,0.845525373,1.276743548,0,1.04305301,2.55,0,2.55,0,0,0,0,0,0,0.050195,0.120775,1,3,0,0,0,,,,
767,23,20,1.445468583,0.992085507,0.798225121,1.153806318,0,0.95883113,2.55,0,3.04,2,0,0,0,5,2,0.15183,-0.287752,2,3,0,0,0,,,,
767,41,30,1.433607352,1.018910698,0.683419111,0.979755423,0,0.90903206,3.44,1,2.55,0,0,0,0,0,1,-0.325576,0.230458,2,2,0,0,0,,,,
767,4,34,1.410394137,0.968012448,0.999294518,1.409408512,0,1.07435837,2.55,0,3.04,2,1,0,6,0,2,0.139793,-0.057947,3,2,0,0,0,,,,
767,34,35,1.377802672,0.945643564,0.756044473,1.041675086,0,1.16106625,3.04,2,2.55,0,0,0,0,0,2,-0.057947,0.080655,2,3,0,0,0,,,,
767,44,41,1.349979452,0.959473669,0.686576651,0.926865437,0,1.13764105,2.55,0,3.44,1,0,0,0,0,1,0.120775,-0.325576,3,2,0,0,0,,,,
770,21,18,1.446551277,0.992828605,0.917327816,1.327113086,5,1.01546943,3.04,2,2.55,0,0,0,5,5,2,-0.28848,0.242762,3,4,15,0.4,0,,,,
770,36,30,1.529548219,1.001013232,0.688161961,1.052610213,0,1.06356374,2.55,0,2.55,0,0,0,0,0,0,0.189925,0.155326,2,2,0,0,0,,,,
770,5,33,1.510282209,0.988404587,0.998930601,1.508625257,0,0.98853256,2.55,0,2.55,0,0,0,6,0,0,-0.032452,0.305261,3,2,0,0,0,,,,
770,57,58,1.509425974,0.987844224,0.845095208,1.275632328,0,1.04501711,2.55,0,2.55,0,0,0,0,0,0,0.124431,0.049651,3,1,0,0,0,,,,
770,43,42,1.508928943,0.987518942,0.845883846,1.276306879,0,1.04205617,2.55,0,2.55,0,0,0,0,0,0,0.051552,0.117372,1,3,0,0,0,,,,
770,30,21,1.449043499,0.994539121,0.860912321,1.24765518,0,1.0033074,2.55,0,3.04,2,0,0,0,5,2,0.155326,-0.28848,2,3,0,0,0,,,,
770,39,36,1.43316113,1.018593553,0.680846137,0.975802685,0,0.90905439,3.44,1,2.55,0,0,0,0,0,1,-0.326327,0.189925,2,2,0,0,0,,,,
770,33,54,1.430815544,1.01692647,0.696552261,0.996636155,0,0.92818811,2.55,0,3.44,1,0,0,0,0,1,0.305261,-0.321918,2,2,0,0,0,,,,
770,54,57,1.352483514,0.961253386,0.686293448,0.928201962,0,1.12450096,3.44,1,2.55,0,0,0,0,0,1,-0.321918,0.124431,2,3,0,0,0,,,,
770,42,39,1.351598362,0.96062428,0.683932148,0.924479948,0,1.13401456,2.55,0,3.44,1,0,0,0,0,1,0.117372,-0.326327,3,2,0,0,0,,,,
771,18,19,1.470329145,1.045010054,0.724779947,1.057575548,6,0.91955708,2.55,0,3.44,1,0,0,5,6,1,0.258302,-0.320262,4,2,19,0.26315789,1,,,,
771,21,18,1.451575904,0.996277216,0.969805528,1.465674666,5,1.03138597,3.04,2,2.55,0,0,0,5,5,2,-0.292951,0.258302,3,4,19,0.26315789,0,,,,
771,19,1,1.349472261,0.959113192,0.745862,1.037590348,6,1.1558891,3.44,1,2.55,0,0,1,6,6,1,-0.320262,0.13207,2,3,19,0.26315789,0,,,,
771,34,30,1.526246603,0.998852489,0.71480227,1.104415502,0,1.06716142,2.55,0,2.55,0,0,0,0,0,0,0.22143,0.153915,2,2,0,0,0,,,,
771,41,40,1.509222361,0.987710969,0.844571789,1.261990851,0,1.04405481,2.55,0,2.55,0,0,0,0,0,0,0.051545,0.117877,1,3,0,0,0,,,,
771,53,54,1.502873454,0.983555925,0.834396298,1.251782378,0,1.0505743,2.55,0,2.55,0,0,0,0,0,0,0.156649,0.054536,3,1,0,0,0,,,,
771,30,21,1.452421126,0.996857327,0.714929638,1.063173746,0,0.94460899,2.55,0,3.04,2,0,0,0,5,2,0.153915,-0.292951,2,3,0,0,0,,,,
771,37,34,1.432028926,1.01778886,0.695506149,0.996929704,0,0.91700946,3.44,1,2.55,0,0,0,0,0,1,-0.321917,0.22143,2,2,0,0,0,,,,
771,46,52,1.385828757,0.984952919,0.791409461,1.110056174,0,0.97913672,2.55,0,3.44,1,1,0,6,0,1,0.137924,-0.292599,3,2,0,0,0,,,,
771,52,53,1.372336089,0.975363247,0.674508713,0.928761718,0,1.03960508,3.44,1,2.55,0,0,0,0,0,1,-0.292599,0.156649,2,3,0,0,0,,,,
771,40,37,1.35090268,0.960129837,0.664704547,0.914063248,0,1.13543521,2.55,0,3.44,1,0,0,0,0,1,0.117877,-0.321917,3,2,0,0,0,,,,
773,21,18,1.466314437,1.006392888,0.916776535,1.34424542,5,0.98757398,3.04,2,2.55,0,0,0,5,5,2,-0.286197,0.250002,3,4,15,0.26666667,0,,,,
773,18,19,1.439308502,1.022962688,0.781168623,1.124295817,6,0.95984434,2.55,0,3.44,1,0,0,5,6,1,0.250002,-0.296888,4,2,15,0.26666667,1,,,,
773,19,1,1.345727217,0.956451469,0.75522819,1.016296215,6,1.15262948,3.44,1,2.55,0,0,1,6,6,1,-0.296888,0.168799,2,3,15,0.26666667,0,,,,
773,36,30,1.53128822,1.002151977,0.688542404,1.054369351,0,1.06097678,2.55,0,2.55,0,0,0,0,0,0,0.216119,0.132522,2,2,0,0,0,,,,
773,43,42,1.509571599,0.987939528,0.845173944,1.275837549,0,1.04349608,2.55,0,2.55,0,0,0,0,0,0,0.051768,0.118546,1,3,0,0,0,,,,
773,49,52,1.504752024,0.984785356,0.838267498,1.261333786,0,1.04717604,2.55,0,2.55,0,0,0,0,0,0,0.156066,0.044967,3,1,0,0,0,,,,
773,30,21,1.447633559,0.99357142,0.846572565,1.225549614,0,0.97385667,2.55,0,3.04,2,0,0,0,5,2,0.132522,-0.286197,2,3,0,0,0,,,,
773,39,36,1.432795928,1.018333993,0.680172723,0.974559684,0,0.91316043,3.44,1,2.55,0,0,0,0,0,1,-0.322186,0.216119,2,2,0,0,0,,,,
773,0,48,1.384476899,0.98399211,0.891638501,1.234468397,0,0.97822984,2.55,0,3.44,1,1,0,6,0,1,0.178723,-0.283211,3,2,0,0,0,,,,
773,48,49,1.371761424,0.974954814,0.697299161,0.956496773,0,1.06720032,3.44,1,2.55,0,0,0,0,0,1,-0.283211,0.156066,2,3,0,0,0,,,,
773,42,39,1.350380906,0.959758995,0.687109709,0.927846182,0,1.13594994,2.55,0,3.44,1,0,0,0,0,1,0.118546,-0.322186,3,2,0,0,0,,,,
774,18,19,1.458667013,1.036721402,0.740599228,1.080222121,6,0.89686598,2.55,0,3.44,1,0,0,5,6,1,0.104216,-0.268141,4,2,15,0.26666667,1,,,,
774,21,18,1.436565825,0.985975172,0.874750504,1.256646252,5,1.04859571,3.04,2,2.55,0,0,0,5,5,2,-0.275983,0.104216,3,4,15,0.26666667,0,,,,
774,19,1,1.342037832,0.953829305,0.751098629,1.00802287,6,1.17762979,3.44,1,2.55,0,0,1,6,6,1,-0.268141,0.197205,2,3,15,0.26666667,0,,,,
774,28,22,1.526332451,0.998908672,0.675212876,1.030587862,0,1.06788042,2.55,0,2.55,0,0,0,0,0,0,0.227818,0.144907,2,2,0,0,0,,,,
774,35,34,1.508621913,0.987318006,0.844908007,1.274626292,0,1.04468656,2.55,0,2.55,0,0,0,0,0,0,0.051498,0.117911,1,3,0,0,0,,,,
774,41,43,1.503505154,0.983969342,0.836274193,1.257343035,0,1.04885602,2.55,0,2.55,0,0,0,0,0,0,0.151243,0.044557,3,1,0,0,0,,,,
774,22,21,1.45769822,1.000479218,0.770947051,1.123761316,0,0.94486847,2.55,0,3.04,2,0,0,0,5,2,0.144907,-0.275983,2,3,0,0,0,,,,
774,31,28,1.43023847,1.016516325,0.680587908,0.97339949,0,0.92068169,3.44,1,2.55,0,0,0,0,0,1,-0.324448,0.227818,2,2,0,0,0,,,,
774,0,40,1.377986097,0.979378889,0.900942585,1.241436831,0,0.99039951,2.55,0,3.44,1,1,0,6,0,1,0.180016,-0.281013,3,2,0,0,0,,,,
774,40,41,1.377656593,0.9791447,0.698636169,0.962497606,0,1.04996696,3.44,1,2.55,0,0,0,0,0,1,-0.281013,0.151243,2,3,0,0,0,,,,
774,34,31,1.353267315,0.961810459,0.687026653,0.929745414,0,1.12665368,2.55,0,3.44,1,0,0,0,0,1,0.117911,-0.324448,3,2,0,0,0,,,,
775,17,18,1.459221447,1.037115457,0.805136884,1.174869352,6,0.93160174,2.55,0,3.44,1,0,0,5,6,1,0.214017,-0.297425,4,2,15,0.26666667,1,,,,
775,20,17,1.447615762,0.993559205,0.880810449,1.275110566,5,1.04154502,3.04,2,2.55,0,0,0,5,5,2,-0.288961,0.214017,3,4,15,0.26666667,0,,,,
775,18,1,1.346901638,0.957286168,0.742216809,0.99972174,6,1.14727875,3.44,1,2.55,0,0,1,6,6,1,-0.297425,0.177574,2,3,15,0.26666667,0,,,,
775,33,29,1.525906097,0.998629645,0.673672219,1.027955428,0,1.06560666,2.55,0,2.55,0,0,0,0,0,0,0.230402,0.138861,2,2,0,0,0,,,,
775,40,39,1.509544609,0.987921864,0.845078443,1.275684923,0,1.0438217,2.55,0,2.55,0,0,0,0,0,0,0.050847,0.119224,1,3,0,0,0,,,,
775,46,49,1.504854203,0.984852227,0.83904215,1.262633265,0,1.04920964,2.55,0,2.55,0,0,0,0,0,0,0.153469,0.045713,3,1,0,0,0,,,,
775,29,20,1.454746327,0.99845321,0.765648012,1.113842419,0,0.94069771,2.55,0,3.04,2,0,0,0,5,2,0.138861,-0.288961,2,3,0,0,0,,,,
775,36,33,1.431372691,1.017322453,0.682041457,0.976249746,0,0.91726094,3.44,1,2.55,0,0,0,0,0,1,-0.321622,0.230402,2,2,0,0,0,,,,
775,0,45,1.385799027,0.984931789,0.892164077,1.236343846,0,0.96585565,2.55,0,3.44,1,1,0,6,0,1,0.178164,-0.282994,3,2,0,0,0,,,,
775,45,46,1.371029954,0.974434936,0.697422622,0.95617647,0,1.07367854,3.44,1,2.55,0,0,0,0,0,1,-0.282994,0.153469,2,3,0,0,0,,,,
775,39,36,1.350547706,0.959877545,0.686895208,0.927680753,0,1.13564135,2.55,0,3.44,1,0,0,0,0,1,0.119224,-0.321622,3,2,0,0,0,,,,
776,17,18,1.462140423,1.039190066,0.72499243,1.060060384,6,0.93932762,2.55,0,3.44,1,0,0,5,6,1,0.219568,-0.313642,4,2,19,0.26315789,1,,,,
776,1,0,1.447122892,0.947069955,0.998869844,1.445497566,6,1.13114673,2.55,0,2.55,0,0,0,6,6,0,0.114542,0.087046,3,3,19,0.26315789,0,,,,
776,20,17,1.442404719,0.989982649,0.890910802,1.285039343,5,1.01340307,3.04,2,2.55,0,0,0,5,5,2,-0.299939,0.219568,3,4,19,0.26315789,0,,,,
776,0,59,1.424485643,0.932255002,0.998250239,1.421967908,6,1.26441078,2.55,0,2.55,0,0,0,6,6,0,0.087046,0.116862,3,3,19,0.26315789,0,,,,
776,18,1,1.358066117,0.965221121,0.744720176,1.011386307,6,1.12828935,3.44,1,2.55,0,0,0,6,6,1,-0.313642,0.114542,2,3,19,0.26315789,0,,,,
776,32,29,1.529822527,1.001192753,0.685058447,1.048017093,0,1.07078396,2.55,0,2.55,0,0,0,0,0,0,0.198759,0.147721,2,2,0,0,0,,,,
776,39,38,1.50940183,0.987828423,0.84557816,1.276307261,0,1.04081666,2.55,0,2.55,0,0,0,0,0,0,0.050637,0.120473,1,3,0,0,0,,,,
776,56,53,1.505365075,0.985186568,0.843073959,1.269105646,0,1.04836656,2.55,0,2.55,0,0,0,0,0,0,0.151466,0.026793,3,1,0,0,0,,,,
776,29,20,1.450267754,0.995379378,0.839399983,1.217350164,0,0.98525154,2.55,0,3.04,2,0,0,0,5,2,0.147721,-0.299939,2,3,0,0,0,,,,
776,35,32,1.43395213,1.019155743,0.684333915,0.981305666,0,0.90494312,3.44,1,2.55,0,0,0,0,0,1,-0.325796,0.198759,2,2,0,0,0,,,,
776,59,52,1.388438885,0.98680802,0.824518021,1.144800362,0,0.97682561,2.55,0,3.44,1,0,0,6,0,1,0.116862,-0.281167,3,2,0,0,0,,,,
776,52,56,1.369278053,0.973189803,0.704141089,0.964154937,0,1.06956872,3.44,1,2.55,0,0,0,0,0,1,-0.281167,0.151466,2,3,0,0,0,,,,
776,38,35,1.34997986,0.959473959,0.685915358,0.92597947,0,1.14078419,2.55,0,3.44,1,0,0,0,0,1,0.120473,-0.325796,3,2,0,0,0,,,,
777,1,0,1.445353849,0.945912205,0.999731047,1.419674817,6,1.12871987,2.55,0,2.55,0,0,1,6,6,0,0.127062,0.079611,3,3,19,0.26315789,0,,,,
777,17,18,1.436319286,1.020838157,0.689661948,0.981563541,6,0.93842039,2.55,0,3.44,1,0,0,5,6,1,0.077536,-0.266128,4,2,19,0.26315789,1,,,,
777,20,17,1.435747597,0.985413587,0.913020057,1.3525608,5,1.03338477,3.04,2,2.55,0,0,0,5,5,2,-0.288108,0.077536,3,4,19,0.26315789,0,,,,
777,18,1,1.362753547,0.968552628,0.727272592,1.005122566,6,1.14638448,3.44,1,2.55,0,0,0,6,6,1,-0.266128,0.127062,2,3,19,0.26315789,0,,,,
777,24,21,1.527652928,0.999772858,0.723467761,1.11154033,0,1.06636218,2.55,0,2.55,0,0,0,0,0,0,0.226108,0.138796,2,2,0,0,0,,,,
777,31,30,1.508713786,0.987378132,0.839702816,1.257335858,0,1.0442951,2.55,0,2.55,0,0,0,0,0,0,0.050459,0.119043,1,3,0,0,0,,,,
777,48,45,1.504701432,0.984752246,0.829127936,1.243778847,0,1.04449324,2.55,0,2.55,0,0,0,0,0,0,0.137264,0.04582,3,1,0,0,0,,,,
777,21,20,1.45571798,0.999120096,0.811774754,1.186209381,0,0.95212041,2.55,0,3.04,2,0,0,0,5,2,0.138796,-0.288108,2,3,0,0,0,,,,
777,27,24,1.43052695,1.016721357,0.682028456,0.979738893,0,0.91819799,3.44,1,2.55,0,0,0,0,0,1,-0.327671,0.226108,2,2,0,0,0,,,,
777,51,44,1.38492898,0.984313419,0.787189447,1.110944571,0,1.00726474,2.55,0,3.44,1,1,0,6,0,1,0.122266,-0.286682,3,2,0,0,0,,,,
777,44,48,1.372932243,0.975786953,0.681599036,0.947573217,0,1.04884615,3.44,1,2.55,0,0,0,0,0,1,-0.286682,0.137264,2,3,0,0,0,,,,
777,30,27,1.353760973,0.962161317,0.669886437,0.91345269,0,1.12404775,2.55,0,3.44,1,0,0,0,0,1,0.119043,-0.327671,3,2,0,0,0,,,,
778,17,18,1.461262239,1.038565912,0.729956882,1.066669837,6,0.94444778,2.55,0,3.44,1,0,0,5,6,1,0.212665,-0.304427,4,2,19,0.26315789,1,,,,
778,1,0,1.447378873,0.947237482,0.999246728,1.446285639,6,1.12275737,2.55,0,2.55,0,0,0,6,6,0,0.138898,0.058736,3,3,19,0.26315789,0,,,,
778,20,17,1.443831335,0.990961795,0.891568528,1.287272651,5,1.01285441,3.04,2,2.55,0,0,0,5,5,2,-0.29728,0.212665,3,4,19,0.26315789,0,,,,
778,0,58,1.426686775,0.933695533,0.998283356,1.424224997,6,1.25758492,2.55,0,2.55,0,0,0,6,6,0,0.058736,0.156445,3,3,19,0.26315789,0,,,,
778,18,1,1.355389925,0.963319065,0.7467663,1.012162581,6,1.14278476,3.44,1,2.55,0,0,0,6,6,1,-0.304427,0.138898,2,3,19,0.26315789,0,,,,
778,32,29,1.529531029,1.001001982,0.685263678,1.048136328,0,1.06999072,2.55,0,2.55,0,0,0,0,0,0,0.193353,0.149616,2,2,0,0,0,,,,
778,39,38,1.508630579,0.987323677,0.846474329,1.277018441,0,1.04228156,2.55,0,2.55,0,0,0,0,0,0,0.050838,0.123362,1,3,0,0,0,,,,
778,55,52,1.502459434,0.98328497,0.83544077,1.255222656,0,1.04773543,2.55,0,2.55,0,0,0,0,0,0,0.140742,0.016956,3,1,0,0,0,,,,
778,29,20,1.45179298,0.996426204,0.839732592,1.219111465,0,0.98604864,2.55,0,3.04,2,0,0,0,5,2,0.149616,-0.29728,2,3,0,0,0,,,,
778,35,32,1.433933807,1.01914272,0.683016693,0.979402094,0,0.90568848,3.44,1,2.55,0,0,0,0,0,1,-0.323251,0.193353,2,2,0,0,0,,,,
778,51,55,1.381276012,0.981717137,0.716841389,0.990142926,0,1.02880653,3.44,1,2.55,0,0,0,0,0,1,-0.275218,0.140742,2,3,0,0,0,,,,
778,58,51,1.373390244,0.976112469,0.776002153,1.065763349,0,1.05146339,2.55,0,3.44,1,0,0,6,0,1,0.156445,-0.275218,3,2,0,0,0,,,,
778,38,35,1.349323387,0.959007382,0.684893847,0.924148093,0,1.14471306,2.55,0,3.44,1,0,0,0,0,1,0.123362,-0.323251,3,2,0,0,0,,,,
779,12,13,1.479019446,1.051186529,0.715298569,1.057947603,6,0.87224324,2.55,0,3.44,1,0,0,6,6,1,0.118443,-0.305812,4,2,21,0.23809524,1,,,,
779,1,0,1.446779739,0.946845379,0.998098593,1.444013628,6,1.12801901,2.55,0,2.55,0,0,0,6,6,0,0.143706,0.058902,3,3,21,0.23809524,0,,,,
779,0,44,1.42124959,0.930137166,0.996076466,1.415672214,6,1.273413,2.55,0,2.55,0,0,0,6,6,0,0.058902,0.141672,3,3,21,0.23809524,0,,,,
779,13,1,1.353628079,0.962066865,0.738734865,0.999972765,6,1.16594991,3.44,1,2.55,0,0,0,6,6,1,-0.305812,0.143706,2,3,21,0.23809524,0,,,,
779,18,16,1.527114787,0.999420672,0.683874247,1.04435589,0,1.07186794,2.55,0,2.55,0,0,0,0,0,0,0.17781,0.189731,2,2,0,0,0,,,,
779,25,24,1.509060373,0.987604956,0.84736457,1.278717314,0,1.04082014,2.55,0,2.55,0,0,0,0,0,0,0.04973,0.124406,1,3,0,0,0,,,,
779,41,38,1.503563799,0.984007722,0.841162407,1.264736178,0,1.04746997,2.55,0,2.55,0,0,0,0,0,0,0.151662,0.038666,3,1,0,0,0,,,,
779,16,15,1.446741525,0.99295918,0.824187797,1.192381709,0,0.97930585,2.55,0,3.04,2,0,0,0,7,2,0.189731,-0.359572,2,3,0,0,0,,,,
779,15,12,1.441797456,0.989565859,0.887814528,1.28004396,7,1.0810689,3.04,2,2.55,0,0,0,7,6,2,-0.359572,0.118443,3,4,21,0.23809524,0,,,,
779,21,18,1.43628839,1.020816198,0.686888565,0.98657173,0,0.90361729,3.44,1,2.55,0,0,0,0,0,1,-0.31802,0.17781,2,2,0,0,0,,,,
779,44,37,1.380744166,0.981339137,0.809099606,1.117145967,0,1.0194173,2.55,0,3.44,1,0,0,6,0,1,0.141672,-0.277292,3,2,0,0,0,,,,
779,37,41,1.37432497,0.976776809,0.713767382,0.980953879,0,1.03999532,3.44,1,2.55,0,0,0,0,0,1,-0.277292,0.151662,2,3,0,0,0,,,,
779,24,21,1.34541424,0.956229026,0.686852581,0.924106186,0,1.15754516,2.55,0,3.44,1,0,0,0,0,1,0.124406,-0.31802,3,2,0,0,0,,,,
780,20,19,1.471974098,1.046179174,0.783633919,1.153397075,6,0.90575556,3.44,1,2.55,0,0,0,6,5,1,-0.305548,0.227058,2,4,15,0.26666667,1,,,,
780,19,22,1.447824029,0.993702148,0.881075988,1.27564709,5,1.03703643,2.55,0,3.04,2,0,0,5,5,2,0.227058,-0.290942,4,3,15,0.26666667,0,,,,
780,0,1,1.407595277,0.921201097,0.999977678,1.407530041,6,1.32787831,2.55,0,2.55,0,0,0,6,6,0,0.183924,0.173989,3,3,15,0.26666667,0,,,,
780,1,20,1.339756989,0.952208236,0.754763082,1.011232528,6,1.16280114,2.55,0,3.44,1,0,0,6,6,1,0.173989,-0.305548,3,2,15,0.26666667,0,,,,
780,31,39,1.53215871,1.002721669,0.690792685,1.058392634,0,1.08717265,2.55,0,2.55,0,0,0,0,0,0,0.134391,0.230627,2,2,0,0,0,,,,
780,45,46,1.50814232,0.987004136,0.845134907,1.274589871,0,1.03878601,2.55,0,2.55,0,0,0,0,0,0,0.126825,0.049505,3,1,0,0,0,,,,
780,34,33,1.503414718,0.983910156,0.838556486,1.260710297,0,1.05161252,2.55,0,2.55,0,0,0,0,0,0,0.043946,0.15598,1,3,0,0,0,,,,
780,22,31,1.454044302,0.997971381,0.754705541,1.097353823,0,0.95385148,3.04,2,2.55,0,0,0,5,0,2,-0.290942,0.134391,3,2,0,0,0,,,,
780,39,42,1.434012824,1.01919888,0.824725885,1.182692052,0,0.91547341,2.55,0,3.44,1,0,0,0,0,1,0.230627,-0.316575,2,2,0,0,0,,,,
780,32,0,1.38235453,0.982483674,0.896631384,1.23945484,0,0.98482298,3.44,1,2.55,0,0,0,0,6,1,-0.282581,0.183924,2,3,0,0,0,,,,
780,33,32,1.375239276,0.977426636,0.697828569,0.959660064,0,1.06011014,2.55,0,3.44,1,0,0,0,0,1,0.15598,-0.282581,3,2,0,0,0,,,,
780,42,45,1.351080131,0.960255957,0.688446383,0.930163781,0,1.15151203,3.44,1,2.55,0,0,0,0,0,1,-0.316575,0.126825,2,3,0,0,0,,,,
781,21,18,1.446964166,0.993111988,0.951047772,1.376152048,5,1.03403259,3.04,2,2.55,0,0,0,5,5,2,-0.29355,0.211359,3,4,19,0.36842105,0,,,,
781,2,3,1.436416853,0.940063385,0.970723447,1.394382042,6,1.19589991,2.55,0,2.55,0,0,1,6,6,0,-0.045577,0.100234,3,3,19,0.36842105,0,,,,
781,38,30,1.532519124,1.002957542,0.690603251,1.058364962,0,1.08770858,2.55,0,2.55,0,0,0,0,0,0,0.232271,0.12754,2,2,0,0,0,,,,
781,60,61,1.528288089,1.00018854,0.703553316,1.075249119,0,0.93657749,2.55,0,2.55,0,0,0,0,0,0,0.249419,0.124672,2,3,0,0,0,,,,
781,65,66,1.519422687,0.994386575,0.837183645,1.272044909,0,1.12781477,2.55,0,2.55,0,0,0,0,0,0,0.18622,-0.028952,2,1,0,0,0,,,,
781,45,44,1.508346521,0.987137776,0.844867657,1.27436422,0,1.03832978,2.55,0,2.55,0,0,0,0,0,0,0.049701,0.126112,1,3,0,0,0,,,,
781,30,21,1.454593884,0.998348582,0.75640211,1.100265461,0,0.95004564,2.55,0,3.04,2,0,0,0,5,2,0.12754,-0.29355,2,3,0,0,0,,,,
781,64,65,1.443076052,1.025640407,0.825913256,1.191796811,0,0.8917483,3.44,1,2.55,0,0,0,0,0,1,-0.323621,0.18622,2,2,0,0,0,,,,
781,41,38,1.433827672,1.019067287,0.823297432,1.180485766,0,0.914522,3.44,1,2.55,0,0,0,0,0,1,-0.315985,0.232271,2,2,0,0,0,,,,
781,59,60,1.396998663,0.992891729,0.860820648,1.202587329,0,1.01704765,3.44,1,2.55,0,0,0,0,0,1,-0.296265,0.249419,2,2,0,0,0,,,,
781,55,59,1.365513565,0.97051426,0.740824937,1.011614102,0,1.08385626,2.55,0,3.44,1,1,0,6,0,1,0.267194,-0.296265,3,2,0,0,0,,,,
781,44,41,1.350672099,0.959965955,0.688778066,0.930310284,0,1.15244969,2.55,0,3.44,1,0,0,0,0,1,0.126112,-0.315985,3,2,0,0,0,,,,
781,61,64,1.344743644,0.955752412,0.680115865,0.914568282,0,1.16054038,2.55,0,3.44,1,0,0,0,0,1,0.124672,-0.323621,3,2,0,0,0,,,,
782,20,19,1.479035839,1.05119818,0.800721692,1.184295588,6,0.89249995,3.44,1,2.55,0,0,0,6,5,1,-0.30341,0.230311,2,4,15,0.26666667,1,,,,
782,19,22,1.445178937,0.99188671,0.880216225,1.272044544,5,1.04899369,2.55,0,3.04,2,0,0,5,5,2,0.230311,-0.288515,4,3,15,0.26666667,0,,,,
782,1,20,1.337121047,0.950334788,0.753250949,1.00716568,6,1.17900578,2.55,0,3.44,1,1,0,6,6,1,0.186654,-0.30341,3,2,15,0.26666667,0,,,,
782,31,39,1.532229251,1.002767834,0.690978647,1.058722438,0,1.08644147,2.55,0,2.55,0,0,0,0,0,0,0.128278,0.232805,2,2,0,0,0,,,,
782,45,46,1.507848516,0.986811856,0.845058282,1.274226866,0,1.03916968,2.55,0,2.55,0,0,0,0,0,0,0.126995,0.049926,3,1,0,0,0,,,,
782,34,33,1.502757781,0.983480223,0.838627189,1.260247009,0,1.05317014,2.55,0,2.55,0,0,0,0,0,0,0.04482,0.156986,1,3,0,0,0,,,,
782,22,31,1.454349432,0.998180805,0.759305807,1.10427776,0,0.95173947,3.04,2,2.55,0,0,0,5,0,2,-0.288515,0.128278,3,2,0,0,0,,,,
782,39,42,1.433788288,1.019039295,0.824640204,1.182342359,0,0.91686694,2.55,0,3.44,1,0,0,0,0,1,0.232805,-0.316564,2,2,0,0,0,,,,
782,32,0,1.381119863,0.981606157,0.893403196,1.23389596,0,0.98800922,3.44,1,2.55,0,0,1,0,6,1,-0.282376,0.174502,2,3,0,0,0,,,,
782,33,32,1.376765302,0.978511231,0.698561586,0.961744672,0,1.05497448,2.55,0,3.44,1,0,0,0,0,1,0.156986,-0.282376,3,2,0,0,0,,,,
782,42,45,1.351420517,0.96049788,0.688553829,0.930520156,0,1.15019574,3.44,1,2.55,0,0,0,0,0,1,-0.316564,0.126995,2,3,0,0,0,,,,
783,59,62,1.472241396,1.010460807,0.950500924,1.399389959,5,0.98323767,2.55,0,3.04,2,0,0,5,5,2,0.236995,-0.287688,4,3,24,0.33333333,0,,,,
783,17,18,1.458929689,1.036908094,0.82654663,1.205879231,6,0.92875655,2.55,0,3.44,1,0,0,5,6,1,0.253432,-0.31613,4,2,24,0.33333333,1,,,,
783,20,17,1.455937235,0.99927058,0.875601352,1.274771948,5,1.02595377,3.04,2,2.55,0,0,0,5,5,2,-0.291965,0.253432,3,4,24,0.33333333,0,,,,
783,1,0,1.410703014,0.923234957,0.960444764,1.354904251,6,1.26200267,2.55,0,2.55,0,0,0,6,6,0,0.098835,-0.008918,3,3,24,0.33333333,0,,,,
783,18,1,1.353151427,0.961728093,0.749953734,1.014781428,6,1.16941646,3.44,1,2.55,0,0,0,6,6,1,-0.31613,0.098835,2,3,24,0.33333333,0,,,,
783,74,75,1.534163536,1.004033727,0.696540485,1.068616523,0,1.09686496,2.55,0,2.55,0,0,0,0,0,0,0.125744,0.243184,2,2,0,0,0,,,,
783,30,29,1.53261749,1.003021918,0.693050898,1.062175403,0,1.0986061,2.55,0,2.55,0,0,0,0,0,0,0.233826,0.132255,2,2,0,0,0,,,,
783,81,82,1.50863678,0.987327736,0.847502952,1.278549481,0,1.0438447,2.55,0,2.55,0,0,0,0,0,0,0.131278,0.031079,3,1,0,0,0,,,,
783,37,36,1.506167442,0.985711677,0.844700673,1.272258448,0,1.04445048,2.55,0,2.55,0,0,0,0,0,0,0.039565,0.144426,1,3,0,0,0,,,,
783,29,20,1.450777782,0.995729431,0.770929127,1.118431094,0,0.96025223,2.55,0,3.04,2,0,0,0,5,2,0.132255,-0.291965,2,3,0,0,0,,,,
783,62,74,1.447635554,0.993572789,0.778538758,1.127044139,0,0.97051111,3.04,2,2.55,0,0,0,5,0,2,-0.287688,0.125744,3,2,0,0,0,,,,
783,75,78,1.436767867,1.021156978,0.824663126,1.184826497,0,0.903653,2.55,0,3.44,1,0,0,0,0,1,0.243184,-0.311527,2,2,0,0,0,,,,
783,33,30,1.432164392,1.01788514,0.82744003,1.185025533,0,0.91914031,3.44,1,2.55,0,0,0,0,0,1,-0.309777,0.233826,2,2,0,0,0,,,,
783,36,33,1.3478203,0.95793909,0.692481677,0.933340069,0,1.16270277,2.55,0,3.44,1,0,0,0,0,1,0.144426,-0.309777,3,2,0,0,0,,,,
783,78,81,1.347181756,0.957485256,0.696563446,0.938413397,0,1.1699935,3.44,1,2.55,0,0,0,0,0,1,-0.311527,0.131278,2,3,0,0,0,,,,
784,58,61,1.472544263,1.010668677,0.950660376,1.399906889,5,0.98233752,2.55,0,3.04,2,0,0,5,5,2,0.239988,-0.28668,4,3,24,0.33333333,0,,,,
784,17,18,1.457470761,1.035871188,0.825322366,1.202910803,6,0.93277303,2.55,0,3.44,1,0,0,5,6,1,0.252851,-0.316064,4,2,24,0.33333333,1,,,,
784,20,17,1.457277069,1.000190164,0.875648744,1.276041419,5,1.02214566,3.04,2,2.55,0,0,0,5,5,2,-0.290844,0.252851,3,4,24,0.33333333,0,,,,
784,1,0,1.410694891,0.92322964,0.960232839,1.354590488,6,1.26224796,2.55,0,2.55,0,0,0,6,6,0,0.098687,-0.007174,3,3,24,0.33333333,0,,,,
784,18,1,1.35389436,0.962256119,0.75016941,1.015640566,6,1.16605127,3.44,1,2.55,0,0,0,6,6,1,-0.316064,0.098687,2,3,24,0.33333333,0,,,,
784,73,74,1.534337917,1.004147851,0.69670555,1.068996851,0,1.0963228,2.55,0,2.55,0,0,0,0,0,0,0.124316,0.242948,2,2,0,0,0,,,,
784,30,29,1.532600213,1.003010611,0.692931186,1.061963276,0,1.09801131,2.55,0,2.55,0,0,0,0,0,0,0.233492,0.130999,2,2,0,0,0,,,,
784,80,81,1.508439226,0.987198446,0.847443429,1.278325231,0,1.04415449,2.55,0,2.55,0,0,0,0,0,0,0.131058,0.031298,3,1,0,0,0,,,,
784,37,36,1.505964288,0.985578722,0.844674109,1.272036563,0,1.04474943,2.55,0,2.55,0,0,0,0,0,0,0.03965,0.144632,1,3,0,0,0,,,,
784,29,20,1.45110091,0.995951208,0.770394127,1.117889873,0,0.95847478,2.55,0,3.04,2,0,0,0,5,2,0.130999,-0.290844,2,3,0,0,0,,,,
784,61,73,1.447598494,0.993547354,0.779894987,1.128954929,0,0.96934939,3.04,2,2.55,0,0,0,5,0,2,-0.28668,0.124316,3,2,0,0,0,,,,
784,74,77,1.436340441,1.020853192,0.824594342,1.18443322,0,0.90514667,2.55,0,3.44,1,0,0,0,0,1,0.242948,-0.311353,2,2,0,0,0,,,,
784,33,30,1.431569879,1.0174626,0.828414245,1.185929485,0,0.92069124,3.44,1,2.55,0,0,0,0,0,1,-0.309358,0.233492,2,2,0,0,0,,,,
784,36,33,1.348226819,0.958228016,0.69235814,0.933455814,0,1.16160859,2.55,0,3.44,1,0,0,0,0,1,0.144632,-0.309358,3,2,0,0,0,,,,
784,77,80,1.34758665,0.957773027,0.696371554,0.938417728,0,1.16819104,3.44,1,2.55,0,0,0,0,0,1,-0.311353,0.131058,2,3,0,0,0,,,,
785,20,19,1.474009312,1.047625666,0.794744259,1.171568024,6,0.90258318,3.44,1,2.55,0,0,0,6,5,1,-0.303034,0.22977,2,4,15,0.26666667,1,,,,
785,19,22,1.448185121,0.99394998,0.881112331,1.276014378,5,1.04005125,2.55,0,3.04,2,0,0,5,5,2,0.22977,-0.290108,4,3,15,0.26666667,0,,,,
785,1,20,1.338762378,0.951501335,0.754505362,1.010098148,6,1.16983501,2.55,0,3.44,1,1,0,6,6,1,0.171123,-0.303034,3,2,15,0.26666667,0,,,,
785,31,39,1.532031343,1.002638313,0.690734704,1.058256776,0,1.08669111,2.55,0,2.55,0,0,0,0,0,0,0.131254,0.23182,2,2,0,0,0,,,,
785,45,46,1.508173624,0.987024623,0.845115066,1.274552732,0,1.03858229,2.55,0,2.55,0,0,0,0,0,0,0.127413,0.049671,3,1,0,0,0,,,,
785,34,33,1.503654958,0.984067381,0.839216878,1.261898606,0,1.05171779,2.55,0,2.55,0,0,0,0,0,0,0.044332,0.156666,1,3,0,0,0,,,,
785,22,31,1.454262752,0.998121312,0.755842765,1.099181065,0,0.95291021,3.04,2,2.55,0,0,0,5,0,2,-0.290108,0.131254,3,2,0,0,0,,,,
785,39,42,1.434415074,1.019484772,0.823890238,1.181772122,0,0.91497422,2.55,0,3.44,1,0,0,0,0,1,0.23182,-0.317176,2,2,0,0,0,,,,
785,32,0,1.383886617,0.983572578,0.893263179,1.236191943,0,0.979318,3.44,1,2.55,0,0,1,0,6,1,-0.281451,0.197846,2,3,0,0,0,,,,
785,33,32,1.372876831,0.97574757,0.69759838,0.957707202,0,1.06802507,2.55,0,3.44,1,0,0,0,0,1,0.156666,-0.281451,3,2,0,0,0,,,,
785,42,45,1.350999027,0.960198313,0.688452308,0.930101481,0,1.15173537,3.44,1,2.55,0,0,0,0,0,1,-0.317176,0.127413,2,3,0,0,0,,,,
786,14,15,1.472083009,1.04625658,0.80377835,1.183250737,6,0.92732012,2.55,0,3.44,1,0,0,5,6,1,0.2534,-0.29354,4,2,11,0.27272727,1,,,,
786,17,14,1.444204779,0.991218105,0.885547378,1.278896578,5,1.04737782,3.04,2,2.55,0,0,0,5,5,2,-0.288595,0.2534,3,4,11,0.27272727,0,,,,
786,15,1,1.341620463,0.953532667,0.7298879,0.979231199,6,1.18479291,3.44,1,2.55,0,0,0,6,6,1,-0.29354,0.259808,2,3,11,0.27272727,0,,,,
786,27,26,1.533344819,1.003497918,0.69307226,1.062709652,0,1.09186353,2.55,0,2.55,0,0,0,0,0,0,0.22691,0.135465,2,2,0,0,0,,,,
786,34,33,1.507473764,0.986566599,0.844774175,1.27348236,0,1.03934876,2.55,0,2.55,0,0,0,0,0,0,0.05018,0.124848,1,3,0,0,0,,,,
786,52,53,1.502992606,0.983633904,0.836409772,1.257121686,0,1.04966832,2.55,0,2.55,0,0,0,0,0,0,0.149092,0.040515,3,1,0,0,0,,,,
786,1,0,1.468205951,0.960867769,0.992703093,1.457503098,0,1.01517088,2.55,0,2.55,0,0,1,6,5,0,0.259808,-0.098354,3,3,0,0,0,,,,
786,26,17,1.452538612,0.996937963,0.766628503,1.11355472,0,0.95281658,2.55,0,3.04,2,0,0,0,5,2,0.135465,-0.288595,2,3,0,0,0,,,,
786,30,27,1.432601396,1.018195733,0.823514676,1.179764783,0,0.91849565,3.44,1,2.55,0,0,0,0,0,1,-0.31653,0.22691,2,2,0,0,0,,,,
786,51,52,1.381042033,0.981550841,0.702185703,0.969747719,0,1.03832681,3.44,1,2.55,0,0,0,0,0,1,-0.284387,0.149092,2,3,0,0,0,,,,
786,44,51,1.375939458,0.977924277,0.900069127,1.238428525,0,1.02059355,2.55,0,3.44,1,1,0,6,0,1,0.169882,-0.284387,3,2,0,0,0,,,,
786,33,30,1.352389295,0.961186421,0.688940064,0.931714712,0,1.14651169,2.55,0,3.44,1,0,0,0,0,1,0.124848,-0.31653,3,2,0,0,0,,,,
787,40,41,1.4784104,1.014694853,0.726359975,1.07397449,5,1.01519171,3.04,2,2.55,0,0,0,5,5,2,-0.156317,0.079859,2,3,5,0.4,0,,,,
787,14,15,1.468877044,1.043977999,0.805787428,1.183805888,6,0.93140109,2.55,0,3.44,1,0,0,5,6,1,0.252721,-0.286205,4,2,11,0.27272727,1,,,,
787,17,14,1.446249013,0.992621148,0.885336822,1.280267563,5,1.04362569,3.04,2,2.55,0,0,0,5,5,2,-0.290215,0.252721,3,4,11,0.27272727,0,,,,
787,15,1,1.339675381,0.952150235,0.726075977,0.972695405,6,1.19435405,3.44,1,2.55,0,0,0,6,6,1,-0.286205,0.182401,2,3,11,0.27272727,0,,,,
787,0,40,1.274981829,0.875073321,0.696235048,0.887648175,5,1.85164876,2.55,0,3.04,2,0,0,5,5,2,0.136667,-0.156317,3,2,5,0.4,0,,,,
787,27,26,1.533548216,1.003631031,0.694046274,1.064299625,0,1.09418474,2.55,0,2.55,0,0,0,0,0,0,0.227193,0.139233,2,2,0,0,0,,,,
787,41,61,1.527863975,0.999910978,0.865493432,1.32235154,0,0.94405089,2.55,0,2.55,0,0,1,5,6,0,0.079859,0.037508,3,3,0,0,0,,,,
787,34,33,1.507880888,0.986833042,0.845112811,1.27433378,0,1.03844591,2.55,0,2.55,0,0,0,0,0,0,0.051004,0.121746,1,3,0,0,0,,,,
787,73,75,1.502458634,0.983284446,0.837442008,1.258254393,0,1.05256624,2.55,0,2.55,0,0,0,0,0,0,0.166746,0.049963,3,1,0,0,0,,,,
787,1,0,1.47207675,0.963401014,0.997502785,1.468420181,0,0.99388699,2.55,0,2.55,0,0,0,6,5,0,0.182401,0.136667,3,3,0,0,0,,,,
787,26,17,1.451131155,0.995971967,0.7694126,1.116618953,0,0.95666514,2.55,0,3.04,2,0,0,0,5,2,0.139233,-0.290215,2,3,0,0,0,,,,
787,30,27,1.433738221,1.019003711,0.828506524,1.187844237,0,0.91550203,3.44,1,2.55,0,0,0,0,0,1,-0.315702,0.227193,2,2,0,0,0,,,,
787,63,72,1.38836072,0.986752466,0.810487577,1.125231789,0,0.99824676,2.55,0,3.44,1,1,0,6,0,1,0.166865,-0.307542,3,2,0,0,0,,,,
787,72,73,1.378628967,0.979835797,0.699444639,0.964495201,0,1.0318485,3.44,1,2.55,0,0,0,0,0,1,-0.307542,0.166746,2,3,0,0,0,,,,
787,33,30,1.351414339,0.960493489,0.689032768,0.931170874,0,1.15038731,2.55,0,3.44,1,0,0,0,0,1,0.121746,-0.315702,3,2,0,0,0,,,,
788,19,18,1.459828508,1.037546914,0.790086574,1.153395513,6,0.93070361,3.44,1,2.55,0,0,0,6,5,1,-0.298249,0.208278,2,4,15,0.26666667,1,,,,
788,18,21,1.446591249,0.992856039,0.888370361,1.285131427,5,1.03625957,2.55,0,3.04,2,0,0,5,5,2,0.208278,-0.292372,4,3,15,0.26666667,0,,,,
788,0,1,1.422493578,0.930951295,0.999956953,1.422405184,6,1.23534562,2.55,0,2.55,0,0,0,6,6,0,0.183611,0.173819,3,3,15,0.26666667,0,,,,
788,1,19,1.346530466,0.957022364,0.743280806,1.000885112,6,1.14483652,2.55,0,3.44,1,0,0,6,6,1,0.173819,-0.298249,3,2,15,0.26666667,0,,,,
788,30,38,1.53229707,1.002812219,0.690713669,1.058380329,0,1.0855634,2.55,0,2.55,0,0,0,0,0,0,0.122962,0.234345,2,2,0,0,0,,,,
788,44,45,1.508058356,0.986949186,0.84512116,1.27450596,0,1.03902232,2.55,0,2.55,0,0,0,0,0,0,0.12726,0.049846,3,1,0,0,0,,,,
788,33,32,1.503906344,0.984231901,0.839342612,1.262281153,0,1.050931,2.55,0,2.55,0,0,0,0,0,0,0.044652,0.154845,1,3,0,0,0,,,,
788,21,30,1.455426268,0.998919882,0.754476622,1.098102777,0,0.94935536,3.04,2,2.55,0,0,0,5,0,2,-0.292372,0.122962,3,2,0,0,0,,,,
788,38,41,1.433947025,1.019152114,0.824019077,1.18158521,0,0.91508057,2.55,0,3.44,1,0,0,0,0,1,0.234345,-0.31595,2,2,0,0,0,,,,
788,31,0,1.384446295,0.983970359,0.892104819,1.235091883,0,0.9713915,3.44,1,2.55,0,0,0,0,6,1,-0.28143,0.183611,2,3,0,0,0,,,,
788,32,31,1.372496803,0.975477472,0.697358781,0.957137096,0,1.06945879,2.55,0,3.44,1,0,0,0,0,1,0.154845,-0.28143,3,2,0,0,0,,,,
788,41,44,1.350821551,0.960072175,0.688640949,0.930210693,0,1.1526473,3.44,1,2.55,0,0,0,0,0,1,-0.31595,0.12726,2,3,0,0,0,,,,
789,19,18,1.506179452,1.070490015,0.784816304,1.181916347,6,0.83549648,3.44,1,2.55,0,0,0,6,5,1,-0.284727,0.184578,2,4,15,0.26666667,1,,,,
789,0,1,1.429391235,0.935465468,0.999956827,1.429347447,6,1.20390206,2.55,0,2.55,0,0,0,6,6,0,0.187567,0.213309,3,3,15,0.26666667,0,,,,
789,18,21,1.421662274,0.975746242,0.875732521,1.245044391,5,1.10737721,2.55,0,3.04,2,0,0,5,5,2,0.184578,-0.27005,4,3,15,0.26666667,0,,,,
789,1,19,1.32282321,0.940172857,0.740295975,0.979294779,6,1.2346311,2.55,0,3.44,1,0,0,6,6,1,0.213309,-0.284727,3,2,15,0.26666667,0,,,,
789,60,61,1.523198484,0.996857647,0.844789277,1.286800623,0,1.11770992,2.55,0,2.55,0,0,0,0,0,0,0.172768,-0.021769,2,1,0,0,0,,,,
789,30,38,1.517764637,0.993301464,0.961330984,1.459016403,0,1.02557842,2.55,0,2.55,0,0,1,0,6,0,0.241733,-0.042341,2,3,0,0,0,,,,
789,33,32,1.496763071,0.979556984,0.834579105,1.249095333,0,1.06123235,2.55,0,2.55,0,0,0,0,0,0,0.045963,0.158111,1,3,0,0,0,,,,
789,21,30,1.463322451,1.004339362,0.757249604,1.108069725,0,0.95319923,3.04,2,2.55,0,0,0,5,0,2,-0.27005,0.241733,3,2,0,0,0,,,,
789,59,60,1.425807075,1.013366791,0.851651699,1.214289651,0,0.9392909,3.44,1,2.55,0,0,0,0,0,1,-0.308195,0.172768,2,2,0,0,0,,,,
789,32,31,1.399111545,0.994393422,0.705150825,0.98672574,0,0.98480088,2.55,0,3.44,1,0,0,0,0,1,0.158111,-0.272769,3,2,0,0,0,,,,
789,31,0,1.361952892,0.967983576,0.903479834,1.230421025,0,1.06387418,3.44,1,2.55,0,0,0,0,6,1,-0.272769,0.187567,2,3,0,0,0,,,,
789,53,59,1.352360755,0.961166137,0.958314713,1.295872412,0,1.14437903,2.55,0,3.44,1,1,0,6,0,1,0.229738,-0.308195,3,2,0,0,0,,,,
790,19,17,1.584711695,1.037114984,0.75218084,1.191994316,5,0.91930627,2.55,0,2.55,0,0,0,5,5,0,-0.246179,0.223438,4,4,19,0.36842105,0,,,,
790,13,19,1.522531986,0.996421457,0.723342663,1.101325334,5,0.9341939,2.55,0,2.55,0,1,0,5,5,0,0.03548,-0.246179,3,4,19,0.36842105,0,,,,
790,17,18,1.477420342,1.050049994,0.717637299,1.060237293,6,0.88804234,2.55,0,3.44,1,0,0,5,6,1,0.223438,-0.297344,4,2,19,0.36842105,1,,,,
790,18,1,1.3346587,0.948584719,0.751900731,1.003536591,6,1.18940348,3.44,1,2.55,0,0,1,6,6,1,-0.297344,0.192928,2,3,19,0.36842105,0,,,,
790,50,53,1.532037396,1.002642275,0.694788817,1.064444124,0,1.08493406,2.55,0,2.55,0,0,0,0,0,0,-0.020208,-0.020129,2,2,0,0,0,,,,
790,53,56,1.529768237,1.001157223,0.833986541,1.275816245,0,1.10888249,2.55,0,2.55,0,0,0,0,0,0,-0.020129,0.020194,2,1,0,0,0,,,,
790,35,50,1.529672501,1.001094569,0.69807522,1.067829714,0,1.07112057,2.55,0,2.55,0,0,0,0,0,0,0.041582,-0.020208,2,2,0,0,0,,,,
790,41,40,1.507580845,0.986636679,0.840267282,1.266794092,0,1.04091916,2.55,0,2.55,0,0,0,0,0,0,0.04662,0.139545,1,3,0,0,0,,,,
790,34,35,1.507414819,0.986528023,0.70313971,1.059915465,0,0.99673794,2.55,0,2.55,0,0,0,0,0,0,0.199655,0.041582,3,2,0,0,0,,,,
790,39,10,1.39801047,0.993610853,0.851935675,1.191022369,0,0.9071609,3.44,1,2.55,0,0,1,0,6,1,-0.292404,0.20614,2,3,0,0,0,,,,
790,0,33,1.379417081,0.980395935,0.893577175,1.23265545,0,0.99134496,2.55,0,3.44,1,1,0,6,0,1,0.177601,-0.276542,3,2,0,0,0,,,,
790,33,34,1.377648351,0.979138842,0.702061756,0.9672006,0,1.0714603,3.44,1,2.55,0,0,0,0,0,1,-0.276542,0.199655,2,3,0,0,0,,,,
790,40,39,1.363611877,0.96916267,0.693971585,0.946305937,0,1.10242614,2.55,0,3.44,1,0,0,0,0,1,0.139545,-0.292404,3,2,0,0,0,,,,
791,17,18,1.46040224,1.037954683,0.732683838,1.070101679,6,0.94137896,2.55,0,3.44,1,0,0,5,6,1,0.217268,-0.315165,4,2,19,0.31578947,1,,,,
791,20,17,1.442491033,0.990041889,0.881166514,1.271098407,5,1.018062,3.04,2,2.55,0,0,0,5,5,2,-0.293201,0.217268,3,4,19,0.31578947,0,,,,
791,1,0,1.439479393,0.942067666,0.999989798,1.43947851,6,1.15051399,2.55,0,2.55,0,0,1,6,6,0,0.145532,0.001288,3,3,19,0.31578947,0,,,,
791,18,1,1.355923658,0.963698406,0.738224678,1.000967269,6,1.1316332,3.44,1,2.55,0,0,0,6,6,1,-0.315165,0.145532,2,3,19,0.31578947,0,,,,
791,32,29,1.531416301,1.002235799,0.686773983,1.051740856,0,1.06362401,2.55,0,2.55,0,0,0,0,0,0,0.217779,0.137323,2,2,0,0,0,,,,
791,39,38,1.509591282,0.98795241,0.845261248,1.27600316,0,1.04310238,2.55,0,2.55,0,0,0,0,0,0,0.050859,0.119214,1,3,0,0,0,,,,
791,58,60,1.507742717,0.986742616,0.836588829,1.26137547,0,1.0382593,2.55,0,2.55,0,0,0,0,0,0,0.141368,0.041624,3,1,0,0,0,,,,
791,29,20,1.448756446,0.994342104,0.852745018,1.235443041,0,0.99321293,2.55,0,3.04,2,0,0,0,5,2,0.137323,-0.293201,2,3,0,0,0,,,,
791,35,32,1.433654844,1.018944452,0.677900496,0.971841224,0,0.90841207,3.44,1,2.55,0,0,0,0,0,1,-0.32912,0.217779,2,2,0,0,0,,,,
791,53,57,1.385970519,0.985053674,0.767914759,1.064293602,0,0.98407089,2.55,0,3.44,1,1,0,6,0,1,0.238636,-0.275065,3,2,0,0,0,,,,
791,57,58,1.365350617,0.970398449,0.717357992,0.979433661,0,1.07611943,3.44,1,2.55,0,0,0,0,0,1,-0.275065,0.141368,2,3,0,0,0,,,,
791,38,35,1.351759758,0.96073899,0.686631081,0.928145991,0,1.13136786,2.55,0,3.44,1,0,0,0,0,1,0.119214,-0.32912,3,2,0,0,0,,,,
792,17,18,1.461451451,1.038700392,0.73341209,1.071853584,6,0.94048799,2.55,0,3.44,1,0,0,5,6,1,0.217637,-0.31397,4,2,19,0.36842105,1,,,,
792,20,17,1.442257065,0.989881308,0.880680406,1.270153413,5,1.01851537,3.04,2,2.55,0,0,0,5,5,2,-0.29349,0.217637,3,4,19,0.36842105,0,,,,
792,18,1,1.355521238,0.963412394,0.738664996,1.001263811,6,1.13520662,3.44,1,2.55,0,0,1,6,6,1,-0.31397,0.149556,2,3,19,0.36842105,0,,,,
792,32,29,1.531296916,1.002157668,0.686730506,1.051580112,0,1.06342379,2.55,0,2.55,0,0,0,0,0,0,0.217507,0.137943,2,2,0,0,0,,,,
792,39,38,1.509663629,0.987999757,0.845358862,1.276210987,0,1.04317002,2.55,0,2.55,0,0,0,0,0,0,0.050756,0.119291,1,3,0,0,0,,,,
792,61,62,1.507723646,0.986730135,0.836558367,1.261296696,0,1.03706861,2.55,0,2.55,0,0,0,0,0,0,0.141495,0.040563,3,1,0,0,0,,,,
792,29,20,1.448600169,0.994234845,0.853124678,1.23582566,0,0.99380229,2.55,0,3.04,2,0,0,0,5,2,0.137943,-0.29349,2,3,0,0,0,,,,
792,35,32,1.433767769,1.019024712,0.677796987,0.971786216,0,0.90834511,3.44,1,2.55,0,0,0,0,0,1,-0.329083,0.217507,2,2,0,0,0,,,,
792,54,60,1.387229644,0.985948574,0.962216123,1.334818093,0,0.99428865,2.55,0,3.44,1,1,0,6,0,1,0.22578,-0.278422,3,2,0,0,0,,,,
792,60,61,1.367669117,0.97204628,0.714607316,0.977345147,0,1.06989284,3.44,1,2.55,0,0,0,0,0,1,-0.278422,0.141495,2,3,0,0,0,,,,
792,38,35,1.351700541,0.960696902,0.686596655,0.928065892,0,1.13163409,2.55,0,3.44,1,0,0,0,0,1,0.119291,-0.329083,3,2,0,0,0,,,,
793,20,19,1.473089846,1.046972172,0.798859473,1.176820375,6,0.9029609,3.44,1,2.55,0,0,0,6,5,1,-0.303764,0.232953,2,4,15,0.26666667,1,,,,
793,19,22,1.449534476,0.994876099,0.870980613,1.262513859,5,1.04360186,2.55,0,3.04,2,0,0,5,5,2,0.232953,-0.277592,4,3,15,0.26666667,0,,,,
793,1,20,1.338898177,0.951597851,0.754234744,1.009856164,6,1.16932649,2.55,0,3.44,1,1,0,6,6,1,0.17207,-0.303764,3,2,15,0.26666667,0,,,,
793,31,39,1.532910545,1.003213708,0.697082186,1.068562148,0,1.07795479,2.55,0,2.55,0,0,0,0,0,0,0.148786,0.038615,2,2,0,0,0,,,,
793,100,101,1.524083647,0.997436942,0.846105304,1.289528452,0,1.11668639,2.55,0,2.55,0,0,0,0,0,0,0.178021,-0.019657,2,1,0,0,0,,,,
793,39,42,1.513156464,0.990285644,0.693041467,1.048686738,0,0.98177517,2.55,0,2.55,0,0,0,0,0,0,0.038615,0.174255,2,3,0,0,0,,,,
793,34,33,1.50434277,0.98451752,0.838695698,1.261664699,0,1.04999239,2.55,0,2.55,0,0,0,0,0,0,0.043924,0.155766,1,3,0,0,0,,,,
793,57,75,1.496020158,0.979070784,0.973102896,1.455790411,0,0.98620802,2.55,0,2.55,0,1,0,6,0,0,-0.006165,0.016519,3,3,0,0,0,,,,
793,74,81,1.493832259,0.977638913,0.973128358,1.453675949,0,0.99290671,2.55,0,2.55,0,0,1,0,6,0,0.040754,-0.012232,3,3,0,0,0,,,,
793,22,31,1.455621074,0.999053586,0.759402543,1.105399258,0,0.95727958,3.04,2,2.55,0,0,0,5,0,2,-0.277592,0.148786,3,2,0,0,0,,,,
793,99,100,1.421616963,1.010388744,0.847774155,1.205209942,0,0.95366761,3.44,1,2.55,0,0,0,0,0,1,-0.313673,0.178021,2,2,0,0,0,,,,
793,45,46,1.391997917,0.989337539,0.964888564,1.343117194,0,0.94439643,3.44,1,2.55,0,0,1,0,6,1,-0.280353,0.210402,2,3,0,0,0,,,,
793,32,0,1.383995115,0.983649691,0.895418468,1.239235113,0,0.97862549,3.44,1,2.55,0,0,1,0,6,1,-0.282177,0.199473,2,3,0,0,0,,,,
793,33,32,1.372533072,0.97550325,0.697918462,0.957911881,0,1.0685529,2.55,0,3.44,1,0,0,0,0,1,0.155766,-0.282177,3,2,0,0,0,,,,
793,75,74,1.371507019,0.897583128,0.765629586,1.050048858,0,1.75632676,2.55,0,2.55,0,0,0,0,0,0,0.016519,0.040754,3,3,0,0,0,,,,
793,42,45,1.36349034,0.96907629,0.707207819,0.964252201,0,1.10916918,2.55,0,3.44,1,0,0,0,0,1,0.174255,-0.280353,3,2,0,0,0,,,,
793,79,99,1.358088458,0.965237,0.958871661,1.302235341,0,1.1238056,2.55,0,3.44,1,1,0,6,0,1,0.234727,-0.313673,3,2,0,0,0,,,,
794,20,18,1.593383164,1.042790029,0.764716884,1.218520206,5,0.90841031,2.55,0,2.55,0,0,0,5,5,0,-0.224529,0.219934,4,4,19,0.42105263,0,,,,
794,14,20,1.522585567,0.996456523,0.723643626,1.101734603,5,0.93102666,2.55,0,2.55,0,1,0,5,5,0,0.063224,-0.224529,3,4,19,0.42105263,0,,,,
794,18,19,1.459592222,1.037378978,0.778113189,1.136270227,6,0.94552616,2.55,0,3.44,1,0,0,5,6,1,0.219934,-0.311492,4,2,19,0.42105263,1,,,,
794,19,1,1.354475104,0.962668873,0.755641972,1.023904577,6,1.09536129,3.44,1,2.55,0,0,1,6,6,1,-0.311492,0.196863,2,3,19,0.42105263,0,,,,
794,52,53,1.544328089,1.010685922,0.883908174,1.364703669,0,1.07799454,2.55,0,2.55,0,0,0,0,0,0,0.080205,-0.014795,2,2,0,0,0,,,,
794,42,41,1.542847608,1.009717021,0.704470648,1.086210165,0,1.07389727,2.55,0,2.55,0,0,0,0,0,0,-0.037242,0.07823,2,2,0,0,0,,,,
794,45,42,1.528707339,1.000462918,0.830390143,1.269728554,0,1.10620514,2.55,0,2.55,0,0,0,0,0,0,0.020722,-0.037242,1,2,0,0,0,,,,
794,53,56,1.52827717,1.000181394,0.836592937,1.279032884,0,1.10193877,2.55,0,2.55,0,0,0,0,0,0,-0.014795,-0.000201,2,1,0,0,0,,,,
794,38,52,1.463584654,0.95784336,0.922293028,1.349608623,0,1.06369971,2.55,0,2.55,0,0,0,0,0,0,-0.14007,0.080205,2,2,0,0,0,,,,
794,41,40,1.463188259,0.957583939,0.921655895,1.348399346,0,1.05162732,2.55,0,2.55,0,0,0,0,0,0,0.07823,-0.129366,2,2,0,0,0,,,,
794,39,11,1.432297237,0.937367301,0.941887374,1.349251092,0,0.91267438,2.55,0,2.55,0,0,1,0,6,0,-0.021136,-0.012374,2,3,0,0,0,,,,
794,6,37,1.432022075,0.937187222,0.938860985,1.344430321,0,0.93331239,2.55,0,2.55,0,1,0,6,0,0,-0.008596,-0.006025,3,2,0,0,0,,,,
794,40,39,1.217543111,0.796821408,0.999942928,1.217316934,0,2.46197506,2.55,0,2.55,0,0,0,0,0,0,-0.129366,-0.021136,2,2,0,0,0,,,,
794,37,38,1.217187921,0.796588954,0.999959049,1.217132888,0,2.47014832,2.55,0,2.55,0,0,0,0,0,0,-0.006025,-0.14007,2,2,0,0,0,,,,
795,17,19,1.587641007,1.039032072,0.649665581,1.031446035,5,0.91927814,2.55,0,2.55,0,0,0,5,5,0,0.217162,-0.271072,4,4,19,0.36842105,0,,,,
795,19,13,1.523036566,0.99675168,0.722179965,1.099897079,5,0.92411182,2.55,0,2.55,0,0,1,5,5,0,-0.271072,0.026896,4,3,19,0.36842105,0,,,,
795,18,17,1.439021209,1.0227585,0.743491035,1.069884341,6,0.9496461,3.44,1,2.55,0,0,0,6,5,1,-0.288953,0.217162,2,4,19,0.36842105,1,,,,
795,1,18,1.343088669,0.954576169,0.753030131,1.011370348,6,1.17257294,2.55,0,3.44,1,1,0,6,6,1,0.198798,-0.288953,3,2,19,0.36842105,0,,,,
795,55,56,1.514275174,0.991017784,0.819157769,1.240428376,0,1.1084339,2.55,0,2.55,0,0,0,0,0,0,0.1763,-0.001757,2,1,0,0,0,,,,
795,48,47,1.513659949,0.99061515,0.818327555,1.238665094,0,1.10966841,2.55,0,2.55,0,0,0,0,0,0,-0.00332,0.171304,1,2,0,0,0,,,,
795,47,35,1.442346374,1.025121801,0.687757035,0.991996448,0,0.88651081,2.55,0,3.44,1,0,0,0,0,1,0.171304,-0.283414,2,2,0,0,0,,,,
795,41,55,1.438617544,1.022471602,0.685956556,0.986842747,0,0.89651194,3.44,1,2.55,0,0,0,0,0,1,-0.290997,0.1763,2,2,0,0,0,,,,
795,10,39,1.394027544,0.990780059,0.768779925,1.071704961,0,0.95213755,2.55,0,3.44,1,1,0,6,0,1,0.204294,-0.257693,3,2,0,0,0,,,,
795,33,0,1.380690853,0.981301246,0.890655382,1.229723222,0,0.99484849,3.44,1,2.55,0,0,1,0,6,1,-0.252964,0.156177,2,3,0,0,0,,,,
795,34,33,1.358999372,0.965884415,0.693504132,0.942477602,0,1.09539882,2.55,0,3.44,1,0,0,0,0,1,0.341949,-0.252964,3,2,0,0,0,,,,
795,39,40,1.347691788,0.957847752,0.707222032,0.953116337,0,1.13477256,3.44,1,2.55,0,0,0,0,0,1,-0.257693,0.313233,2,3,0,0,0,,,,
795,40,41,1.334031506,0.948138953,0.675835273,0.901597555,0,1.1985863,2.55,0,3.44,1,0,0,0,0,1,0.313233,-0.290997,3,2,0,0,0,,,,
795,35,34,1.325428609,0.942024597,0.67578757,0.895711165,0,1.22363737,3.44,1,2.55,0,0,0,0,0,1,-0.283414,0.341949,2,3,0,0,0,,,,
796,6,4,1.473726411,0.964480636,0.97489372,1.436720746,6,1.05087471,2.55,0,2.55,0,0,0,6,6,0,0.175805,-0.025147,3,3,23,0.30434783,0,,,,
796,10,6,1.41162198,0.923836375,0.999996787,1.411626265,6,1.34577484,2.55,0,2.55,0,0,0,6,6,0,0.080105,0.175805,3,3,23,0.30434783,0,,,,
796,40,38,1.506694096,0.986056346,0.840347728,1.266143736,0,1.04582666,2.55,0,2.55,0,0,0,0,0,0,0.04602,0.147564,1,3,0,0,0,,,,
796,48,47,1.502091259,0.983044018,0.838204075,1.259060863,0,1.04829318,2.55,0,2.55,0,0,0,0,0,0,0.132367,0.041137,3,1,0,0,0,,,,
796,37,10,1.39839131,0.993881528,0.831670554,1.16300038,0,0.93690965,3.44,1,2.55,0,0,0,0,6,1,-0.307652,0.080105,2,3,0,0,0,,,,
796,34,50,1.383455806,0.983266387,0.78036586,1.07960987,0,1.02913732,2.55,0,3.44,1,1,0,6,0,1,0.148454,-0.291533,3,2,0,0,0,,,,
796,50,48,1.379774676,0.980650089,0.710083179,0.979741017,0,1.03858565,3.44,1,2.55,0,0,0,0,0,1,-0.291533,0.132367,2,3,0,0,0,,,,
796,38,37,1.3698252,0.973578678,0.697934493,0.956055769,0,1.05982649,2.55,0,3.44,1,0,0,0,0,1,0.147564,-0.307652,3,2,0,0,0,,,,
797,6,4,1.47082963,0.962584837,0.974814168,1.433789415,6,1.02839744,2.55,0,2.55,0,0,0,6,6,0,0.175526,-0.051086,3,3,23,0.34782609,0,,,,
797,10,6,1.409844263,0.922672947,0.999984411,1.40979784,6,1.35281881,2.55,0,2.55,0,0,0,6,6,0,0.084006,0.175526,3,3,23,0.34782609,0,,,,
797,40,38,1.504302741,0.984491323,0.840236851,1.263957105,0,1.05436728,2.55,0,2.55,0,0,0,0,0,0,0.055004,0.148918,1,3,0,0,0,,,,
797,46,47,1.5035461,0.983996139,0.84115481,1.264722487,0,1.05197792,2.55,0,2.55,0,0,0,0,0,0,0.158149,0.042833,3,1,0,0,0,,,,
797,37,10,1.397203922,0.993037613,0.861776077,1.204068806,0,0.94291139,3.44,1,2.55,0,0,0,0,6,1,-0.309694,0.084006,2,3,0,0,0,,,,
797,32,48,1.39124424,0.988801876,0.859088268,1.195179234,0,0.93022335,2.55,0,3.44,1,1,0,6,0,1,0.198433,-0.286452,3,2,0,0,0,,,,
797,38,37,1.371957696,0.975094311,0.698247521,0.95797902,0,1.05094453,2.55,0,3.44,1,0,0,0,0,1,0.148918,-0.309694,3,2,0,0,0,,,,
797,48,46,1.368078811,0.972337463,0.700389146,0.958185098,0,1.09015436,3.44,1,2.55,0,0,0,0,0,1,-0.286452,0.158149,2,3,0,0,0,,,,
798,4,6,1.475612956,0.965715285,0.974368445,1.437798423,6,1.03711424,2.55,0,2.55,0,0,0,6,6,0,-0.033457,0.166584,3,3,23,0.39130435,0,,,,
798,6,10,1.412199864,0.924214571,0.999987438,1.412174325,6,1.35779122,2.55,0,2.55,0,0,0,6,6,0,0.166584,0.098919,3,3,23,0.39130435,0,,,,
798,37,36,1.508546257,0.987268493,0.836353147,1.261681767,0,1.03726588,2.55,0,2.55,0,0,0,0,0,0,0.040249,0.143643,1,3,0,0,0,,,,
798,44,46,1.50745908,0.98655699,0.837102141,1.261901249,0,1.03890251,2.55,0,2.55,0,0,0,0,0,0,0.138691,0.038735,3,1,0,0,0,,,,
798,10,43,1.394107941,0.990837201,0.798662027,1.113414396,0,0.95362549,2.55,0,3.44,1,0,0,6,0,1,0.098919,-0.312851,3,2,0,0,0,,,,
798,35,30,1.387585651,0.9862016,0.963445951,1.336868391,0,0.9848874,3.44,1,2.55,0,0,1,0,6,1,-0.280653,0.2322,2,3,0,0,0,,,,
798,43,44,1.374960556,0.97722854,0.70208378,0.965329216,0,1.0461422,3.44,1,2.55,0,0,0,0,0,1,-0.312851,0.138691,2,3,0,0,0,,,,
798,36,35,1.365614075,0.970585697,0.721123888,0.984772479,0,1.07222106,2.55,0,3.44,1,0,0,0,0,1,0.143643,-0.280653,3,2,0,0,0,,,,
799,2,1,1.441448615,1.024483735,0.829865967,1.196206532,6,0.94211419,3.44,1,2.55,0,0,0,6,6,1,-0.318824,0.189418,2,4,10,0.3,1,,,,
799,9,3,1.430520768,0.936204691,0.999788206,1.430215151,6,1.24027065,2.55,0,2.55,0,0,0,6,6,0,0.223473,0.121348,3,3,10,0.3,0,,,,
799,3,2,1.357182983,0.964593449,0.736184925,0.999133459,6,1.11699031,2.55,0,3.44,1,0,0,6,6,1,0.121348,-0.318824,3,2,10,0.3,0,,,,
799,1,46,1.554760969,1.017513723,0.749173817,1.164809485,0,0.92527636,2.55,0,2.55,0,0,1,6,6,0,0.189418,0.067938,4,3,0,0,0,,,,
799,21,20,1.518237138,0.993610692,0.651273945,0.98878252,0,1.04149989,2.55,0,2.55,0,0,0,0,0,0,0.23216,0.179713,2,2,0,0,0,,,,
799,28,27,1.508900008,0.987500005,0.844809496,1.274745068,0,1.0444244,2.55,0,2.55,0,0,0,0,0,0,0.051312,0.11874,1,3,0,0,0,,,,
799,59,58,1.507548853,0.986615742,0.837838079,1.263082544,0,1.04172138,2.55,0,2.55,0,0,0,0,0,0,0.140643,0.044049,3,1,0,0,0,,,,
799,24,21,1.429800397,1.016204973,0.678450369,0.970055401,0,0.91398357,3.44,1,2.55,0,0,0,0,0,1,-0.330339,0.23216,2,2,0,0,0,,,,
799,20,19,1.412392015,1.003832278,0.689834165,0.974298681,0,0.95051455,2.55,0,3.44,1,0,0,0,0,1,0.179713,-0.311785,2,2,0,0,0,,,,
799,47,60,1.395468826,0.991804425,0.794724961,1.108979648,0,0.92767119,2.55,0,3.44,1,1,0,6,0,1,0.150732,-0.315322,3,2,0,0,0,,,,
799,60,59,1.372495089,0.975476254,0.70394213,0.966131881,0,1.04519322,3.44,1,2.55,0,0,0,0,0,1,-0.315322,0.140643,2,3,0,0,0,,,,
799,19,9,1.358311858,0.965395777,0.723948388,0.983364246,0,1.14068949,3.44,1,2.55,0,0,0,0,6,1,-0.311785,0.223473,2,3,0,0,0,,,,
799,27,24,1.35357443,0.962028735,0.686332194,0.929012472,0,1.12532069,2.55,0,3.44,1,0,0,0,0,1,0.11874,-0.330339,3,2,0,0,0,,,,
800,2,1,1.441874782,1.024786626,0.829711871,1.196343294,6,0.94183123,3.44,1,2.55,0,0,0,6,6,1,-0.313334,0.182387,2,4,10,0.3,1,,,,
800,9,3,1.431530718,0.936865653,0.999823612,1.431258089,6,1.23696196,2.55,0,2.55,0,0,0,6,6,0,0.221594,0.125735,3,3,10,0.3,0,,,,
800,3,2,1.355138537,0.963140396,0.734317044,0.99511073,6,1.12627792,2.55,0,3.44,1,0,0,6,6,1,0.125735,-0.313334,3,2,10,0.3,0,,,,
800,1,46,1.544217657,1.01061365,0.740682842,1.143758139,0,0.93261716,2.55,0,2.55,0,0,0,6,6,0,0.182387,0.02575,4,3,0,0,0,,,,
800,21,20,1.518270609,0.993632598,0.65101583,0.988420673,0,1.04189338,2.55,0,2.55,0,0,0,0,0,0,0.232441,0.178958,2,2,0,0,0,,,,
800,28,27,1.50898709,0.987556996,0.844780537,1.274761515,0,1.04415701,2.55,0,2.55,0,0,0,0,0,0,0.050984,0.118848,1,3,0,0,0,,,,
800,59,58,1.507718155,0.986726541,0.837827148,1.263192796,0,1.03726656,2.55,0,2.55,0,0,0,0,0,0,0.138358,0.043381,3,1,0,0,0,,,,
800,24,21,1.429857854,1.016245809,0.678515933,0.97017682,0,0.91340368,3.44,1,2.55,0,0,0,0,0,1,-0.330484,0.232441,2,2,0,0,0,,,,
800,20,19,1.411982805,1.003541439,0.689745839,0.97390813,0,0.95209772,2.55,0,3.44,1,0,0,0,0,1,0.178958,-0.30833,2,2,0,0,0,,,,
800,48,60,1.390908803,0.98856347,0.945690854,1.315353667,0,0.95154507,2.55,0,3.44,1,0,0,6,0,1,0.21022,-0.285411,3,2,0,0,0,,,,
800,60,59,1.36597536,0.970842473,0.706944125,0.965671028,0,1.08461856,3.44,1,2.55,0,0,0,0,0,1,-0.285411,0.138358,2,3,0,0,0,,,,
800,19,9,1.357168909,0.964583446,0.72367844,0.982150273,0,1.15168341,3.44,1,2.55,0,0,0,0,6,1,-0.30833,0.221594,2,3,0,0,0,,,,
800,27,24,1.353501924,0.961977202,0.686450449,0.929106753,0,1.12550263,2.55,0,3.44,1,0,0,0,0,1,0.118848,-0.330484,3,2,0,0,0,,,,
801,17,20,1.464956342,1.00546077,0.897425447,1.314642022,5,1.0024334,2.55,0,3.04,2,0,0,5,5,2,0.213598,-0.289707,4,3,15,0.26666667,0,,,,
801,18,17,1.441716607,1.024674206,0.779330813,1.123632732,6,0.94627799,3.44,1,2.55,0,0,0,6,5,1,-0.291179,0.213598,2,4,15,0.26666667,1,,,,
801,1,18,1.344477941,0.955563569,0.754109707,1.013860095,6,1.1704607,2.55,0,3.44,1,1,0,6,6,1,0.198454,-0.291179,3,2,15,0.26666667,0,,,,
801,63,64,1.537586037,1.006273584,0.845060039,1.299344006,0,1.09670142,2.55,0,2.55,0,0,0,0,0,0,0.104894,-0.010364,2,1,0,0,0,,,,
801,29,46,1.527242039,0.999503952,0.674738015,1.030482151,0,1.07492691,2.55,0,2.55,0,0,0,0,0,0,0.151784,0.247821,2,2,0,0,0,,,,
801,53,54,1.51362984,0.990595445,0.897436379,1.358391566,0,0.92692807,2.55,0,2.55,0,0,0,0,5,0,0.222071,-0.06425,3,3,0,0,0,,,,
801,40,34,1.502684469,0.983432244,0.839486451,1.261476462,0,1.05356119,2.55,0,2.55,0,0,0,0,0,0,0.044297,0.16031,1,3,0,0,0,,,,
801,62,63,1.500393734,0.981933072,0.991477215,1.487599274,0,1.09595982,2.55,0,2.55,0,0,0,5,0,0,-0.067671,0.104894,3,2,0,0,0,,,,
801,20,29,1.448723146,0.994319249,0.761960544,1.103886024,0,0.9523769,3.04,2,2.55,0,0,0,5,0,2,-0.289707,0.151784,3,2,0,0,0,,,,
801,46,49,1.42993896,1.016303454,0.681886588,0.975079569,0,0.91040669,2.55,0,3.44,1,0,0,0,0,1,0.247821,-0.318382,2,2,0,0,0,,,,
801,33,0,1.382800283,0.982800485,0.878166131,1.214343494,0,0.97976519,3.44,1,2.55,0,0,1,0,6,1,-0.279199,0.167228,2,3,0,0,0,,,,
801,34,33,1.372841949,0.975722779,0.695793599,0.955208361,0,1.06557513,2.55,0,3.44,1,0,0,0,0,1,0.16031,-0.279199,3,2,0,0,0,,,,
801,49,53,1.349586162,0.959194145,0.686349057,0.926271007,0,1.16890728,3.44,1,2.55,0,0,0,0,0,1,-0.318382,0.222071,2,3,0,0,0,,,,
802,15,18,1.469323872,1.008458388,0.922918772,1.356068412,5,0.95792848,2.55,0,3.04,2,0,0,5,5,2,0.220726,-0.270945,4,3,15,0.26666667,0,,,,
802,16,15,1.429446143,1.015953193,0.79009576,1.129377102,6,0.97797647,3.44,1,2.55,0,0,0,6,5,1,-0.29617,0.220726,2,4,15,0.26666667,1,,,,
802,1,16,1.349493023,0.959127948,0.754462487,1.018147318,6,1.13899584,2.55,0,3.44,1,1,0,6,6,1,0.185613,-0.29617,3,2,15,0.26666667,0,,,,
802,27,42,1.530632675,1.001722955,0.687144516,1.051777207,0,1.06315091,2.55,0,2.55,0,0,0,0,0,0,0.123873,0.217528,2,2,0,0,0,,,,
802,49,50,1.508154119,0.987011858,0.844757046,1.27403428,0,1.04540478,2.55,0,2.55,0,0,0,0,0,0,0.121139,0.051552,3,1,0,0,0,,,,
802,37,32,1.503621928,0.984045764,0.838009651,1.260064853,0,1.04907922,2.55,0,2.55,0,0,0,0,0,0,0.046531,0.154623,1,3,0,0,0,,,,
802,18,27,1.451196961,0.996017132,0.850092111,1.233640143,0,0.96067427,3.04,2,2.55,0,0,0,5,0,2,-0.270945,0.123873,3,2,0,0,0,,,,
802,42,45,1.429683523,1.016121907,0.677944839,0.969246625,0,0.92234896,2.55,0,3.44,1,0,0,0,0,1,0.217528,-0.324905,2,2,0,0,0,,,,
802,31,0,1.381583031,0.981935346,0.893560665,1.234523741,0,0.98354047,3.44,1,2.55,0,0,1,0,6,1,-0.279631,0.172509,2,3,0,0,0,,,,
802,32,31,1.373033604,0.975858993,0.698723842,0.959378804,0,1.06205429,2.55,0,3.44,1,0,0,0,0,1,0.154623,-0.279631,3,2,0,0,0,,,,
802,45,49,1.354568302,0.962735111,0.686211753,0.929519872,0,1.12133722,3.44,1,2.55,0,0,0,0,0,1,-0.324905,0.121139,2,3,0,0,0,,,,
803,20,17,1.476547216,1.013416071,0.957760731,1.41417234,5,0.95569855,3.04,2,2.55,0,0,0,5,5,2,-0.292979,0.206027,3,4,15,0.26666667,0,,,,
803,17,18,1.418335581,1.008056561,0.812152516,1.151898553,6,1.00871325,2.55,0,3.44,1,0,0,5,6,1,0.206027,-0.281296,4,2,15,0.26666667,1,,,,
803,18,1,1.361722111,0.967819553,0.740436102,1.008280945,6,1.11534122,3.44,1,2.55,0,0,1,6,6,1,-0.281296,0.131489,2,3,15,0.26666667,0,,,,
803,35,29,1.548226634,1.013237326,0.714877155,1.106783711,0,1.07806517,2.55,0,2.55,0,0,0,0,0,0,0.180679,0.138463,2,2,0,0,0,,,,
803,85,84,1.516889125,0.992728485,0.822940961,1.248309284,0,1.10314381,2.55,0,2.55,0,0,0,0,0,0,0.022291,0.147952,1,2,0,0,0,,,,
803,101,102,1.516266391,0.992320936,0.849283955,1.287766222,0,1.08527255,2.55,0,2.55,0,0,0,0,0,0,0.217151,0.196676,2,2,0,0,0,,,,
803,72,71,1.513825945,0.990723786,0.98620236,1.49294827,0,0.98279708,2.55,0,2.55,0,1,0,6,0,0,-0.047425,0.268408,3,2,0,0,0,,,,
803,108,109,1.508110346,0.98698321,0.844503501,1.273618213,0,1.04581649,2.55,0,2.55,0,0,0,0,0,0,0.122727,0.042964,3,1,0,0,0,,,,
803,46,44,1.470739725,0.962525998,0.801730816,1.179141204,0,1.03281383,2.55,0,2.55,0,1,1,6,5,0,0.126328,0.020616,3,3,0,0,0,,,,
803,38,35,1.452760689,0.997090383,0.863095584,1.253888341,0,0.93659612,3.04,2,2.55,0,1,0,5,0,2,-0.16987,0.180679,3,2,0,0,0,,,,
803,29,20,1.441090855,0.989080889,0.850682588,1.225928755,0,0.99842754,2.55,0,3.04,2,0,0,0,5,2,0.138463,-0.292979,2,3,0,0,0,,,,
803,102,105,1.430771836,1.016895406,0.69651179,0.996552506,0,0.92363436,2.55,0,3.44,1,0,0,0,0,1,0.196676,-0.322742,2,2,0,0,0,,,,
803,84,83,1.421043421,1.009981109,0.699991832,0.994722518,0,0.94368919,2.55,0,3.44,1,0,0,0,0,1,0.147952,-0.317899,2,2,0,0,0,,,,
803,32,101,1.418591745,1.008238625,0.818983078,1.161772788,0,0.95725287,3.44,1,2.55,0,0,0,0,0,1,-0.314963,0.217151,2,2,0,0,0,,,,
803,71,70,1.410924436,1.002789222,0.710611226,1.002612875,0,0.97539836,2.55,0,3.44,1,0,0,0,0,1,0.268408,-0.312501,2,2,0,0,0,,,,
803,70,51,1.359527816,0.966259997,0.734732641,0.99888986,0,1.09584206,3.44,1,2.55,0,0,1,0,6,1,-0.312501,0.269718,2,3,0,0,0,,,,
803,0,32,1.359436902,0.966195381,0.735487588,0.999842605,0,1.14214469,2.55,0,3.44,1,1,0,6,0,1,0.203484,-0.314963,3,2,0,0,0,,,,
803,83,78,1.355530776,0.963419173,0.999750353,1.355205002,0,1.12954222,3.44,1,2.55,0,0,1,0,6,1,-0.317899,0.244951,2,3,0,0,0,,,,
803,105,108,1.355520836,0.963412108,0.687887747,0.932430571,0,1.11868668,3.44,1,2.55,0,0,0,0,0,1,-0.322742,0.122727,2,3,0,0,0,,,,
804,20,17,1.469335572,1.008466419,0.905267943,1.330148216,5,0.98667875,3.04,2,2.55,0,0,0,5,5,2,-0.284631,0.263857,3,4,15,0.26666667,0,,,,
804,17,18,1.441008333,1.024170812,0.800518919,1.153578092,6,0.95925236,2.55,0,3.44,1,0,0,5,6,1,0.263857,-0.305833,4,2,15,0.26666667,1,,,,
804,18,1,1.35410959,0.962409091,0.756276413,1.024062142,6,1.14923333,3.44,1,2.55,0,0,1,6,6,1,-0.305833,0.170637,2,3,15,0.26666667,0,,,,
804,39,29,1.538405751,1.006810046,0.705073649,1.084693926,0,1.08687446,2.55,0,2.55,0,0,0,0,0,0,0.221352,0.132107,2,2,0,0,0,,,,
804,49,48,1.53331739,1.003479967,0.701986437,1.076350447,0,1.08161551,2.55,0,2.55,0,0,0,0,0,0,-0.028015,0.02488,2,2,0,0,0,,,,
804,58,59,1.533106709,1.003342087,0.701674773,1.075741198,0,1.08254929,2.55,0,2.55,0,0,0,0,0,0,0.022788,-0.026882,2,2,0,0,0,,,,
804,57,58,1.529866848,1.001221759,0.862244009,1.319115209,0,1.08435814,2.55,0,2.55,0,0,0,0,0,0,0.050415,0.022788,2,2,0,0,0,,,,
804,48,47,1.52974429,1.001141551,0.86308727,1.320279842,0,1.08301361,2.55,0,2.55,0,0,0,0,0,0,0.02488,0.047024,2,2,0,0,0,,,,
804,64,49,1.529594053,1.001043228,0.834180993,1.275955998,0,1.11048994,2.55,0,2.55,0,0,0,0,0,0,0.013604,-0.028015,1,2,0,0,0,,,,
804,59,72,1.529517992,1.00099345,0.834508506,1.276391878,0,1.10983429,2.55,0,2.55,0,0,0,0,0,0,-0.026882,0.013868,2,1,0,0,0,,,,
804,33,37,1.526846834,0.99924531,0.675419724,1.031250344,0,1.08019307,2.55,0,2.55,0,0,0,0,0,0,0.130919,0.228324,2,2,0,0,0,,,,
804,55,57,1.517091449,0.992860896,0.705340941,1.070063833,0,0.99054626,2.55,0,2.55,0,0,0,0,0,0,0.146733,0.050415,3,2,0,0,0,,,,
804,47,46,1.515417774,0.991765559,0.704389284,1.067426247,0,0.98697495,2.55,0,2.55,0,0,0,0,0,0,0.047024,0.150412,2,3,0,0,0,,,,
804,0,33,1.511381689,0.989124142,0.840275637,1.269998773,0,1.01907107,2.55,0,2.55,0,1,0,6,0,0,-0.101776,0.130919,3,2,0,0,0,,,,
804,29,20,1.445802279,0.992314536,0.835992982,1.208702136,0,0.98994094,2.55,0,3.04,2,0,0,0,5,2,0.132107,-0.284631,2,3,0,0,0,,,,
804,42,39,1.434141013,1.019289988,0.813036253,1.166010434,0,0.91151895,3.44,1,2.55,0,0,0,0,0,1,-0.314869,0.221352,2,2,0,0,0,,,,
804,37,52,1.434091826,1.019255029,0.685547659,0.983138394,0,0.91213322,2.55,0,3.44,1,0,0,0,0,1,0.228324,-0.312829,2,2,0,0,0,,,,
804,46,42,1.352844246,0.96150977,0.689118307,0.932272089,0,1.15812378,2.55,0,3.44,1,0,0,0,0,1,0.150412,-0.314869,3,2,0,0,0,,,,
804,52,55,1.349380789,0.95904818,0.686894523,0.926891327,0,1.15964776,3.44,1,2.55,0,0,0,0,0,1,-0.312829,0.146733,2,3,0,0,0,,,,
805,20,17,1.472465529,1.010614639,0.987377687,1.467431385,5,0.97454165,3.04,2,2.55,0,0,0,5,5,2,-0.287456,0.25774,3,4,15,0.26666667,0,,,,
805,17,18,1.433010523,1.018486513,0.796815957,1.148591787,6,0.97866457,2.55,0,3.44,1,0,0,5,6,1,0.25774,-0.317766,4,2,15,0.26666667,1,,,,
805,18,1,1.364228803,0.96960114,0.73579154,1.007920548,6,1.11544731,3.44,1,2.55,0,0,1,6,6,1,-0.317766,0.143565,2,3,15,0.26666667,0,,,,
805,63,64,1.533338723,1.003493928,0.686046134,1.050074495,0,1.08223588,2.55,0,2.55,0,0,0,0,0,0,0.02393,-0.027899,2,2,0,0,0,,,,
805,54,53,1.533124688,1.003353854,0.687979735,1.054843188,0,1.08228247,2.55,0,2.55,0,0,0,0,0,0,-0.027789,0.023775,2,2,0,0,0,,,,
805,44,29,1.532430081,1.002899268,0.720415406,1.096207249,0,1.0613056,2.55,0,2.55,0,0,0,0,0,0,0.214934,0.147674,2,2,0,0,0,,,,
805,53,52,1.529980806,1.001296339,0.838061974,1.285968671,0,1.08467747,2.55,0,2.55,0,0,0,0,0,0,0.023775,0.048919,2,2,0,0,0,,,,
805,62,63,1.529684692,1.001102547,0.84958643,1.298366971,0,1.08442337,2.55,0,2.55,0,0,0,0,0,0,0.048548,0.02393,2,2,0,0,0,,,,
805,69,54,1.529566258,1.001025038,0.825392997,1.255032756,0,1.11005906,2.55,0,2.55,0,0,0,0,0,0,0.013789,-0.027789,1,2,0,0,0,,,,
805,64,77,1.529519883,1.000994688,0.824559455,1.254099527,0,1.10991032,2.55,0,2.55,0,0,0,0,0,0,-0.027899,0.013451,2,1,0,0,0,,,,
805,33,35,1.526252513,0.998856357,0.678003586,1.034865493,0,1.08167693,2.55,0,2.55,0,0,0,0,0,0,0.130933,0.2292,2,2,0,0,0,,,,
805,60,62,1.517652157,0.993227851,0.692255886,1.046336967,0,0.9886988,2.55,0,2.55,0,0,0,0,0,0,0.147687,0.048548,3,2,0,0,0,,,,
805,52,51,1.517320075,0.99301052,0.685429481,1.032520976,0,0.99025614,2.55,0,2.55,0,0,0,0,0,0,0.048919,0.147199,2,3,0,0,0,,,,
805,0,33,1.511629642,0.989286415,0.857779892,1.293967699,0,1.0237999,2.55,0,2.55,0,1,0,6,0,0,-0.098776,0.130933,3,2,0,0,0,,,,
805,29,20,1.443622248,0.99081829,0.725530299,1.065404297,0,0.99489383,2.55,0,3.04,2,0,0,0,5,2,0.147674,-0.287456,2,3,0,0,0,,,,
805,35,57,1.435925881,1.020558551,0.678486195,0.974362291,0,0.90637878,2.55,0,3.44,1,0,0,0,0,1,0.2292,-0.312616,2,2,0,0,0,,,,
805,47,44,1.435202503,1.020044423,0.690708412,0.987505216,0,0.90250871,3.44,1,2.55,0,0,0,0,0,1,-0.318607,0.214934,2,2,0,0,0,,,,
805,51,47,1.348411021,0.958358934,0.656043277,0.899900549,0,1.16041816,2.55,0,3.44,1,0,0,0,0,1,0.147199,-0.318607,3,2,0,0,0,,,,
805,57,60,1.347735071,0.957878516,0.668713091,0.911418052,0,1.16622409,3.44,1,2.55,0,0,0,0,0,1,-0.312616,0.147687,2,3,0,0,0,,,,
806,17,18,1.439660593,1.023212931,0.7723465,1.112079196,6,0.96279278,2.55,0,3.44,1,0,0,5,6,1,0.27243,-0.311086,4,2,15,0.26666667,1,,,,
806,18,1,1.355962401,0.963725942,0.756788926,1.026144786,6,1.13753848,3.44,1,2.55,0,1,0,6,6,1,-0.311086,0.153736,2,3,15,0.26666667,0,,,,
806,20,17,1.462728149,1.003931468,0.91017591,1.331149292,5,0.9920502,3.04,2,2.55,0,0,1,5,5,2,-0.295174,0.27243,3,4,15,0.26666667,0,,,,
806,43,29,1.539179642,1.00731652,0.70796297,1.089673753,0,1.07942645,2.55,0,2.55,0,0,0,0,0,0,0.222364,0.137979,2,2,0,0,0,,,,
806,109,115,1.526016653,0.998701998,0.748995449,1.142968112,0,0.97817851,2.55,0,2.55,0,0,1,0,6,0,0.226571,-0.027291,2,3,0,0,0,,,,
806,60,52,1.523157333,0.996830716,0.74657229,1.137136175,0,1.00148273,2.55,0,2.55,0,1,0,6,0,0,-0.035025,0.236882,3,2,0,0,0,,,,
806,117,107,1.521741036,0.995903819,0.961724518,1.463535464,0,1.04710845,2.55,0,2.55,0,0,1,0,6,0,0.213827,-0.001445,2,3,0,0,0,,,,
806,73,72,1.521160452,0.995523856,0.963089088,1.46503677,0,1.04426467,2.55,0,2.55,0,1,0,6,0,0,-0.020543,0.221844,3,2,0,0,0,,,,
806,72,64,1.51966371,0.994544313,0.792641688,1.204533548,0,1.0436528,2.55,0,2.55,0,0,1,0,6,0,0.221844,-0.02194,2,3,0,0,0,,,,
806,112,117,1.51935693,0.994343541,0.805339993,1.223596514,0,1.04294329,2.55,0,2.55,0,1,0,6,0,0,-0.021872,0.213827,3,2,0,0,0,,,,
806,87,86,1.511648205,0.989298564,0.866211602,1.309398111,0,1.0297958,2.55,0,2.55,0,0,0,0,0,0,0.008197,0.141135,1,3,0,0,0,,,,
806,99,97,1.511479161,0.989187932,0.865114181,1.30760391,0,1.0298864,2.55,0,2.55,0,0,0,0,0,0,0.133082,0.019017,3,1,0,0,0,,,,
806,0,34,1.505256881,0.98511576,0.868822896,1.307811571,0,1.051554,2.55,0,2.55,0,1,0,6,0,0,-0.099296,0.357011,3,2,0,0,0,,,,
806,127,109,1.447108326,0.993210931,0.862927567,1.248762469,0,1.02734396,3.04,2,2.55,0,0,0,0,0,2,-0.196816,0.226571,2,2,0,0,0,,,,
806,52,51,1.445096726,0.991830285,0.812213159,1.173727394,0,1.0061891,2.55,0,3.04,2,0,0,0,0,2,0.236882,-0.193779,2,2,0,0,0,,,,
806,29,20,1.441456104,0.989331574,0.836440961,1.205682937,0,1.0004483,2.55,0,3.04,2,0,0,0,5,2,0.137979,-0.295174,2,3,0,0,0,,,,
806,34,53,1.440101885,1.023526571,0.735097481,1.058594611,0,0.91602297,2.55,0,3.44,1,0,0,0,0,1,0.357011,-0.346736,2,2,0,0,0,,,,
806,46,43,1.43470382,1.019689993,0.822898642,1.180628227,0,0.91152838,3.44,1,2.55,0,0,0,0,0,1,-0.334829,0.222364,2,2,0,0,0,,,,
806,102,99,1.387254748,0.985966417,0.995482145,1.380939571,0,1.00768105,3.44,1,2.55,0,0,0,0,0,1,-0.266478,0.133082,2,3,0,0,0,,,,
806,86,85,1.379688991,0.98058919,0.996592705,1.374994519,0,1.03039384,2.55,0,3.44,1,0,0,0,0,1,0.141135,-0.247926,3,2,0,0,0,,,,
806,104,102,1.377238345,0.978847438,0.96655308,1.331163553,0,1.04366457,2.55,0,3.44,1,1,0,6,0,1,0.105325,-0.266478,3,2,0,0,0,,,,
806,85,80,1.375302893,0.97747185,0.965087427,1.327247308,0,1.06311025,3.44,1,2.55,0,0,1,0,6,1,-0.247926,0.12998,2,3,0,0,0,,,,
806,54,127,1.369841024,0.940179152,0.998104405,1.367269707,0,1.15812476,2.55,0,3.04,2,0,0,0,0,2,0.242942,-0.196816,3,2,0,0,0,,,,
806,51,50,1.36468886,0.936643006,0.722709452,0.986280194,0,1.17615046,3.04,2,2.55,0,0,0,0,0,2,-0.193779,0.239535,2,3,0,0,0,,,,
806,50,46,1.355806913,0.963615432,0.693508446,0.94025534,0,1.14498291,2.55,0,3.44,1,0,0,0,0,1,0.239535,-0.334829,3,2,0,0,0,,,,
806,53,54,1.35381934,0.9622028,0.701514074,0.949736,0,1.11400311,3.44,1,2.55,0,0,0,0,0,1,-0.346736,0.242942,2,3,0,0,0,,,,
807,19,17,1.589785539,1.040435562,0.651381715,1.035544837,5,0.9173124,2.55,0,2.55,0,0,0,5,5,0,-0.281071,0.221455,4,4,19,0.36842105,0,,,,
807,52,55,1.584675559,1.037091335,0.885865971,1.403769807,5,1.01559471,2.55,0,2.55,0,0,0,5,5,0,-0.041407,-0.081966,3,3,6,0.33333333,0,,,,
807,57,52,1.531171771,1.002075767,0.79150985,1.211943576,5,0.95303919,2.55,0,2.55,0,0,0,5,5,0,-0.068596,-0.041407,3,3,6,0.33333333,0,,,,
807,13,19,1.520883219,0.995342421,0.7214,1.097156525,5,0.92539827,2.55,0,2.55,0,1,0,5,5,0,0.03318,-0.281071,3,4,19,0.36842105,0,,,,
807,17,18,1.442245204,1.025049896,0.750945418,1.083034006,6,0.94655244,2.55,0,3.44,1,0,0,5,6,1,0.221455,-0.286616,4,2,19,0.36842105,1,,,,
807,18,1,1.342669402,0.954278182,0.754773609,1.01340997,6,1.1791822,3.44,1,2.55,0,0,1,6,6,1,-0.286616,0.199791,2,3,19,0.36842105,0,,,,
807,83,81,1.537289967,1.006079821,0.842257886,1.29477941,0,1.09812727,2.55,0,2.55,0,0,0,0,0,0,0.104644,-0.002191,2,1,0,0,0,,,,
807,65,67,1.537235177,1.006043964,0.841420311,1.293454518,0,1.09642656,2.55,0,2.55,0,0,0,0,0,0,-0.002772,0.10649,1,2,0,0,0,,,,
807,55,50,1.514480631,0.991152245,0.862362442,1.306042205,0,0.92456183,2.55,0,2.55,0,0,0,5,0,0,-0.081966,0.227614,3,3,0,0,0,,,,
807,34,78,1.51077115,0.988724575,0.993074053,1.500307748,0,0.95629539,2.55,0,2.55,0,0,0,0,5,0,0.237539,-0.050391,3,3,0,0,0,,,,
807,67,57,1.501201741,0.982461872,0.894203943,1.342380162,0,1.08746877,2.55,0,2.55,0,0,0,0,5,0,0.10649,-0.068596,2,3,0,0,0,,,,
807,80,83,1.500102439,0.981742434,0.833636963,1.250517086,0,1.09224092,2.55,0,2.55,0,0,0,5,0,0,-0.068491,0.104644,3,2,0,0,0,,,,
807,56,10,1.393230413,0.990213513,0.770598803,1.073634051,0,0.95155491,3.44,1,2.55,0,0,1,0,6,1,-0.291437,0.222042,2,3,0,0,0,,,,
807,0,33,1.38172985,0.982039695,0.881655356,1.218206903,0,0.97398239,2.55,0,3.44,1,1,0,6,0,1,0.175938,-0.289799,3,2,0,0,0,,,,
807,33,34,1.377181749,0.978807213,0.708427272,0.975625639,0,1.06654737,3.44,1,2.55,0,0,0,0,0,1,-0.289799,0.237539,2,3,0,0,0,,,,
807,50,56,1.365802538,0.970719643,0.710645865,0.970590008,0,1.09521509,2.55,0,3.44,1,0,0,0,0,1,0.227614,-0.291437,3,2,0,0,0,,,,
808,2,1,1.452954189,1.032661115,0.814456344,1.183397432,6,0.93992398,3.44,1,2.55,0,0,0,6,6,1,-0.326959,0.221923,2,4,14,0.35714286,1,,,,
808,3,2,1.358149165,0.965280146,0.743373792,1.009611884,6,1.13707539,2.55,0,3.44,1,1,0,6,6,1,0.153031,-0.326959,3,2,14,0.35714286,0,,,,
808,1,35,1.543368821,1.010058129,0.899232331,1.387893447,0,0.92917605,2.55,0,2.55,0,0,1,6,6,0,0.221923,0.016495,4,3,0,0,0,,,,
808,17,16,1.510095468,0.988282374,0.845544744,1.276866719,0,1.04375616,2.55,0,2.55,0,0,0,0,0,0,0.052517,0.11766,1,3,0,0,0,,,,
808,53,54,1.508680561,0.987356388,0.836894541,1.262610193,0,1.03924225,2.55,0,2.55,0,0,0,0,0,0,0.143491,0.041671,3,1,0,0,0,,,,
808,12,11,1.505028777,0.984966477,0.75894077,1.142225355,0,1.02042773,2.55,0,2.55,0,0,1,0,6,0,0.301642,-0.020237,2,3,0,0,0,,,,
808,13,12,1.439648295,1.023204189,0.69343098,0.998304896,0,0.90028693,3.44,1,2.55,0,0,0,0,0,1,-0.322186,0.301642,2,2,0,0,0,,,,
808,40,52,1.388054261,0.986534656,0.760354751,1.055434272,0,0.99171601,2.55,0,3.44,1,1,0,6,0,1,0.215332,-0.275093,3,2,0,0,0,,,,
808,52,53,1.362840364,0.968614331,0.723200415,0.985611253,0,1.07772019,3.44,1,2.55,0,0,0,0,0,1,-0.275093,0.143491,2,3,0,0,0,,,,
808,16,13,1.349914022,0.959427166,0.684759982,0.924346244,0,1.14616965,2.55,0,3.44,1,0,0,0,0,1,0.11766,-0.322186,3,2,0,0,0,,,,
809,2,1,1.45207696,1.03203764,0.816203897,1.185089806,6,0.94379729,3.44,1,2.55,0,0,0,6,6,1,-0.32573,0.224714,2,4,14,0.42857143,1,,,,
809,3,2,1.358325465,0.965405448,0.743419525,1.009801888,6,1.1368485,2.55,0,3.44,1,1,0,6,6,1,0.154078,-0.32573,3,2,14,0.42857143,0,,,,
809,1,25,1.543912686,1.010414062,0.894887516,1.381630857,0,0.92882156,2.55,0,2.55,0,0,1,6,6,0,0.224714,0.015751,4,3,0,0,0,,,,
809,43,42,1.509076608,0.987615581,0.845200582,1.275452616,0,1.0459167,2.55,0,2.55,0,0,0,0,0,0,0.049877,0.124184,1,3,0,0,0,,,,
809,53,54,1.50831658,0.987118181,0.836848748,1.262231475,0,1.0370503,2.55,0,2.55,0,0,0,0,0,0,0.142096,0.040456,3,1,0,0,0,,,,
809,41,34,1.507893565,0.986841338,0.955963517,1.441346895,0,0.98989211,2.55,0,2.55,0,0,1,0,6,0,0.301599,-0.051278,2,3,0,0,0,,,,
809,44,41,1.428102377,1.014998136,0.698905568,0.998141221,0,0.93536143,3.44,1,2.55,0,0,0,0,0,1,-0.31512,0.301599,2,2,0,0,0,,,,
809,30,56,1.388725106,0.987011447,0.766355652,1.064237192,0,0.9777841,2.55,0,3.44,1,1,0,6,0,1,0.213153,-0.2799,3,2,0,0,0,,,,
809,56,53,1.364826406,0.970025875,0.71671321,0.978164616,0,1.07762881,3.44,1,2.55,0,0,0,0,0,1,-0.2799,0.142096,2,3,0,0,0,,,,
809,42,44,1.35177522,0.960749979,0.686296152,0.927737254,0,1.12692378,2.55,0,3.44,1,0,0,0,0,1,0.124184,-0.31512,3,2,0,0,0,,,,
810,19,22,1.453662412,0.997709274,0.964036537,1.401358019,5,0.98118454,2.55,0,3.04,2,0,0,5,5,2,-0.051648,-0.288863,4,3,15,0.4,0,,,,
810,31,42,1.534987703,1.004573104,0.700382357,1.075085617,0,1.0662251,2.55,0,2.55,0,0,0,0,0,0,0.148838,0.208651,2,2,0,0,0,,,,
810,35,5,1.512283139,0.989714096,0.996420382,1.506909248,0,0.9938493,2.55,0,2.55,0,0,1,0,6,0,0.296077,-0.050382,2,3,0,0,0,,,,
810,22,31,1.448291023,0.994022665,0.855697579,1.239280157,0,0.98629185,3.04,2,2.55,0,0,0,5,0,2,-0.288863,0.148838,3,2,0,0,0,,,,
810,42,45,1.408458719,1.001036758,0.659953564,0.929519003,0,1.00229295,2.55,0,3.44,1,0,0,0,0,1,0.208651,-0.396604,2,2,0,0,0,,,,
810,36,35,1.402636133,0.996898459,0.68161122,0.956053517,0,1.03500771,3.44,1,2.55,0,0,0,0,0,1,-0.382186,0.296077,2,2,0,0,0,,,,
810,37,36,1.401930069,0.996396637,0.838262321,1.175190012,0,0.99548728,2.55,0,3.44,1,0,0,0,0,1,0.197865,-0.382186,1,2,0,0,0,,,,
810,45,48,1.401811016,0.996312023,0.837807463,1.174469421,0,1.00390746,3.44,1,2.55,0,0,0,0,0,1,-0.396604,0.193785,2,1,0,0,0,,,,
811,20,19,1.884073022,1.029548099,0.666946357,1.256575638,6,0.95221096,2.58,3,2.55,0,0,0,6,5,7,0.056703,-0.048257,2,4,19,0.36842105,1,,,,
811,1,20,1.779751518,0.972541813,0.695847366,1.238435405,6,1.04503081,2.55,0,2.58,3,1,0,6,6,7,-0.058529,0.056703,3,2,19,0.36842105,0,,,,
812,17,20,1.470522567,1.009281103,0.95735112,1.407806427,5,0.96864723,2.55,0,3.04,2,0,0,5,5,2,0.223895,-0.287257,4,3,15,0.26666667,0,,,,
812,18,17,1.439076272,1.022797634,0.746887129,1.074827546,6,0.94046115,3.44,1,2.55,0,0,0,6,5,1,-0.304251,0.223895,2,4,15,0.26666667,1,,,,
812,0,1,1.40719062,0.92093627,0.999898278,1.407047477,6,1.34096814,2.55,0,2.55,0,0,0,6,6,0,0.153043,0.190904,3,3,15,0.26666667,0,,,,
812,1,18,1.346798894,0.957213144,0.752400146,1.013331684,6,1.1572058,2.55,0,3.44,1,0,0,6,6,1,0.190904,-0.304251,3,2,15,0.26666667,0,,,,
812,29,40,1.546790591,1.012297507,0.838141369,1.296429184,0,1.04919487,2.55,0,2.55,0,0,0,0,0,0,0.155859,0.014672,2,2,0,0,0,,,,
812,40,43,1.524037964,0.997407045,0.903255474,1.376595633,0,1.0943452,2.55,0,2.55,0,0,0,0,0,0,0.014672,0.079537,2,2,0,0,0,,,,
812,43,47,1.521045333,1.043956989,0.68620039,1.043741901,0,0.90619201,2.55,0,3.04,2,0,0,0,0,2,0.079537,-0.242608,2,3,0,0,0,,,,
812,48,63,1.519787026,0.994625017,0.838294988,1.274029847,0,1.10715636,2.55,0,2.55,0,0,0,0,0,0,0.049068,-0.00531,2,1,0,0,0,,,,
812,47,48,1.51937004,1.042807166,0.678109237,1.030298859,0,0.90705733,3.04,2,2.55,0,0,0,0,0,2,-0.242608,0.049068,3,2,0,0,0,,,,
812,38,34,1.500424935,0.981953491,0.843966774,1.266308792,0,1.06078051,2.55,0,2.55,0,0,0,0,0,0,0.047834,0.184146,1,3,0,0,0,,,,
812,20,29,1.454591488,0.998346937,0.872095461,1.268542634,0,0.97884806,3.04,2,2.55,0,0,0,5,0,2,-0.287257,0.155859,3,2,0,0,0,,,,
812,33,0,1.387333459,0.986022359,0.893464844,1.239533673,0,0.95499604,3.44,1,2.55,0,0,0,0,6,1,-0.260183,0.153043,2,3,0,0,0,,,,
812,34,33,1.356687845,0.964241539,0.702225828,0.952701245,0,1.12315669,2.55,0,3.44,1,0,0,0,0,1,0.184146,-0.260183,3,2,0,0,0,,,,
813,17,18,1.460770315,1.038216286,0.745699989,1.089296408,6,0.94826255,2.55,0,3.44,1,0,0,5,6,1,0.220098,-0.311122,4,2,15,0.33333333,1,,,,
813,20,17,1.455547729,0.999003246,0.880375285,1.281428247,5,1.0147266,3.04,2,2.55,0,0,0,5,5,2,-0.288191,0.220098,3,4,15,0.33333333,0,,,,
813,18,1,1.35552863,0.963417647,0.755883823,1.024622163,6,1.09770898,3.44,1,2.55,0,0,1,6,6,1,-0.311122,0.192622,2,3,15,0.33333333,0,,,,
813,33,29,1.52212215,0.99615324,0.867955734,1.321134648,0,1.08911061,2.55,0,2.55,0,0,0,0,0,0,0.222412,0.165878,2,2,0,0,0,,,,
813,65,66,1.517235918,0.992955444,0.822921644,1.248566276,0,1.10560458,2.55,0,2.55,0,0,0,0,0,0,0.149543,0.017764,2,1,0,0,0,,,,
813,40,39,1.508939932,0.987526134,0.843859079,1.273332662,0,1.04101362,2.55,0,2.55,0,0,0,0,0,0,0.04325,0.125042,1,3,0,0,0,,,,
813,5,60,1.486812952,0.973045126,0.973907509,1.448018298,0,0.99368186,2.55,0,2.55,0,1,1,6,6,0,0.098555,0.078675,3,3,0,0,0,,,,
813,29,20,1.452691233,0.997042713,0.780805254,1.134268946,0,0.96739751,2.55,0,3.04,2,0,0,0,5,2,0.165878,-0.288191,2,3,0,0,0,,,,
813,36,33,1.433209252,1.018627755,0.707398734,1.01385041,0,0.91878308,3.44,1,2.55,0,0,0,0,0,1,-0.323644,0.222412,2,2,0,0,0,,,,
813,64,65,1.419837298,1.009123879,0.701387407,0.995856001,0,0.94578094,3.44,1,2.55,0,0,0,0,0,1,-0.31686,0.149543,2,2,0,0,0,,,,
813,45,64,1.356270792,0.963945126,0.731496039,0.992106712,0,1.12690904,2.55,0,3.44,1,1,0,6,0,1,0.222806,-0.31686,3,2,0,0,0,,,,
813,39,36,1.353027534,0.961640038,0.690942614,0.93486438,0,1.129205,2.55,0,3.44,1,0,0,0,0,1,0.125042,-0.323644,3,2,0,0,0,,,,
814,20,17,1.482049214,1.017192323,0.974048285,1.443587495,5,0.96399713,3.04,2,2.55,0,0,0,5,5,2,-0.289667,0.252271,3,4,15,0.33333333,0,,,,
814,17,18,1.441151006,1.024272215,0.775531879,1.117658547,6,0.99542379,2.55,0,3.44,1,0,0,5,6,1,0.252271,-0.30888,4,2,15,0.33333333,1,,,,
814,0,5,1.407959683,0.921439583,0.763990548,1.07566789,6,1.31999036,2.55,0,2.55,0,0,0,6,6,0,-0.080464,0.087577,2,3,15,0.33333333,0,,,,
814,1,0,1.398048689,0.914953331,0.747549862,1.045111104,6,1.35705031,2.55,0,2.55,0,0,0,6,6,0,0.1971,-0.080464,3,2,15,0.33333333,0,,,,
814,18,1,1.366314279,0.971083354,0.729695892,0.996993917,6,1.07526389,3.44,1,2.55,0,0,0,6,6,1,-0.30888,0.1971,2,3,15,0.33333333,0,,,,
814,33,29,1.531189064,1.002087084,0.697923947,1.068653515,0,1.06477329,2.55,0,2.55,0,0,0,0,0,0,0.216399,0.148103,2,2,0,0,0,,,,
814,68,69,1.526715325,0.999159244,0.70280222,1.07297892,0,1.09177511,2.55,0,2.55,0,0,0,0,0,0,0.1255,0.22591,2,2,0,0,0,,,,
814,75,76,1.497714569,0.980179692,0.838345502,1.255602271,0,1.03966512,2.55,0,2.55,0,0,0,0,0,0,0.119488,0.052233,3,1,0,0,0,,,,
814,40,39,1.497693644,0.980165997,0.8382161,1.255390925,0,1.04233977,2.55,0,2.55,0,0,0,0,0,0,0.050329,0.119593,1,3,0,0,0,,,,
814,5,60,1.482992541,0.970544857,0.969507255,1.437772028,0,0.98043074,2.55,0,2.55,0,0,1,6,6,0,0.087577,0.082127,3,3,0,0,0,,,,
814,65,68,1.454059265,0.997981651,0.85051369,1.23669731,0,0.98230585,3.04,2,2.55,0,1,0,5,0,2,-0.225476,0.1255,3,2,0,0,0,,,,
814,29,20,1.452825595,0.997134931,0.774105175,1.124639811,0,0.98934049,2.55,0,3.04,2,0,0,0,5,2,0.148103,-0.289667,2,3,0,0,0,,,,
814,69,72,1.439797246,1.023310054,0.846048565,1.218138393,0,0.91945626,2.55,0,3.44,1,0,0,0,0,1,0.22591,-0.316959,2,2,0,0,0,,,,
814,36,33,1.439142091,1.022844414,0.68064216,0.979540781,0,0.9080431,3.44,1,2.55,0,0,0,0,0,1,-0.326344,0.216399,2,2,0,0,0,,,,
814,39,36,1.360357595,0.966849747,0.670999815,0.912799694,0,1.13491923,2.55,0,3.44,1,0,0,0,0,1,0.119593,-0.326344,3,2,0,0,0,,,,
814,72,75,1.359392675,0.966163948,0.678416234,0.92223406,0,1.14248051,3.44,1,2.55,0,0,0,0,0,1,-0.316959,0.119488,2,3,0,0,0,,,,
815,20,17,1.459619606,1.001797945,0.880790337,1.285618845,5,1.01510587,3.04,2,2.55,0,0,0,5,5,2,-0.284485,0.225873,3,4,15,0.33333333,0,,,,
815,17,18,1.458628517,1.036694042,0.780878882,1.139012205,6,0.94973149,2.55,0,3.44,1,0,0,5,6,1,0.225873,-0.3085,4,2,15,0.33333333,1,,,,
815,18,1,1.354152434,0.962439541,0.757391391,1.025623396,6,1.10093571,3.44,1,2.55,0,0,1,6,6,1,-0.3085,0.193818,2,3,15,0.33333333,0,,,,
815,33,29,1.52203606,0.996096898,0.867004689,1.319612401,0,1.08968912,2.55,0,2.55,0,0,0,0,0,0,0.22338,0.163127,2,2,0,0,0,,,,
815,70,69,1.516776816,0.992654985,0.823371052,1.248870123,0,1.10571106,2.55,0,2.55,0,0,0,0,0,0,0.155109,0.015238,2,1,0,0,0,,,,
815,40,39,1.509074714,0.987614341,0.843742524,1.273270508,0,1.04095912,2.55,0,2.55,0,0,0,0,0,0,0.043502,0.124745,1,3,0,0,0,,,,
815,5,59,1.486827888,0.9730549,0.971113793,1.443879069,0,0.98767013,2.55,0,2.55,0,1,1,6,6,0,0.092531,0.075182,3,3,0,0,0,,,,
815,29,20,1.453465938,0.997574425,0.780774571,1.134829244,0,0.96394736,2.55,0,3.04,2,0,0,0,5,2,0.163127,-0.284485,2,3,0,0,0,,,,
815,36,33,1.432833784,1.018360898,0.707601019,1.013874646,0,0.91911301,3.44,1,2.55,0,0,0,0,0,1,-0.323918,0.22338,2,2,0,0,0,,,,
815,68,70,1.421611408,1.010384796,0.700246566,0.995478507,0,0.93866422,3.44,1,2.55,0,0,0,0,0,1,-0.314617,0.155109,2,2,0,0,0,,,,
815,50,68,1.354321073,0.962559398,0.732844276,0.992506446,0,1.18511767,2.55,0,3.44,1,1,0,6,0,1,0.140887,-0.314617,3,2,0,0,0,,,,
815,39,36,1.352970875,0.961599769,0.691179636,0.935145917,0,1.12896238,2.55,0,3.44,1,0,0,0,0,1,0.124745,-0.323918,3,2,0,0,0,,,,
816,20,17,1.471155188,1.009715297,0.914886615,1.34594019,5,0.97169817,3.04,2,2.55,0,0,0,5,5,2,-0.287836,0.250938,3,4,15,0.33333333,0,,,,
816,17,18,1.43324746,1.018654911,0.775499394,1.111482538,6,0.98571651,2.55,0,3.44,1,0,0,5,6,1,0.250938,-0.304721,4,2,15,0.33333333,1,,,,
816,18,1,1.357988802,0.965166171,0.756099891,1.026775185,6,1.08719314,3.44,1,2.55,0,0,1,6,6,1,-0.304721,0.174665,2,3,15,0.33333333,0,,,,
816,33,29,1.531575163,1.002339766,0.689707053,1.056338192,0,1.06281295,2.55,0,2.55,0,0,0,0,0,0,0.214109,0.147622,2,2,0,0,0,,,,
816,69,70,1.510336721,0.988440262,0.838061274,1.265754717,0,1.03844049,2.55,0,2.55,0,0,0,0,0,0,0.143384,0.042379,3,1,0,0,0,,,,
816,40,39,1.5093685,0.98780661,0.845373595,1.275980275,0,1.0430879,2.55,0,2.55,0,0,0,0,0,0,0.050246,0.119101,1,3,0,0,0,,,,
816,29,20,1.444174387,0.991197246,0.842947764,1.21736357,0,0.98669108,2.55,0,3.04,2,0,0,0,5,2,0.147622,-0.287836,2,3,0,0,0,,,,
816,36,33,1.433472404,1.018814786,0.680369121,0.97529036,0,0.91054151,3.44,1,2.55,0,0,0,0,0,1,-0.325477,0.214109,2,2,0,0,0,,,,
816,5,62,1.419044858,0.9739498,0.815108853,1.156676027,0,0.93198824,2.55,0,3.04,2,1,1,6,5,2,0.139804,-0.185181,3,3,0,0,0,,,,
816,60,68,1.392777405,0.989891546,0.965646683,1.344930881,0,0.97989212,2.55,0,3.44,1,1,0,6,0,1,0.22355,-0.274912,3,2,0,0,0,,,,
816,68,69,1.356919802,0.964406398,0.727050832,0.986549672,0,1.09400399,3.44,1,2.55,0,0,0,0,0,1,-0.274912,0.143384,2,3,0,0,0,,,,
816,39,36,1.351339355,0.960440195,0.686743995,0.928024187,0,1.13331218,2.55,0,3.44,1,0,0,0,0,1,0.119101,-0.325477,3,2,0,0,0,,,,
817,20,17,1.472426437,1.010587808,0.920882324,1.355931479,5,0.96938278,3.04,2,2.55,0,0,0,5,5,2,-0.288319,0.248903,3,4,15,0.33333333,0,,,,
817,17,18,1.432040103,1.017796804,0.782229784,1.12018442,6,0.9879842,2.55,0,3.44,1,0,0,5,6,1,0.248903,-0.304817,4,2,15,0.33333333,1,,,,
817,18,1,1.358400096,0.96545849,0.756066876,1.027041317,6,1.08476015,3.44,1,2.55,0,0,1,6,6,1,-0.304817,0.174602,2,3,15,0.33333333,0,,,,
817,33,29,1.531495693,1.002287757,0.689855032,1.05651001,0,1.06290323,2.55,0,2.55,0,0,0,0,0,0,0.217846,0.145858,2,2,0,0,0,,,,
817,70,68,1.509607915,0.987963295,0.837039904,1.263602064,0,1.04200468,2.55,0,2.55,0,0,0,0,0,0,0.148623,0.037829,3,1,0,0,0,,,,
817,40,39,1.509472823,0.987874884,0.845421359,1.276140565,0,1.04319693,2.55,0,2.55,0,0,0,0,0,0,0.051136,0.118752,1,3,0,0,0,,,,
817,29,20,1.443696132,0.990868999,0.84433425,1.218962091,0,0.98751679,2.55,0,3.04,2,0,0,0,5,2,0.145858,-0.288319,2,3,0,0,0,,,,
817,36,33,1.433961541,1.019162431,0.679809535,0.974820729,0,0.90965864,3.44,1,2.55,0,0,0,0,0,1,-0.326452,0.217846,2,2,0,0,0,,,,
817,5,61,1.419788047,0.974459881,0.815419454,1.157722794,0,0.92964506,2.55,0,3.04,2,1,1,6,5,2,0.136252,-0.187143,3,3,0,0,0,,,,
817,55,69,1.387249603,0.98596276,0.758825271,1.052680057,0,1.04057761,2.55,0,3.44,1,1,0,6,0,1,0.126226,-0.27709,3,2,0,0,0,,,,
817,69,70,1.362744621,0.968546284,0.72758654,0.991514644,0,1.07617541,3.44,1,2.55,0,0,0,0,0,1,-0.27709,0.148623,2,3,0,0,0,,,,
817,39,36,1.351336482,0.960438154,0.686955461,0.928307976,0,1.13301706,2.55,0,3.44,1,0,0,0,0,1,0.118752,-0.326452,3,2,0,0,0,,,,
818,18,16,1.589330393,1.040137692,0.754736416,1.199525525,5,0.91360187,2.55,0,2.55,0,0,0,5,5,0,-0.241002,0.2244,4,4,19,0.36842105,0,,,,
818,12,18,1.523324038,0.996939815,0.717584716,1.093114048,5,0.931381,2.55,0,2.55,0,0,0,5,5,0,-0.00364,-0.241002,3,4,19,0.36842105,0,,,,
818,16,17,1.479694482,1.051666299,0.741698673,1.097487434,6,0.89450418,2.55,0,3.44,1,0,0,5,6,1,0.2244,-0.301855,4,2,19,0.36842105,1,,,,
818,10,11,1.434842326,0.939032936,0.751245742,1.077919187,6,1.17779211,2.55,0,2.55,0,0,0,6,6,0,0.079843,0.020898,3,3,19,0.36842105,0,,,,
818,11,12,1.398234548,0.915074966,0.784087024,1.096337565,6,1.35938256,2.55,0,2.55,0,0,0,6,5,0,0.020898,-0.00364,3,3,19,0.36842105,0,,,,
818,17,1,1.336695831,0.950032573,0.754473421,1.008501475,6,1.18439801,3.44,1,2.55,0,0,1,6,6,1,-0.301855,0.173913,2,3,19,0.36842105,0,,,,
818,52,51,1.516674834,0.992588242,0.822214649,1.247032266,0,1.10767955,2.55,0,2.55,0,0,0,0,0,0,0.017359,0.145547,1,2,0,0,0,,,,
818,62,63,1.503464437,0.983942694,0.838006702,1.259913274,0,1.05069322,2.55,0,2.55,0,0,0,0,0,0,0.158391,0.044323,3,1,0,0,0,,,,
818,37,10,1.464747495,0.958604382,0.999781595,1.464427587,0,1.0456105,2.55,0,2.55,0,1,0,5,6,0,0.065664,0.079843,3,3,0,0,0,,,,
818,51,50,1.422113674,1.010741772,0.70308528,0.99986719,0,0.93814447,2.55,0,3.44,1,0,0,0,0,1,0.145547,-0.309431,2,2,0,0,0,,,,
818,0,65,1.38172459,0.982035956,0.88530376,1.223245975,0,0.98209872,2.55,0,3.44,1,1,0,6,0,1,0.18586,-0.284072,3,2,0,0,0,,,,
818,65,62,1.375272181,0.977450022,0.69934241,0.961786161,0,1.05783486,3.44,1,2.55,0,0,0,0,0,1,-0.284072,0.158391,2,3,0,0,0,,,,
818,50,44,1.352226109,0.96107044,0.740364457,1.001140149,0,1.14347655,3.44,1,2.55,0,0,1,0,6,1,-0.309431,0.233178,2,3,0,0,0,,,,
819,17,20,1.465560316,1.005875303,0.884070706,1.295666607,5,1.00389865,2.55,0,3.04,2,0,0,5,5,2,0.221358,-0.290775,4,3,15,0.26666667,0,,,,
819,18,17,1.443269197,1.025777681,0.783504204,1.130795137,6,0.94100971,3.44,1,2.55,0,0,0,6,5,1,-0.289823,0.221358,2,4,15,0.26666667,1,,,,
819,1,18,1.342207863,0.953950151,0.754159393,1.012266801,6,1.17645974,2.55,0,3.44,1,1,0,6,6,1,0.196931,-0.289823,3,2,15,0.26666667,0,,,,
819,62,63,1.555092508,1.017730699,0.833365939,1.295967024,0,0.86297478,2.55,0,2.55,0,0,0,0,0,0,0.180183,0.010018,3,4,0,0,0,,,,
819,69,71,1.55408395,1.017070648,0.705436416,1.096289485,0,1.03963239,2.55,0,2.55,0,0,0,0,0,0,0.143483,-0.297423,2,4,0,0,0,,,,
819,63,69,1.552553512,1.016069052,0.69679152,1.081801238,0,0.99744591,2.55,0,2.55,0,0,0,0,0,0,0.010018,0.143483,4,2,0,0,0,,,,
819,71,81,1.545175207,1.011240318,0.666807198,1.030348952,0,0.89853797,2.55,0,2.55,0,0,0,0,0,0,-0.297423,0.216977,4,3,0,0,0,,,,
819,29,40,1.53438536,1.0041789,0.691987631,1.061780287,0,1.08962416,2.55,0,2.55,0,0,0,0,0,0,0.140453,0.23814,2,2,0,0,0,,,,
819,51,56,1.526626675,0.999101227,0.677719946,1.034616397,0,1.06726204,2.55,0,2.55,0,0,0,0,0,0,0.142613,0.215942,2,2,0,0,0,,,,
819,38,34,1.503977386,0.984278394,0.838683091,1.26135972,0,1.05045674,2.55,0,2.55,0,0,0,0,0,0,0.043704,0.160754,1,3,0,0,0,,,,
819,20,29,1.452422245,0.996858095,0.757608263,1.100374066,0,0.95517387,3.04,2,2.55,0,0,0,5,0,2,-0.290775,0.140453,3,2,0,0,0,,,,
819,48,51,1.447187853,0.993265514,0.804882815,1.164844144,0,0.97576258,3.04,2,2.55,0,0,0,0,0,2,-0.195357,0.142613,2,2,0,0,0,,,,
819,40,43,1.433706947,1.018981484,0.829710285,1.189550238,0,0.9102606,2.55,0,3.44,1,0,0,0,0,1,0.23814,-0.330881,2,2,0,0,0,,,,
819,56,59,1.431462688,1.017386416,0.685326456,0.980994712,0,0.90631652,2.55,0,3.44,1,0,0,0,0,1,0.215942,-0.309596,2,2,0,0,0,,,,
819,82,83,1.42719251,1.014351464,0.859004736,1.225963198,0,0.92524415,3.44,1,2.55,0,0,0,0,0,1,-0.313862,0.194129,2,1,0,0,0,,,,
819,33,0,1.382292088,0.982439295,0.892343548,1.233457783,0,0.97868072,3.44,1,2.55,0,0,1,0,6,1,-0.279891,0.170484,2,3,0,0,0,,,,
819,34,33,1.371435053,0.974722853,0.699554826,0.95939792,0,1.0646612,2.55,0,3.44,1,0,0,0,0,1,0.160754,-0.279891,3,2,0,0,0,,,,
819,47,48,1.364168629,0.93628595,0.723959397,0.987605536,0,1.18733698,2.55,0,3.04,2,0,0,0,0,2,0.233417,-0.195357,3,2,0,0,0,,,,
819,43,47,1.35432243,0.962560363,0.694174409,0.940123741,0,1.15391929,3.44,1,2.55,0,0,0,0,0,1,-0.330881,0.233417,2,3,0,0,0,,,,
819,81,82,1.34877577,0.958618173,0.685875297,0.925098989,0,1.17727943,2.55,0,3.44,1,0,0,0,0,1,0.216977,-0.313862,3,2,0,0,0,,,,
819,59,62,1.343303507,0.954728861,0.688025552,0.92423707,0,1.17231224,3.44,1,2.55,0,0,0,0,0,1,-0.309596,0.180183,2,3,0,0,0,,,,
820,20,19,1.469948221,1.044739319,0.793215576,1.165985825,6,0.90771881,3.44,1,2.55,0,0,0,6,5,1,-0.287341,0.201165,2,4,15,0.26666667,1,,,,
820,19,22,1.439977903,0.988317023,0.885756608,1.275469943,5,1.05398298,2.55,0,3.04,2,0,0,5,5,2,0.201165,-0.289578,4,3,15,0.26666667,0,,,,
820,0,1,1.409765664,0.922621508,0.999943449,1.409685941,6,1.3069027,2.55,0,2.55,0,0,0,6,6,0,0.148068,0.225411,3,3,15,0.26666667,0,,,,
820,1,20,1.337284511,0.950450967,0.747178486,0.999190217,6,1.18131789,2.55,0,3.44,1,0,0,6,6,1,0.225411,-0.287341,3,2,15,0.26666667,0,,,,
820,31,39,1.532609937,1.003016974,0.691094467,1.059178248,0,1.08511651,2.55,0,2.55,0,0,0,0,0,0,0.121727,0.23436,2,2,0,0,0,,,,
820,45,46,1.507472168,0.986565555,0.844951948,1.273741546,0,1.03970553,2.55,0,2.55,0,0,0,0,0,0,0.12683,0.050333,3,1,0,0,0,,,,
820,34,33,1.503009901,0.983645223,0.837863699,1.259317434,0,1.05163896,2.55,0,2.55,0,0,0,0,0,0,0.045967,0.155943,1,3,0,0,0,,,,
820,22,31,1.455737271,0.999133337,0.758107695,1.103605628,0,0.94755072,3.04,2,2.55,0,0,0,5,0,2,-0.289578,0.121727,3,2,0,0,0,,,,
820,39,42,1.432707343,1.018271032,0.824558787,1.181351428,0,0.9188444,2.55,0,3.44,1,0,0,0,0,1,0.23436,-0.315764,2,2,0,0,0,,,,
820,32,0,1.380877146,0.981433651,0.894831761,1.235652728,0,0.98364262,3.44,1,2.55,0,0,0,0,6,1,-0.282495,0.148068,2,3,0,0,0,,,,
820,33,32,1.376683831,0.978453327,0.697173389,0.959787332,0,1.05533131,2.55,0,3.44,1,0,0,0,0,1,0.155943,-0.282495,3,2,0,0,0,,,,
820,42,45,1.35200985,0.960916737,0.688549064,0.930925117,0,1.14839287,3.44,1,2.55,0,0,0,0,0,1,-0.315764,0.12683,2,3,0,0,0,,,,
821,20,19,1.482915168,1.053955344,0.795327145,1.179421212,6,0.88645294,3.44,1,2.55,0,0,0,6,5,1,-0.299581,0.209765,2,4,15,0.26666667,1,,,,
821,19,22,1.451995398,0.996565132,0.8713534,1.265221942,5,1.06040063,2.55,0,3.04,2,0,0,5,5,2,0.209765,-0.264327,4,3,15,0.26666667,0,,,,
821,1,20,1.334000052,0.948116597,0.753523415,1.005206211,6,1.19149972,2.55,0,3.44,1,1,0,6,6,1,0.196455,-0.299581,3,2,15,0.26666667,0,,,,
821,31,39,1.560379168,1.021190555,0.686131339,1.070630182,0,1.01992034,2.55,0,2.55,0,0,0,0,0,0,0.218126,-0.271124,2,4,0,0,0,,,,
821,39,42,1.556210912,1.018462638,0.677267579,1.053958448,0,1.02545151,2.55,0,2.55,0,0,0,0,0,0,-0.271124,0.038911,4,2,0,0,0,,,,
821,43,44,1.554231087,1.017166942,0.885705833,1.376590375,0,1.05353342,2.55,0,2.55,0,0,0,0,0,0,0.101008,-0.021234,2,3,0,0,0,,,,
821,44,63,1.550409508,1.014665908,0.888209117,1.377084775,0,1.05061106,2.55,0,2.55,0,0,0,0,0,0,-0.021234,0.151679,3,2,0,0,0,,,,
821,42,43,1.532591822,1.003005119,0.721598036,1.105899025,0,1.07168083,2.55,0,2.55,0,0,0,0,0,0,0.038911,0.101008,2,2,0,0,0,,,,
821,63,65,1.515306079,0.99169246,0.962706787,1.458778975,0,1.03681737,2.55,0,2.55,0,0,1,0,6,0,0.151679,-0.015833,2,3,0,0,0,,,,
821,72,87,1.510134059,0.988307631,0.999938524,1.510030335,0,1.06348407,2.55,0,2.55,0,1,0,6,0,0,-0.035819,0.07923,3,1,0,0,0,,,,
821,34,33,1.503231472,0.98379023,0.838033453,1.259758355,0,1.05243893,2.55,0,2.55,0,0,0,0,0,0,0.043556,0.156398,1,3,0,0,0,,,,
821,22,31,1.463720147,1.004612318,0.789087918,1.154997536,0,0.95568449,3.04,2,2.55,0,0,0,5,0,2,-0.264327,0.218126,3,2,0,0,0,,,,
821,32,0,1.380952042,0.981486881,0.892088851,1.231918401,0,0.9836891,3.44,1,2.55,0,0,1,0,6,1,-0.281689,0.174903,2,3,0,0,0,,,,
821,33,32,1.375519468,0.977625777,0.698880729,0.961327745,0,1.05853873,2.55,0,3.44,1,0,0,0,0,1,0.156398,-0.281689,3,2,0,0,0,,,,
822,20,17,1.487068019,1.020636938,0.888114932,1.320653915,5,0.96663404,3.04,2,2.55,0,0,0,5,5,2,-0.284599,0.201204,3,4,15,0.26666667,0,,,,
822,17,18,1.425031652,1.012815673,0.789224036,1.124672535,6,0.9843828,2.55,0,3.44,1,0,0,5,6,1,0.201204,-0.309973,4,2,15,0.26666667,1,,,,
822,18,1,1.365569741,0.970554187,0.754754495,1.030661203,6,1.12710545,3.44,1,2.55,0,0,1,6,6,1,-0.309973,0.141109,2,3,15,0.26666667,0,,,,
822,35,29,1.529117903,1.000731612,0.887572648,1.357206487,0,1.09245189,2.55,0,2.55,0,0,0,0,0,0,0.229804,0.149326,2,2,0,0,0,,,,
822,33,67,1.519655002,0.994538614,0.686760004,1.043642425,0,1.09143102,2.55,0,2.55,0,0,0,0,0,0,0.120452,0.20308,2,2,0,0,0,,,,
822,0,33,1.514343937,0.991062786,0.735495125,1.113797259,0,0.9909909,2.55,0,2.55,0,1,0,6,0,0,-0.098456,0.120452,3,2,0,0,0,,,,
822,92,93,1.512971836,0.990164814,0.866904955,1.311608409,0,1.02808264,2.55,0,2.55,0,0,0,0,0,0,0.131051,0.022345,3,1,0,0,0,,,,
822,62,61,1.505842765,0.985499192,0.840384822,1.265474253,0,1.04181028,2.55,0,2.55,0,0,0,0,0,0,0.043965,0.142811,1,3,0,0,0,,,,
822,44,42,1.495254649,0.978569796,0.73028495,1.091946936,0,0.92456523,2.55,0,2.55,0,1,0,6,0,0,-0.029504,0.24291,3,3,0,0,0,,,,
822,73,75,1.494274806,0.977928538,0.731938465,1.09371698,0,0.93356702,2.55,0,2.55,0,0,1,0,6,0,0.230779,-0.026426,3,3,0,0,0,,,,
822,29,20,1.44824631,0.993991977,0.742826611,1.075795839,0,0.99434386,2.55,0,3.04,2,0,0,0,5,2,0.149326,-0.284599,2,3,0,0,0,,,,
822,67,70,1.434242519,1.019362131,0.687427055,0.985943674,0,0.91017214,2.55,0,3.44,1,0,0,0,0,1,0.20308,-0.31044,2,2,0,0,0,,,,
822,38,35,1.431784981,1.017615481,0.784696172,1.123516187,0,0.91268458,3.44,1,2.55,0,0,0,0,0,1,-0.316258,0.229804,2,2,0,0,0,,,,
822,60,54,1.392861604,0.989951389,0.797893584,1.111340398,0,0.93159063,3.44,1,2.55,0,0,1,0,6,1,-0.281427,0.207256,2,3,0,0,0,,,,
822,86,91,1.383817603,0.983523527,0.85605022,1.184632857,0,0.98302645,2.55,0,3.44,1,1,0,6,0,1,0.148587,-0.257748,3,2,0,0,0,,,,
822,91,92,1.376001889,0.977968649,0.997642416,1.372801866,0,1.05204356,3.44,1,2.55,0,0,0,0,0,1,-0.257748,0.131051,2,3,0,0,0,,,,
822,61,60,1.362089121,0.968080399,0.702880562,0.957400575,0,1.10061057,2.55,0,3.44,1,0,0,0,0,1,0.142811,-0.281427,3,2,0,0,0,,,,
822,42,38,1.351450337,0.960519074,0.698838115,0.944425622,0,1.18653294,2.55,0,3.44,1,0,0,0,0,1,0.24291,-0.316258,3,2,0,0,0,,,,
822,70,73,1.34887625,0.958689587,0.692866443,0.934598932,0,1.18920476,3.44,1,2.55,0,0,0,0,0,1,-0.31044,0.230779,2,3,0,0,0,,,,
823,17,20,1.466213061,1.006323309,0.885053883,1.297677563,5,0.99893754,2.55,0,3.04,2,0,0,5,5,2,0.224345,-0.285229,4,3,15,0.26666667,0,,,,
823,18,17,1.445310374,1.027228411,0.785573773,1.135397923,6,0.93293146,3.44,1,2.55,0,0,0,6,5,1,-0.294112,0.224345,2,4,15,0.26666667,1,,,,
823,1,18,1.343548611,0.954903064,0.754573285,1.013805889,6,1.17021945,2.55,0,3.44,1,1,0,6,6,1,0.199041,-0.294112,3,2,15,0.26666667,0,,,,
823,29,40,1.520533058,0.995113258,0.777085063,1.181583528,0,1.0352255,2.55,0,2.55,0,0,1,0,6,0,0.264319,-0.009759,2,3,0,0,0,,,,
823,63,65,1.508726741,0.987386611,0.837331107,1.263303833,0,1.04086092,2.55,0,2.55,0,0,0,0,0,0,0.144613,0.043124,3,1,0,0,0,,,,
823,38,34,1.504259075,0.984462745,0.838037069,1.260624866,0,1.04938625,2.55,0,2.55,0,0,0,0,0,0,0.046676,0.159179,1,3,0,0,0,,,,
823,20,29,1.453170029,0.99737133,0.769668633,1.11845939,0,0.96809824,3.04,2,2.55,0,0,0,5,0,2,-0.285229,0.264319,3,2,0,0,0,,,,
823,56,62,1.387154341,0.985895054,0.999955913,1.387093185,0,0.997202,2.55,0,3.44,1,1,0,6,0,1,0.221288,-0.272369,3,2,0,0,0,,,,
823,33,0,1.382383002,0.98250391,0.880125412,1.216670409,0,0.97147462,3.44,1,2.55,0,0,1,0,6,1,-0.283975,0.173682,2,3,0,0,0,,,,
823,34,33,1.37555083,0.977648067,0.69750655,0.959455713,0,1.05291156,2.55,0,3.44,1,0,0,0,0,1,0.159179,-0.283975,3,2,0,0,0,,,,
823,62,63,1.361329887,0.967540787,0.726413476,0.988888376,0,1.0792126,3.44,1,2.55,0,0,0,0,0,1,-0.272369,0.144613,2,3,0,0,0,,,,
1005,67,70,1.542544173,1.009518438,0.932649093,1.438652424,5,0.96263461,2.55,0,2.55,0,0,0,5,5,0,-0.091308,-0.164963,3,3,5,0.2,0,,,,
1005,18,17,1.482528287,1.053680374,0.765725548,1.135209785,6,0.89015254,3.44,1,2.55,0,0,0,6,5,1,-0.299899,0.211652,2,4,15,0.26666667,1,,,,
1005,17,20,1.445097576,0.991830869,0.871210328,1.258983933,5,1.035886,2.55,0,3.04,2,0,0,5,5,2,0.211652,-0.287917,4,3,15,0.26666667,0,,,,
1005,0,1,1.412334419,0.92430263,0.999368409,1.411442401,6,1.3232354,2.55,0,2.55,0,0,0,6,6,0,0.170637,0.199449,3,3,15,0.26666667,0,,,,
1005,1,18,1.335808325,0.949401795,0.754339505,1.007652991,6,1.19280295,2.55,0,3.44,1,0,0,6,6,1,0.199449,-0.299899,3,2,15,0.26666667,0,,,,
1005,61,64,1.535498671,1.004907507,0.705692595,1.083590041,0,1.08477065,2.55,0,2.55,0,0,0,0,0,0,0.030177,0.055305,2,2,0,0,0,,,,
1005,64,67,1.535435541,1.004866192,0.890483201,1.367279555,0,1.03859871,2.55,0,2.55,0,0,0,0,5,0,0.055305,-0.091308,2,3,0,0,0,,,,
1005,58,61,1.535408558,1.004848533,0.876943565,1.346466654,0,1.09606821,2.55,0,2.55,0,0,0,0,0,0,0.034531,0.030177,2,2,0,0,0,,,,
1005,70,77,1.5353273,1.004795353,0.713702159,1.095766409,0,1.00334082,2.55,0,2.55,0,0,0,5,0,0,-0.164963,0.067201,3,2,0,0,0,,,,
1005,29,40,1.533075886,1.003321915,0.693486669,1.063167689,0,1.10196102,2.55,0,2.55,0,0,0,0,0,0,0.141192,0.233497,2,2,0,0,0,,,,
1005,48,58,1.529054715,1.000690258,0.703649463,1.075918529,0,1.07384654,2.55,0,2.55,0,0,0,0,0,0,0.009463,0.034531,2,2,0,0,0,,,,
1005,77,79,1.528943294,1.000617339,0.83918266,1.2830627,0,1.10806007,2.55,0,2.55,0,0,0,0,0,0,0.067201,0.021201,2,1,0,0,0,,,,
1005,47,48,1.514833426,0.991383132,0.698588604,1.058245368,0,0.98346709,2.55,0,2.55,0,0,0,0,0,0,0.166188,0.009463,3,2,0,0,0,,,,
1005,38,34,1.503972388,0.984275123,0.838103033,1.260483819,0,1.04903673,2.55,0,2.55,0,0,0,0,0,0,0.044371,0.161862,1,3,0,0,0,,,,
1005,20,29,1.449719214,0.995002892,0.759644378,1.101271051,0,0.96762571,3.04,2,2.55,0,0,0,5,0,2,-0.287917,0.141192,3,2,0,0,0,,,,
1005,40,43,1.433749838,1.019011967,0.823044821,1.180040379,0,0.91396075,2.55,0,3.44,1,0,0,0,0,1,0.233497,-0.315704,2,2,0,0,0,,,,
1005,33,0,1.381622639,0.981963496,0.885267674,1.22310586,0,0.97468838,3.44,1,2.55,0,0,0,0,6,1,-0.281573,0.170637,2,3,0,0,0,,,,
1005,34,33,1.372746582,0.975654998,0.700760703,0.96196686,0,1.06354967,2.55,0,3.44,1,0,0,0,0,1,0.161862,-0.281573,3,2,0,0,0,,,,
1005,43,47,1.352304357,0.961126053,0.688999604,0.931737167,0,1.16658253,3.44,1,2.55,0,0,0,0,0,1,-0.315704,0.166188,2,3,0,0,0,,,,
1006,17,19,1.586887375,1.038538858,0.650103234,1.031640615,5,0.91821024,2.55,0,2.55,0,0,0,5,5,0,0.218942,-0.270237,4,4,19,0.36842105,0,,,,
1006,19,13,1.523630414,0.997140323,0.722711185,1.101144741,5,0.91648991,2.55,0,2.55,0,0,1,5,5,0,-0.270237,0.046414,4,3,19,0.36842105,0,,,,
1006,18,17,1.436400692,1.020896014,0.738565743,1.060876344,6,0.95974942,3.44,1,2.55,0,0,0,6,5,1,-0.293054,0.218942,2,4,19,0.36842105,1,,,,
1006,1,18,1.346576535,0.957055107,0.753665848,1.014868746,6,1.15706104,2.55,0,3.44,1,1,0,6,6,1,0.167593,-0.293054,3,2,19,0.36842105,0,,,,
1006,69,71,1.509393295,0.987822837,0.837067127,1.263463509,0,1.04150876,2.55,0,2.55,0,0,0,0,0,0,0.150154,0.040395,3,1,0,0,0,,,,
1006,35,34,1.503877208,0.984212832,0.837981042,1.26022059,0,1.04927701,2.55,0,2.55,0,0,0,0,0,0,0.045859,0.155614,1,3,0,0,0,,,,
1006,10,38,1.48972744,0.974952513,0.973226729,1.449842564,0,0.9532424,2.55,0,2.55,0,1,0,6,6,0,0.025997,0.034872,3,3,0,0,0,,,,
1006,52,68,1.386621492,0.985516341,0.750505219,1.040666667,0,1.04681775,2.55,0,3.44,1,1,0,6,0,1,0.213196,-0.274446,3,2,0,0,0,,,,
1006,33,0,1.3821064,0.98230732,0.889102839,1.228834723,0,0.98375559,3.44,1,2.55,0,0,1,0,6,1,-0.282853,0.183709,2,3,0,0,0,,,,
1006,34,33,1.374300743,0.97675959,0.696499644,0.957199978,0,1.06019015,2.55,0,3.44,1,0,0,0,0,1,0.155614,-0.282853,3,2,0,0,0,,,,
1006,68,69,1.36210222,0.968089709,0.728426244,0.992191003,0,1.07130524,3.44,1,2.55,0,0,0,0,0,1,-0.274446,0.150154,2,3,0,0,0,,,,
1007,18,17,1.473373345,1.047173664,0.764096008,1.12579869,6,0.91220878,3.44,1,2.55,0,0,0,6,5,1,-0.303626,0.233565,2,4,15,0.26666667,1,,,,
1007,17,20,1.447143151,0.993234832,0.877598529,1.2700107,5,1.04010714,2.55,0,3.04,2,0,0,5,5,2,0.233565,-0.287368,4,3,15,0.26666667,0,,,,
1007,0,1,1.408283861,0.921651741,0.999976824,1.408251223,6,1.31853688,2.55,0,2.55,0,0,0,6,6,0,0.18789,0.166448,3,3,15,0.26666667,0,,,,
1007,1,18,1.338395153,0.951240336,0.753514511,1.008500169,6,1.16688003,2.55,0,3.44,1,0,0,6,6,1,0.166448,-0.303626,3,2,15,0.26666667,0,,,,
1007,29,44,1.528154113,1.000100859,0.895899577,1.369072623,0,1.09454312,2.55,0,2.55,0,0,0,0,0,0,0.14798,0.222389,2,2,0,0,0,,,,
1007,50,51,1.507624733,0.986665401,0.844439267,1.273097524,0,1.04410201,2.55,0,2.55,0,0,0,0,0,0,0.144313,0.045619,3,1,0,0,0,,,,
1007,35,34,1.503813899,0.9841714,0.837602829,1.259598776,0,1.05062783,2.55,0,2.55,0,0,0,0,0,0,0.044328,0.154797,1,3,0,0,0,,,,
1007,20,29,1.452741785,0.997077409,0.808804791,1.174984516,0,0.97096559,3.04,2,2.55,0,0,0,5,0,2,-0.287368,0.14798,3,2,0,0,0,,,,
1007,44,47,1.434499027,1.01954444,0.794227279,1.139318259,0,0.91385213,2.55,0,3.44,1,0,0,0,0,1,0.222389,-0.322079,2,2,0,0,0,,,,
1007,33,0,1.381942336,0.982190715,0.898903977,1.242233462,0,0.9829924,3.44,1,2.55,0,0,0,0,6,1,-0.282707,0.18789,2,3,0,0,0,,,,
1007,34,33,1.37502092,0.977271443,0.697404302,0.958945505,0,1.06101084,2.55,0,3.44,1,0,0,0,0,1,0.154797,-0.282707,3,2,0,0,0,,,,
1007,47,50,1.351017573,0.960211495,0.694188765,0.937861221,0,1.14401924,3.44,1,2.55,0,0,0,0,0,1,-0.322079,0.144313,2,3,0,0,0,,,,
1009,19,21,1.589941262,1.040537475,0.654167608,1.040088072,5,0.91911907,2.55,0,2.55,0,0,0,5,5,0,0.218825,-0.271731,4,4,19,0.36842105,0,,,,
1009,21,15,1.522747871,0.996562743,0.72189155,1.09925882,5,0.92382534,2.55,0,2.55,0,0,1,5,5,0,-0.271731,0.032778,4,3,19,0.36842105,0,,,,
1009,20,19,1.441654088,1.024629771,0.753860055,1.086805431,6,0.94977753,3.44,1,2.55,0,0,0,6,5,1,-0.286605,0.218825,2,4,19,0.36842105,1,,,,
1009,1,20,1.343443509,0.954828365,0.754737147,1.013946722,6,1.17863317,2.55,0,3.44,1,1,0,6,6,1,0.198453,-0.286605,3,2,19,0.36842105,0,,,,
1009,68,69,1.526601428,0.999084704,0.851359118,1.299686046,0,1.1287816,2.55,0,2.55,0,0,0,0,0,0,0.073378,0.00035,2,1,0,0,0,,,,
1009,52,51,1.526557617,0.999056032,0.84836063,1.295071382,0,1.12312643,2.55,0,2.55,0,0,0,0,0,0,0.001149,0.095162,1,2,0,0,0,,,,
1009,64,68,1.517176167,0.99291634,0.724184618,1.098715643,0,1.02270241,2.55,0,2.55,0,0,0,0,0,0,-0.116478,0.073378,3,2,0,0,0,,,,
1009,51,40,1.513157416,0.990286267,0.731588069,1.107007913,0,1.02296813,2.55,0,2.55,0,0,0,0,0,0,0.095162,-0.203349,2,3,0,0,0,,,,
1009,36,64,1.500044984,0.981704832,0.877209581,1.315853832,0,0.96743428,2.55,0,2.55,0,0,0,0,0,0,-0.096382,-0.116478,3,3,0,0,0,,,,
1009,40,39,1.49881981,0.980903017,0.999343555,1.497835917,0,0.96872972,2.55,0,2.55,0,0,0,0,0,0,-0.203349,0.279968,3,3,0,0,0,,,,
1009,35,36,1.497394512,0.979970231,0.713002147,1.067645503,0,0.96866912,2.55,0,2.55,0,0,0,0,0,0,0.257671,-0.096382,3,3,0,0,0,,,,
1009,12,34,1.391206828,0.988775286,0.768952905,1.069772532,0,0.94309002,2.55,0,3.44,1,1,0,6,0,1,0.224391,-0.287685,3,2,0,0,0,,,,
1009,38,0,1.380179467,0.980937788,0.884313507,1.220511345,0,0.97342698,3.44,1,2.55,0,0,1,0,6,1,-0.282422,0.171399,2,3,0,0,0,,,,
1009,39,38,1.374278833,0.976744018,0.703097043,0.966251383,0,1.09273173,2.55,0,3.44,1,0,0,0,0,1,0.279968,-0.282422,3,2,0,0,0,,,,
1009,34,35,1.363639704,0.969182447,0.725546878,0.989384529,0,1.12064084,3.44,1,2.55,0,0,0,0,0,1,-0.287685,0.257671,2,3,0,0,0,,,,
1010,19,22,1.482307982,1.017369926,0.75115001,1.113435656,5,0.95358325,2.55,0,3.04,2,0,0,5,5,2,-0.093123,-0.258109,4,3,15,0.4,0,,,,
1010,31,43,1.526714309,0.999158579,0.674005973,1.029014564,0,1.06722949,2.55,0,2.55,0,0,0,0,0,0,0.155772,0.231125,2,2,0,0,0,,,,
1010,49,50,1.510126209,0.988302493,0.845328262,1.276552364,0,1.04253694,2.55,0,2.55,0,0,0,0,0,0,0.118728,0.050509,3,1,0,0,0,,,,
1010,38,36,1.508854676,0.987470338,0.837536129,1.263720305,0,1.03903055,2.55,0,2.55,0,0,0,0,0,0,0.041499,0.144075,1,3,0,0,0,,,,
1010,22,31,1.447766478,0.993662648,0.772575183,1.118508452,0,0.96009716,3.04,2,2.55,0,0,0,5,0,2,-0.258109,0.155772,3,2,0,0,0,,,,
1010,43,46,1.433306449,1.018696837,0.683050296,0.979020394,0,0.91091328,2.55,0,3.44,1,0,0,0,0,1,0.231125,-0.325356,2,2,0,0,0,,,,
1010,35,5,1.38816197,0.986611208,0.999792194,1.387873502,0,0.98968089,3.44,1,2.55,0,0,1,0,6,1,-0.27445,0.230015,2,3,0,0,0,,,,
1010,36,35,1.361764842,0.967849923,0.724031814,0.985961068,0,1.08129966,2.55,0,3.44,1,0,0,0,0,1,0.144075,-0.27445,3,2,0,0,0,,,,
1010,46,49,1.350292041,0.959695836,0.687230228,0.927961508,0,1.13632613,3.44,1,2.55,0,0,0,0,0,1,-0.325356,0.118728,2,3,0,0,0,,,,
1011,20,17,1.469886324,1.008844423,0.74136761,1.089726111,5,0.97305628,3.04,2,2.55,0,0,0,5,5,2,-0.288586,0.247049,3,4,19,0.42105263,0,,,,
1011,46,51,1.542026135,1.009179408,0.962465251,1.48414657,0,0.88281489,2.55,0,2.55,0,0,0,6,0,0,-0.214177,0.134031,3,3,0,0,0,,,,
1011,34,29,1.538731106,1.007022975,0.706770886,1.087530348,0,1.08190002,2.55,0,2.55,0,0,0,0,0,0,0.218034,0.137901,2,2,0,0,0,,,,
1011,42,41,1.50882855,0.98745324,0.845127981,1.275153226,0,1.03693168,2.55,0,2.55,0,0,0,0,0,0,0.050597,0.121729,1,3,0,0,0,,,,
1011,55,56,1.452072848,0.99661829,0.907397117,1.317606716,0,1.00648392,3.04,2,2.55,0,0,0,0,0,2,-0.168686,0.11118,2,1,0,0,0,,,,
1011,29,20,1.442970023,0.99037064,0.840104716,1.212245922,0,0.99778413,2.55,0,3.04,2,0,0,0,5,2,0.137901,-0.288586,2,3,0,0,0,,,,
1011,37,34,1.436312498,1.020833332,0.825178429,1.185214091,0,0.90512681,3.44,1,2.55,0,0,0,0,0,1,-0.318498,0.218034,2,2,0,0,0,,,,
1011,51,55,1.36202966,0.934817886,0.994018983,1.353883338,0,1.23474892,2.55,0,3.04,2,0,0,0,0,2,0.134031,-0.168686,3,2,0,0,0,,,,
1011,41,37,1.350499348,0.959843175,0.68911024,0.93064293,0,1.15269024,2.55,0,3.44,1,0,0,0,0,1,0.121729,-0.318498,3,2,0,0,0,,,,
1012,1,2,1.457475179,1.035874328,0.7775022,1.133190158,6,0.94516032,2.55,0,3.44,1,0,0,6,6,1,0.244806,-0.31924,4,2,10,0.3,1,,,,
1012,2,3,1.346787452,0.957205012,0.743621112,1.001499583,6,1.13977231,3.44,1,2.55,0,0,1,6,6,1,-0.31924,0.14172,2,3,10,0.3,0,,,,
1012,28,1,1.539396024,1.007458131,0.958257618,1.475137967,0,0.90375821,2.55,0,2.55,0,1,0,6,6,0,0.026304,0.244806,3,4,0,0,0,,,,
1012,39,38,1.507953984,0.986880879,0.836757983,1.261792534,0,1.03805327,2.55,0,2.55,0,0,0,0,0,0,0.040887,0.141987,1,3,0,0,0,,,,
1012,46,47,1.50399281,0.984288488,0.836542931,1.258154554,0,1.0486046,2.55,0,2.55,0,0,0,0,0,0,0.148774,0.045439,3,1,0,0,0,,,,
1012,37,32,1.386661354,0.985544672,0.962326171,1.334420511,0,0.98609002,3.44,1,2.55,0,0,1,0,6,1,-0.279085,0.21929,2,3,0,0,0,,,,
1012,45,46,1.380132926,0.980904709,0.696963204,0.961901866,0,1.03721817,3.44,1,2.55,0,0,0,0,0,1,-0.287989,0.148774,2,3,0,0,0,,,,
1012,9,45,1.379200831,0.98024224,0.878149501,1.211144522,0,0.98949453,2.55,0,3.44,1,1,0,6,0,1,0.207093,-0.287989,3,2,0,0,0,,,,
1012,38,37,1.366195014,0.970998589,0.718541192,0.981667394,0,1.07268444,2.55,0,3.44,1,0,0,0,0,1,0.141987,-0.279085,3,2,0,0,0,,,,
1014,18,17,1.464688706,1.041001213,0.780095284,1.142596752,6,0.93560836,3.44,1,2.55,0,0,0,6,5,1,-0.311802,0.237205,2,4,15,0.26666667,1,,,,
1014,17,20,1.452796175,0.997114739,0.877066918,1.274199464,5,1.02629513,2.55,0,3.04,2,0,0,5,5,2,0.237205,-0.287817,4,3,15,0.26666667,0,,,,
1014,0,1,1.40388035,0.918769863,0.999980153,1.403852488,6,1.34186587,2.55,0,2.55,0,0,0,6,6,0,0.179535,0.164997,3,3,15,0.26666667,0,,,,
1014,1,18,1.346667943,0.957120073,0.755918042,1.017970595,6,1.13894188,2.55,0,3.44,1,0,0,6,6,1,0.164997,-0.311802,3,2,15,0.26666667,0,,,,
1014,29,43,1.527661733,0.999778621,0.893528476,1.365009261,0,1.0949135,2.55,0,2.55,0,0,0,0,0,0,0.149241,0.224009,2,2,0,0,0,,,,
1014,49,50,1.508016123,0.986921547,0.843805714,1.272472622,0,1.04278106,2.55,0,2.55,0,0,0,0,0,0,0.14352,0.045527,3,1,0,0,0,,,,
1014,35,34,1.504773822,0.984799622,0.83916232,1.262749491,0,1.04927293,2.55,0,2.55,0,0,0,0,0,0,0.043768,0.155409,1,3,0,0,0,,,,
1014,20,29,1.451709794,0.99636911,0.805199133,1.168915467,0,0.9722994,3.04,2,2.55,0,0,0,5,0,2,-0.287817,0.149241,3,2,0,0,0,,,,
1014,43,46,1.435135052,1.019996484,0.791645031,1.136117532,0,0.91279729,2.55,0,3.44,1,0,0,0,0,1,0.224009,-0.323738,2,2,0,0,0,,,,
1014,33,0,1.386131305,0.985167949,0.896068487,1.242068581,0,0.96866851,3.44,1,2.55,0,0,0,0,6,1,-0.282754,0.179535,2,3,0,0,0,,,,
1014,34,33,1.370276322,0.973899305,0.696271478,0.95408432,0,1.07642212,2.55,0,3.44,1,0,0,0,0,1,0.155409,-0.282754,3,2,0,0,0,,,,
1014,46,49,1.351316181,0.960423725,0.693537885,0.937188965,0,1.14291552,3.44,1,2.55,0,0,0,0,0,1,-0.323738,0.14352,2,3,0,0,0,,,,
1015,17,18,1.452383501,1.032255509,0.737985463,1.07183791,6,0.96502912,2.55,0,3.44,1,0,0,5,6,1,0.189997,-0.299588,4,2,15,0.33333333,1,,,,
1015,20,17,1.450913589,0.995822642,0.890296886,1.29174385,5,1.01843868,3.04,2,2.55,0,0,0,5,5,2,-0.290931,0.189997,3,4,15,0.33333333,0,,,,
1015,18,1,1.357623139,0.964906282,0.749504781,1.017545033,6,1.08926151,3.44,1,2.55,0,0,1,6,6,1,-0.299588,0.22021,2,3,15,0.33333333,0,,,,
1015,33,29,1.521687681,0.995868901,0.865711537,1.317342581,0,1.08562963,2.55,0,2.55,0,0,0,0,0,0,0.222471,0.160053,2,2,0,0,0,,,,
1015,68,69,1.508910378,0.987506792,0.836519465,1.262232902,0,1.03892166,2.55,0,2.55,0,0,0,0,0,0,0.143374,0.042484,3,1,0,0,0,,,,
1015,40,39,1.508754807,0.987404978,0.844233257,1.273740986,0,1.0431668,2.55,0,2.55,0,0,0,0,0,0,0.04513,0.123626,1,3,0,0,0,,,,
1015,5,63,1.486161454,0.972618753,0.9718503,1.444326456,0,0.98298986,2.55,0,2.55,0,1,1,6,6,0,0.112193,0.092032,3,3,0,0,0,,,,
1015,29,20,1.454813982,0.998499645,0.780998779,1.136207944,0,0.96349497,2.55,0,3.04,2,0,0,0,5,2,0.160053,-0.290931,2,3,0,0,0,,,,
1015,36,33,1.432329409,1.018002423,0.698660277,1.000711661,0,0.92061976,3.44,1,2.55,0,0,0,0,0,1,-0.32343,0.222471,2,2,0,0,0,,,,
1015,45,67,1.387966794,0.98647249,0.766516799,1.063899863,0,0.99093515,2.55,0,3.44,1,1,0,6,0,1,0.221027,-0.274535,3,2,0,0,0,,,,
1015,67,68,1.362885647,0.968646515,0.725186389,0.988346121,0,1.07766874,3.44,1,2.55,0,0,0,0,0,1,-0.274535,0.143374,2,3,0,0,0,,,,
1015,39,36,1.353713433,0.962127529,0.689158845,0.932923586,0,1.12667288,2.55,0,3.44,1,0,0,0,0,1,0.123626,-0.32343,3,2,0,0,0,,,,
1016,20,17,1.473598051,1.011391936,0.940302932,1.385628569,5,0.95870348,3.04,2,2.55,0,0,0,5,5,2,-0.293402,0.212465,3,4,15,0.33333333,0,,,,
1016,17,18,1.418723255,1.008332093,0.792498589,1.124336178,6,1.01802991,2.55,0,3.44,1,0,0,5,6,1,0.212465,-0.295987,4,2,15,0.33333333,1,,,,
1016,18,1,1.365802132,0.970719354,0.749944796,1.024276201,6,1.06274709,3.44,1,2.55,0,0,1,6,6,1,-0.295987,0.218602,2,3,15,0.33333333,0,,,,
1016,33,29,1.538039543,1.006570381,0.709217264,1.090804197,0,1.08735678,2.55,0,2.55,0,0,0,0,0,0,0.219165,0.117841,2,2,0,0,0,,,,
1016,70,72,1.51252843,0.989874627,0.867018019,1.311389403,0,1.02873889,2.55,0,2.55,0,0,0,0,0,0,0.136183,0.020504,3,1,0,0,0,,,,
1016,40,39,1.508795939,0.987431898,0.844505023,1.27418575,0,1.04043768,2.55,0,2.55,0,0,0,0,0,0,0.047704,0.12736,1,3,0,0,0,,,,
1016,5,54,1.497723084,0.980185265,0.872042574,1.306078293,0,0.94200644,2.55,0,2.55,0,1,1,6,6,0,-0.073797,-0.017007,3,3,0,0,0,,,,
1016,29,20,1.4436653,0.990847838,0.851640337,1.229483603,0,0.9919098,2.55,0,3.04,2,0,0,0,5,2,0.117841,-0.293402,2,3,0,0,0,,,,
1016,36,33,1.436119707,1.020696309,0.835375621,1.199699391,0,0.9112952,3.44,1,2.55,0,0,0,0,0,1,-0.31692,0.219165,2,2,0,0,0,,,,
1016,51,69,1.383362013,0.983199725,0.836949857,1.157804639,0,1.04113881,2.55,0,3.44,1,1,0,6,0,1,0.111144,-0.260158,3,2,0,0,0,,,,
1016,69,70,1.377869451,0.979295985,0.997541839,1.374482426,0,1.03230455,3.44,1,2.55,0,0,0,0,0,1,-0.260158,0.136183,2,3,0,0,0,,,,
1016,39,36,1.350135265,0.95958441,0.690353229,0.932070239,0,1.14788909,2.55,0,3.44,1,0,0,0,0,1,0.12736,-0.31692,3,2,0,0,0,,,,
1017,17,20,1.464788758,1.00534575,0.881586459,1.291337934,5,1.0015733,2.55,0,3.04,2,0,0,5,5,2,0.22133,-0.285688,4,3,15,0.26666667,0,,,,
1017,18,17,1.44561296,1.027443469,0.776982585,1.123216095,6,0.93264181,3.44,1,2.55,0,0,0,6,5,1,-0.293684,0.22133,2,4,15,0.26666667,1,,,,
1017,1,18,1.343831662,0.955104237,0.754644338,1.014114954,6,1.17074417,2.55,0,3.44,1,1,0,6,6,1,0.19874,-0.293684,3,2,15,0.26666667,0,,,,
1017,29,40,1.522037979,0.996098154,0.963585439,1.466613634,0,1.03287992,2.55,0,2.55,0,0,1,0,6,0,0.266387,-0.017459,2,3,0,0,0,,,,
1017,38,34,1.50400152,0.984294189,0.837923643,1.260238433,0,1.04951944,2.55,0,2.55,0,0,0,0,0,0,0.047349,0.15917,1,3,0,0,0,,,,
1017,44,61,1.493172574,0.977207182,0.962365457,1.436977707,0,0.939464,2.55,0,2.55,0,1,0,6,0,0,-0.033351,0.216549,3,3,0,0,0,,,,
1017,20,29,1.450320181,0.995415361,0.767065224,1.112490174,0,0.97930499,3.04,2,2.55,0,0,0,5,0,2,-0.285688,0.266387,3,2,0,0,0,,,,
1017,63,64,1.426383081,1.013776177,0.858138927,1.224034846,0,0.92297892,3.44,1,2.55,0,0,0,0,0,1,-0.310772,0.195879,2,1,0,0,0,,,,
1017,33,0,1.382038742,0.982259234,0.878938833,1.21472752,0,0.97433837,3.44,1,2.55,0,0,1,0,6,1,-0.283679,0.171865,2,3,0,0,0,,,,
1017,34,33,1.375549707,0.977647268,0.69792729,0.960033679,0,1.05140605,2.55,0,3.44,1,0,0,0,0,1,0.15917,-0.283679,3,2,0,0,0,,,,
1017,61,63,1.348461464,0.958394786,0.692540136,0.933863686,0,1.20501563,2.55,0,3.44,1,0,0,0,0,1,0.216549,-0.310772,3,2,0,0,0,,,,
1018,2,1,1.447708402,1.028932766,0.822681695,1.191003202,6,0.94431223,3.44,1,2.55,0,0,0,6,6,1,-0.31512,0.209169,2,4,10,0.3,1,,,,
1018,3,2,1.354773418,0.962880894,0.738650798,1.000704467,6,1.12940922,2.55,0,3.44,1,1,0,6,6,1,0.130413,-0.31512,3,2,10,0.3,0,,,,
1018,1,23,1.541510486,1.008841941,0.963450208,1.485168599,0,0.93343656,2.55,0,2.55,0,0,1,6,6,0,0.209169,0.045496,4,3,0,0,0,,,,
1018,46,47,1.509152309,0.987665124,0.836812301,1.262877216,0,1.04056248,2.55,0,2.55,0,0,0,0,0,0,0.144353,0.043015,3,1,0,0,0,,,,
1018,34,33,1.508465074,0.987215363,0.836657185,1.262068143,0,1.04232123,2.55,0,2.55,0,0,0,0,0,0,0.043278,0.145697,1,3,0,0,0,,,,
1018,27,45,1.38706589,0.985832189,0.962789994,1.33545316,0,1.00027282,2.55,0,3.44,1,1,0,6,0,1,0.221856,-0.271932,3,2,0,0,0,,,,
1018,35,9,1.38139866,0.981804307,0.752675847,1.039745407,0,1.05275061,3.44,1,2.55,0,0,1,0,6,1,-0.258492,0.204866,2,3,0,0,0,,,,
1018,33,35,1.361403036,0.967592776,0.725493252,0.987688715,0,1.07809411,2.55,0,3.44,1,0,0,0,0,1,0.145697,-0.258492,3,2,0,0,0,,,,
1018,45,46,1.361355005,0.967558639,0.727344385,0.990173919,0,1.07926085,3.44,1,2.55,0,0,0,0,0,1,-0.271932,0.144353,2,3,0,0,0,,,,
1019,16,17,1.469994705,1.044772356,0.776840822,1.141951894,6,0.91944201,2.55,0,3.44,1,0,0,5,6,1,0.23225,-0.273563,4,2,15,0.26666667,1,,,,
1019,19,16,1.448807604,0.994377216,0.876019079,1.269183103,5,1.03224345,3.04,2,2.55,0,0,0,5,5,2,-0.28884,0.23225,3,4,15,0.26666667,0,,,,
1019,1,0,1.422293667,0.930820463,0.999038819,1.420926585,6,1.32485126,2.55,0,2.55,0,0,0,6,6,0,0.153755,0.083881,3,3,15,0.26666667,0,,,,
1019,17,1,1.333530982,0.947783214,0.761690786,1.015738261,6,1.21013492,3.44,1,2.55,0,0,0,6,6,1,-0.273563,0.153755,2,3,15,0.26666667,0,,,,
1019,36,28,1.529092228,1.000714809,0.895594842,1.369447113,0,1.09588267,2.55,0,2.55,0,0,0,0,0,0,0.223333,0.153925,2,2,0,0,0,,,,
1019,61,63,1.508720208,0.987382335,0.837141089,1.263011678,0,1.04112072,2.55,0,2.55,0,0,0,0,0,0,0.14415,0.043982,3,1,0,0,0,,,,
1019,43,42,1.507300559,0.986453245,0.843506775,1.271418234,0,1.04366537,2.55,0,2.55,0,0,0,0,0,0,0.04519,0.144552,1,3,0,0,0,,,,
1019,0,32,1.473008603,0.964010866,0.756110497,1.113757267,0,0.97988883,2.55,0,2.55,0,0,1,6,5,0,0.083881,-0.106424,3,3,0,0,0,,,,
1019,28,19,1.449931639,0.995148689,0.804878447,1.167018727,0,0.97800713,2.55,0,3.04,2,0,0,0,5,2,0.153925,-0.28884,2,3,0,0,0,,,,
1019,39,36,1.433059493,1.018521317,0.790960816,1.133493906,0,0.91854909,3.44,1,2.55,0,0,0,0,0,1,-0.323381,0.223333,2,2,0,0,0,,,,
1019,55,60,1.386777534,0.985627245,0.999806226,1.386508813,0,0.99902247,2.55,0,3.44,1,1,0,6,0,1,0.212512,-0.271326,3,2,0,0,0,,,,
1019,60,61,1.360974435,0.967288155,0.727431455,0.990015613,0,1.07940289,3.44,1,2.55,0,0,0,0,0,1,-0.271326,0.14415,2,3,0,0,0,,,,
1019,42,39,1.352801004,0.961479036,0.693449567,0.938099271,0,1.1376064,2.55,0,3.44,1,0,0,0,0,1,0.144552,-0.323381,3,2,0,0,0,,,,
1020,2,1,1.453651351,1.03315661,0.818447897,1.189737891,6,0.94061267,3.44,1,2.55,0,0,0,6,6,1,-0.325235,0.229403,2,4,14,0.35714286,1,,,,
1020,3,2,1.357980303,0.96516013,0.742408876,1.008176631,6,1.14164978,2.55,0,3.44,1,1,0,6,6,1,0.128201,-0.325235,3,2,14,0.35714286,0,,,,
1020,1,25,1.540797714,1.008375467,0.967397398,1.490563698,0,0.93177481,2.55,0,2.55,0,0,1,6,6,0,0.229403,0.043002,4,3,0,0,0,,,,
1020,61,62,1.509087225,0.987622529,0.836618912,1.262530912,0,1.04036794,2.55,0,2.55,0,0,0,0,0,0,0.144693,0.042723,3,1,0,0,0,,,,
1020,40,39,1.508349284,0.987139583,0.837385366,1.263069618,0,1.03665287,2.55,0,2.55,0,0,0,0,0,0,0.041829,0.14004,1,3,0,0,0,,,,
1020,41,11,1.3892679,0.987397228,0.771526874,1.07185752,0,0.96991063,3.44,1,2.55,0,0,1,0,6,1,-0.279804,0.233706,2,3,0,0,0,,,,
1020,29,60,1.386382474,0.985346463,0.962832035,1.334853458,0,1.00190948,2.55,0,3.44,1,1,0,6,0,1,0.222546,-0.272035,3,2,0,0,0,,,,
1020,39,41,1.364468243,0.969771317,0.713759128,0.973901663,0,1.08169875,2.55,0,3.44,1,0,0,0,0,1,0.14004,-0.279804,3,2,0,0,0,,,,
1020,60,61,1.361918818,0.967959359,0.727507887,0.990806682,0,1.07722241,3.44,1,2.55,0,0,0,0,0,1,-0.272035,0.144693,2,3,0,0,0,,,,
1021,17,18,1.476728929,1.049558585,0.772843522,1.141280386,6,0.89566995,2.55,0,3.44,1,0,0,5,6,1,0.230837,-0.313459,4,2,15,0.26666667,1,,,,
1021,20,17,1.446896353,0.993065445,0.879858848,1.273064559,5,1.03387087,3.04,2,2.55,0,0,0,5,5,2,-0.292718,0.230837,3,4,15,0.26666667,0,,,,
1021,18,1,1.344747521,0.955755168,0.753384833,1.013112387,6,1.18182449,3.44,1,2.55,0,0,1,6,6,1,-0.313459,0.174759,2,3,15,0.26666667,0,,,,
1021,37,29,1.532616865,1.003021509,0.690054371,1.057588967,0,1.09520224,2.55,0,2.55,0,0,0,0,0,0,0.228543,0.136094,2,2,0,0,0,,,,
1021,55,53,1.522936253,0.996686029,0.703990422,1.072132535,0,0.91118037,2.55,0,2.55,0,0,0,0,0,0,0.233964,-0.145589,3,3,0,0,0,,,,
1021,44,43,1.521889589,0.99600104,0.708757231,1.078650251,0,0.91033786,2.55,0,2.55,0,0,0,0,0,0,-0.135955,0.226157,3,3,0,0,0,,,,
1021,53,60,1.514964648,0.991469011,0.832521791,1.261241082,0,1.06084412,2.55,0,2.55,0,0,0,0,0,0,-0.145589,0.087898,3,1,0,0,0,,,,
1021,45,44,1.514849599,0.991393716,0.833455847,1.262560255,0,1.05771369,2.55,0,2.55,0,0,0,0,0,0,0.082833,-0.135955,1,3,0,0,0,,,,
1021,0,57,1.507753948,0.986749966,0.717444863,1.081730325,0,0.99292518,2.55,0,2.55,0,1,0,6,0,0,-0.121176,0.327315,3,2,0,0,0,,,,
1021,29,20,1.450455148,0.995507995,0.757491985,1.09870815,0,0.96192366,2.55,0,3.04,2,0,0,0,5,2,0.136094,-0.292718,2,3,0,0,0,,,,
1021,40,37,1.435577754,1.020311126,0.827018541,1.18724942,0,0.90613396,3.44,1,2.55,0,0,0,0,0,1,-0.301743,0.228543,2,2,0,0,0,,,,
1021,57,54,1.429410473,1.015927841,0.708804927,1.013173186,0,0.91957086,2.55,0,3.44,1,0,0,0,0,1,0.327315,-0.310322,2,2,0,0,0,,,,
1021,54,55,1.345057213,0.955975276,0.689342938,0.92720569,0,1.16197868,3.44,1,2.55,0,0,0,0,0,1,-0.310322,0.233964,2,3,0,0,0,,,,
1021,43,40,1.343165678,0.954630901,0.687485648,0.923407127,0,1.19447135,2.55,0,3.44,1,0,0,0,0,1,0.226157,-0.301743,3,2,0,0,0,,,,
1022,17,19,1.588245007,1.039427361,0.762354516,1.210805753,5,0.91674872,2.55,0,2.55,0,0,0,5,5,0,0.21551,-0.226559,4,4,19,0.36842105,0,,,,
1022,19,13,1.522577118,0.996450993,0.722697172,1.100362178,5,0.93456766,2.55,0,2.55,0,0,1,5,5,0,-0.226559,0.046293,4,3,19,0.36842105,0,,,,
1022,18,17,1.483346406,1.054261838,0.758191722,1.124660966,6,0.88516842,3.44,1,2.55,0,0,0,6,5,1,-0.300917,0.21551,2,4,19,0.36842105,1,,,,
1022,0,1,1.412601369,0.924477336,0.999224514,1.411505917,6,1.32216097,2.55,0,2.55,0,0,0,6,6,0,0.169785,0.200469,3,3,19,0.36842105,0,,,,
1022,1,18,1.335544714,0.949214438,0.754481183,1.007643356,6,1.19350359,2.55,0,3.44,1,0,0,6,6,1,0.200469,-0.300917,3,2,19,0.36842105,0,,,,
1022,89,90,1.529638715,1.001072458,0.842680002,1.288995956,0,1.14195876,2.55,0,2.55,0,0,0,0,0,0,0.098962,-0.006945,2,1,0,0,0,,,,
1022,85,89,1.50721995,0.986400491,0.720892305,1.086543263,0,1.03062742,2.55,0,2.55,0,1,0,5,0,0,-0.189237,0.098962,3,2,0,0,0,,,,
1022,38,34,1.503920311,0.984241041,0.837753929,1.259915149,0,1.04759291,2.55,0,2.55,0,0,0,0,0,0,0.039774,0.161461,1,3,0,0,0,,,,
1022,51,81,1.492061348,0.97647994,0.971643252,1.44975134,0,1.00008402,2.55,0,2.55,0,1,0,6,0,0,0.002885,0.01919,3,3,0,0,0,,,,
1022,80,82,1.477219791,0.966766879,0.953026036,1.407828921,0,1.02909638,2.55,0,2.55,0,0,1,0,5,0,0.073797,-0.172378,3,3,0,0,0,,,,
1022,33,0,1.381380014,0.981791055,0.884823916,1.222278073,0,0.97561622,3.44,1,2.55,0,0,0,0,6,1,-0.281983,0.169785,2,3,0,0,0,,,,
1022,10,41,1.380998417,0.981519841,0.786019847,1.085492165,0,0.9915453,2.55,0,3.44,1,1,0,6,0,1,0.194936,-0.279896,3,2,0,0,0,,,,
1022,81,80,1.3740887,0.89927271,0.772418584,1.061371649,0,1.72254546,2.55,0,2.55,0,0,0,0,0,0,0.01919,0.073797,3,3,0,0,0,,,,
1022,34,33,1.373127204,0.975925518,0.700899465,0.962424123,0,1.0618378,2.55,0,3.44,1,0,0,0,0,1,0.161461,-0.281983,3,2,0,0,0,,,,
1022,41,48,1.37013089,0.973795942,0.962903802,1.319304244,0,1.0587821,3.44,1,2.55,0,0,1,0,6,1,-0.279896,0.228025,2,3,0,0,0,,,,
1023,19,20,1.85456893,1.013425645,0.763126469,1.41527064,6,1.00465401,2.55,0,2.58,3,0,0,5,6,7,-0.062021,0.01287,4,2,15,0.26666667,1,,,,
1023,20,1,1.77819118,0.971689169,0.69878119,1.24256655,6,1.01934954,2.58,3,2.55,0,0,1,6,6,7,0.01287,-0.055777,2,3,15,0.26666667,0,,,,
1024,20,17,1.465173404,1.005609749,0.938844752,1.3755174,5,0.98927889,3.04,2,2.55,0,0,0,5,5,2,-0.291959,0.222615,3,4,15,0.26666667,0,,,,
1024,17,18,1.429200416,1.015778547,0.785199811,1.122252562,6,0.98380386,2.55,0,3.44,1,0,0,5,6,1,0.222615,-0.297763,4,2,15,0.26666667,1,,,,
1024,18,1,1.356198006,0.963893394,0.744100796,1.009142894,6,1.12225757,3.44,1,2.55,0,0,1,6,6,1,-0.297763,0.167603,2,3,15,0.26666667,0,,,,
1024,33,29,1.524587378,0.997766609,0.876046106,1.335603602,0,1.07855939,2.55,0,2.55,0,0,0,0,0,0,0.203528,0.139086,2,2,0,0,0,,,,
1024,40,39,1.509636604,0.987982071,0.845135539,1.275846982,0,1.04307769,2.55,0,2.55,0,0,0,0,0,0,0.046814,0.122076,1,3,0,0,0,,,,
1024,46,49,1.505289461,0.985137082,0.83928013,1.263357003,0,1.04657949,2.55,0,2.55,0,0,0,0,0,0,0.158769,0.045412,3,1,0,0,0,,,,
1024,29,20,1.451420333,0.996170441,0.856909455,1.243729223,0,0.9770386,2.55,0,3.04,2,0,0,0,5,2,0.139086,-0.291959,2,3,0,0,0,,,,
1024,36,33,1.435120141,1.019985886,0.694577562,0.996812566,0,0.9133398,3.44,1,2.55,0,0,0,0,0,1,-0.323178,0.203528,2,2,0,0,0,,,,
1024,0,45,1.386604387,0.985504184,0.891574304,1.236290374,0,0.95995314,2.55,0,3.44,1,1,0,6,0,1,0.17893,-0.280883,3,2,0,0,0,,,,
1024,45,46,1.367677548,0.972052273,0.698534988,0.955362277,0,1.08053075,3.44,1,2.55,0,0,0,0,0,1,-0.280883,0.158769,2,3,0,0,0,,,,
1024,39,36,1.352128211,0.961000861,0.687609293,0.929717188,0,1.13267599,2.55,0,3.44,1,0,0,0,0,1,0.122076,-0.323178,3,2,0,0,0,,,,
1025,20,19,1.464572805,1.040918838,0.783869004,1.147999715,6,0.92348321,3.44,1,2.55,0,0,0,6,5,1,-0.310414,0.232366,2,4,15,0.26666667,1,,,,
1025,19,22,1.45225204,0.996741277,0.8830234,1.282418524,5,1.02644727,2.55,0,3.04,2,0,0,5,5,2,0.232366,-0.293542,4,3,15,0.26666667,0,,,,
1025,0,1,1.404098736,0.918912785,0.999973037,1.404036979,6,1.33944069,2.55,0,2.55,0,0,0,6,6,0,0.184659,0.158857,3,3,15,0.26666667,0,,,,
1025,1,20,1.346022398,0.956661264,0.75631308,1.018044308,6,1.14191083,2.55,0,3.44,1,0,0,6,6,1,0.158857,-0.310414,3,2,15,0.26666667,0,,,,
1025,31,42,1.532127142,1.002701009,0.690696207,1.058230291,0,1.0874977,2.55,0,2.55,0,0,0,0,0,0,0.136825,0.230239,2,2,0,0,0,,,,
1025,48,49,1.508517951,0.987249968,0.845106457,1.27488069,0,1.0377763,2.55,0,2.55,0,0,0,0,0,0,0.126903,0.049386,3,1,0,0,0,,,,
1025,37,36,1.504420619,0.984568468,0.839414411,1.262847366,0,1.05058832,2.55,0,2.55,0,0,0,0,0,0,0.043644,0.154686,1,3,0,0,0,,,,
1025,22,31,1.453545626,0.997629119,0.754024584,1.096024041,0,0.95482186,3.04,2,2.55,0,0,0,5,0,2,-0.293542,0.136825,3,2,0,0,0,,,,
1025,42,45,1.434866239,1.01980543,0.824676134,1.183294582,0,0.91323484,2.55,0,3.44,1,0,0,0,0,1,0.230239,-0.317015,2,2,0,0,0,,,,
1025,35,0,1.385885717,0.984993403,0.89556028,1.241196858,0,0.97463725,3.44,1,2.55,0,0,0,0,6,1,-0.282822,0.184659,2,3,0,0,0,,,,
1025,36,35,1.371793533,0.974977635,0.697836736,0.957311599,0,1.07202612,2.55,0,3.44,1,0,0,0,0,1,0.154686,-0.282822,3,2,0,0,0,,,,
1025,45,48,1.350266135,0.959677424,0.688510897,0.929656104,0,1.15365649,3.44,1,2.55,0,0,0,0,0,1,-0.317015,0.126903,2,3,0,0,0,,,,
1026,19,18,1.478352298,1.050712365,0.793732232,1.173344565,6,0.88488036,3.44,1,2.55,0,0,0,6,5,1,-0.306266,0.229913,2,4,15,0.26666667,1,,,,
1026,18,21,1.447282625,0.993330559,0.877485819,1.269990927,5,1.05157908,2.55,0,3.04,2,0,0,5,5,2,0.229913,-0.280521,4,3,15,0.26666667,0,,,,
1026,1,19,1.336412092,0.949830911,0.746628466,0.997811813,6,1.180948,2.55,0,3.44,1,1,0,6,6,1,0.122534,-0.306266,3,2,15,0.26666667,0,,,,
1026,59,60,1.524203221,0.997515197,0.846262007,1.289874425,0,1.11627051,2.55,0,2.55,0,0,0,0,0,0,0.177977,-0.019526,2,1,0,0,0,,,,
1026,30,38,1.519082993,0.994164263,0.960856331,1.459636687,0,1.01851516,2.55,0,2.55,0,0,1,0,6,0,0.252333,-0.043841,2,3,0,0,0,,,,
1026,33,32,1.502787,0.983499346,0.838708374,1.260392933,0,1.05287607,2.55,0,2.55,0,0,0,0,0,0,0.044629,0.15894,1,3,0,0,0,,,,
1026,21,30,1.459599418,1.001784089,0.750253283,1.095064115,0,0.9618687,3.04,2,2.55,0,0,0,5,0,2,-0.280521,0.252333,3,2,0,0,0,,,,
1026,58,59,1.421522839,1.010321847,0.849919468,1.208176934,0,0.95447452,3.44,1,2.55,0,0,0,0,0,1,-0.315744,0.177977,2,2,0,0,0,,,,
1026,31,0,1.380352807,0.981060986,0.891323945,1.230320453,0,0.98372167,3.44,1,2.55,0,0,1,0,6,1,-0.279319,0.2136,2,3,0,0,0,,,,
1026,32,31,1.374608419,0.976978265,0.69985254,0.962011973,0,1.05865884,2.55,0,3.44,1,0,0,0,0,1,0.15894,-0.279319,3,2,0,0,0,,,,
1026,52,58,1.359019037,0.965898392,0.958469291,1.302580825,0,1.1211521,2.55,0,3.44,1,1,0,6,0,1,0.228039,-0.315744,3,2,0,0,0,,,,
1027,19,22,1.472110645,1.010371067,0.911317879,1.341566039,5,0.97050265,2.55,0,3.04,2,0,0,5,5,2,0.255242,-0.285721,4,3,15,0.26666667,0,,,,
1027,20,19,1.434345995,1.019435675,0.773246288,1.109100737,6,0.98384443,3.44,1,2.55,0,0,0,6,5,1,-0.306199,0.255242,2,4,15,0.26666667,1,,,,
1027,1,20,1.355616295,0.963479954,0.757622286,1.027051727,6,1.12338696,2.55,0,3.44,1,1,0,6,6,1,0.163648,-0.306199,3,2,15,0.26666667,0,,,,
1027,31,42,1.538180051,1.006662337,0.705446151,1.085100485,0,1.08728469,2.55,0,2.55,0,0,0,0,0,0,0.136091,0.215536,2,2,0,0,0,,,,
1027,48,49,1.509305277,0.987765233,0.843929273,1.273744522,0,1.03771142,2.55,0,2.55,0,0,0,0,0,0,0.119338,0.050712,3,1,0,0,0,,,,
1027,37,36,1.506267767,0.985777335,0.838946746,1.263674891,0,1.04558117,2.55,0,2.55,0,0,0,0,0,0,0.046184,0.15747,1,3,0,0,0,,,,
1027,22,31,1.443937515,0.991034671,0.838522901,1.210773504,0,0.99608504,3.04,2,2.55,0,0,0,5,0,2,-0.285721,0.136091,3,2,0,0,0,,,,
1027,42,45,1.435090937,1.019965129,0.807116582,1.158291805,0,0.91053516,2.55,0,3.44,1,0,0,0,0,1,0.215536,-0.321571,2,2,0,0,0,,,,
1027,35,0,1.388009865,0.986503102,0.8807671,1.222513602,0,0.96532478,3.44,1,2.55,0,0,1,0,6,1,-0.283145,0.176312,2,3,0,0,0,,,,
1027,36,35,1.367747777,0.972102187,0.697870134,0.954510504,0,1.08172123,2.55,0,3.44,1,0,0,0,0,1,0.15747,-0.283145,3,2,0,0,0,,,,
1027,45,48,1.353127225,0.961710892,0.68936326,0.93279964,0,1.13925358,3.44,1,2.55,0,0,0,0,0,1,-0.321571,0.119338,2,3,0,0,0,,,,
1029,13,14,1.470228351,1.044938416,0.802776268,1.18058846,6,0.91820786,2.55,0,3.44,1,0,0,5,6,1,0.256878,-0.318006,4,2,11,0.27272727,1,,,,
1029,16,13,1.450121677,0.995279119,0.873420975,1.266419093,5,1.03714628,3.04,2,2.55,0,0,0,5,5,2,-0.288831,0.256878,3,4,11,0.27272727,0,,,,
1029,14,0,1.349651145,0.959240331,0.734180521,0.99075973,6,1.1533952,3.44,1,2.55,0,0,0,6,6,1,-0.318006,0.230274,2,3,11,0.27272727,0,,,,
1029,26,25,1.526446166,0.998983093,0.675946332,1.031773389,0,1.0729898,2.55,0,2.55,0,0,0,0,0,0,0.222628,0.151365,2,2,0,0,0,,,,
1029,63,64,1.508896776,0.98749789,0.836569752,1.262268531,0,1.03965417,2.55,0,2.55,0,0,0,0,0,0,0.144887,0.039856,3,1,0,0,0,,,,
1029,33,32,1.508858009,0.987472519,0.845092556,1.275135806,0,1.0445094,2.55,0,2.55,0,0,0,0,0,0,0.05075,0.120415,1,3,0,0,0,,,,
1029,45,52,1.494515067,0.978085777,0.94262807,1.408684797,0,0.95229794,2.55,0,2.55,0,1,1,6,6,0,0.076424,-0.006631,3,3,0,0,0,,,,
1029,0,41,1.476864831,0.966534576,0.987808913,1.458900416,0,1.01043808,2.55,0,2.55,0,0,1,6,6,0,0.230274,0.087856,3,3,0,0,0,,,,
1029,25,16,1.450891597,0.995807548,0.775727099,1.125570575,0,0.94884965,2.55,0,3.04,2,0,0,0,5,2,0.151365,-0.288831,2,3,0,0,0,,,,
1029,29,26,1.430745036,1.016876358,0.681368879,0.974870275,0,0.91913121,3.44,1,2.55,0,0,0,0,0,1,-0.326125,0.222628,2,2,0,0,0,,,,
1029,54,62,1.387817123,0.986366114,0.758547964,1.052743818,0,0.99187548,2.55,0,3.44,1,1,0,6,0,1,0.215273,-0.274979,3,2,0,0,0,,,,
1029,62,63,1.36210608,0.968092452,0.7247059,0.987105768,0,1.07842181,3.44,1,2.55,0,0,0,0,0,1,-0.274979,0.144887,2,3,0,0,0,,,,
1029,32,29,1.353027937,0.961640324,0.686425241,0.928768245,0,1.12660744,2.55,0,3.44,1,0,0,0,0,1,0.120415,-0.326125,3,2,0,0,0,,,,
1030,18,17,1.482544869,1.05369216,0.796214378,1.180452364,6,0.88138398,3.44,1,2.55,0,0,0,6,5,1,-0.301661,0.225364,2,4,15,0.26666667,1,,,,
1030,17,20,1.444915029,0.991705579,0.87758542,1.268028016,5,1.05725178,2.55,0,3.04,2,0,0,5,5,2,0.225364,-0.280294,4,3,15,0.26666667,0,,,,
1030,1,18,1.333950016,0.948081035,0.75305684,1.004506201,6,1.18967756,2.55,0,3.44,1,1,0,6,6,1,0.196893,-0.301661,3,2,15,0.26666667,0,,,,
1030,56,77,1.520521493,0.995105689,0.654723033,0.995529731,0,1.04391404,2.55,0,2.55,0,0,0,0,0,0,0.200288,0.203098,2,2,0,0,0,,,,
1030,29,40,1.520115082,0.994839713,0.960217455,1.459700785,0,1.01383487,2.55,0,2.55,0,0,1,0,6,0,0.250839,-0.043181,2,3,0,0,0,,,,
1030,62,60,1.517474842,0.993111808,0.823900815,1.250257666,0,1.10517385,2.55,0,2.55,0,0,0,0,0,0,0.153602,0.018601,2,1,0,0,0,,,,
1030,38,34,1.503077293,0.983689328,0.83817961,1.259834462,0,1.05183269,2.55,0,2.55,0,0,0,0,0,0,0.044583,0.158295,1,3,0,0,0,,,,
1030,20,29,1.458133882,1.000778231,0.754382141,1.099992903,0,0.9628069,3.04,2,2.55,0,0,0,5,0,2,-0.280294,0.250839,3,2,0,0,0,,,,
1030,63,62,1.416803371,1.00696757,0.698594713,0.989765447,0,0.95548635,3.44,1,2.55,0,0,0,0,0,1,-0.320602,0.153602,2,2,0,0,0,,,,
1030,57,56,1.412133272,1.003648381,0.692376669,0.977711209,0,0.95848366,3.44,1,2.55,0,0,0,0,0,1,-0.323036,0.200288,2,2,0,0,0,,,,
1030,77,75,1.408943961,1.001381636,0.69021762,0.972512111,0,0.96834703,2.55,0,3.44,1,0,0,0,0,1,0.203098,-0.329521,2,2,0,0,0,,,,
1030,33,0,1.381082427,0.98157955,0.895966503,1.237401995,0,0.98336505,3.44,1,2.55,0,0,1,0,6,1,-0.281118,0.176453,2,3,0,0,0,,,,
1030,34,33,1.374924449,0.977202878,0.699179918,0.961325418,0,1.05936486,2.55,0,3.44,1,0,0,0,0,1,0.158295,-0.281118,3,2,0,0,0,,,,
1030,75,73,1.366443549,0.97117523,0.959416555,1.311023297,0,1.08767947,3.44,1,2.55,0,0,1,0,6,1,-0.329521,0.231801,2,3,0,0,0,,,,
1030,66,63,1.361463501,0.967635751,0.958839875,1.305438544,0,1.11479014,2.55,0,3.44,1,1,0,6,0,1,0.233866,-0.320602,3,2,0,0,0,,,,
1030,44,57,1.360203625,0.966740317,0.959151213,1.304641554,0,1.10746422,2.55,0,3.44,1,1,0,6,0,1,0.228649,-0.323036,3,2,0,0,0,,,,
1031,18,20,1.586920721,1.038560681,0.753578932,1.195909258,5,0.91376529,2.55,0,2.55,0,0,0,5,5,0,0.225675,-0.238647,4,4,23,0.39130435,0,,,,
1031,20,14,1.522287553,0.996261488,0.724008971,1.102176369,5,0.92831658,2.55,0,2.55,0,0,1,5,5,0,-0.238647,0.07276,4,3,23,0.39130435,0,,,,
1031,19,18,1.482910891,1.053952303,0.736221969,1.091660767,6,0.88041608,3.44,1,2.55,0,0,0,6,5,1,-0.301159,0.225675,2,4,23,0.39130435,1,,,,
1031,1,19,1.333972408,0.948096949,0.753445995,1.005108313,6,1.1896722,2.55,0,3.44,1,1,0,6,6,1,0.196104,-0.301159,3,2,23,0.39130435,0,,,,
1031,54,55,1.51765111,0.993227166,0.823241036,1.249401826,0,1.10499433,2.55,0,2.55,0,0,0,0,0,0,0.153656,0.018852,2,1,0,0,0,,,,
1031,36,35,1.502996628,0.983636537,0.838019524,1.259536938,0,1.05140231,2.55,0,2.55,0,0,0,0,0,0,0.044215,0.157993,1,3,0,0,0,,,,
1031,53,54,1.417473297,1.007443708,0.700484836,0.99290363,0,0.9528253,3.44,1,2.55,0,0,0,0,0,1,-0.319897,0.153656,2,2,0,0,0,,,,
1031,34,0,1.380516683,0.981177457,0.894060549,1.234236346,0,0.98534694,3.44,1,2.55,0,0,1,0,6,1,-0.281535,0.175469,2,3,0,0,0,,,,
1031,35,34,1.375667831,0.977731223,0.69880136,0.961356691,0,1.05754354,2.55,0,3.44,1,0,0,0,0,1,0.157993,-0.281535,3,2,0,0,0,,,,
1031,47,53,1.360982082,0.96729359,0.738466377,1.005069984,0,1.1164843,2.55,0,3.44,1,1,0,6,0,1,0.237369,-0.319897,3,2,0,0,0,,,,
1032,20,19,1.481128264,1.052685333,0.816410657,1.209127591,6,0.88754036,3.44,1,2.55,0,0,0,6,5,1,-0.299557,0.22771,2,4,15,0.26666667,1,,,,
1032,19,22,1.448227682,0.993979191,0.880752426,1.275058233,5,1.05762613,2.55,0,3.04,2,0,0,5,5,2,0.22771,-0.281303,4,3,15,0.26666667,0,,,,
1032,1,20,1.336680204,0.950021467,0.751642869,1.004649943,6,1.19164576,2.55,0,3.44,1,1,0,6,6,1,0.196452,-0.299557,3,2,15,0.26666667,0,,,,
1032,31,45,1.528599708,1.000392479,0.681284361,1.041349064,0,1.07484729,2.55,0,2.55,0,0,0,0,0,0,0.123216,0.247429,2,2,0,0,0,,,,
1032,92,93,1.517070699,0.992847316,0.823417937,1.249144389,0,1.10529412,2.55,0,2.55,0,0,0,0,0,0,0.150261,0.018441,2,1,0,0,0,,,,
1032,64,66,1.506269375,0.985778387,0.962051801,1.44893462,0,1.01731564,2.55,0,2.55,0,0,1,0,6,0,0.269907,-0.017733,2,3,0,0,0,,,,
1032,34,33,1.503092076,0.983699002,0.838425736,1.26021806,0,1.05234374,2.55,0,2.55,0,0,0,0,0,0,0.045255,0.156377,1,3,0,0,0,,,,
1032,51,53,1.496331816,0.979274749,0.726946638,1.087664023,0,0.93757202,2.55,0,2.55,0,0,1,0,6,0,0.228875,-0.028077,3,3,0,0,0,,,,
1032,22,31,1.455275623,0.998816488,0.768378754,1.117935153,0,0.94058946,3.04,2,2.55,0,0,0,5,0,2,-0.281303,0.123216,3,2,0,0,0,,,,
1032,45,48,1.429804024,1.016207551,0.692161041,0.98956761,0,0.90847259,2.55,0,3.44,1,0,0,0,0,1,0.247429,-0.320286,2,2,0,0,0,,,,
1032,62,64,1.425624816,1.013237254,0.704134561,1.00398673,0,0.94154897,3.44,1,2.55,0,0,0,0,0,1,-0.314526,0.269907,2,2,0,0,0,,,,
1032,91,92,1.419411661,1.008821365,0.699971588,0.993599035,0,0.9484081,3.44,1,2.55,0,0,0,0,0,1,-0.314515,0.150261,2,2,0,0,0,,,,
1032,32,0,1.380939573,0.981478019,0.888976487,1.227563907,0,0.9824601,3.44,1,2.55,0,0,1,0,6,1,-0.282112,0.176392,2,3,0,0,0,,,,
1032,33,32,1.376039032,0.977995047,0.698651633,0.961306972,0,1.0572758,2.55,0,3.44,1,0,0,0,0,1,0.156377,-0.282112,3,2,0,0,0,,,,
1032,56,62,1.356349536,0.964001092,0.999483124,1.355636712,0,1.14122784,2.55,0,3.44,1,1,0,6,0,1,0.245567,-0.314526,3,2,0,0,0,,,,
1032,84,91,1.356109132,0.963830229,0.958572043,1.2998656,0,1.13104369,2.55,0,3.44,1,1,0,6,0,1,0.228543,-0.314515,3,2,0,0,0,,,,
1032,48,51,1.349615101,0.959214713,0.702470023,0.947930831,0,1.17866891,3.44,1,2.55,0,0,0,0,0,1,-0.320286,0.228875,2,3,0,0,0,,,,
1033,16,18,1.599826431,1.047006827,0.662567448,1.059992915,5,0.90850728,2.55,0,2.55,0,0,0,5,5,0,0.272429,-0.267607,4,4,17,0.35294118,0,,,,
1033,18,13,1.528969766,1.000634664,0.720416865,1.101495605,5,0.93719033,2.55,0,2.55,0,0,0,5,5,0,-0.267607,0.005122,4,3,17,0.35294118,0,,,,
1033,17,16,1.434334911,1.019427798,0.694339549,0.995915456,6,0.96599033,3.44,1,2.55,0,0,0,6,5,1,-0.28747,0.272429,2,4,17,0.35294118,1,,,,
1033,13,12,1.398221553,0.915066462,0.999479439,1.397493693,6,1.41081617,2.55,0,2.55,0,0,0,5,6,0,0.005122,0.138313,3,3,17,0.35294118,0,,,,
1033,1,17,1.352482995,0.961253017,0.720634272,0.974645599,6,1.14328879,2.55,0,3.44,1,1,0,6,6,1,0.202256,-0.28747,3,2,17,0.35294118,0,,,,
1033,44,45,1.517313014,0.993005899,0.823688191,1.249792812,0,1.10478979,2.55,0,2.55,0,0,0,0,0,0,0.15703,0.015623,2,1,0,0,0,,,,
1033,33,32,1.516196663,0.992275303,0.822893029,1.247667665,0,1.10418441,2.55,0,2.55,0,0,0,0,0,0,0.024204,0.141217,1,2,0,0,0,,,,
1033,32,31,1.423377367,1.011639919,0.698325337,0.993980479,0,0.93419916,2.55,0,3.44,1,0,0,0,0,1,0.141217,-0.30478,2,2,0,0,0,,,,
1033,43,44,1.420135552,1.009335858,0.701088958,0.995641354,0,0.94339589,3.44,1,2.55,0,0,0,0,0,1,-0.328189,0.15703,2,2,0,0,0,,,,
1033,12,43,1.361710844,0.967811545,0.738838611,1.006084549,0,1.14158304,2.55,0,3.44,1,0,0,6,0,1,0.138313,-0.328189,3,2,0,0,0,,,,
1033,31,0,1.350378527,0.959757304,0.724904635,0.978895653,0,1.17182528,3.44,1,2.55,0,0,1,0,6,1,-0.30478,0.199248,2,3,0,0,0,,,,
1034,16,18,1.595285668,1.044035123,0.656224215,1.046893592,5,0.90783866,2.55,0,2.55,0,0,0,5,5,0,0.232849,-0.260238,4,4,17,0.35294118,0,,,,
1034,18,13,1.529164481,1.000762095,0.720313603,1.101475034,5,0.94052147,2.55,0,2.55,0,0,0,5,5,0,-0.260238,0.01201,4,3,17,0.35294118,0,,,,
1034,17,16,1.437500625,1.021677772,0.694843158,0.998827884,6,0.93954153,3.44,1,2.55,0,0,0,6,5,1,-0.285442,0.232849,2,4,17,0.35294118,1,,,,
1034,13,12,1.398128512,0.91500557,0.999382904,1.397280512,6,1.41263907,2.55,0,2.55,0,0,0,5,6,0,0.01201,0.137315,3,3,17,0.35294118,0,,,,
1034,1,17,1.351560452,0.960597336,0.720645669,0.973974603,6,1.15661093,2.55,0,3.44,1,1,0,6,6,1,0.19871,-0.285442,3,2,17,0.35294118,0,,,,
1034,41,42,1.517199899,0.992931871,0.823681458,1.249683372,0,1.10499604,2.55,0,2.55,0,0,0,0,0,0,0.155756,0.015657,2,1,0,0,0,,,,
1034,33,32,1.516356172,0.992379694,0.822482358,1.247176811,0,1.10418142,2.55,0,2.55,0,0,0,0,0,0,0.024591,0.141265,1,2,0,0,0,,,,
1034,32,31,1.422900351,1.011300889,0.698442252,0.993807917,0,0.93475363,2.55,0,3.44,1,0,0,0,0,1,0.141265,-0.301161,2,2,0,0,0,,,,
1034,40,41,1.420815344,1.009819008,0.701130795,0.99618294,0,0.94207169,3.44,1,2.55,0,0,0,0,0,1,-0.327969,0.155756,2,2,0,0,0,,,,
1034,12,40,1.361057237,0.967347005,0.738547937,1.005203118,0,1.14446486,2.55,0,3.44,1,0,0,6,0,1,0.137315,-0.327969,3,2,0,0,0,,,,
1034,31,0,1.348456018,0.958390915,0.72528398,0.978008166,0,1.18683238,3.44,1,2.55,0,0,1,0,6,1,-0.301161,0.195184,2,3,0,0,0,,,,
1035,16,18,1.595582399,1.044229319,0.657083415,1.048430432,5,0.90764457,2.55,0,2.55,0,0,0,5,5,0,0.231957,-0.263691,4,4,17,0.35294118,0,,,,
1035,18,13,1.529064698,1.000696792,0.719924647,1.100810289,5,0.93875368,2.55,0,2.55,0,0,0,5,5,0,-0.263691,0.011851,4,3,17,0.35294118,0,,,,
1035,17,16,1.434877023,1.019813094,0.694892477,0.99708141,6,0.94684051,3.44,1,2.55,0,0,0,6,5,1,-0.285425,0.231957,2,4,17,0.35294118,1,,,,
1035,13,12,1.398529132,0.915267757,0.999370613,1.397649342,6,1.41107295,2.55,0,2.55,0,0,0,5,6,0,0.011851,0.138697,3,3,17,0.35294118,0,,,,
1035,1,17,1.353620071,0.962061173,0.721050849,0.976028489,6,1.14887448,2.55,0,3.44,1,1,0,6,6,1,0.195733,-0.285425,3,2,17,0.35294118,0,,,,
1035,41,42,1.5170288,0.992819895,0.823593836,1.249415132,0,1.10524664,2.55,0,2.55,0,0,0,0,0,0,0.154219,0.015348,2,1,0,0,0,,,,
1035,33,32,1.516170624,0.992258262,0.822347558,1.246819586,0,1.10444722,2.55,0,2.55,0,0,0,0,0,0,0.024418,0.13987,1,2,0,0,0,,,,
1035,32,31,1.423962134,1.012055532,0.698726797,0.994960353,0,0.93186457,2.55,0,3.44,1,0,0,0,0,1,0.13987,-0.30128,2,2,0,0,0,,,,
1035,40,41,1.421851123,1.010555169,0.701414869,0.997306628,0,0.93916341,3.44,1,2.55,0,0,0,0,0,1,-0.328021,0.154219,2,2,0,0,0,,,,
1035,12,40,1.360273656,0.96679009,0.73841585,1.004446832,0,1.14732045,2.55,0,3.44,1,0,0,6,0,1,0.138697,-0.328021,3,2,0,0,0,,,,
1035,31,0,1.34774427,0.957885053,0.725383842,0.977630816,0,1.18989208,3.44,1,2.55,0,0,1,0,6,1,-0.30128,0.196361,2,3,0,0,0,,,,
1036,16,18,1.593895968,1.043125633,0.65267706,1.040301132,5,0.91078184,2.55,0,2.55,0,0,0,5,5,0,0.22436,-0.253214,4,4,17,0.35294118,0,,,,
1036,18,13,1.529795367,1.001174978,0.719890723,1.101277756,5,0.93963571,2.55,0,2.55,0,0,0,5,5,0,-0.253214,0.008684,4,3,17,0.35294118,0,,,,
1036,17,16,1.433353955,1.018730601,0.698175162,1.000735445,6,0.94584707,3.44,1,2.55,0,0,0,6,5,1,-0.284178,0.22436,2,4,17,0.35294118,1,,,,
1036,13,12,1.39849571,0.915245884,0.999372943,1.397615903,6,1.40890689,2.55,0,2.55,0,0,0,5,6,0,0.008684,0.136156,3,3,17,0.35294118,0,,,,
1036,1,17,1.352709137,0.961413743,0.721212265,0.975591449,6,1.15257695,2.55,0,3.44,1,1,0,6,6,1,0.199538,-0.284178,3,2,17,0.35294118,0,,,,
1036,41,42,1.517060562,0.992840682,0.82342164,1.249179419,0,1.10503835,2.55,0,2.55,0,0,0,0,0,0,0.154487,0.015613,2,1,0,0,0,,,,
1036,33,32,1.516284031,0.992332481,0.822578895,1.247260703,0,1.1040713,2.55,0,2.55,0,0,0,0,0,0,0.024955,0.141031,1,2,0,0,0,,,,
1036,32,31,1.423067711,1.011419837,0.69834405,0.993792792,0,0.93481231,2.55,0,3.44,1,0,0,0,0,1,0.141031,-0.301308,2,2,0,0,0,,,,
1036,40,41,1.421595089,1.010373198,0.701386654,0.997084927,0,0.93981904,3.44,1,2.55,0,0,0,0,0,1,-0.327013,0.154487,2,2,0,0,0,,,,
1036,12,40,1.360182121,0.966725033,0.738656945,1.004711118,0,1.14860086,2.55,0,3.44,1,0,0,6,0,1,0.136156,-0.327013,3,2,0,0,0,,,,
1036,31,0,1.348594917,0.958489635,0.725272372,0.978096735,0,1.18649191,3.44,1,2.55,0,0,1,0,6,1,-0.301308,0.194863,2,3,0,0,0,,,,
2001,15,16,1.578896946,1.03330952,0.996528515,1.57332482,4,0.90386497,2.55,0,2.55,0,0,0,4,4,0,0.315323,0.356969,4,4,4,0.25,1,,,,
2001,21,24,1.504630734,0.984705978,0.832699565,1.252926528,0,1.05009267,2.55,0,2.55,0,0,0,0,0,0,0.145012,0.050252,3,1,0,0,0,,,,
2001,23,5,1.503075643,0.983688248,0.834028292,1.253628223,0,1.05347966,2.55,0,2.55,0,0,0,0,0,0,0.045419,0.149537,1,3,0,0,0,,,,
2001,16,6,1.385344042,0.984608417,0.873026064,1.209403345,0,1.06063207,2.55,0,3.44,1,0,0,4,0,1,0.356969,-0.293067,4,2,0,0,0,,,,
2001,5,18,1.385151518,0.984471583,0.693972523,0.961285548,0,1.00752132,2.55,0,3.44,1,0,0,0,0,1,0.149537,-0.30405,3,2,0,0,0,,,,
2001,6,21,1.384420426,0.983951973,0.699123834,0.967867988,0,1.01080564,3.44,1,2.55,0,0,0,0,0,1,-0.293067,0.145012,2,3,0,0,0,,,,
2001,18,15,1.383936446,0.983607993,0.70351366,0.973596426,0,1.0115768,3.44,1,2.55,0,0,0,0,4,1,-0.30405,0.315323,2,4,0,0,0,,,,
2002,15,16,1.560533232,1.021291382,0.999857361,1.560352519,4,1.05650404,2.55,0,2.55,0,0,0,4,4,0,0.20915,0.259209,3,3,4,0.25,1,,,,
2002,23,5,1.507716285,0.986725317,0.841682906,1.269023895,0,1.04425368,2.55,0,2.55,0,0,0,0,0,0,0.047425,0.135894,1,3,0,0,0,,,,
2002,21,24,1.507317116,0.986464081,0.843403598,1.271292611,0,1.04869818,2.55,0,2.55,0,0,0,0,0,0,0.133274,0.0511,3,1,0,0,0,,,,
2002,18,15,1.417711955,1.007613329,0.701063944,0.993885408,0,0.94423691,3.44,1,2.55,0,0,0,0,4,1,-0.310012,0.20915,2,3,0,0,0,,,,
2002,16,6,1.416429578,1.006701903,0.846736788,1.199338098,0,0.95483688,2.55,0,3.44,1,0,0,4,0,1,0.259209,-0.298773,3,2,0,0,0,,,,
2002,5,18,1.361436582,0.967616618,0.689950194,0.939311879,0,1.09045501,2.55,0,3.44,1,0,0,0,0,1,0.135894,-0.310012,3,2,0,0,0,,,,
2002,6,21,1.357134464,0.964558965,0.684899716,0.929481478,0,1.10115728,3.44,1,2.55,0,0,0,0,0,1,-0.298773,0.133274,2,3,0,0,0,,,,
2003,29,13,1.529815382,1.001188077,0.909709248,1.391556274,6,0.92968697,2.55,0,2.55,0,1,1,5,6,0,0.146617,0.013246,4,3,15,0.33333333,0,,,,
2003,30,29,1.485290338,1.019416841,0.910825918,1.352442097,5,1.0324918,3.04,2,2.55,0,0,0,5,5,2,-0.312431,0.146617,3,4,15,0.33333333,1,,,,
2003,34,33,1.527146339,0.999441321,0.677522823,1.034744975,0,1.07494279,2.55,0,2.55,0,0,0,0,0,0,0.209253,0.183327,2,2,0,0,0,,,,
2003,47,45,1.524181854,0.997501214,0.675858829,1.030103176,0,1.06580324,2.55,0,2.55,0,0,0,0,0,0,0.135034,0.232659,2,2,0,0,0,,,,
2003,9,43,1.518440714,0.993743922,0.95820709,1.454865562,0,1.02192842,2.55,0,2.55,0,1,0,6,0,0,-0.039608,0.2421,3,2,0,0,0,,,,
2003,42,40,1.510126157,0.988302459,0.845296563,1.276520723,0,1.04236205,2.55,0,2.55,0,0,0,0,0,0,0.049614,0.121041,1,3,0,0,0,,,,
2003,65,66,1.509752628,0.988058002,0.845348333,1.276291124,0,1.0422159,2.55,0,2.55,0,0,0,0,0,0,0.118002,0.051241,3,1,0,0,0,,,,
2003,44,47,1.458230282,1.000844394,0.820200146,1.196149606,0,0.98583874,3.04,2,2.55,0,0,0,0,0,2,-0.385662,0.135034,3,2,0,0,0,,,,
2003,43,44,1.458067414,1.000732611,0.701212099,1.022471295,0,1.0128313,2.55,0,3.04,2,0,0,0,0,2,0.2421,-0.385662,2,3,0,0,0,,,,
2003,33,30,1.449745607,0.995021007,0.807791692,1.171100844,0,0.94645976,2.55,0,3.04,2,0,1,0,5,2,0.183327,-0.312431,2,3,0,0,0,,,,
2003,45,62,1.434084501,1.019249823,0.685667671,0.983346475,0,0.90863816,2.55,0,3.44,1,0,0,0,0,1,0.232659,-0.325405,2,2,0,0,0,,,,
2003,37,34,1.433999456,1.019189379,0.680429613,0.975685337,0,0.9092932,3.44,1,2.55,0,0,0,0,0,1,-0.327526,0.209253,2,2,0,0,0,,,,
2003,62,65,1.350565754,0.959890372,0.687251548,0.928144998,0,1.13696289,3.44,1,2.55,0,0,0,0,0,1,-0.325405,0.118002,2,3,0,0,0,,,,
2003,40,37,1.349868004,0.959394459,0.686624064,0.926800204,0,1.13684334,2.55,0,3.44,1,0,0,0,0,1,0.121041,-0.327526,3,2,0,0,0,,,,
2004,29,13,1.531165206,1.00207147,0.964979001,1.477553659,6,0.92794682,2.55,0,2.55,0,0,1,5,6,0,0.1531,0.011216,4,3,15,0.33333333,0,,,,
2004,30,29,1.488290654,1.021476084,0.906996988,1.349893994,5,1.02447244,3.04,2,2.55,0,0,0,5,5,2,-0.312147,0.1531,3,4,15,0.33333333,1,,,,
2004,34,33,1.526987696,0.999337497,0.676872401,1.033573371,0,1.07586465,2.55,0,2.55,0,0,0,0,0,0,0.207612,0.188151,2,2,0,0,0,,,,
2004,47,45,1.524214316,0.997522458,0.676005354,1.030364998,0,1.06582165,2.55,0,2.55,0,0,0,0,0,0,0.135535,0.23423,2,2,0,0,0,,,,
2004,9,43,1.518122308,0.993535542,0.961373392,1.4594869,0,1.02374399,2.55,0,2.55,0,1,0,6,0,0,-0.040586,0.24506,3,2,0,0,0,,,,
2004,42,40,1.510685524,0.988668537,0.845569457,1.277390537,0,1.04217966,2.55,0,2.55,0,0,0,0,0,0,0.049753,0.120623,1,3,0,0,0,,,,
2004,64,65,1.510043173,0.98824815,0.845554718,1.276833043,0,1.04210456,2.55,0,2.55,0,0,0,0,0,0,0.118146,0.050381,3,1,0,0,0,,,,
2004,43,44,1.45887843,1.001289245,0.699993044,1.021187326,0,1.01154885,2.55,0,3.04,2,0,0,0,0,2,0.24506,-0.385037,2,3,0,0,0,,,,
2004,44,47,1.458037362,1.000711985,0.819454451,1.194779195,0,0.98632579,3.04,2,2.55,0,0,0,0,0,2,-0.385037,0.135535,3,2,0,0,0,,,,
2004,33,30,1.448996398,0.994506793,0.805910374,1.167760681,0,0.94830997,2.55,0,3.04,2,0,0,0,5,2,0.188151,-0.312147,2,3,0,0,0,,,,
2004,37,34,1.435073381,1.019952652,0.680751325,0.976930428,0,0.90607832,3.44,1,2.55,0,0,0,0,0,1,-0.326678,0.207612,2,2,0,0,0,,,,
2004,45,61,1.434574683,1.019598211,0.684480424,0.981946094,0,0.90760583,2.55,0,3.44,1,0,0,0,0,1,0.23423,-0.325358,2,2,0,0,0,,,,
2004,61,64,1.350049322,0.959523327,0.687246089,0.927811858,0,1.1384825,3.44,1,2.55,0,0,0,0,0,1,-0.325358,0.118146,2,3,0,0,0,,,,
2004,40,37,1.348619053,0.95850679,0.686446432,0.925776067,0,1.14205024,2.55,0,3.44,1,0,0,0,0,1,0.120623,-0.326678,3,2,0,0,0,,,,
2005,29,13,1.529852427,1.001212321,0.965510867,1.476969334,6,0.92810465,2.55,0,2.55,0,1,1,5,6,0,0.154434,0.010518,4,3,15,0.33333333,0,,,,
2005,30,29,1.487103348,1.020661186,0.909757564,1.352836812,5,1.03035197,3.04,2,2.55,0,0,0,5,5,2,-0.310864,0.154434,3,4,15,0.33333333,1,,,,
2005,34,33,1.526951292,0.999313673,0.677465648,1.034562939,0,1.07581364,2.55,0,2.55,0,0,0,0,0,0,0.209752,0.183784,2,2,0,0,0,,,,
2005,47,45,1.524208199,0.997518455,0.675698278,1.030010063,0,1.06539872,2.55,0,2.55,0,0,0,0,0,0,0.135382,0.233191,2,2,0,0,0,,,,
2005,9,43,1.518595755,0.993845389,0.961062669,1.459397701,0,1.02185943,2.55,0,2.55,0,1,0,6,0,0,-0.040099,0.242535,3,2,0,0,0,,,,
2005,42,40,1.510224305,0.988366692,0.845387306,1.276780619,0,1.04247712,2.55,0,2.55,0,0,0,0,0,0,0.04965,0.121367,1,3,0,0,0,,,,
2005,64,65,1.509803122,0.988091048,0.845438914,1.276517219,0,1.0423497,2.55,0,2.55,0,0,0,0,0,0,0.117928,0.051301,3,1,0,0,0,,,,
2005,43,44,1.458179311,1.00080941,0.701420173,1.022982306,0,1.01281469,2.55,0,3.04,2,0,0,0,0,2,0.242535,-0.385649,2,3,0,0,0,,,,
2005,44,47,1.458048648,1.000719731,0.819854745,1.195519774,0,0.98605795,3.04,2,2.55,0,0,0,0,0,2,-0.385649,0.135382,3,2,0,0,0,,,,
2005,33,30,1.449076554,0.994561808,0.808975967,1.172398883,0,0.9475362,2.55,0,3.04,2,0,1,0,5,2,0.183784,-0.310864,2,3,0,0,0,,,,
2005,45,61,1.434255859,1.019371612,0.685258205,0.982897799,0,0.9084232,2.55,0,3.44,1,0,0,0,0,1,0.233191,-0.325384,2,2,0,0,0,,,,
2005,37,34,1.434215372,1.019342837,0.680841261,0.976376716,0,0.90851645,3.44,1,2.55,0,0,0,0,0,1,-0.32678,0.209752,2,2,0,0,0,,,,
2005,61,64,1.350391339,0.95976641,0.687230843,0.927955779,0,1.13745905,3.44,1,2.55,0,0,0,0,0,1,-0.325384,0.117928,2,3,0,0,0,,,,
2005,40,37,1.349392714,0.959056655,0.686733799,0.926543962,0,1.13893178,2.55,0,3.44,1,0,0,0,0,1,0.121367,-0.32678,3,2,0,0,0,,,,
2006,28,12,1.528578777,1.000378781,0.965432883,1.475735908,6,0.92780387,2.55,0,2.55,0,0,1,5,6,0,0.145899,0.016094,4,3,15,0.33333333,0,,,,
2006,29,28,1.485921212,1.019849837,0.910795336,1.353296182,5,1.03433707,3.04,2,2.55,0,0,0,5,5,2,-0.312445,0.145899,3,4,15,0.33333333,1,,,,
2006,33,32,1.52684288,0.999242722,0.677030558,1.033715208,0,1.07470334,2.55,0,2.55,0,0,0,0,0,0,0.20897,0.184835,2,2,0,0,0,,,,
2006,46,44,1.52416358,0.997489254,0.67586933,1.030147748,0,1.06570015,2.55,0,2.55,0,0,0,0,0,0,0.135248,0.232794,2,2,0,0,0,,,,
2006,8,42,1.518205314,0.993589865,0.96128883,1.459414573,0,1.02250439,2.55,0,2.55,0,1,0,6,0,0,-0.041113,0.243283,3,2,0,0,0,,,,
2006,41,39,1.510176533,0.988335427,0.845389769,1.276691667,0,1.04241725,2.55,0,2.55,0,0,0,0,0,0,0.049556,0.121403,1,3,0,0,0,,,,
2006,63,64,1.509761972,0.988064118,0.845370154,1.276299777,0,1.04231048,2.55,0,2.55,0,0,0,0,0,0,0.117967,0.05124,3,1,0,0,0,,,,
2006,43,46,1.458258192,1.00086355,0.819832181,1.195494902,0,0.98566666,3.04,2,2.55,0,0,0,0,0,2,-0.385643,0.135248,3,2,0,0,0,,,,
2006,42,43,1.458140081,1.000782485,0.700469056,1.021356352,0,1.012845,2.55,0,3.04,2,0,0,0,0,2,0.243283,-0.385643,2,3,0,0,0,,,,
2006,32,29,1.449707371,0.994994764,0.805559828,1.167825433,0,0.94583391,2.55,0,3.04,2,0,0,0,5,2,0.184835,-0.312445,2,3,0,0,0,,,,
2006,44,60,1.434059355,1.019231951,0.685336508,0.98282599,0,0.90877889,2.55,0,3.44,1,0,0,0,0,1,0.232794,-0.325401,2,2,0,0,0,,,,
2006,36,33,1.433882032,1.019105922,0.679958786,0.974977298,0,0.90930441,3.44,1,2.55,0,0,0,0,0,1,-0.327783,0.20897,2,2,0,0,0,,,,
2006,60,63,1.350541684,0.959873265,0.687217931,0.928121628,0,1.13684047,3.44,1,2.55,0,0,0,0,0,1,-0.325401,0.117967,2,3,0,0,0,,,,
2006,39,36,1.349895279,0.959413845,0.686585508,0.926813257,0,1.13654994,2.55,0,3.44,1,0,0,0,0,1,0.121403,-0.327783,3,2,0,0,0,,,,
2007,8,24,1.532221551,1.002762795,0.959864398,1.470757843,6,0.94937496,2.55,0,2.55,0,1,1,6,5,0,0.020014,0.137368,3,4,15,0.33333333,0,,,,
2007,24,25,1.492543828,1.024395215,0.893132351,1.333050748,5,0.96407337,2.55,0,3.04,2,0,0,5,5,2,0.137368,-0.320968,4,3,15,0.33333333,1,,,,
2007,97,46,1.570359585,1.027722241,0.704609364,1.106542408,0,1.04742397,2.55,0,2.55,0,0,0,0,0,0,-0.040843,-0.070085,3,3,0,0,0,,,,
2007,28,111,1.552612548,1.016107688,0.844515997,1.311206201,0,1.02817122,2.55,0,2.55,0,0,0,0,0,0,0.1282,-0.077641,3,3,0,0,0,,,,
2007,46,33,1.536320654,1.005445454,0.696630368,1.070285166,0,1.03513413,2.55,0,2.55,0,0,0,0,0,0,-0.070085,0.1054,3,2,0,0,0,,,,
2007,111,113,1.535506033,1.004912325,0.852574639,1.309053652,0,1.07642871,2.55,0,2.55,0,0,0,0,0,0,-0.077641,0.08085,3,1,0,0,0,,,,
2007,33,35,1.533321451,1.003482625,0.703590664,1.078851799,0,1.08411947,2.55,0,2.55,0,0,0,0,0,0,0.1054,0.145247,2,2,0,0,0,,,,
2007,99,97,1.532196663,1.002746507,0.830695773,1.272812427,0,1.07710243,2.55,0,2.55,0,0,0,0,0,0,0.086483,-0.040843,1,3,0,0,0,,,,
2007,31,4,1.519507446,0.994442046,0.960769324,1.45991898,0,1.01922196,2.55,0,2.55,0,0,1,0,6,0,0.243015,-0.038777,2,3,0,0,0,,,,
2007,35,32,1.461243532,1.002912513,0.825762985,1.206703895,0,1.00140859,2.55,0,3.04,2,0,0,0,0,2,0.145247,-0.373855,2,3,0,0,0,,,,
2007,25,28,1.456431659,0.999609924,0.935795485,1.363019525,0,0.96593146,3.04,2,2.55,0,1,0,5,0,2,-0.320968,0.1282,3,3,0,0,0,,,,
2007,32,31,1.454970437,0.998607026,0.706031163,1.027302557,0,1.02057267,3.04,2,2.55,0,0,0,0,0,2,-0.373855,0.243015,3,2,0,0,0,,,,
2008,26,6,1.527255347,0.999512662,0.971303038,1.483433817,6,0.92647672,2.55,0,2.55,0,1,1,5,6,0,0.160101,0.036486,4,3,15,0.33333333,0,,,,
2008,27,26,1.491117198,1.023416059,0.899071304,1.340677285,5,1.02436622,3.04,2,2.55,0,0,0,5,5,2,-0.307174,0.160101,3,4,15,0.33333333,1,,,,
2008,31,30,1.533673744,1.003713183,0.693982449,1.064299273,0,1.10449926,2.55,0,2.55,0,0,0,0,0,0,0.210907,0.171106,2,2,0,0,0,,,,
2008,65,67,1.527892627,0.99992973,0.876841341,1.339690895,0,1.06758482,2.55,0,2.55,0,0,0,0,0,0,0.164792,0.200411,2,2,0,0,0,,,,
2008,39,37,1.509715069,0.988033422,0.844873629,1.275502918,0,1.03715123,2.55,0,2.55,0,0,0,0,0,0,0.05069,0.12387,1,3,0,0,0,,,,
2008,54,65,1.46076389,1.002583315,0.876789492,1.280827305,0,1.02688562,3.04,2,2.55,0,0,0,0,0,2,-0.335181,0.164792,3,2,0,0,0,,,,
2008,30,27,1.448252049,0.993995916,0.807038174,1.168745692,0,0.95812792,2.55,0,3.04,2,0,1,0,5,2,0.171106,-0.307174,2,3,0,0,0,,,,
2008,34,31,1.436357074,1.020865014,0.81707536,1.173577571,0,0.90482884,3.44,1,2.55,0,0,0,0,0,1,-0.317812,0.210907,2,2,0,0,0,,,,
2008,2,54,1.41793528,0.97318825,0.962534567,1.364811048,0,1.04405692,2.55,0,3.04,2,1,0,6,0,2,0.102795,-0.335181,3,3,0,0,0,,,,
2008,67,66,1.40803665,1.000736781,0.677352362,0.953732715,0,1.00895986,2.55,0,3.44,1,0,0,0,0,1,0.200411,-0.38976,2,2,0,0,0,,,,
2008,66,69,1.402446139,0.996763425,0.837799116,1.174968701,0,1.00176905,3.44,1,2.55,0,0,0,0,0,1,-0.38976,0.194086,2,1,0,0,0,,,,
2008,37,34,1.348889201,0.958698792,0.689569769,0.930133726,0,1.15651764,2.55,0,3.44,1,0,0,0,0,1,0.12387,-0.317812,3,2,0,0,0,,,,
2009,28,7,1.527485701,0.999663417,0.937069124,1.431373081,6,0.92598249,2.55,0,2.55,0,0,1,5,6,0,0.143914,0.037327,4,3,15,0.26666667,0,,,,
2009,29,28,1.482235801,1.017320385,0.887493469,1.315419297,5,1.01872367,3.04,2,2.55,0,0,0,5,5,2,-0.272902,0.143914,3,4,15,0.26666667,1,,,,
2009,78,79,1.53300972,1.003278613,0.69935523,1.07206217,0,1.06927273,2.55,0,2.55,0,0,0,0,0,0,0.138471,0.012084,2,2,0,0,0,,,,
2009,79,82,1.52275202,0.996565458,0.681222975,1.037342667,0,1.07391454,2.55,0,2.55,0,0,0,0,0,0,0.012084,0.208037,2,2,0,0,0,,,,
2009,38,37,1.517568892,0.993173359,0.828125173,1.256741003,0,1.10736538,2.55,0,2.55,0,0,0,0,0,0,0.004399,0.173136,1,2,0,0,0,,,,
2009,4,65,1.479738864,0.968415487,0.806045746,1.192638021,0,0.91778552,2.55,0,2.55,0,1,1,6,5,0,-0.018683,0.08215,3,3,0,0,0,,,,
2009,33,32,1.461421115,1.003034396,0.684772936,1.00074397,0,0.98377523,2.55,0,3.04,2,0,0,0,0,2,0.318003,-0.105861,2,2,0,0,0,,,,
2009,67,78,1.455689034,0.99910023,0.852932122,1.241531537,0,0.96494297,3.04,2,2.55,0,1,0,5,0,2,-0.193337,0.138471,3,2,0,0,0,,,,
2009,37,34,1.412249007,1.003730637,0.673329731,0.950855931,0,0.98289454,2.55,0,3.44,1,0,0,0,0,1,0.173136,-0.400757,2,2,0,0,0,,,,
2009,82,85,1.40439287,0.998147029,0.671572842,0.943197383,0,1.02465833,2.55,0,3.44,1,0,0,0,0,1,0.208037,-0.380462,2,2,0,0,0,,,,
2009,85,88,1.401822297,0.99632004,0.838402388,1.175352037,0,1.00234779,3.44,1,2.55,0,0,0,0,0,1,-0.380462,0.192401,2,1,0,0,0,,,,
2009,34,33,1.398833147,0.994195556,0.658157482,0.920601266,0,1.00702895,3.44,1,2.55,0,0,0,0,0,1,-0.400757,0.318003,2,2,0,0,0,,,,
2009,32,29,1.38829157,0.94249258,0.810681449,1.125610787,0,1.00393895,3.04,2,3.04,2,0,0,0,5,4,-0.105861,-0.272902,2,3,0,0,0,,,,
2010,22,23,1.451977709,1.031967099,0.83468019,1.211944648,6,0.91570229,3.44,1,2.55,0,0,0,6,6,1,-0.332646,0.321009,2,3,9,0.33333333,1,,,,
2010,18,22,1.345224458,0.956094142,0.736633918,0.990948707,6,1.10720535,2.55,0,3.44,1,1,0,5,6,1,0.251872,-0.332646,3,2,9,0.33333333,0,,,,
2010,51,60,1.553784324,1.016874557,0.678847398,1.054780934,0,1.03041928,2.55,0,2.55,0,0,0,0,0,0,-0.314255,0.190695,4,2,0,0,0,,,,
2010,50,51,1.539063763,1.007240682,0.67049963,1.031946569,0,0.90581384,2.55,0,2.55,0,0,0,0,0,0,0.238428,-0.314255,3,4,0,0,0,,,,
2010,60,62,1.524904889,0.997974404,0.838322401,1.278363008,0,0.99792971,2.55,0,2.55,0,0,0,0,0,0,0.190695,-0.123721,2,3,0,0,0,,,,
2010,62,65,1.523568099,0.997099541,0.717996616,1.093917425,0,0.90174009,2.55,0,2.55,0,0,0,0,0,0,-0.123721,0.210721,3,3,0,0,0,,,,
2010,43,44,1.517615858,0.993204096,0.652748495,0.990625351,0,1.05221109,2.55,0,2.55,0,0,0,0,0,0,0.203777,0.221819,2,2,0,0,0,,,,
2010,9,0,1.491847875,0.976340232,0.962435254,1.435817361,0,0.94152291,2.55,0,2.55,0,0,1,0,6,0,0.215978,-0.018785,3,3,0,0,0,,,,
2010,44,47,1.430463845,1.016676507,0.681060123,0.974231639,0,0.90087483,2.55,0,3.44,1,0,0,0,0,1,0.221819,-0.329116,2,2,0,0,0,,,,
2010,66,67,1.430434906,1.016655939,0.859511006,1.229481323,0,0.91675909,3.44,1,2.55,0,0,0,0,0,1,-0.301538,0.188261,2,1,0,0,0,,,,
2010,11,10,1.426448155,1.013822427,0.857850058,1.223677971,0,0.92294913,2.55,0,3.44,1,0,0,0,0,1,0.195996,-0.312538,1,2,0,0,0,,,,
2010,4,17,1.420862467,0.975197301,0.977137624,1.388386068,0,0.9564402,2.55,0,3.04,2,1,1,6,5,2,0.177535,-0.130326,3,3,0,0,0,,,,
2010,41,43,1.419679936,1.009012037,0.6764417,0.960334167,0,0.95173296,3.44,1,2.55,0,0,0,0,0,1,-0.366478,0.203777,2,2,0,0,0,,,,
2010,23,41,1.383269531,0.983133995,0.860893115,1.190863545,0,1.08237068,2.55,0,3.44,1,0,0,6,0,1,0.321009,-0.366478,3,2,0,0,0,,,,
2010,47,50,1.352887478,0.961540496,0.687327066,0.929876064,0,1.15392128,3.44,1,2.55,0,0,0,0,0,1,-0.329116,0.238428,2,3,0,0,0,,,,
2010,10,9,1.349121333,0.958863776,0.692318148,0.934014678,0,1.20334068,3.44,1,2.55,0,0,0,0,0,1,-0.312538,0.215978,2,3,0,0,0,,,,
2010,65,66,1.342829113,0.954391694,0.681439854,0.91506464,0,1.19044086,2.55,0,3.44,1,0,0,0,0,1,0.210721,-0.301538,3,2,0,0,0,,,,
2011,1,2,1.456005826,1.034830012,0.811727332,1.181872773,6,0.93594965,2.55,0,3.44,1,0,0,6,6,1,0.22856,-0.325361,4,2,13,0.38461538,1,,,,
2011,2,3,1.35583274,0.963633788,0.74882211,1.015274508,6,1.14775594,3.44,1,2.55,0,0,1,6,6,1,-0.325361,0.103383,2,3,13,0.38461538,0,,,,
2011,24,1,1.541970564,1.009143039,0.965157061,1.488242558,0,0.93165113,2.55,0,2.55,0,1,0,6,6,0,0.044399,0.22856,3,4,0,0,0,,,,
2011,51,52,1.531031692,1.001984092,0.678772622,1.039196005,0,1.07136081,2.55,0,2.55,0,0,0,0,0,0,0.148793,0.191937,2,2,0,0,0,,,,
2011,58,59,1.515571754,0.991866331,0.87043594,1.319208159,0,1.02471747,2.55,0,2.55,0,0,0,0,0,0,0.12617,-0.011353,3,1,0,0,0,,,,
2011,38,37,1.509275499,0.987745745,0.836894919,1.263120072,0,1.04006208,2.55,0,2.55,0,0,0,0,0,0,0.04287,0.14399,1,3,0,0,0,,,,
2011,34,51,1.444705832,0.991561998,0.84402377,1.219345338,0,0.97623976,3.04,2,2.55,0,1,0,5,0,2,-0.2262,0.148793,3,2,0,0,0,,,,
2011,52,55,1.422159188,1.010774121,0.705590371,1.003473031,0,0.95347064,2.55,0,3.44,1,0,0,0,0,1,0.191937,-0.300548,2,2,0,0,0,,,,
2011,36,28,1.387113639,0.985866126,0.96279283,1.335529422,0,0.99993017,3.44,1,2.55,0,0,1,0,6,1,-0.272497,0.221944,2,3,0,0,0,,,,
2011,55,58,1.362480365,0.968358468,0.998515524,1.360489064,0,1.09737548,3.44,1,2.55,0,0,0,0,0,1,-0.300548,0.12617,2,3,0,0,0,,,,
2011,37,36,1.361563028,0.967706487,0.727347285,0.990335419,0,1.07901867,2.55,0,3.44,1,0,0,0,0,1,0.14399,-0.272497,3,2,0,0,0,,,,
2012,0,1,1.579471985,1.033685854,0.830360386,1.311602358,5,0.98568748,2.55,0,2.55,0,1,0,5,5,0,-0.014953,0.312353,3,4,8,0.375,1,,,,
2012,22,21,1.525522894,0.998378858,0.672908885,1.026543386,0,1.08430645,2.55,0,2.55,0,0,0,0,0,0,0.209179,0.177273,2,2,0,0,0,,,,
2012,49,50,1.518655194,0.993884289,0.651335196,0.989151939,0,1.04473792,2.55,0,2.55,0,0,0,0,0,0,0.188302,0.226023,2,2,0,0,0,,,,
2012,56,57,1.508958626,0.987538368,0.844994338,1.275065955,0,1.04432627,2.55,0,2.55,0,0,0,0,0,0,0.118785,0.051675,3,1,0,0,0,,,,
2012,25,24,1.508626717,0.98732115,0.844772361,1.274454222,0,1.04556135,2.55,0,2.55,0,0,0,0,0,0,0.050498,0.120959,1,3,0,0,0,,,,
2012,21,10,1.453365739,0.997505655,0.832535652,1.209991109,0,0.91488502,2.55,0,3.04,2,0,1,0,5,2,0.177273,-0.308845,2,3,0,0,0,,,,
2012,23,22,1.42930059,1.015849744,0.678324834,0.969526681,0,0.92402753,3.44,1,2.55,0,0,0,0,0,1,-0.325481,0.209179,2,2,0,0,0,,,,
2012,50,53,1.429212979,1.015787476,0.681923588,0.974638972,0,0.91326212,2.55,0,3.44,1,0,0,0,0,1,0.226023,-0.327583,2,2,0,0,0,,,,
2012,48,49,1.409148381,1.001526924,0.690355176,0.97280957,0,0.96206378,3.44,1,2.55,0,0,0,0,0,1,-0.322834,0.188302,2,2,0,0,0,,,,
2012,37,38,1.391196856,0.988768199,0.962327921,1.338723913,0,0.96698651,3.44,1,2.55,0,0,1,0,6,1,-0.280329,0.190678,2,3,0,0,0,,,,
2012,1,37,1.365484597,0.970493673,0.702046755,0.958599388,0,1.14657202,2.55,0,3.44,1,0,0,5,0,1,0.312353,-0.280329,4,2,0,0,0,,,,
2012,41,48,1.363957698,0.969408456,0.959044365,1.308131875,0,1.10218117,2.55,0,3.44,1,1,0,6,0,1,0.242891,-0.322834,3,2,0,0,0,,,,
2012,24,23,1.353154536,0.961730302,0.685976605,0.9282437,0,1.12466975,2.55,0,3.44,1,0,0,0,0,1,0.120959,-0.325481,3,2,0,0,0,,,,
2012,53,56,1.352651668,0.961372899,0.68591254,0.927797607,0,1.1301254,3.44,1,2.55,0,0,0,0,0,1,-0.327583,0.118785,2,3,0,0,0,,,,
2013,0,1,1.563611871,1.023306198,0.959752353,1.500682026,5,1.00473623,2.55,0,2.55,0,1,0,5,5,0,0.169602,0.131881,3,3,9,0.33333333,1,,,,
2013,1,2,1.546870533,1.012349825,0.681615921,1.054333451,5,1.01757405,2.55,0,2.55,0,0,0,5,5,0,0.131881,-0.080215,3,3,9,0.33333333,0,,,,
2013,13,12,1.521783515,0.99593162,0.965600645,1.469414098,0,1.03031964,2.55,0,2.55,0,1,0,6,0,0,-0.057334,0.306079,3,2,0,0,0,,,,
2013,2,32,1.520755819,0.995259044,0.70903116,1.078246882,0,0.91310376,2.55,0,2.55,0,0,0,5,0,0,-0.080215,0.197936,3,3,0,0,0,,,,
2013,25,18,1.494302496,0.97794666,0.962473985,1.438196652,0,0.93701359,2.55,0,2.55,0,0,1,0,6,0,0.217453,-0.034683,3,3,0,0,0,,,,
2013,12,6,1.449387249,0.994775051,0.909513498,1.31824282,0,0.98848488,2.55,0,3.04,2,0,1,0,5,2,0.306079,-0.300506,2,3,0,0,0,,,,
2013,33,34,1.42914794,1.015741251,0.859869454,1.228886469,0,0.91896934,3.44,1,2.55,0,0,0,0,0,1,-0.299382,0.193426,2,1,0,0,0,,,,
2013,27,26,1.426963011,1.014188352,0.85819061,1.224614815,0,0.92141343,2.55,0,3.44,1,0,0,0,0,1,0.195243,-0.310346,1,2,0,0,0,,,,
2013,26,25,1.347845229,0.957956808,0.69218186,0.932964354,0,1.20695286,3.44,1,2.55,0,0,0,0,0,1,-0.310346,0.217453,2,3,0,0,0,,,,
2013,32,33,1.343458818,0.954839245,0.690233332,0.927295153,0,1.20555714,2.55,0,3.44,1,0,0,0,0,1,0.197936,-0.299382,3,2,0,0,0,,,,
2014,0,1,1.565527337,1.024559776,0.96355646,1.508554532,5,1.01395817,2.55,0,2.55,0,0,0,5,5,0,0.113175,0.179002,3,3,9,0.33333333,1,,,,
2014,1,2,1.549295053,1.013936553,0.886835221,1.373911854,5,1.02500954,2.55,0,2.55,0,0,0,5,5,0,0.179002,-0.074168,3,3,9,0.33333333,0,,,,
2014,6,0,1.454249713,0.998112363,0.847749964,1.232760026,5,0.93760084,3.04,2,2.55,0,0,0,5,5,2,-0.301151,0.113175,3,3,9,0.33333333,0,,,,
2014,13,12,1.520161175,0.994869879,0.964884687,1.466778499,0,1.02449098,2.55,0,2.55,0,1,0,6,0,0,-0.058736,0.293232,3,2,0,0,0,,,,
2014,2,32,1.513030876,0.990203453,0.733704733,1.110180818,0,0.91328925,2.55,0,2.55,0,0,0,5,0,0,-0.074168,0.214227,3,3,0,0,0,,,,
2014,25,18,1.493678983,0.977538602,0.962536707,1.43776301,0,0.93779988,2.55,0,2.55,0,0,1,0,6,0,0.216975,-0.034563,3,3,0,0,0,,,,
2014,12,6,1.454322097,0.998162043,0.916743478,1.333186832,0,0.97230752,2.55,0,3.04,2,0,0,0,5,2,0.293232,-0.301151,2,3,0,0,0,,,,
2014,33,34,1.428698141,1.015421564,0.861525903,1.230844785,0,0.91824204,3.44,1,2.55,0,0,0,0,0,1,-0.293662,0.191115,2,1,0,0,0,,,,
2014,27,26,1.426693523,1.013996818,0.858063923,1.224196861,0,0.92221046,2.55,0,3.44,1,0,0,0,0,1,0.19552,-0.310294,1,2,0,0,0,,,,
2014,26,25,1.347991519,0.958060781,0.692164448,0.933039835,0,1.2062038,3.44,1,2.55,0,0,0,0,0,1,-0.310294,0.216975,2,3,0,0,0,,,,
2014,32,33,1.3413367,0.953330988,0.693143413,0.929754948,0,1.21741117,2.55,0,3.44,1,0,0,0,0,1,0.214227,-0.293662,3,2,0,0,0,,,,
2015,0,1,1.588396604,1.039526574,0.826692178,1.313149955,5,1.00127274,2.55,0,2.55,0,1,0,5,5,0,-0.022622,0.341221,3,4,8,0.375,1,,,,
2015,90,100,1.578185378,1.032843834,0.67555817,1.066134408,0,0.98456727,2.55,0,2.55,0,0,0,0,0,0,-0.256703,-0.032197,4,3,0,0,0,,,,
2015,52,25,1.576198733,1.031543673,0.669519625,1.055302388,0,1.00310372,2.55,0,2.55,0,0,0,0,0,0,0.019527,-0.318212,3,4,0,0,0,,,,
2015,89,90,1.536797548,1.005757558,0.818312905,1.257595232,0,0.90025864,2.55,0,2.55,0,0,0,0,0,0,0.226975,-0.256703,3,4,0,0,0,,,,
2015,25,24,1.536695469,1.005690752,0.892117919,1.370904393,0,0.90773546,2.55,0,2.55,0,0,0,0,0,0,-0.318212,0.22676,4,3,0,0,0,,,,
2015,44,78,1.536579827,1.00561507,0.885328127,1.360332932,0,1.08308403,2.55,0,2.55,0,0,0,0,0,0,0.21537,0.036893,3,2,0,0,0,,,,
2015,100,101,1.535592942,1.004969203,0.83277353,1.278798946,0,1.07988349,2.55,0,2.55,0,0,0,0,0,0,-0.032197,0.058803,3,1,0,0,0,,,,
2015,78,80,1.531207085,1.002098878,0.692759679,1.060752957,0,1.08204413,2.55,0,2.55,0,0,0,0,0,0,0.036893,-0.0259,2,2,0,0,0,,,,
2015,22,21,1.525874237,0.998608794,0.672976059,1.026878423,0,1.08497322,2.55,0,2.55,0,0,0,0,0,0,0.212177,0.179245,2,2,0,0,0,,,,
2015,65,52,1.525509769,0.998370268,0.796401821,1.214917275,0,0.94337192,2.55,0,2.55,0,0,0,0,0,0,0.152673,0.019527,3,3,0,0,0,,,,
2015,80,83,1.525340224,0.998259309,0.689069339,1.051058916,0,1.09877404,2.55,0,2.55,0,0,0,0,0,0,-0.0259,0.23912,2,2,0,0,0,,,,
2015,38,44,1.51516826,0.991602264,0.963158287,1.459344346,0,0.9821782,2.55,0,2.55,0,1,0,6,0,0,0.042414,0.21537,3,3,0,0,0,,,,
2015,21,10,1.453738712,0.997761642,0.834466315,1.213093734,0,0.9152743,2.55,0,3.04,2,0,1,0,5,2,0.179245,-0.310158,2,3,0,0,0,,,,
2015,83,86,1.437361265,1.021578724,0.826158153,1.187461167,0,0.91126917,2.55,0,3.44,1,0,0,0,0,1,0.23912,-0.305257,2,2,0,0,0,,,,
2015,23,22,1.430035749,1.016372245,0.680627728,0.97332721,0,0.91785924,3.44,1,2.55,0,0,0,0,0,1,-0.327714,0.212177,2,2,0,0,0,,,,
2015,68,67,1.428812996,1.015503196,0.859056,1.227431193,0,0.92198932,2.55,0,3.44,1,0,0,0,0,1,0.191726,-0.309319,1,2,0,0,0,,,,
2015,34,35,1.380503428,0.981168037,0.964222093,1.331080902,0,1.00844842,3.44,1,2.55,0,0,1,0,6,1,-0.279741,0.131204,2,3,0,0,0,,,,
2015,1,34,1.373849022,0.976438538,0.735148666,1.009988326,0,1.0973356,2.55,0,3.44,1,0,0,5,0,1,0.341221,-0.279741,4,2,0,0,0,,,,
2015,24,23,1.352664199,0.961381805,0.689301255,0.932389781,0,1.141713,2.55,0,3.44,1,0,0,0,0,1,0.22676,-0.327714,3,2,0,0,0,,,,
2015,67,65,1.348303806,0.958282734,0.692065972,0.933125234,0,1.17148286,3.44,1,2.55,0,0,0,0,0,1,-0.309319,0.152673,2,3,0,0,0,,,,
2015,86,89,1.347199804,0.957498084,0.694648436,0.935834861,0,1.19217153,3.44,1,2.55,0,0,0,0,0,1,-0.305257,0.226975,2,3,0,0,0,,,,
2016,4,3,1.590273415,1.040754852,0.829085488,1.318396021,5,0.98877381,2.55,0,2.55,0,0,0,5,5,0,0.042149,-0.047147,4,3,8,0.375,1,,,,
2016,3,11,1.519063862,0.994151742,0.757056613,1.149973462,5,0.91256495,2.55,0,2.55,0,0,0,5,5,0,-0.047147,0.200971,3,3,8,0.375,0,,,,
2016,11,10,1.393243715,0.956241397,0.706133524,0.983799709,5,1.06461957,2.55,0,3.04,2,0,0,5,5,2,0.200971,-0.295407,3,3,8,0.375,0,,,,
2016,16,17,1.529487992,1.000973817,0.691317796,1.057374598,0,1.05357572,2.55,0,2.55,0,0,0,0,0,0,0.217017,0.092993,2,3,0,0,0,,,,
2016,17,18,1.526683923,0.999138693,0.66782122,1.019563602,0,1.0517317,2.55,0,2.55,0,0,0,0,0,0,0.092993,0.23099,3,2,0,0,0,,,,
2016,29,28,1.517476529,0.993112912,0.829059081,1.258088296,0,1.10803886,2.55,0,2.55,0,0,0,0,0,0,0.009601,0.181716,1,2,0,0,0,,,,
2016,20,40,1.517415397,0.993072904,0.828867914,1.257733078,0,1.10997917,2.55,0,2.55,0,0,0,0,0,0,0.183068,0.002241,2,1,0,0,0,,,,
2016,24,4,1.509997431,0.988218214,0.691920209,1.044799462,0,1.03518256,2.55,0,2.55,0,0,0,0,5,0,0.320597,0.042149,2,4,0,0,0,,,,
2016,10,16,1.452930185,0.997206716,0.875664244,1.272273689,0,0.94211607,3.04,2,2.55,0,0,0,5,0,2,-0.295407,0.217017,3,2,0,0,0,,,,
2016,19,20,1.41402335,1.00499172,0.678536213,0.959468776,0,0.9693316,3.44,1,2.55,0,0,0,0,0,1,-0.411356,0.183068,2,2,0,0,0,,,,
2016,28,25,1.411083942,1.002902588,0.673893219,0.950905769,0,0.98253324,2.55,0,3.44,1,0,0,0,0,1,0.181716,-0.381995,2,2,0,0,0,,,,
2016,18,19,1.409894251,1.002057037,0.665284496,0.937979333,0,0.99848061,2.55,0,3.44,1,0,0,0,0,1,0.23099,-0.411356,2,2,0,0,0,,,,
2016,25,24,1.400711199,0.995530348,0.67813216,0.949847155,0,1.05098747,3.44,1,2.55,0,0,0,0,0,1,-0.381995,0.320597,2,2,0,0,0,,,,
2019,1,0,1.58522966,1.037453966,0.859242189,1.36212746,5,0.93106393,2.55,0,2.55,0,0,1,5,5,0,-0.324193,0.050076,4,3,8,0.375,1,,,,
2019,18,17,1.532068563,1.002662672,0.851568395,1.304723018,0,1.12528259,2.55,0,2.55,0,0,0,0,0,0,-0.002797,0.109959,1,2,0,0,0,,,,
2019,17,1,1.529745327,1.00114223,0.874244525,1.337358229,0,1.05232223,2.55,0,2.55,0,0,0,0,5,0,0.109959,-0.324193,2,4,0,0,0,,,,
2019,21,22,1.528348081,1.000227802,0.841811061,1.286621824,0,1.12721589,2.55,0,2.55,0,0,0,0,0,0,0.146263,-0.015012,2,1,0,0,0,,,,
2019,10,21,1.460170437,1.002176003,0.839083069,1.225230839,0,0.91672784,3.04,2,2.55,0,1,0,5,0,2,-0.283856,0.146263,3,2,0,0,0,,,,
2020,1,0,1.580347831,1.034259052,0.852128827,1.346697783,5,0.93165902,2.55,0,2.55,0,0,0,5,5,0,-0.364685,0.034433,4,3,8,0.375,1,,,,
2020,0,8,1.532098678,1.002682381,0.750123886,1.149261147,5,0.92457623,2.55,0,2.55,0,0,0,5,5,0,0.034433,0.206002,3,3,8,0.375,0,,,,
2020,8,10,1.396239967,0.95829785,0.705853123,0.985558527,5,1.06850287,2.55,0,3.04,2,0,0,5,5,2,0.206002,-0.295073,3,3,8,0.375,0,,,,
2020,21,22,1.525699965,0.998494742,0.671622817,1.024709017,0,1.08325124,2.55,0,2.55,0,0,0,0,0,0,0.176172,0.208841,2,2,0,0,0,,,,
2020,17,1,1.522457659,0.996372814,0.880836037,1.341061526,0,1.05327726,2.55,0,2.55,0,0,0,0,5,0,0.370969,-0.364685,2,4,0,0,0,,,,
2020,34,35,1.5088485,0.987466296,0.844663792,1.274488561,0,1.04483235,2.55,0,2.55,0,0,0,0,0,0,0.121139,0.049562,3,1,0,0,0,,,,
2020,29,28,1.503768872,0.984141932,0.842190887,1.266470491,0,1.05039942,2.55,0,2.55,0,0,0,0,0,0,0.055453,0.142379,1,3,0,0,0,,,,
2020,10,21,1.454210782,0.998085643,0.830522687,1.207768301,0,0.91189129,3.04,2,2.55,0,0,0,5,0,2,-0.295073,0.176172,3,2,0,0,0,,,,
2020,22,25,1.429337408,1.015875912,0.677943001,0.969022196,0,0.92469606,2.55,0,3.44,1,0,0,0,0,1,0.208841,-0.326384,2,2,0,0,0,,,,
2020,18,17,1.426282989,1.013705038,0.786728693,1.122076983,0,0.96047649,3.44,1,2.55,0,0,0,0,0,1,-0.332368,0.370969,2,2,0,0,0,,,,
2020,28,18,1.362547075,0.968405881,0.692150839,0.943087098,0,1.09540609,2.55,0,3.44,1,0,0,0,0,1,0.142379,-0.332368,3,2,0,0,0,,,,
2020,25,34,1.353690479,0.962111215,0.68611976,0.928797237,0,1.12267823,3.44,1,2.55,0,0,0,0,0,1,-0.326384,0.121139,2,3,0,0,0,,,,
2021,1,0,1.589595041,1.04031089,0.837682597,1.331581227,5,0.98864054,2.55,0,2.55,0,0,1,5,5,0,0.031055,-0.044959,4,3,8,0.375,1,,,,
2021,17,1,1.508753877,0.98740437,0.839298313,1.266324239,0,1.09768488,2.55,0,2.55,0,0,0,0,5,0,0.119943,0.031055,1,4,0,0,0,,,,
2021,10,18,1.450491719,0.995533095,0.885125442,1.283868014,0,0.94510011,3.04,2,2.55,0,1,0,5,0,2,-0.295025,0.139257,3,1,0,0,0,,,,
2022,0,1,1.569990565,1.027480737,0.905060057,1.420780978,5,0.95849906,2.55,0,2.55,0,0,0,5,5,0,0.015981,-0.123495,3,3,9,0.44444444,1,,,,
2022,1,2,1.530067384,1.001353,0.776071573,1.187263344,5,0.89148417,2.55,0,2.55,0,0,0,5,5,0,-0.123495,-0.066718,3,3,9,0.44444444,0,,,,
2022,7,0,1.524670595,0.99782107,0.756500534,1.153411373,5,0.92558052,2.55,0,2.55,0,0,0,5,5,0,0.204698,0.015981,3,3,9,0.44444444,0,,,,
2022,9,7,1.394814269,0.957319334,0.706195079,0.985051769,5,1.06248755,3.04,2,2.55,0,0,0,5,5,2,-0.296601,0.204698,3,3,9,0.44444444,0,,,,
2022,17,16,1.525250101,0.998200328,0.672576071,1.025843007,0,1.08040761,2.55,0,2.55,0,0,0,0,0,0,0.209694,0.174493,2,2,0,0,0,,,,
2022,24,23,1.508735212,0.987392154,0.844648445,1.274354574,0,1.0447582,2.55,0,2.55,0,0,0,0,0,0,0.050394,0.120452,1,3,0,0,0,,,,
2022,31,34,1.504432019,0.984575929,0.844126604,1.269989543,0,1.04794159,2.55,0,2.55,0,0,0,0,0,0,0.131509,0.054189,3,1,0,0,0,,,,
2022,2,30,1.498624225,0.980775016,0.907740531,1.360351889,0,1.10455955,2.55,0,2.55,0,0,0,5,0,0,-0.066718,0.356876,3,2,0,0,0,,,,
2022,16,9,1.454075886,0.997993059,0.844571785,1.228129146,0,0.91183445,2.55,0,3.04,2,0,0,0,5,2,0.174493,-0.296601,2,3,0,0,0,,,,
2022,30,33,1.439124226,1.022831717,0.81421454,1.171671023,0,0.92754154,2.55,0,3.44,1,0,0,0,0,1,0.356876,-0.328432,2,2,0,0,0,,,,
2022,20,17,1.429565528,1.016038044,0.677989589,0.96911807,0,0.92364906,3.44,1,2.55,0,0,0,0,0,1,-0.326275,0.209694,2,2,0,0,0,,,,
2022,33,31,1.357967829,0.965151264,0.692036292,0.939769966,0,1.11453003,3.44,1,2.55,0,0,0,0,0,1,-0.328432,0.131509,2,3,0,0,0,,,,
2022,23,20,1.353506106,0.961980175,0.686038091,0.92861623,0,1.12388155,2.55,0,3.44,1,0,0,0,0,1,0.120452,-0.326275,3,2,0,0,0,,,,
2023,1,0,1.573743002,1.02993652,0.922861378,1.452325973,5,0.94287207,2.55,0,2.55,0,0,0,5,5,0,-0.372741,0.060942,4,3,8,0.375,1,,,,
2023,0,8,1.527370352,0.999587927,0.745521336,1.13871655,5,0.91634976,2.55,0,2.55,0,0,0,5,5,0,0.060942,0.191617,3,3,8,0.375,0,,,,
2023,8,10,1.395882617,0.958052586,0.707237212,0.987231245,5,1.06897942,2.55,0,3.04,2,0,0,5,5,2,0.191617,-0.281403,3,3,8,0.375,0,,,,
2023,21,22,1.525631459,0.998449908,0.671618315,1.024686711,0,1.08342801,2.55,0,2.55,0,0,0,0,0,0,0.176813,0.209033,2,2,0,0,0,,,,
2023,17,1,1.516062323,0.992187384,0.881254985,1.336054101,0,1.02414302,2.55,0,2.55,0,0,0,0,5,0,0.369838,-0.372741,2,4,0,0,0,,,,
2023,34,35,1.508778206,0.987420292,0.8447999,1.27461829,0,1.04533203,2.55,0,2.55,0,0,0,0,0,0,0.121073,0.050081,3,1,0,0,0,,,,
2023,29,28,1.508250455,0.987074905,0.844361069,1.273501856,0,1.04685358,2.55,0,2.55,0,0,0,0,0,0,0.050049,0.129978,1,3,0,0,0,,,,
2023,10,21,1.453708101,0.997740632,0.826144289,1.200976311,0,0.91073737,3.04,2,2.55,0,0,0,5,0,2,-0.281403,0.176813,3,2,0,0,0,,,,
2023,18,17,1.433619611,1.018919411,0.680824528,0.976039059,0,0.92144262,3.44,1,2.55,0,0,0,0,0,1,-0.338409,0.369838,2,2,0,0,0,,,,
2023,22,25,1.428860465,1.015536933,0.678819709,0.969907895,0,0.92493077,2.55,0,3.44,1,0,0,0,0,1,0.209033,-0.324501,2,2,0,0,0,,,,
2023,28,18,1.356105912,0.96382794,0.685564546,0.92968591,0,1.11188728,2.55,0,3.44,1,0,0,0,0,1,0.129978,-0.338409,3,2,0,0,0,,,,
2023,25,34,1.353103748,0.961694206,0.686133793,0.928407062,0,1.12524789,3.44,1,2.55,0,0,0,0,0,1,-0.324501,0.121073,2,3,0,0,0,,,,
2024,0,1,1.559762554,1.020787012,0.669045772,1.0434265,5,0.96578078,2.55,0,2.55,0,0,0,5,5,0,0.009633,-0.135801,3,3,9,0.44444444,1,,,,
2024,1,2,1.529249674,1.000817849,0.772427801,1.181212906,5,0.89427018,2.55,0,2.55,0,0,0,5,5,0,-0.135801,-0.011443,3,3,9,0.44444444,0,,,,
2024,7,0,1.525468997,0.998343584,0.740405714,1.129413551,5,0.91311753,2.55,0,2.55,0,0,0,5,5,0,0.196207,0.009633,3,3,9,0.44444444,0,,,,
2024,9,7,1.397438205,0.95912025,0.706101039,0.986818554,5,1.05572365,3.04,2,2.55,0,0,0,5,5,2,-0.287049,0.196207,3,3,9,0.44444444,0,,,,
2024,17,16,1.525298194,0.998231802,0.671783141,1.024680847,0,1.08413332,2.55,0,2.55,0,0,0,0,0,0,0.207509,0.176701,2,2,0,0,0,,,,
2024,24,23,1.510116232,0.988295963,0.848489661,1.281349254,0,1.04558206,2.55,0,2.55,0,0,0,0,0,0,0.048305,0.117274,1,3,0,0,0,,,,
2024,31,34,1.508467993,0.987217273,0.844738397,1.27424196,0,1.0458647,2.55,0,2.55,0,0,0,0,0,0,0.122684,0.050745,3,1,0,0,0,,,,
2024,2,30,1.491417806,0.976058774,0.907910502,1.354112922,0,1.07545835,2.55,0,2.55,0,0,0,5,0,0,-0.011443,0.32442,3,2,0,0,0,,,,
2024,16,9,1.453724614,0.997751966,0.817024909,1.18775568,0,0.91194811,2.55,0,3.04,2,0,0,0,5,2,0.176701,-0.287049,2,3,0,0,0,,,,
2024,30,33,1.441590088,1.024584284,0.689972534,0.994604006,0,0.91262875,2.55,0,3.44,1,0,0,0,0,1,0.32442,-0.332363,2,2,0,0,0,,,,
2024,20,17,1.429931537,1.016298179,0.678421702,0.970075404,0,0.91932429,3.44,1,2.55,0,0,0,0,0,1,-0.315355,0.207509,2,2,0,0,0,,,,
2024,33,31,1.355997824,0.963751118,0.685344442,0.929345877,0,1.11829874,3.44,1,2.55,0,0,0,0,0,1,-0.332363,0.122684,2,3,0,0,0,,,,
2024,23,20,1.351426412,0.960502069,0.688697918,0.930690041,0,1.14871459,2.55,0,3.44,1,0,0,0,0,1,0.117274,-0.315355,3,2,0,0,0,,,,
2025,1,0,1.581429562,1.034966991,0.841787071,1.331260706,5,0.99164724,2.55,0,2.55,0,0,1,5,5,0,-0.128381,-0.012645,4,3,8,0.375,1,,,,
2025,17,1,1.514982511,0.991480701,0.836864114,1.267855785,0,1.09407033,2.55,0,2.55,0,0,0,0,5,0,0.125927,-0.128381,1,4,0,0,0,,,,
2025,10,18,1.450274553,0.995384045,0.884934925,1.283394579,0,0.94577593,3.04,2,2.55,0,1,0,5,0,2,-0.293955,0.140113,3,1,0,0,0,,,,
2026,1,0,1.588240135,1.039424172,0.845184967,1.342338596,5,0.97386758,2.55,0,2.55,0,0,1,5,5,0,-0.267031,-0.034234,4,3,8,0.375,1,,,,
2026,17,1,1.52056208,0.995132251,0.881668629,1.340660603,0,1.06192271,2.55,0,2.55,0,0,0,0,5,0,0.370175,-0.267031,2,4,0,0,0,,,,
2026,29,30,1.507768961,0.986759791,0.845124501,1.274248794,0,1.04791698,2.55,0,2.55,0,0,0,0,0,0,0.124081,0.050977,3,1,0,0,0,,,,
2026,24,23,1.504134721,0.984381362,0.843482513,1.268718897,0,1.04952707,2.55,0,2.55,0,0,0,0,0,0,0.055828,0.139107,1,3,0,0,0,,,,
2026,10,21,1.432800786,0.983391068,0.827122638,1.185103009,0,0.96306316,3.04,2,2.55,0,1,0,5,0,2,-0.294842,0.370646,3,2,0,0,0,,,,
2026,21,22,1.431350033,1.017306349,0.689804232,0.987355417,0,0.93751215,2.55,0,3.44,1,0,0,0,0,1,0.370646,-0.321212,2,2,0,0,0,,,,
2026,18,17,1.429153974,1.015745539,0.791834631,1.131634438,0,0.95416042,3.44,1,2.55,0,0,0,0,0,1,-0.327153,0.370175,2,2,0,0,0,,,,
2026,23,18,1.35870941,0.965678329,0.692702527,0.941205669,0,1.11180162,2.55,0,3.44,1,0,0,0,0,1,0.139107,-0.327153,3,2,0,0,0,,,,
2026,22,29,1.353506499,0.961980454,0.682380529,0.923609963,0,1.12786486,3.44,1,2.55,0,0,0,0,0,1,-0.321212,0.124081,2,3,0,0,0,,,,
2027,0,1,1.577137138,1.032157813,0.927069897,1.46221589,5,1.006779,2.55,0,2.55,0,0,0,5,5,0,-0.006911,0.078295,3,3,9,0.44444444,1,,,,
2027,1,2,1.539958753,1.007826409,0.797436646,1.227863223,5,0.92643319,2.55,0,2.55,0,0,0,5,5,0,0.078295,-0.12293,3,3,9,0.44444444,0,,,,
2027,6,0,1.518715383,0.99392368,0.772191527,1.172684042,5,0.92446703,2.55,0,2.55,0,0,0,5,5,0,0.20611,-0.006911,3,3,9,0.44444444,0,,,,
2027,8,6,1.396369344,0.958386647,0.705982613,0.98584873,5,1.05576812,3.04,2,2.55,0,0,0,5,5,2,-0.303803,0.20611,3,3,9,0.44444444,0,,,,
2027,16,15,1.525276147,0.998217374,0.672625431,1.025951947,0,1.08069991,2.55,0,2.55,0,0,0,0,0,0,0.209017,0.176568,2,2,0,0,0,,,,
2027,23,22,1.508946428,0.987530385,0.844738337,1.274671965,0,1.04459388,2.55,0,2.55,0,0,0,0,0,0,0.050518,0.120618,1,3,0,0,0,,,,
2027,30,33,1.504221179,0.984437944,0.844498736,1.270309191,0,1.04896335,2.55,0,2.55,0,0,0,0,0,0,0.13095,0.055053,3,1,0,0,0,,,,
2027,2,29,1.498503334,0.980695899,0.917572788,1.374971167,0,1.09082413,2.55,0,2.55,0,0,0,5,0,0,-0.12293,0.366282,3,2,0,0,0,,,,
2027,15,8,1.453146486,0.997355172,0.842777769,1.224718655,0,0.91470238,2.55,0,3.04,2,0,0,0,5,2,0.176568,-0.303803,2,3,0,0,0,,,,
2027,29,32,1.438127109,1.022123034,0.81904431,1.177825499,0,0.92970986,2.55,0,3.44,1,0,0,0,0,1,0.366282,-0.327145,2,2,0,0,0,,,,
2027,19,16,1.429963972,1.016321231,0.678581168,0.970331202,0,0.92257075,3.44,1,2.55,0,0,0,0,0,1,-0.326164,0.209017,2,2,0,0,0,,,,
2027,32,30,1.358083591,0.96523354,0.691419371,0.938995769,0,1.11390607,3.44,1,2.55,0,0,0,0,0,1,-0.327145,0.13095,2,3,0,0,0,,,,
2027,22,19,1.353090989,0.961685138,0.68597409,0.928169022,0,1.125568,2.55,0,3.44,1,0,0,0,0,1,0.120618,-0.326164,3,2,0,0,0,,,,
2028,20,19,1.588602628,1.039661406,0.884212916,1.405058044,6,1.02536992,2.55,0,2.55,0,1,0,5,6,0,-0.038201,0.049295,3,4,9,0.33333333,1,,,,
2028,36,35,1.527499679,0.999672565,0.893162948,1.364157984,0,1.10511946,2.55,0,2.55,0,0,0,0,0,0,0.216053,0.150553,2,2,0,0,0,,,,
2028,19,31,1.515164879,0.991600052,0.739950251,1.121181726,0,0.97532456,2.55,0,2.55,0,0,0,6,0,0,0.049295,-0.02731,4,2,0,0,0,,,,
2028,60,61,1.509088029,0.987623056,0.836736598,1.262594333,0,1.03993346,2.55,0,2.55,0,0,0,0,0,0,0.144461,0.042109,3,1,0,0,0,,,,
2028,43,42,1.505040075,0.984973871,0.843688711,1.269901109,0,1.04718105,2.55,0,2.55,0,0,0,0,0,0,0.048592,0.132177,1,3,0,0,0,,,,
2028,32,33,1.472552122,0.963712122,0.974663028,1.435133286,0,1.06523465,2.55,0,2.55,0,0,1,0,6,0,0.010675,0.100293,2,3,0,0,0,,,,
2028,35,28,1.456148704,0.99941572,0.834015448,1.214612407,0,0.92241015,2.55,0,3.04,2,0,1,0,5,2,0.150553,-0.279724,2,3,0,0,0,,,,
2028,39,36,1.429744391,1.016165168,0.833162279,1.191453624,0,0.94131746,3.44,1,2.55,0,0,0,0,0,1,-0.324228,0.216053,2,2,0,0,0,,,,
2028,53,59,1.386266821,0.985264265,0.962672381,1.334636981,0,1.00159438,2.55,0,3.44,1,1,0,6,0,1,0.213033,-0.271825,3,2,0,0,0,,,,
2028,59,60,1.362302857,0.968232308,0.725878433,0.989294589,0,1.0767089,3.44,1,2.55,0,0,0,0,0,1,-0.271825,0.144461,2,3,0,0,0,,,,
2028,42,39,1.357886298,0.965093318,0.688582828,0.935127491,0,1.11704248,2.55,0,3.44,1,0,0,0,0,1,0.132177,-0.324228,3,2,0,0,0,,,,
2028,31,32,1.345272681,0.880414058,0.788137893,1.060284448,0,1.75290069,2.55,0,2.55,0,0,0,0,0,0,-0.02731,0.010675,2,2,0,0,0,,,,
2029,18,39,1.588000846,1.039267569,0.75509741,1.19908855,4,1.00605558,2.55,0,2.55,0,0,0,4,4,0,0.040283,0.007747,3,3,4,0.25,1,,,,
2029,32,33,1.517367987,0.993041876,0.823292202,1.249233035,0,1.10544575,2.55,0,2.55,0,0,0,0,0,0,0.152114,0.019017,2,1,0,0,0,,,,
2029,12,11,1.517269505,0.992977424,0.823497126,1.249471334,0,1.10514827,2.55,0,2.55,0,0,0,0,0,0,0.01829,0.151916,1,2,0,0,0,,,,
2029,0,18,1.516784433,0.992659969,0.955823546,1.449752073,0,0.96069021,2.55,0,2.55,0,1,0,6,4,0,0.041135,0.040283,3,3,0,0,0,,,,
2029,39,21,1.516628025,0.992557608,0.956233995,1.45024738,0,0.95949274,2.55,0,2.55,0,0,1,4,6,0,0.007747,0.08004,3,3,0,0,0,,,,
2029,31,32,1.418381473,1.008089178,0.699627038,0.992359181,0,0.95072791,3.44,1,2.55,0,0,0,0,0,1,-0.315998,0.152114,2,2,0,0,0,,,,
2029,11,10,1.41829465,1.008027469,0.699526449,0.992125274,0,0.95092938,2.55,0,3.44,1,0,0,0,0,1,0.151916,-0.316359,2,2,0,0,0,,,,
2029,10,4,1.357658877,0.964931682,0.959043139,1.302024873,0,1.12621543,3.44,1,2.55,0,0,1,0,6,1,-0.316359,0.232165,2,3,0,0,0,,,,
2029,25,31,1.357518042,0.964831586,0.959045116,1.301940221,0,1.12659692,2.55,0,3.44,1,1,0,6,0,1,0.232827,-0.315998,3,2,0,0,0,,,,
2030,1,0,1.348765345,0.882699833,0.999890535,1.348599093,6,1.80459206,2.55,0,2.55,0,0,0,6,6,0,-0.029139,-0.025805,3,3,6,0.16666667,0,,,,
2030,70,73,1.531983309,1.002606878,0.688495229,1.054763063,0,1.07117741,2.55,0,2.55,0,0,0,0,0,0,-0.046115,-0.01397,2,2,0,0,0,,,,
2030,51,48,1.531084242,1.002018483,0.689993793,1.05644372,0,1.05829932,2.55,0,2.55,0,0,0,0,0,0,-0.022514,-0.021077,2,2,0,0,0,,,,
2030,69,70,1.524440889,0.997670739,0.692204525,1.05520376,0,1.10103516,2.55,0,2.55,0,0,0,0,0,0,0.255852,-0.046115,2,2,0,0,0,,,,
2030,54,51,1.519393894,0.994367732,0.674966901,1.025537052,0,1.07074668,2.55,0,2.55,0,0,0,0,0,0,0.235946,-0.022514,2,2,0,0,0,,,,
2030,73,76,1.51928493,0.99429642,0.675468922,1.026212493,0,1.06920889,2.55,0,2.55,0,0,0,0,0,0,-0.01397,0.229339,2,2,0,0,0,,,,
2030,48,47,1.519104665,0.994178445,0.675082675,1.025524673,0,1.06987015,2.55,0,2.55,0,0,0,0,0,0,-0.021077,0.240903,2,2,0,0,0,,,,
2030,82,84,1.509940691,0.988181081,0.845544274,1.276737209,0,1.04279317,2.55,0,2.55,0,0,0,0,0,0,0.118294,0.052515,3,1,0,0,0,,,,
2030,62,61,1.509863387,0.988130489,0.845598625,1.276756047,0,1.04334986,2.55,0,2.55,0,0,0,0,0,0,0.051861,0.118959,1,3,0,0,0,,,,
2030,0,44,1.494247584,0.977910722,0.922952955,1.379057021,0,0.92519156,2.55,0,2.55,0,0,0,6,0,0,-0.025805,0.191552,3,3,0,0,0,,,,
2030,45,1,1.485142689,0.971952022,0.758641707,1.126706744,0,0.98571756,2.55,0,2.55,0,0,0,0,6,0,0.178902,-0.029139,3,3,0,0,0,,,,
2030,68,69,1.437253551,1.021502168,0.820151262,1.178756219,0,0.90423425,3.44,1,2.55,0,0,0,0,0,1,-0.299294,0.255852,2,2,0,0,0,,,,
2030,76,79,1.43459659,1.019613781,0.689173765,0.988674834,0,0.91732988,2.55,0,3.44,1,0,0,0,0,1,0.229339,-0.318898,2,2,0,0,0,,,,
2030,58,54,1.434084314,1.01924969,0.688214981,0.986947374,0,0.919757,3.44,1,2.55,0,0,0,0,0,1,-0.318764,0.235946,2,2,0,0,0,,,,
2030,47,46,1.434070237,1.019239685,0.68780353,0.98636354,0,0.90711719,2.55,0,3.44,1,0,0,0,0,1,0.240903,-0.310988,2,2,0,0,0,,,,
2030,61,58,1.34987197,0.959397278,0.686245032,0.926324117,0,1.13999854,2.55,0,3.44,1,0,0,0,0,1,0.118959,-0.318764,3,2,0,0,0,,,,
2030,79,82,1.349714889,0.959285636,0.686259888,0.926239017,0,1.14146127,3.44,1,2.55,0,0,0,0,0,1,-0.318898,0.118294,2,3,0,0,0,,,,
2030,46,45,1.348691702,0.958558424,0.69111594,0.932096517,0,1.18487808,3.44,1,2.55,0,0,0,0,0,1,-0.310988,0.178902,2,3,0,0,0,,,,
2030,44,68,1.339771148,0.9522183,0.697382052,0.934325988,0,1.19585849,2.55,0,3.44,1,0,0,0,0,1,0.191552,-0.299294,3,2,0,0,0,,,,
2031,9,8,1.35486335,0.886690674,0.999659922,1.354383715,6,1.75944845,2.55,0,2.55,0,0,0,6,6,0,-0.01048,-0.073749,3,3,6,0.16666667,0,,,,
2031,23,22,1.516804524,0.992673118,0.863052728,1.309074806,0,1.0693304,2.55,0,2.55,0,0,0,0,0,0,0.03628,-0.00922,1,3,0,0,0,,,,
2031,27,28,1.513679679,0.990628062,0.864748113,1.308959848,0,1.04384504,2.55,0,2.55,0,0,0,0,0,0,0.027193,0.083846,3,1,0,0,0,,,,
2031,8,27,1.509083163,0.987619871,0.916122584,1.382439921,0,0.92118056,2.55,0,2.55,0,0,0,6,0,0,-0.073749,0.027193,3,3,0,0,0,,,,
2031,22,9,1.489125768,0.974558748,0.766574839,1.141542265,0,0.97159485,2.55,0,2.55,0,0,0,0,6,0,-0.00922,-0.01048,3,3,0,0,0,,,,
2032,2,10,1.512752506,0.990021274,0.937947856,1.418875878,4,0.95125484,2.55,0,2.55,0,1,0,4,4,0,0.017294,0.137501,3,3,8,0.25,1,,,,
2032,25,36,1.570505743,1.027817894,0.911173286,1.431030868,0,0.97751053,2.55,0,2.55,0,0,0,0,0,0,-0.23735,-0.028621,4,3,0,0,0,,,,
2032,24,25,1.551253919,1.015218533,0.693662657,1.076071935,0,1.01691519,2.55,0,2.55,0,0,0,0,0,0,0.06976,-0.23735,2,4,0,0,0,,,,
2032,36,41,1.525653833,0.99846455,0.715593874,1.091748081,0,0.92557475,2.55,0,2.55,0,0,0,0,0,0,-0.028621,0.172606,3,3,0,0,0,,,,
2032,22,24,1.515540263,0.991845722,0.715169278,1.08390972,0,0.98200413,2.55,0,2.55,0,0,0,0,0,0,0.195087,0.06976,3,2,0,0,0,,,,
2032,15,14,1.510722667,0.988692845,0.865691425,1.307793418,0,1.03408783,2.55,0,2.55,0,0,0,0,0,0,0.003748,0.13264,1,3,0,0,0,,,,
2032,10,20,1.429636713,1.016088638,0.713814192,1.020503177,0,0.91477776,2.55,0,3.44,1,0,0,4,0,1,0.137501,-0.307431,3,2,0,0,0,,,,
2032,44,45,1.428471641,1.015260584,0.859653233,1.227990499,0,0.92241006,3.44,1,2.55,0,0,0,0,0,1,-0.305193,0.191821,2,1,0,0,0,,,,
2032,14,13,1.380425572,0.981112703,0.995977289,1.374923477,0,1.03582709,2.55,0,3.44,1,0,0,0,0,1,0.13264,-0.257819,3,2,0,0,0,,,,
2032,13,1,1.376927394,0.978626435,0.895902485,1.233573998,0,1.05081283,3.44,1,2.55,0,0,1,0,6,1,-0.257819,0.054568,2,3,0,0,0,,,,
2032,20,22,1.359963981,0.966569993,0.680593624,0.925599621,0,1.12214721,3.44,1,2.55,0,0,0,0,0,1,-0.307431,0.195087,2,3,0,0,0,,,,
2032,41,44,1.348902533,0.958708268,0.682062007,0.920030016,0,1.19267718,2.55,0,3.44,1,0,0,0,0,1,0.172606,-0.305193,3,2,0,0,0,,,,
2033,41,40,1.555470914,1.017978347,0.705520211,1.097416167,0,1.02678209,2.55,0,2.55,0,0,0,0,0,0,0.110786,-0.276531,2,4,0,0,0,,,,
2033,30,39,1.555432747,1.017953369,0.707264102,1.100101745,0,1.02401764,2.55,0,2.55,0,0,0,0,0,0,-0.276118,0.100078,4,2,0,0,0,,,,
2033,52,41,1.552325781,1.015920014,0.889690835,1.381090021,0,1.06091392,2.55,0,2.55,0,0,0,0,0,0,-0.034977,0.110786,3,2,0,0,0,,,,
2033,39,70,1.552189969,1.015831132,0.891917201,1.384424933,0,1.06208517,2.55,0,2.55,0,0,0,0,0,0,0.100078,-0.030006,2,3,0,0,0,,,,
2033,29,30,1.545101441,1.011192043,0.677447426,1.046724994,0,0.90173664,2.55,0,2.55,0,0,0,0,0,0,0.233879,-0.276118,3,4,0,0,0,,,,
2033,40,28,1.543990301,1.010464857,0.672701208,1.038644141,0,0.90294976,2.55,0,2.55,0,0,0,0,0,0,-0.276531,0.233155,4,3,0,0,0,,,,
2033,70,73,1.537633049,1.006304352,0.713584444,1.097231024,0,1.04905871,2.55,0,2.55,0,0,0,0,0,0,-0.030006,0.022252,3,2,0,0,0,,,,
2033,55,52,1.536986484,1.005881207,0.713640924,1.096856454,0,1.05048522,2.55,0,2.55,0,0,0,0,0,0,0.030221,-0.034977,2,3,0,0,0,,,,
2033,73,74,1.531325651,1.002176473,0.837739258,1.282851614,0,1.10537652,2.55,0,2.55,0,0,0,0,0,0,0.022252,0.008677,2,1,0,0,0,,,,
2033,56,55,1.531270153,1.002140153,0.837785556,1.282876016,0,1.10448375,2.55,0,2.55,0,0,0,0,0,0,0.008039,0.030221,1,2,0,0,0,,,,
2033,15,14,1.526064839,0.998733533,0.670117038,1.02264205,0,1.0814868,2.55,0,2.55,0,0,0,0,0,0,0.213241,0.17237,2,2,0,0,0,,,,
2033,18,19,1.52572695,0.998512402,0.67079435,1.023449017,0,1.08454808,2.55,0,2.55,0,0,0,0,0,0,0.178462,0.207172,2,2,0,0,0,,,,
2033,14,5,1.456006803,0.999318327,0.607295498,0.884226376,0,0.90946787,2.55,0,3.04,2,0,0,0,5,2,0.17237,-0.273974,2,3,0,0,0,,,,
2033,8,18,1.45548937,0.998963192,0.613954825,0.893604721,0,0.91358439,3.04,2,2.55,0,0,0,5,0,2,-0.292787,0.178462,3,2,0,0,0,,,,
2033,19,25,1.429812051,1.016213256,0.679811795,0.972003096,0,0.91573634,2.55,0,3.44,1,0,0,0,0,1,0.207172,-0.321416,2,2,0,0,0,,,,
2033,22,15,1.429602053,1.016064004,0.678747759,0.97033919,0,0.91599992,3.44,1,2.55,0,0,0,0,0,1,-0.326339,0.213241,2,2,0,0,0,,,,
2033,28,22,1.352699398,0.961406821,0.68732842,0.92974874,0,1.14384265,2.55,0,3.44,1,0,0,0,0,1,0.233155,-0.326339,3,2,0,0,0,,,,
2033,25,29,1.351765357,0.960742968,0.687958579,0.929958574,0,1.15107238,3.44,1,2.55,0,0,0,0,0,1,-0.321416,0.233879,2,3,0,0,0,,,,
2034,102,119,1.555868954,1.018238844,0.707164455,1.100255221,0,1.02409934,2.55,0,2.55,0,0,0,0,0,0,-0.276637,0.099317,4,2,0,0,0,,,,
2034,24,15,1.555845158,1.018223271,0.70713579,1.100193794,0,1.02433823,2.55,0,2.55,0,0,0,0,0,0,0.099733,-0.276403,2,4,0,0,0,,,,
2034,26,24,1.552592628,1.016094652,0.891011953,1.38337859,0,1.0614442,2.55,0,2.55,0,0,0,0,0,0,-0.028504,0.099733,3,2,0,0,0,,,,
2034,119,117,1.55249002,1.0160275,0.890924483,1.383151368,0,1.06161114,2.55,0,2.55,0,0,0,0,0,0,0.099317,-0.028516,2,3,0,0,0,,,,
2034,110,102,1.545333014,1.011343596,0.67766099,1.0472119,0,0.90165997,2.55,0,2.55,0,0,0,0,0,0,0.233638,-0.276637,3,4,0,0,0,,,,
2034,15,14,1.545309066,1.011327923,0.677235792,1.046538609,0,0.90171825,2.55,0,2.55,0,0,0,0,0,0,-0.276403,0.233641,4,3,0,0,0,,,,
2034,29,26,1.537580681,1.006270079,0.713748796,1.097446359,0,1.04855283,2.55,0,2.55,0,0,0,0,0,0,0.021242,-0.028504,2,3,0,0,0,,,,
2034,117,108,1.537574949,1.006266328,0.713714035,1.09738882,0,1.0485268,2.55,0,2.55,0,0,0,0,0,0,-0.028516,0.021092,3,2,0,0,0,,,,
2034,108,109,1.531358526,1.002197988,0.837622778,1.282700783,0,1.10590453,2.55,0,2.55,0,0,0,0,0,0,0.021092,0.0095,2,1,0,0,0,,,,
2034,30,29,1.531343837,1.002188375,0.837619961,1.282684165,0,1.10587907,2.55,0,2.55,0,0,0,0,0,0,0.009506,0.021242,1,2,0,0,0,,,,
2034,88,100,1.526559531,0.999057285,0.67057265,1.02366907,0,1.08458817,2.55,0,2.55,0,0,0,0,0,0,0.172105,0.215409,2,2,0,0,0,,,,
2034,8,7,1.526540508,0.999044835,0.67058742,1.023678861,0,1.08449281,2.55,0,2.55,0,0,0,0,0,0,0.215413,0.172078,2,2,0,0,0,,,,
2034,7,3,1.456064218,0.999357734,0.936942458,1.364248388,0,0.90821906,2.55,0,3.04,2,0,0,0,5,2,0.172078,-0.278097,2,3,0,0,0,,,,
2034,83,88,1.456049451,0.999347598,0.936817063,1.364051969,0,0.9083168,3.04,2,2.55,0,0,0,5,0,2,-0.278085,0.172105,3,2,0,0,0,,,,
2034,100,94,1.430143171,1.016448594,0.678977147,0.97103453,0,0.91671888,2.55,0,3.44,1,0,0,0,0,1,0.215409,-0.323932,2,2,0,0,0,,,,
2034,11,8,1.430117233,1.016430159,0.679043424,0.971111703,0,0.916757,3.44,1,2.55,0,0,0,0,0,1,-0.3242,0.215413,2,2,0,0,0,,,,
2034,14,11,1.352905811,0.961553526,0.688372777,0.931303529,0,1.14666017,2.55,0,3.44,1,0,0,0,0,1,0.233641,-0.3242,3,2,0,0,0,,,,
2034,94,110,1.352808338,0.961484249,0.688450795,0.931341976,0,1.14715681,3.44,1,2.55,0,0,0,0,0,1,-0.323932,0.233638,2,3,0,0,0,,,,
2035,7,6,1.577672562,1.032508221,0.982073645,1.549390643,4,1.02955289,2.55,0,2.55,0,0,0,4,4,0,0.237214,0.061323,3,4,4,0.25,1,,,,
2035,38,39,1.518834575,0.994001685,0.820627613,1.246397591,0,1.10856275,2.55,0,2.55,0,0,0,0,0,0,0.196641,0.000942,2,1,0,0,0,,,,
2035,32,30,1.517496328,0.993125869,0.823553648,1.249739637,0,1.11009003,2.55,0,2.55,0,0,0,0,0,0,-0.004417,0.202153,1,2,0,0,0,,,,
2035,27,38,1.42449326,1.01243302,0.716294283,1.020356378,0,0.93617007,3.44,1,2.55,0,0,0,0,0,1,-0.368104,0.196641,2,2,0,0,0,,,,
2035,30,29,1.419654198,1.008993744,0.680968699,0.966740072,0,0.95042241,2.55,0,3.44,1,0,0,0,0,1,0.202153,-0.366169,2,2,0,0,0,,,,
2035,6,27,1.39616977,0.992302608,0.721292725,1.007047098,0,1.0725477,2.55,0,3.44,1,0,0,4,0,1,0.061323,-0.368104,4,2,0,0,0,,,,
2035,29,7,1.392848904,0.989942362,0.822257087,1.145279882,0,1.08924667,3.44,1,2.55,0,0,0,0,4,1,-0.366169,0.237214,2,3,0,0,0,,,,
2036,2,0,1.606445309,1.051338553,0.80909445,1.299765984,4,0.96106197,2.55,0,2.55,0,0,0,4,4,0,-0.194078,-0.263197,4,4,4,0.25,1,,,,
2036,14,2,1.542317982,1.009370407,0.718527574,1.108197998,0,1.07658589,2.55,0,2.55,0,0,0,0,4,0,0.131619,-0.194078,2,4,0,0,0,,,,
2036,18,15,1.5420986,1.009226832,0.694124525,1.070408458,0,1.05444024,2.55,0,2.55,0,0,0,0,0,0,-0.09957,0.030732,3,2,0,0,0,,,,
2036,15,14,1.537842,1.006441099,0.718373617,1.104745119,0,1.0773638,2.55,0,2.55,0,0,0,0,0,0,0.030732,0.131619,2,2,0,0,0,,,,
2036,0,38,1.536696539,1.005691452,0.773873026,1.189208001,0,0.95907568,2.55,0,2.55,0,0,0,4,0,0,-0.263197,-0.091464,4,3,0,0,0,,,,
2036,25,18,1.534953074,1.004550441,0.820820481,1.25992092,0,1.0794529,2.55,0,2.55,0,0,0,0,0,0,0.049446,-0.09957,1,3,0,0,0,,,,
2036,40,41,1.527553862,0.999708025,0.853362427,1.303557072,0,1.12638329,2.55,0,2.55,0,0,0,0,0,0,0.054962,0.017511,2,1,0,0,0,,,,
2036,38,40,1.516497743,0.992472345,0.729880158,1.106861611,0,1.06108248,2.55,0,2.55,0,0,0,0,0,0,-0.091464,0.054962,3,2,0,0,0,,,,
2037,30,39,1.555138746,1.017760959,0.704504355,1.095602019,0,1.02983112,2.55,0,2.55,0,0,0,0,0,0,-0.274798,0.107545,4,2,0,0,0,,,,
2037,39,43,1.552326223,1.015920303,0.885875062,1.375167089,0,1.05656674,2.55,0,2.55,0,0,0,0,0,0,0.107545,-0.028753,2,3,0,0,0,,,,
2037,29,30,1.543831296,1.010360796,0.672601361,1.038383032,0,0.90352793,2.55,0,2.55,0,0,0,0,0,0,0.233759,-0.274798,3,4,0,0,0,,,,
2037,43,46,1.537081602,1.005943457,0.713211685,1.09626456,0,1.05034785,2.55,0,2.55,0,0,0,0,0,0,-0.028753,0.032216,3,2,0,0,0,,,,
2037,46,47,1.531253433,1.00212921,0.838370184,1.283757222,0,1.10517241,2.55,0,2.55,0,0,0,0,0,0,0.032216,0.007738,2,1,0,0,0,,,,
2037,15,14,1.525586204,0.998420291,0.669673639,1.021644865,0,1.08152966,2.55,0,2.55,0,0,0,0,0,0,0.20784,0.174962,2,2,0,0,0,,,,
2037,18,19,1.525171407,0.998148827,0.671143081,1.023608238,0,1.08432754,2.55,0,2.55,0,0,0,0,0,0,0.176865,0.210137,2,2,0,0,0,,,,
2037,40,28,1.508540267,0.987264573,0.844735575,1.27431763,0,1.04516846,2.55,0,2.55,0,0,0,0,0,0,0.049235,0.121841,1,3,0,0,0,,,,
2037,14,5,1.455641115,0.999067341,0.611689202,0.890399952,0,0.90891381,2.55,0,3.04,2,0,0,0,5,2,0.174962,-0.273278,2,3,0,0,0,,,,
2037,8,18,1.455387212,0.998893076,0.605543329,0.881300018,0,0.91362957,3.04,2,2.55,0,0,0,5,0,2,-0.292594,0.176865,3,2,0,0,0,,,,
2037,19,25,1.429617848,1.016075229,0.679252642,0.9710717,0,0.9164475,2.55,0,3.44,1,0,0,0,0,1,0.210137,-0.32434,2,2,0,0,0,,,,
2037,22,15,1.428874003,1.015546555,0.677152739,0.967565945,0,0.92544939,3.44,1,2.55,0,0,0,0,0,1,-0.326233,0.20784,2,2,0,0,0,,,,
2037,28,22,1.353906043,0.962264423,0.685647927,0.928302872,0,1.1220326,2.55,0,3.44,1,0,0,0,0,1,0.121841,-0.326233,3,2,0,0,0,,,,
2037,25,29,1.352373522,0.961175211,0.686845247,0.928871325,0,1.14654239,3.44,1,2.55,0,0,0,0,0,1,-0.32434,0.233759,2,3,0,0,0,,,,
2038,1,2,1.610098762,1.053729557,0.811717392,1.306945169,4,0.94231765,2.55,0,2.55,0,0,0,4,4,0,-0.205672,-0.203799,4,4,20,0.45,1,,,,
2038,2,9,1.509812482,0.988097174,0.868622568,1.311457195,6,0.94848424,2.55,0,2.55,0,0,1,4,6,0,-0.203799,0.074004,4,3,20,0.45,0,,,,
2038,7,1,1.50974589,0.988053593,0.960084674,1.44948389,6,0.94820692,2.55,0,2.55,0,1,0,6,4,0,0.073339,-0.205672,3,4,20,0.45,0,,,,
2038,29,34,1.412649341,1.004015168,0.869883612,1.228840512,0,0.96093607,3.44,1,2.55,0,0,0,0,0,1,-0.306065,0.179539,2,1,0,0,0,,,,
2038,30,28,1.412583521,1.003968388,0.869930933,1.228850101,0,0.96094364,2.55,0,3.44,1,0,0,0,0,1,0.179492,-0.305716,1,2,0,0,0,,,,
2038,28,15,1.351645482,0.960657769,0.959662637,1.297123667,0,1.14607462,3.44,1,2.55,0,0,1,0,6,1,-0.305716,0.245801,2,3,0,0,0,,,,
2038,23,29,1.351622975,0.960641773,0.731562795,0.988797081,0,1.14579403,2.55,0,3.44,1,1,0,6,0,1,0.246021,-0.306065,3,2,0,0,0,,,,
2039,1,2,1.585236036,1.037458139,0.981499083,1.555907715,4,1.02582874,2.55,0,2.55,0,0,0,4,4,0,0.079165,0.041645,3,3,20,0.45,1,,,,
2039,7,1,1.50591091,0.985543789,0.961100847,1.44733225,6,0.96178294,2.55,0,2.55,0,1,0,6,4,0,-0.06146,0.079165,3,3,20,0.45,0,,,,
2039,2,9,1.494638369,0.978166472,0.968324367,1.447294753,6,0.99573583,2.55,0,2.55,0,0,1,4,6,0,0.041645,0.028298,3,3,20,0.45,0,,,,
2039,30,28,1.412102212,1.003626306,0.869135086,1.227307578,0,0.96375494,2.55,0,3.44,1,0,0,0,0,1,0.180146,-0.309689,1,2,0,0,0,,,,
2039,29,34,1.412020731,1.003568395,0.869596682,1.227888543,0,0.96300985,3.44,1,2.55,0,0,0,0,0,1,-0.308527,0.180212,2,1,0,0,0,,,,
2039,28,15,1.353611227,0.962054888,0.959364798,1.298606962,0,1.1384795,3.44,1,2.55,0,0,1,0,6,1,-0.309689,0.244153,2,3,0,0,0,,,,
2039,23,29,1.353215558,0.961773673,0.959483401,1.298387865,0,1.14030847,2.55,0,3.44,1,1,0,6,0,1,0.242459,-0.308527,3,2,0,0,0,,,,
2040,1,2,1.593108759,1.042610444,0.977727003,1.557625453,4,0.92062496,2.55,0,2.55,0,0,0,4,4,0,0.148061,0.085504,4,4,20,0.45,1,,,,
2040,7,1,1.51560938,0.991890956,0.955564784,1.44826295,6,0.91180685,2.55,0,2.55,0,0,0,6,4,0,-0.096103,0.148061,3,4,20,0.45,0,,,,
2040,2,9,1.502058875,0.983022824,0.965612007,1.450406084,6,0.95443632,2.55,0,2.55,0,0,1,4,6,0,0.085504,-0.00433,4,3,20,0.45,0,,,,
2040,30,28,1.41279005,1.004115174,0.869605691,1.228570268,0,0.96164728,2.55,0,3.44,1,0,0,0,0,1,0.179552,-0.307618,1,2,0,0,0,,,,
2040,29,34,1.412158619,1.003666396,0.869781239,1.228269073,0,0.96257307,3.44,1,2.55,0,0,0,0,0,1,-0.307323,0.180207,2,1,0,0,0,,,,
2040,23,29,1.35260588,0.961340355,0.959491852,1.29781432,0,1.14284937,2.55,0,3.44,1,1,0,6,0,1,0.249749,-0.307323,3,2,0,0,0,,,,
2040,28,15,1.352005043,0.960913321,0.959221221,1.296871928,0,1.14388708,3.44,1,2.55,0,0,0,0,6,1,-0.307618,0.250581,2,3,0,0,0,,,,
2041,15,14,1.411504139,1.003201236,0.869446898,1.227227895,0,0.96453015,2.55,0,3.44,1,0,0,0,0,1,0.18117,-0.307936,1,2,0,0,0,,,,
2041,36,34,1.41149287,1.003193227,0.869680325,1.227547578,0,0.96440356,3.44,1,2.55,0,0,0,0,0,1,-0.307765,0.180955,2,1,0,0,0,,,,
2041,14,8,1.353585525,0.96203662,0.988467787,1.337975688,0,1.13940039,3.44,1,2.55,0,0,1,0,6,1,-0.307936,0.241575,2,3,0,0,0,,,,
2041,32,36,1.353378001,0.961889126,0.99381672,1.345009686,0,1.13975782,2.55,0,3.44,1,1,0,6,0,1,0.241557,-0.307765,3,2,0,0,0,,,,
2042,1,2,1.609381455,1.053260114,0.808660168,1.301442678,4,0.94467899,2.55,0,2.55,0,0,0,4,4,0,-0.206731,-0.207569,4,4,20,0.45,1,,,,
2042,7,1,1.509733172,0.98804527,0.961030029,1.450898914,6,0.94717873,2.55,0,2.55,0,1,0,6,4,0,0.067836,-0.206731,3,4,20,0.45,0,,,,
2042,2,9,1.509573548,0.987940804,0.96083935,1.450457666,6,0.94647848,2.55,0,2.55,0,0,1,4,6,0,-0.207569,0.069601,4,3,20,0.45,0,,,,
2042,30,28,1.413102463,1.004337216,0.870038012,1.229452857,0,0.95966746,2.55,0,3.44,1,0,0,0,0,1,0.178821,-0.305772,1,2,0,0,0,,,,
2042,29,34,1.412927977,1.004213203,0.870021851,1.229278214,0,0.95976403,3.44,1,2.55,0,0,0,0,0,1,-0.305298,0.178901,2,1,0,0,0,,,,
2042,28,15,1.351247871,0.960375175,0.959599367,1.296656601,0,1.14753042,3.44,1,2.55,0,0,1,0,6,1,-0.305772,0.246153,2,3,0,0,0,,,,
2042,23,29,1.351086331,0.960260364,0.95952894,1.296406436,0,1.14779024,2.55,0,3.44,1,1,0,6,0,1,0.2458,-0.305298,3,2,0,0,0,,,,
2043,1,2,1.583121317,1.03607416,0.84073332,1.33098284,4,1.02031572,2.55,0,2.55,0,0,0,4,4,0,0.029188,0.028979,3,3,20,0.45,1,,,,
2043,2,9,1.494745073,0.978236304,0.965546417,1.443245749,6,1.00831468,2.55,0,2.55,0,0,1,4,6,0,0.028979,0.063727,3,3,20,0.45,0,,,,
2043,7,1,1.494706112,0.978210806,0.966243394,1.444249907,6,1.00855917,2.55,0,2.55,0,1,0,6,4,0,0.065851,0.029188,3,3,20,0.45,0,,,,
2043,28,26,1.412642026,1.004009969,0.868846857,1.227369584,0,0.95975507,2.55,0,3.44,1,0,0,0,0,1,0.182244,-0.312333,1,2,0,0,0,,,,
2043,27,32,1.412260465,1.003738781,0.868956881,1.227193449,0,0.96023161,3.44,1,2.55,0,0,0,0,0,1,-0.311926,0.181803,2,1,0,0,0,,,,
2043,26,15,1.355319142,0.963268758,0.960567452,1.301875455,0,1.14416035,3.44,1,2.55,0,0,1,0,6,1,-0.312333,0.197884,2,3,0,0,0,,,,
2043,22,27,1.355082821,0.963100797,0.960243106,1.301208937,0,1.14464543,2.55,0,3.44,1,1,0,6,0,1,0.199037,-0.311926,3,2,0,0,0,,,,
2044,1,2,1.60824693,1.052517624,0.811636859,1.305312487,4,0.94192052,2.55,0,2.55,0,0,0,4,4,0,-0.212452,-0.207679,4,4,20,0.45,1,,,,
2044,2,9,1.509662846,0.987999245,0.95930283,1.448223841,6,0.94715319,2.55,0,2.55,0,0,1,4,6,0,-0.207679,0.08685,4,3,20,0.45,0,,,,
2044,7,1,1.509402278,0.987828716,0.9602637,1.449424216,6,0.94629606,2.55,0,2.55,0,1,0,6,4,0,0.086,-0.212452,3,4,20,0.45,0,,,,
2044,28,26,1.41358965,1.004683475,0.869444433,1.229037651,0,0.95592553,2.55,0,3.44,1,0,0,0,0,1,0.180237,-0.309911,1,2,0,0,0,,,,
2044,27,32,1.413382875,1.004536514,0.869353695,1.228729625,0,0.95649458,3.44,1,2.55,0,0,0,0,0,1,-0.309393,0.180685,2,1,0,0,0,,,,
2044,22,27,1.3530082,0.961626297,0.960511686,1.299580188,0,1.15233918,2.55,0,3.44,1,1,0,6,0,1,0.198996,-0.309393,3,2,0,0,0,,,,
2044,26,15,1.352875936,0.961532293,0.96078676,1.299825288,0,1.15187738,3.44,1,2.55,0,0,1,0,6,1,-0.309911,0.200135,2,3,0,0,0,,,,
2045,36,37,1.589923677,1.040525967,0.991004209,1.575621056,4,1.06035815,2.55,0,2.55,0,0,0,4,4,0,0.045931,0.090157,3,3,4,0.25,1,,,,
2045,22,21,1.517420461,0.993076218,0.823799949,1.250050899,0,1.10495973,2.55,0,2.55,0,0,0,0,0,0,0.019328,0.152231,1,2,0,0,0,,,,
2045,29,30,1.51741351,0.993071669,0.823709557,1.24990801,0,1.10479822,2.55,0,2.55,0,0,0,0,0,0,0.153062,0.018859,2,1,0,0,0,,,,
2045,37,11,1.509818389,0.98810104,0.964732848,1.456571395,0,0.99732724,2.55,0,2.55,0,0,1,4,6,0,0.090157,0.075959,3,3,0,0,0,,,,
2045,4,36,1.509043371,0.98759383,0.962184655,1.451978376,0,1.00773917,2.55,0,2.55,0,1,0,6,4,0,0.088054,0.045931,3,3,0,0,0,,,,
2045,21,20,1.417882662,1.007734657,0.699046336,0.99116568,0,0.9526063,2.55,0,3.44,1,0,0,0,0,1,0.152231,-0.316568,2,2,0,0,0,,,,
2045,28,29,1.417642618,1.00756405,0.699055954,0.991011514,0,0.95323022,3.44,1,2.55,0,0,0,0,0,1,-0.31733,0.153062,2,2,0,0,0,,,,
2045,14,28,1.358624916,0.965618277,0.958704152,1.302519349,0,1.1227001,2.55,0,3.44,1,1,0,6,0,1,0.23172,-0.31733,3,2,0,0,0,,,,
2045,20,1,1.358442563,0.965488673,0.958686826,1.30232099,0,1.12486371,3.44,1,2.55,0,0,1,0,6,1,-0.316568,0.232143,2,3,0,0,0,,,,
2046,19,18,1.597467283,1.045462881,0.989103442,1.580060389,4,1.03150868,2.55,0,2.55,0,0,0,4,4,0,0.049509,0.058066,3,3,4,0.25,1,,,,
2046,45,42,1.517496154,0.993125755,0.823655342,1.249893813,0,1.1049059,2.55,0,2.55,0,0,0,0,0,0,0.154028,0.018628,2,1,0,0,0,,,,
2046,35,37,1.517290301,0.992991034,0.82371304,1.249811806,0,1.10487892,2.55,0,2.55,0,0,0,0,0,0,0.01837,0.153999,1,2,0,0,0,,,,
2046,10,19,1.511251479,0.989038926,0.860349218,1.300204028,0,0.99659029,2.55,0,2.55,0,1,0,6,4,0,0.082713,0.049509,3,3,0,0,0,,,,
2046,18,4,1.508010155,0.986917641,0.834356978,1.258218796,0,1.02683097,2.55,0,2.55,0,0,1,4,6,0,0.058066,0.101407,3,3,0,0,0,,,,
2046,37,38,1.418003565,1.007820586,0.699185116,0.991446987,0,0.95117036,2.55,0,3.44,1,0,0,0,0,1,0.153999,-0.316683,2,2,0,0,0,,,,
2046,44,45,1.417762741,1.007649425,0.69935727,0.991522681,0,0.9519299,3.44,1,2.55,0,0,0,0,0,1,-0.317965,0.154028,2,2,0,0,0,,,,
2046,38,11,1.359490701,0.966233618,0.730297207,0.992832261,0,1.13400563,3.44,1,2.55,0,0,1,0,6,1,-0.316683,0.228394,2,3,0,0,0,,,,
2046,2,44,1.359101563,0.965957046,0.731940121,0.994780962,0,1.12399393,2.55,0,3.44,1,1,0,6,0,1,0.233912,-0.317965,3,2,0,0,0,,,,
2047,17,16,1.59381008,1.043069424,0.987284854,1.573544553,4,1.06063098,2.55,0,2.55,0,0,0,4,4,0,0.081515,0.056327,3,3,4,0.25,1,,,,
2047,36,37,1.517361477,0.993037616,0.826241661,1.253707267,0,1.10494876,2.55,0,2.55,0,0,0,0,0,0,0.014021,0.15336,1,2,0,0,0,,,,
2047,45,44,1.517357929,0.993035294,0.82413109,1.250501844,0,1.10496964,2.55,0,2.55,0,0,0,0,0,0,0.155046,0.018063,2,1,0,0,0,,,,
2047,16,4,1.514813887,0.991370345,0.813301578,1.232000525,0,1.01018586,2.55,0,2.55,0,0,1,4,6,0,0.056327,0.015954,3,3,0,0,0,,,,
2047,9,17,1.512588691,0.989914065,0.780293412,1.180262991,0,0.99531633,2.55,0,2.55,0,0,0,6,4,0,0.023149,0.081515,3,3,0,0,0,,,,
2047,46,45,1.419956068,1.009208293,0.702059895,0.996894208,0,0.94151296,3.44,1,2.55,0,0,0,0,0,1,-0.33371,0.155046,2,2,0,0,0,,,,
2047,37,35,1.419473157,1.008865073,0.701827239,0.996224927,0,0.94875618,2.55,0,3.44,1,0,0,0,0,1,0.15336,-0.33112,2,2,0,0,0,,,,
2047,35,11,1.366154098,0.970969508,0.734935377,1.004034977,0,1.12218441,3.44,1,2.55,0,0,0,0,6,1,-0.33112,0.190387,2,3,0,0,0,,,,
2047,3,46,1.365515289,0.970515486,0.735008135,1.003664846,0,1.09400789,2.55,0,3.44,1,1,0,6,0,1,0.188269,-0.33371,3,2,0,0,0,,,,
2048,14,19,1.591986418,1.041875928,0.932241984,1.484116576,4,0.96338374,2.55,0,2.55,0,0,0,4,4,0,-0.058119,0.221704,4,4,22,0.40909091,1,,,,
2048,19,40,1.512045865,0.989558812,0.966709132,1.461708545,6,0.94673927,2.55,0,2.55,0,0,0,4,6,0,0.221704,-0.004951,4,3,22,0.40909091,0,,,,
2048,24,25,1.549378754,1.013991331,0.688536526,1.066803865,0,1.05078142,2.55,0,2.55,0,0,0,0,0,0,-0.019811,-0.067515,2,3,0,0,0,,,,
2048,23,24,1.529848382,1.001209674,0.838693441,1.283073803,0,1.11224247,2.55,0,2.55,0,0,0,0,0,0,0.028893,-0.019811,1,2,0,0,0,,,,
2048,62,67,1.529293202,1.000846336,0.82329187,1.25905466,0,1.08228426,2.55,0,2.55,0,0,0,0,0,0,-0.106454,0.061644,3,1,0,0,0,,,,
2048,25,26,1.524490742,0.997703365,0.845208847,1.288513061,0,0.9422647,2.55,0,2.55,0,0,0,0,0,0,-0.067515,0.193608,3,3,0,0,0,,,,
2048,61,62,1.523797777,0.997249854,0.682601637,1.040146856,0,0.94832891,2.55,0,2.55,0,0,0,0,0,0,0.210171,-0.106454,3,3,0,0,0,,,,
2048,27,1,1.445053964,1.027046172,0.738087795,1.066576695,0,0.87345084,3.44,1,2.55,0,0,0,0,6,1,-0.319718,0.178478,2,3,0,0,0,,,,
2048,47,60,1.38439266,0.983932239,0.962861937,1.332978997,0,0.99748168,2.55,0,3.44,1,0,0,6,0,1,0.232767,-0.274572,3,2,0,0,0,,,,
2048,60,61,1.364249064,0.969615539,0.727830954,0.992942697,0,1.08626724,3.44,1,2.55,0,0,0,0,0,1,-0.274572,0.210171,2,3,0,0,0,,,,
2048,26,27,1.351318686,0.960425505,0.692370081,0.935612628,0,1.1534241,2.55,0,3.44,1,0,0,0,0,1,0.193608,-0.319718,3,2,0,0,0,,,,
2049,4,2,1.557755371,1.01947341,0.978901824,1.524889573,4,1.05164027,2.55,0,2.55,0,0,0,4,4,0,0.009801,-0.023249,3,3,4,0.25,1,,,,
2049,6,4,1.515853422,0.992050669,0.741566364,1.12410591,0,0.92516517,2.55,0,2.55,0,0,0,0,4,0,0.199635,0.009801,3,3,0,0,0,,,,
2049,14,11,1.514462733,0.991140532,0.819162915,1.240591708,0,1.10782907,2.55,0,2.55,0,0,0,0,0,0,-0.00112,0.181026,1,2,0,0,0,,,,
2049,2,0,1.514415038,0.991109318,0.734266876,1.111984799,0,0.92563952,2.55,0,2.55,0,0,0,4,0,0,-0.023249,0.201264,3,3,0,0,0,,,,
2049,10,20,1.514243752,0.99099722,0.81959262,1.241063004,0,1.10706273,2.55,0,2.55,0,0,0,0,0,0,0.178371,0.000426,2,1,0,0,0,,,,
2049,1,10,1.442517095,1.025243138,0.691520958,0.997530804,0,0.8818716,3.44,1,2.55,0,0,0,0,0,1,-0.306636,0.178371,2,2,0,0,0,,,,
2049,11,9,1.440913125,1.024103145,0.690444019,0.994869849,0,0.88657051,2.55,0,3.44,1,0,0,0,0,1,0.181026,-0.292574,2,2,0,0,0,,,,
2049,0,1,1.34146315,0.95342086,0.688414079,0.923482119,0,1.2165361,2.55,0,3.44,1,0,0,0,0,1,0.201264,-0.306636,3,2,0,0,0,,,,
2049,9,6,1.335927928,0.9494868,0.689761144,0.921471176,0,1.225608,3.44,1,2.55,0,0,0,0,0,1,-0.292574,0.199635,2,3,0,0,0,,,,
2050,17,16,1.554794986,1.017535986,0.849278253,1.32045357,4,1.11030562,2.55,0,2.55,0,0,0,4,4,0,0.06716,0.07162,3,3,4,0.25,1,,,,
2050,36,37,1.517230129,0.992951655,0.824220158,1.250531656,0,1.1050259,2.55,0,2.55,0,0,0,0,0,0,0.015713,0.155897,1,2,0,0,0,,,,
2050,45,44,1.517088345,0.992858864,0.825699462,1.252659029,0,1.10600146,2.55,0,2.55,0,0,0,0,0,0,0.152774,0.014069,2,1,0,0,0,,,,
2050,9,17,1.510035361,0.988243038,0.760287373,1.148060817,0,0.97948092,2.55,0,2.55,0,1,0,6,4,0,0.005164,0.06716,3,3,0,0,0,,,,
2050,16,4,1.509715611,0.988033777,0.757082191,1.142978803,0,0.98409395,2.55,0,2.55,0,0,1,4,6,0,0.07162,0.008604,3,3,0,0,0,,,,
2050,46,45,1.420050729,1.009275572,0.701736799,0.996501853,0,0.94741633,3.44,1,2.55,0,0,0,0,0,1,-0.326602,0.152774,2,2,0,0,0,,,,
2050,37,35,1.418890658,1.008451072,0.701229135,0.994967469,0,0.94477241,2.55,0,3.44,1,0,0,0,0,1,0.155897,-0.325308,2,2,0,0,0,,,,
2050,3,46,1.36322206,0.968885615,0.730390527,0.995684479,0,1.14247248,2.55,0,3.44,1,1,0,6,0,1,0.194076,-0.326602,3,2,0,0,0,,,,
2050,35,11,1.362419406,0.968315143,0.730775887,0.99562325,0,1.1500805,3.44,1,2.55,0,0,1,0,6,1,-0.325308,0.190841,2,3,0,0,0,,,,
2051,4,2,1.537243614,1.006049485,0.809198816,1.243917449,4,1.06415306,2.55,0,2.55,0,0,0,4,4,0,-0.042124,0.038507,3,3,4,0.25,1,,,,
2051,14,11,1.514462643,0.991140473,0.819928838,1.241743261,0,1.1064815,2.55,0,2.55,0,0,0,0,0,0,-0.00234,0.179467,1,2,0,0,0,,,,
2051,10,20,1.514309347,0.991040149,0.819341825,1.240745038,0,1.10651813,2.55,0,2.55,0,0,0,0,0,0,0.180584,-0.00041,2,1,0,0,0,,,,
2051,6,4,1.512230944,0.989679937,0.727125761,1.099594047,0,0.90980314,2.55,0,2.55,0,0,0,0,4,0,0.213456,-0.042124,3,3,0,0,0,,,,
2051,2,0,1.511988103,0.98952101,0.715575847,1.081943049,0,0.93423815,2.55,0,2.55,0,0,0,4,0,0,0.038507,0.203017,3,3,0,0,0,,,,
2051,11,9,1.441782296,1.024720893,0.691504095,0.99701586,0,0.88351761,2.55,0,3.44,1,0,0,0,0,1,0.179467,-0.306336,2,2,0,0,0,,,,
2051,1,10,1.441762122,1.024706554,0.691090739,0.996385843,0,0.88698296,3.44,1,2.55,0,0,0,0,0,1,-0.314176,0.180584,2,2,0,0,0,,,,
2051,9,6,1.343281124,0.954712952,0.690141342,0.927063871,0,1.20102567,3.44,1,2.55,0,0,0,0,0,1,-0.306336,0.213456,2,3,0,0,0,,,,
2051,0,1,1.340021506,0.952396238,0.685538084,0.91863719,0,1.19623239,2.55,0,3.44,1,0,0,0,0,1,0.203017,-0.314176,3,2,0,0,0,,,,
2052,2,4,1.598087919,1.045869057,0.983930032,1.572381593,4,0.89690746,2.55,0,2.55,0,0,0,4,4,0,-0.168745,-0.094496,4,4,4,0.25,1,,,,
2052,4,10,1.543362978,1.010054305,0.852959779,1.316392804,0,0.83509835,2.55,0,2.55,0,0,0,4,0,0,-0.094496,0.253201,4,3,0,0,0,,,,
2052,0,2,1.534108702,1.003997841,0.789787661,1.211610346,0,0.87165541,2.55,0,2.55,0,0,0,0,4,0,0.280028,-0.168745,3,4,0,0,0,,,,
2052,13,15,1.433464604,1.018809242,0.861237646,1.234573072,0,0.90398692,3.44,1,2.55,0,0,0,0,0,1,-0.299511,0.189322,2,1,0,0,0,,,,
2052,14,1,1.431941021,1.017726383,0.862711843,1.235364369,0,0.90645888,2.55,0,3.44,1,0,0,0,0,1,0.190626,-0.262464,1,2,0,0,0,,,,
2052,10,13,1.33165812,0.946452111,0.68156153,0.907624217,0,1.19730734,2.55,0,3.44,1,0,0,0,0,1,0.253201,-0.299511,3,2,0,0,0,,,,
2052,1,0,1.324919873,0.941663023,0.695546644,0.92155016,0,1.28906717,3.44,1,2.55,0,0,0,0,0,1,-0.262464,0.280028,2,3,0,0,0,,,,
2053,2,4,1.56625178,1.025033888,0.971147256,1.521040021,4,0.94043542,2.55,0,2.55,0,0,0,4,4,0,0.065387,0.103554,4,4,4,0.25,1,,,,
2053,4,10,1.530144662,1.001403575,0.752212216,1.151004373,0,0.83558819,2.55,0,2.55,0,0,0,4,0,0,0.103554,0.188399,4,3,0,0,0,,,,
2053,0,2,1.52579804,0.998558926,0.728666674,1.111853043,0,0.88270409,2.55,0,2.55,0,0,0,0,4,0,0.225126,0.065387,3,4,0,0,0,,,,
2053,14,1,1.431876239,1.01768034,0.861706946,1.233929043,0,0.91106915,2.55,0,3.44,1,0,0,0,0,1,0.191518,-0.296742,1,2,0,0,0,,,,
2053,13,15,1.429883687,1.01626417,0.860651313,1.230621741,0,0.91508052,3.44,1,2.55,0,0,0,0,0,1,-0.275336,0.193235,2,1,0,0,0,,,,
2053,1,0,1.335073256,0.948879358,0.679752766,0.907473988,0,1.23076622,3.44,1,2.55,0,0,0,0,0,1,-0.296742,0.225126,2,3,0,0,0,,,,
2053,10,13,1.327715612,0.943650044,0.685931966,0.9107382,0,1.24892695,2.55,0,3.44,1,0,0,0,0,1,0.188399,-0.275336,3,2,0,0,0,,,,
2054,2,4,1.584842357,1.037200496,0.977737785,1.549546606,4,0.91319193,2.55,0,2.55,0,0,0,4,4,0,0.065919,0.110598,4,4,4,0.25,1,,,,
2054,4,10,1.531296057,1.002157105,0.814607413,1.247382484,0,0.83343974,2.55,0,2.55,0,0,0,4,0,0,0.110598,0.201399,4,3,0,0,0,,,,
2054,0,2,1.520718335,0.995234513,0.764835662,1.163097073,0,0.86695889,2.55,0,2.55,0,0,0,0,4,0,0.210111,0.065919,3,4,0,0,0,,,,
2054,13,15,1.433443071,1.018793938,0.861658302,1.235148411,0,0.90435908,3.44,1,2.55,0,0,0,0,0,1,-0.291961,0.189855,2,1,0,0,0,,,,
2054,14,1,1.432716229,1.018277348,0.862530913,1.235763102,0,0.90601354,2.55,0,3.44,1,0,0,0,0,1,0.190654,-0.270259,1,2,0,0,0,,,,
2054,10,13,1.327940038,0.943809551,0.680240839,0.903320405,0,1.22832711,2.55,0,3.44,1,0,0,0,0,1,0.201399,-0.291961,3,2,0,0,0,,,,
2054,1,0,1.326637155,0.94288355,0.690907909,0.916581041,0,1.26731982,3.44,1,2.55,0,0,0,0,0,1,-0.270259,0.210111,2,3,0,0,0,,,,
2055,5,6,1.599386916,1.046719186,0.980691358,1.568426468,4,0.9425908,2.55,0,2.55,0,0,0,4,4,0,-0.280747,-0.237573,4,4,12,0.41666667,1,,,,
2055,6,9,1.532410041,1.002886153,0.776887207,1.190434654,6,0.88393956,2.55,0,2.55,0,0,0,4,6,0,-0.237573,0.164361,4,3,12,0.41666667,0,,,,
2055,0,5,1.520736758,0.995246569,0.845400075,1.285684132,6,0.90690062,2.55,0,2.55,0,0,0,6,4,0,0.221021,-0.280747,3,4,12,0.41666667,0,,,,
2055,1,0,1.390722636,0.954511075,0.7167572,0.996854707,6,1.06016238,3.04,2,2.55,0,0,0,6,6,2,-0.293932,0.221021,3,3,12,0.41666667,0,,,,
2055,9,10,1.388059437,0.95268321,0.72085072,1.000599478,6,1.11637893,2.55,0,3.04,2,0,0,6,6,2,0.164361,-0.283165,3,3,12,0.41666667,0,,,,
2055,34,35,1.526369905,0.998933184,0.840769353,1.283302313,0,1.13187168,2.55,0,2.55,0,0,0,0,0,0,0.149535,-0.012782,2,1,0,0,0,,,,
2055,17,16,1.526164999,0.998799083,0.842336479,1.285647893,0,1.1288869,2.55,0,2.55,0,0,0,0,0,0,-0.010873,0.15492,1,2,0,0,0,,,,
2055,10,34,1.4785901,1.014818188,0.835523244,1.235349603,0,0.91937272,3.04,2,2.55,0,0,0,6,0,2,-0.283165,0.149535,3,2,0,0,0,,,,
2055,16,1,1.477256981,1.013903213,0.831814478,1.228917536,0,0.92154056,2.55,0,3.04,2,0,0,0,6,2,0.15492,-0.293932,2,3,0,0,0,,,,
2056,5,6,1.599883243,1.047044007,0.979160946,1.566466451,4,0.93971511,2.55,0,2.55,0,0,0,4,4,0,-0.279514,-0.229275,4,4,12,0.41666667,1,,,,
2056,6,9,1.531896303,1.002549937,0.776090104,1.188871677,6,0.88654315,2.55,0,2.55,0,0,0,4,6,0,-0.229275,0.162105,4,3,12,0.41666667,0,,,,
2056,0,5,1.523857234,0.997288766,0.848014138,1.292251569,6,0.9070371,2.55,0,2.55,0,0,0,6,4,0,0.2265,-0.279514,3,4,12,0.41666667,0,,,,
2056,1,0,1.389878398,0.953931639,0.718423327,0.998515978,6,1.07141224,3.04,2,2.55,0,0,0,6,6,2,-0.290744,0.2265,3,3,12,0.41666667,0,,,,
2056,9,10,1.387596747,0.952365647,0.721744878,1.001493091,6,1.11684279,2.55,0,3.04,2,0,0,6,6,2,0.162105,-0.284479,3,3,12,0.41666667,0,,,,
2056,34,35,1.526194553,0.998818425,0.84041999,1.282639757,0,1.13263676,2.55,0,2.55,0,0,0,0,0,0,0.149918,-0.011406,2,1,0,0,0,,,,
2056,17,16,1.526035254,0.998714171,0.840981464,1.283367094,0,1.13081111,2.55,0,2.55,0,0,0,0,0,0,-0.010942,0.153881,1,2,0,0,0,,,,
2056,10,34,1.478773854,1.014944306,0.829426333,1.226529276,0,0.91683502,3.04,2,2.55,0,0,0,6,0,2,-0.284479,0.149918,3,2,0,0,0,,,,
2056,16,1,1.477326564,1.013950971,0.827949559,1.223157217,0,0.91949588,2.55,0,3.04,2,0,0,0,6,2,0.153881,-0.290744,2,3,0,0,0,,,,
2057,5,6,1.581851188,1.035242924,0.986943381,1.561159473,4,0.9997684,2.55,0,2.55,0,0,0,4,4,0,-0.318441,0.039399,4,3,12,0.41666667,1,,,,
2057,0,5,1.523770524,0.997232018,0.854664376,1.302333442,6,0.90319602,2.55,0,2.55,0,0,0,6,4,0,0.225066,-0.318441,3,4,12,0.41666667,0,,,,
2057,6,9,1.518750841,0.993946885,0.790850333,1.20112868,6,0.93068001,2.55,0,2.55,0,0,0,4,6,0,0.039399,0.14451,3,3,12,0.41666667,0,,,,
2057,9,10,1.38959284,0.953735648,0.720329808,1.001004858,6,1.10619464,2.55,0,3.04,2,0,0,6,6,2,0.14451,-0.291221,3,3,12,0.41666667,0,,,,
2057,1,0,1.386614805,0.951691698,0.716620439,0.993728365,6,1.08076525,3.04,2,2.55,0,0,0,6,6,2,-0.298708,0.225066,3,3,12,0.41666667,0,,,,
2057,17,16,1.526328433,0.998906042,0.84140365,1.284254938,0,1.13028765,2.55,0,2.55,0,0,0,0,0,0,-0.010784,0.153995,1,2,0,0,0,,,,
2057,30,31,1.526273362,0.998870001,0.841075527,1.283707365,0,1.13238166,2.55,0,2.55,0,0,0,0,0,0,0.150429,-0.010067,2,1,0,0,0,,,,
2057,10,30,1.477722825,1.014222941,0.825466406,1.219767505,0,0.91834969,3.04,2,2.55,0,0,0,6,0,2,-0.291221,0.150429,3,2,0,0,0,,,,
2057,16,1,1.47602839,1.01305998,0.829165388,1.223844355,0,0.92425002,2.55,0,3.04,2,0,0,0,6,2,0.153995,-0.298708,2,3,0,0,0,,,,
2058,5,6,1.567827907,1.026065384,0.980988282,1.53796422,4,1.02467299,2.55,0,2.55,0,0,0,4,4,0,-0.065982,0.000885,3,3,12,0.41666667,1,,,,
2058,6,9,1.518975888,0.994094168,0.783005677,1.189410229,6,0.93263711,2.55,0,2.55,0,0,0,4,6,0,0.000885,0.145845,3,3,12,0.41666667,0,,,,
2058,0,5,1.510339199,0.988441884,0.855498721,1.292101454,6,0.9545736,2.55,0,2.55,0,0,0,6,4,0,0.197991,-0.065982,3,3,12,0.41666667,0,,,,
2058,9,10,1.389178467,0.953451247,0.719274536,0.999229795,6,1.10651435,2.55,0,3.04,2,0,0,6,6,2,0.145845,-0.291042,3,3,12,0.41666667,0,,,,
2058,1,0,1.38803938,0.952669444,0.71337994,0.990228501,6,1.06652553,3.04,2,2.55,0,0,0,6,6,2,-0.304291,0.197991,3,3,12,0.41666667,0,,,,
2058,17,16,1.526405676,0.998956594,0.840997274,1.283695969,0,1.13101507,2.55,0,2.55,0,0,0,0,0,0,-0.01041,0.152732,1,2,0,0,0,,,,
2058,30,31,1.52636268,0.998928456,0.840020265,1.282169369,0,1.13292925,2.55,0,2.55,0,0,0,0,0,0,0.14867,-0.0098,2,1,0,0,0,,,,
2058,10,30,1.477801975,1.014277265,0.824733429,1.218767584,0,0.91695281,3.04,2,2.55,0,0,0,6,0,2,-0.291042,0.14867,3,2,0,0,0,,,,
2058,16,1,1.475107866,1.012428185,0.8235581,1.214806111,0,0.92324227,2.55,0,3.04,2,0,0,0,6,2,0.152732,-0.304291,2,3,0,0,0,,,,
4029,5,7,1.570887238,0.8325043,1.307770381,1.028067564,4,0.9897394,2.55,0,2.55,0,0,0,4,4,0,0.148562,-0.417878,3,4,13,0.30769231,1,,,,
4029,30,34,1.542713804,0.672274906,1.037127777,1.009629453,5,1.07464449,2.55,0,2.55,0,0,0,5,5,0,0.155591,0.220232,2,3,13,0.30769231,0,,,,
4029,7,30,1.536088714,0.676769893,1.039578594,1.005293661,5,1.05146738,2.55,0,2.55,0,0,0,4,5,0,-0.417878,0.155591,4,2,13,0.30769231,0,,,,
4029,3,5,1.508780131,0.845028048,1.274961529,0.987421552,6,1.01628071,2.55,0,2.55,0,0,0,6,4,0,-0.055348,0.148562,3,3,13,0.30769231,0,,,,
4029,34,37,1.512510328,0.866840305,1.311104914,0.98986278,0,0.97074021,2.55,0,2.55,0,0,1,5,6,0,0.220232,0.099263,3,3,0,0,0,,,,
4029,47,58,1.506673566,0.897616137,1.352414506,0.98604291,0,1.11993855,2.55,0,2.55,0,1,0,6,0,0,-0.225328,0.132442,3,1,0,0,0,,,,
4029,12,3,1.502451748,0.856769556,1.287254917,0.98327994,0,1.09104306,2.55,0,2.55,0,0,0,0,6,0,0.098227,-0.055348,1,3,0,0,0,,,,
2060,1,31,1.576116584,1.031489911,0.764832384,1.205512529,4,1.0291341,2.55,0,2.55,0,0,0,4,4,0,0.039675,0.042469,3,3,4,0.25,1,,,,
2060,21,5,1.509003146,0.987567504,0.879373676,1.326960549,0,1.0553623,2.55,0,2.55,0,0,1,0,6,0,0.095551,-0.110807,1,3,0,0,0,,,,
2060,3,1,1.508914522,0.987509504,0.77608144,1.171034869,0,1.00562292,2.55,0,2.55,0,1,0,6,4,0,0.095374,0.039675,3,3,0,0,0,,,,
2060,35,36,1.508877782,0.987485459,0.879383905,1.326864037,0,1.05573468,2.55,0,2.55,0,1,0,6,0,0,-0.110224,0.095483,3,1,0,0,0,,,,
2060,31,37,1.508509644,0.987244531,0.775283498,1.169530278,0,1.00667462,2.55,0,2.55,0,0,1,4,6,0,0.042469,0.094781,3,3,0,0,0,,,,
2062,2,1,1.572073978,1.028844226,0.990999159,1.557938521,4,1.03170059,2.55,0,2.55,0,0,0,4,4,0,0.124237,-0.125982,3,3,12,0.41666667,1,,,,
2062,5,2,1.496437197,0.979343715,0.966478607,1.446286601,6,0.99748379,2.55,0,2.55,0,1,0,6,4,0,0.03996,0.124237,3,3,12,0.41666667,0,,,,
2062,26,29,1.529711614,1.001120166,0.831444058,1.271870936,0,1.09211943,2.55,0,2.55,0,0,0,0,0,0,-0.013318,-0.015733,2,1,0,0,0,,,,
2062,1,17,1.523686703,0.997177162,0.703230698,1.071477768,0,1.04372908,2.55,0,2.55,0,0,0,4,0,0,-0.125982,0.102932,3,2,0,0,0,,,,
2062,25,26,1.519285144,0.99429656,0.675963439,1.026996507,0,1.07227101,2.55,0,2.55,0,0,0,0,0,0,0.20694,-0.013318,2,2,0,0,0,,,,
2062,17,18,1.51774577,0.993289116,0.696812442,1.057575037,0,0.98245194,2.55,0,2.55,0,0,0,0,0,0,0.102932,0.16052,2,3,0,0,0,,,,
2062,21,25,1.437509675,1.021684204,0.691250512,0.993677674,0,0.90217628,3.44,1,2.55,0,0,0,0,0,1,-0.308182,0.20694,2,2,0,0,0,,,,
2062,16,15,1.411738673,1.003367927,0.869088204,1.226924684,0,0.96444182,2.55,0,3.44,1,0,0,0,0,1,0.181064,-0.309567,1,2,0,0,0,,,,
2062,15,11,1.354094045,0.962398042,0.959391161,1.299117231,0,1.13771258,3.44,1,2.55,0,0,1,0,6,1,-0.309567,0.23938,2,3,0,0,0,,,,
2062,18,21,1.343947482,0.955186554,0.686299283,0.92234765,0,1.18626517,2.55,0,3.44,1,0,0,0,0,1,0.16052,-0.308182,3,2,0,0,0,,,,
2063,0,2,1.570718411,1.027957075,0.989685082,1.554525506,4,1.05177608,2.55,0,2.55,0,0,0,4,4,0,-0.008968,-0.00074,3,3,4,0.25,1,,,,
2063,7,4,1.533984199,1.003916361,0.701884093,1.076677157,0,1.08337229,2.55,0,2.55,0,0,0,0,0,0,0.008632,0.108424,2,2,0,0,0,,,,
2063,6,16,1.533570958,1.003645915,0.700151772,1.073735378,0,1.08442523,2.55,0,2.55,0,0,0,0,0,0,0.093789,0.016513,2,2,0,0,0,,,,
2063,19,22,1.532657746,1.003048263,0.702068024,1.076024928,0,1.08383436,2.55,0,2.55,0,0,0,0,0,0,0.005972,-0.00494,2,2,0,0,0,,,,
2063,13,10,1.532553866,1.002980279,0.702538833,1.07666489,0,1.08254573,2.55,0,2.55,0,0,0,0,0,0,-0.005914,0.005852,2,2,0,0,0,,,,
2063,10,7,1.532122762,1.002698143,0.7030572,1.077148991,0,1.08073828,2.55,0,2.55,0,0,0,0,0,0,0.005852,0.008632,2,2,0,0,0,,,,
2063,16,19,1.531782821,1.002475668,0.702513376,1.076072602,0,1.07966372,2.55,0,2.55,0,0,0,0,0,0,0.016513,0.005972,2,2,0,0,0,,,,
2063,25,13,1.529804381,1.001180877,0.836382241,1.27946995,0,1.10580188,2.55,0,2.55,0,0,0,0,0,0,0.019638,-0.005914,1,2,0,0,0,,,,
2063,22,31,1.529662417,1.001087969,0.836350053,1.279298917,0,1.10513359,2.55,0,2.55,0,0,0,0,0,0,-0.00494,0.019794,2,1,0,0,0,,,,
2063,2,6,1.529448193,1.00094777,0.71412944,1.092205132,0,1.06342561,2.55,0,2.55,0,0,0,4,0,0,-0.00074,0.093789,3,2,0,0,0,,,,
2063,4,0,1.525401719,0.998299554,0.727672008,1.10997228,0,1.08667042,2.55,0,2.55,0,0,0,0,4,0,0.108424,-0.008968,2,3,0,0,0,,,,
2064,0,2,1.55817471,1.019747847,0.829270244,1.292209713,4,1.05936487,2.55,0,2.55,0,0,0,4,4,0,0.008414,-0.024502,3,3,4,0.25,1,,,,
2064,6,16,1.533170519,1.003383847,0.703873518,1.07944229,0,1.09130701,2.55,0,2.55,0,0,0,0,0,0,0.123619,0.009786,2,2,0,0,0,,,,
2064,7,4,1.533063021,1.003313496,0.705541507,1.081681941,0,1.08495063,2.55,0,2.55,0,0,0,0,0,0,0.009613,0.103407,2,2,0,0,0,,,,
2064,13,10,1.532525669,1.002961825,0.702787506,1.077073419,0,1.08242743,2.55,0,2.55,0,0,0,0,0,0,-0.006183,0.006564,2,2,0,0,0,,,,
2064,19,22,1.532260299,1.002788154,0.702306559,1.076148316,0,1.08429762,2.55,0,2.55,0,0,0,0,0,0,0.002854,-0.003848,2,2,0,0,0,,,,
2064,10,7,1.53214345,1.002711682,0.703558692,1.077969739,0,1.0812514,2.55,0,2.55,0,0,0,0,0,0,0.006564,0.009613,2,2,0,0,0,,,,
2064,16,19,1.531795608,1.002484037,0.701235425,1.074159288,0,1.08598545,2.55,0,2.55,0,0,0,0,0,0,0.009786,0.002854,2,2,0,0,0,,,,
2064,22,31,1.5299086,1.001249084,0.836319389,1.279520724,0,1.1052649,2.55,0,2.55,0,0,0,0,0,0,-0.003848,0.019915,2,1,0,0,0,,,,
2064,25,13,1.529865483,1.001220866,0.836461812,1.279691122,0,1.10578147,2.55,0,2.55,0,0,0,0,0,0,0.019771,-0.006183,1,2,0,0,0,,,,
2064,2,6,1.525302547,0.998234651,0.726347187,1.1079191,0,1.07821982,2.55,0,2.55,0,0,0,4,0,0,-0.024502,0.123619,3,2,0,0,0,,,,
2064,4,0,1.524972319,0.998018533,0.722286288,1.101503796,0,1.06419326,2.55,0,2.55,0,0,0,0,4,0,0.103407,0.008414,2,3,0,0,0,,,,
2065,0,2,1.572266013,1.028969904,0.997171354,1.567891987,4,1.06087603,2.55,0,2.55,0,0,0,4,4,0,-0.028818,-0.005734,3,3,4,0.25,1,,,,
2065,6,16,1.534841255,1.004477261,0.703372635,1.079601513,0,1.08467758,2.55,0,2.55,0,0,0,0,0,0,0.08723,0.016009,2,2,0,0,0,,,,
2065,7,4,1.533379972,1.003520924,0.696312845,1.067689298,0,1.08381853,2.55,0,2.55,0,0,0,0,0,0,0.024709,0.113282,2,2,0,0,0,,,,
2065,19,22,1.532306188,1.002818186,0.702845947,1.076987199,0,1.08211666,2.55,0,2.55,0,0,0,0,0,0,0.007307,-0.00363,2,2,0,0,0,,,,
2065,16,19,1.531972541,1.002599831,0.702870188,1.076780398,0,1.0796169,2.55,0,2.55,0,0,0,0,0,0,0.016009,0.007307,2,2,0,0,0,,,,
2065,2,6,1.530134781,1.001397108,0.721501308,1.104027225,0,1.06887053,2.55,0,2.55,0,0,0,4,0,0,-0.005734,0.08723,3,2,0,0,0,,,,
2065,22,29,1.529884253,1.00123315,0.836323033,1.279484195,0,1.10536864,2.55,0,2.55,0,0,0,0,0,0,-0.00363,0.019714,2,1,0,0,0,,,,
2065,4,0,1.526771906,0.999196274,0.727433811,1.110569127,0,1.10748717,2.55,0,2.55,0,0,0,0,4,0,0.113282,-0.028818,2,3,0,0,0,,,,
2065,10,7,1.526281657,0.99887543,0.701023843,1.069978485,0,1.08048718,2.55,0,2.55,0,0,0,0,0,0,0.0171,0.024709,2,2,0,0,0,,,,
2065,13,10,1.524329199,0.997597643,0.716309188,1.091868006,0,0.94189739,2.55,0,2.55,0,0,0,0,0,0,-0.013383,0.0171,3,2,0,0,0,,,,
2065,25,13,1.520261979,0.99493585,0.849580084,1.291621892,0,1.03097857,2.55,0,2.55,0,0,0,0,0,0,0.048257,-0.013383,1,3,0,0,0,,,,
2066,0,25,1.584118045,1.036726469,0.996143465,1.578105098,4,1.05072715,2.55,0,2.55,0,0,0,4,4,0,0.045657,0.086236,3,3,4,0.25,1,,,,
2066,25,29,1.510798421,0.988742422,0.966661893,1.460423085,0,0.9663507,2.55,0,2.55,0,0,1,4,6,0,0.086236,0.040692,3,3,0,0,0,,,,
2066,33,52,1.509773643,0.988071756,0.99995969,1.509714673,0,1.06419517,2.55,0,2.55,0,1,0,6,0,0,-0.029099,0.080728,3,1,0,0,0,,,,
2066,48,11,1.509705529,0.988027178,0.999963262,1.509651767,0,1.0640374,2.55,0,2.55,0,0,1,0,6,0,0.079416,-0.031368,1,3,0,0,0,,,,
2066,2,0,1.508489173,0.987231134,0.963420893,1.45332277,0,1.00246028,2.55,0,2.55,0,1,0,6,4,0,0.070918,0.045657,3,3,0,0,0,,,,
2067,34,11,1.610860005,1.054227752,0.988429717,1.592253192,4,0.94666564,2.55,0,2.55,0,0,0,4,4,0,-0.085457,-0.129117,4,4,4,0.25,1,,,,
2067,51,34,1.553064053,1.016403176,0.748428271,1.162356315,0,0.84163736,2.55,0,2.55,0,0,0,0,4,0,0.033811,-0.085457,3,4,0,0,0,,,,
2067,11,50,1.548527499,1.013434227,0.727572776,1.126633855,0,0.83895447,2.55,0,2.55,0,0,0,4,0,0,-0.129117,0.00451,4,3,0,0,0,,,,
2067,50,56,1.521232363,0.995570918,0.853125808,1.297778016,0,1.06419837,2.55,0,2.55,0,0,0,0,0,0,0.00451,0.098399,3,1,0,0,0,,,,
2067,52,51,1.515696182,0.991947763,0.858287857,1.300903621,0,1.0648021,2.55,0,2.55,0,0,0,0,0,0,0.08232,0.033811,1,3,0,0,0,,,,
2068,3,0,1.562198064,1.022380932,0.975758411,1.524361788,4,1.05893824,2.55,0,2.55,0,0,0,4,4,0,0.020836,-0.005292,3,3,4,0.25,1,,,,
2068,42,39,1.532487679,1.002936963,0.696061675,1.066717326,0,1.06949207,2.55,0,2.55,0,0,0,0,0,0,-0.041652,-0.021115,2,2,0,0,0,,,,
2068,53,56,1.53244438,1.002908625,0.695771544,1.066231228,0,1.07144965,2.55,0,2.55,0,0,0,0,0,0,-0.004185,-0.045538,2,2,0,0,0,,,,
2068,45,42,1.529893382,1.001239125,0.834181144,1.276231491,0,1.10855369,2.55,0,2.55,0,0,0,0,0,0,0.02069,-0.041652,1,2,0,0,0,,,,
2068,56,59,1.529622139,1.001061609,0.834661184,1.276739032,0,1.10878163,2.55,0,2.55,0,0,0,0,0,0,-0.045538,0.022551,2,1,0,0,0,,,,
2068,39,38,1.518422891,0.993732258,0.677948912,1.029417985,0,1.06887168,2.55,0,2.55,0,0,0,0,0,0,-0.021115,0.23031,2,2,0,0,0,,,,
2068,52,53,1.51837643,0.993701852,0.676785092,1.027614002,0,1.07120583,2.55,0,2.55,0,0,0,0,0,0,0.229194,-0.004185,2,2,0,0,0,,,,
2068,5,3,1.516078029,0.992197663,0.742000405,1.124902373,0,0.94517177,2.55,0,2.55,0,0,0,0,4,0,0.204639,0.020836,3,3,0,0,0,,,,
2068,0,2,1.513581896,0.990564068,0.731722365,1.107534306,0,0.92704676,2.55,0,2.55,0,0,0,4,0,0,-0.005292,0.210267,3,3,0,0,0,,,,
2068,51,52,1.439264926,1.022931717,0.690916657,0.99444121,0,0.89861182,3.44,1,2.55,0,0,0,0,0,1,-0.290529,0.229194,2,2,0,0,0,,,,
2068,38,37,1.439125427,1.022832571,0.69058204,0.99383758,0,0.89842585,2.55,0,3.44,1,0,0,0,0,1,0.23031,-0.293683,2,2,0,0,0,,,,
2068,37,5,1.337395752,0.95053003,0.69263285,0.926332682,0,1.21712387,3.44,1,2.55,0,0,0,0,0,1,-0.293683,0.204639,2,3,0,0,0,,,,
2068,2,51,1.337263828,0.950436267,0.690591581,0.923533424,0,1.21442413,2.55,0,3.44,1,0,0,0,0,1,0.210267,-0.290529,3,2,0,0,0,,,,
2069,15,0,1.595981817,1.044490718,0.984969619,1.571991742,4,1.02115506,2.55,0,2.55,0,0,0,4,4,0,-0.051216,-0.055135,3,3,4,0.25,1,,,,
2069,0,2,1.509753743,0.988058732,0.965124425,1.457102777,0,1.00573563,2.55,0,2.55,0,0,1,4,6,0,-0.055135,0.102357,3,3,0,0,0,,,,
2069,18,15,1.508106813,0.986980898,0.968805021,1.461081525,0,0.9977985,2.55,0,2.55,0,1,0,6,4,0,0.106026,-0.051216,3,3,0,0,0,,,,
2069,5,26,1.491954486,0.976410004,0.962525208,1.436006633,0,0.94103059,2.55,0,2.55,0,1,0,6,0,0,-0.031647,0.215626,3,3,0,0,0,,,,
2069,27,19,1.491734419,0.976265981,0.962799744,1.4362568,0,0.94201171,2.55,0,2.55,0,0,1,0,6,0,0.215687,-0.032272,3,3,0,0,0,,,,
2069,33,32,1.42588872,1.013424819,0.857715165,1.223008913,0,0.92486678,2.55,0,3.44,1,0,0,0,0,1,0.196611,-0.31076,1,2,0,0,0,,,,
2069,37,38,1.425826032,1.013380265,0.857960844,1.223307285,0,0.92465241,3.44,1,2.55,0,0,0,0,0,1,-0.310875,0.196672,2,1,0,0,0,,,,
2069,32,27,1.349306327,0.958995257,0.69268962,0.93465741,0,1.20307869,3.44,1,2.55,0,0,0,0,0,1,-0.31076,0.215687,2,3,0,0,0,,,,
2069,26,37,1.349153934,0.958886947,0.692603674,0.934422529,0,1.20306285,2.55,0,3.44,1,0,0,0,0,1,0.215626,-0.310875,3,2,0,0,0,,,,
2070,15,0,1.58744089,1.038901106,0.988364522,1.568970257,4,1.02843291,2.55,0,2.55,0,0,0,4,4,0,0.049501,0.060821,3,3,4,0.25,1,,,,
2070,0,2,1.510885699,0.988799541,0.96423108,1.456842949,0,0.97216647,2.55,0,2.55,0,0,1,4,6,0,0.060821,0.070825,3,3,0,0,0,,,,
2070,18,15,1.505260957,0.985118427,0.966305319,1.45454167,0,1.02458228,2.55,0,2.55,0,1,0,6,4,0,0.088213,0.049501,3,3,0,0,0,,,,
2070,27,19,1.493196785,0.977223027,0.962784571,1.437626826,0,0.93814699,2.55,0,2.55,0,0,1,0,6,0,0.21583,-0.030362,3,3,0,0,0,,,,
2070,5,26,1.492540229,0.976793343,0.962525174,1.436607544,0,0.9387812,2.55,0,2.55,0,1,0,6,0,0,-0.030067,0.215764,3,3,0,0,0,,,,
2070,29,28,1.426500159,1.013859388,0.858014979,1.223958503,0,0.92284808,2.55,0,3.44,1,0,0,0,0,1,0.195681,-0.310602,1,2,0,0,0,,,,
2070,33,34,1.42642447,1.013805594,0.85813358,1.224062737,0,0.92312951,3.44,1,2.55,0,0,0,0,0,1,-0.309819,0.196826,2,1,0,0,0,,,,
2070,28,27,1.348635384,0.958518397,0.692483647,0.933907949,0,1.2050112,3.44,1,2.55,0,0,0,0,0,1,-0.310602,0.21583,2,3,0,0,0,,,,
2070,26,33,1.348301634,0.95828119,0.69263972,0.933887267,0,1.20621846,2.55,0,3.44,1,0,0,0,0,1,0.215764,-0.309819,3,2,0,0,0,,,,
2071,15,0,1.594656194,1.043623164,0.987116627,1.574111644,4,1.02078797,2.55,0,2.55,0,0,0,4,4,0,0.052022,-0.05453,3,3,4,0.25,1,,,,
2071,0,2,1.51162717,0.989284797,0.96450766,1.457975984,0,0.98497558,2.55,0,2.55,0,0,1,4,6,0,-0.05453,0.065339,3,3,0,0,0,,,,
2071,18,15,1.505587401,0.985332069,0.967142116,1.456116985,0,1.02736466,2.55,0,2.55,0,1,0,6,4,0,0.088143,0.052022,3,3,0,0,0,,,,
2071,27,19,1.492992617,0.977089409,0.962978171,1.4377193,0,0.9386164,2.55,0,2.55,0,0,1,0,6,0,0.215883,-0.030782,3,3,0,0,0,,,,
2071,5,26,1.492279253,0.976622548,0.962630741,1.436513883,0,0.93944659,2.55,0,2.55,0,1,0,6,0,0,-0.031729,0.215811,3,3,0,0,0,,,,
2071,29,28,1.42642462,1.0138057,0.858021599,1.223903134,0,0.92300446,2.55,0,3.44,1,0,0,0,0,1,0.196101,-0.310305,1,2,0,0,0,,,,
2071,33,34,1.425994285,1.013499847,0.858302773,1.223934849,0,0.92364514,3.44,1,2.55,0,0,0,0,0,1,-0.310299,0.195987,2,1,0,0,0,,,,
2071,28,27,1.348567931,0.958470456,0.692376154,0.933716278,0,1.20540605,3.44,1,2.55,0,0,0,0,0,1,-0.310305,0.215883,2,3,0,0,0,,,,
2071,26,33,1.348508933,0.958428524,0.692526939,0.933878764,0,1.20445761,2.55,0,3.44,1,0,0,0,0,1,0.215811,-0.310299,3,2,0,0,0,,,,
2072,14,0,1.567097462,1.025587344,0.850196055,1.33234008,4,1.03655477,2.55,0,2.55,0,0,0,4,4,0,-0.08803,0.057798,3,3,4,0.25,1,,,,
2072,0,2,1.508169096,0.98702166,0.964817241,1.455107547,0,0.98340142,2.55,0,2.55,0,0,1,4,6,0,0.057798,0.068709,3,3,0,0,0,,,,
2072,17,14,1.507812142,0.986788051,0.965112283,1.455208019,0,1.00030604,2.55,0,2.55,0,1,0,6,4,0,0.108797,-0.08803,3,3,0,0,0,,,,
2072,5,25,1.503754717,0.984132668,0.9505127,1.429337957,0,0.92849109,2.55,0,2.55,0,1,0,6,0,0,-0.035847,0.196569,3,3,0,0,0,,,,
2072,26,18,1.493221459,0.977239175,0.962770607,1.43762973,0,0.93857622,2.55,0,2.55,0,0,1,0,6,0,0.21628,-0.032062,3,3,0,0,0,,,,
2072,32,33,1.427028814,1.01423512,0.860582192,1.228075584,0,0.91906198,3.44,1,2.55,0,0,0,0,0,1,-0.290479,0.196565,2,1,0,0,0,,,,
2072,28,27,1.426347832,1.013751124,0.858228154,1.224131866,0,0.92283023,2.55,0,3.44,1,0,0,0,0,1,0.195673,-0.309971,1,2,0,0,0,,,,
2072,27,26,1.3482388,0.958236531,0.692457654,0.933598276,0,1.20593438,3.44,1,2.55,0,0,0,0,0,1,-0.309971,0.21628,2,3,0,0,0,,,,
2072,25,32,1.337289061,0.950454201,0.700760124,0.937118849,0,1.22406364,2.55,0,3.44,1,0,0,0,0,1,0.196569,-0.290479,3,2,0,0,0,,,,
2073,13,0,1.569369573,1.027074328,0.848670337,1.331877405,4,1.01517741,2.55,0,2.55,0,0,0,4,4,0,-0.0641,0.004394,3,3,4,0.25,1,,,,
2073,0,2,1.509006072,0.987569419,0.969088116,1.462359852,0,1.02099141,2.55,0,2.55,0,0,1,4,6,0,0.004394,0.11481,3,3,0,0,0,,,,
2073,16,13,1.507190095,0.986380952,0.965271651,1.454847871,0,1.00917376,2.55,0,2.55,0,1,0,6,4,0,0.119594,-0.0641,3,3,0,0,0,,,,
2073,25,17,1.492501208,0.976767806,0.962727737,1.43687231,0,0.94004212,2.55,0,2.55,0,0,1,0,6,0,0.215755,-0.031758,3,3,0,0,0,,,,
2073,5,24,1.492474897,0.976750587,0.961260062,1.434656511,0,0.93475587,2.55,0,2.55,0,1,0,6,0,0,-0.015002,0.214597,3,3,0,0,0,,,,
2073,27,26,1.426157472,1.01361583,0.857869692,1.223457271,0,0.92388178,2.55,0,3.44,1,0,0,0,0,1,0.196341,-0.310575,1,2,0,0,0,,,,
2073,31,32,1.425830119,1.013383169,0.857767834,1.223031213,0,0.92486723,3.44,1,2.55,0,0,0,0,0,1,-0.311049,0.196731,2,1,0,0,0,,,,
2073,24,31,1.349414826,0.959072371,0.692242427,0.934122194,0,1.20329606,2.55,0,3.44,1,0,0,0,0,1,0.214597,-0.311049,3,2,0,0,0,,,,
2073,26,25,1.348919508,0.958720333,0.692368989,0.933950036,0,1.20404126,3.44,1,2.55,0,0,0,0,0,1,-0.310575,0.215755,2,3,0,0,0,,,,
2074,13,0,1.569089097,1.02689077,0.851445494,1.335993841,4,1.01479277,2.55,0,2.55,0,0,0,4,4,0,-0.057039,0.003146,3,3,4,0.25,1,,,,
2074,26,25,1.528393292,1.00025739,0.851993045,1.302180455,0,1.138174,2.55,0,2.55,0,0,0,0,0,0,0.010551,0.044315,1,2,0,0,0,,,,
2074,25,17,1.519702129,0.994569456,0.960611574,1.459843454,0,1.01586905,2.55,0,2.55,0,0,1,0,6,0,0.044315,-0.00656,2,3,0,0,0,,,,
2074,0,2,1.508692318,0.987364082,0.969317747,1.462402239,0,1.02109256,2.55,0,2.55,0,0,1,4,6,0,0.003146,0.114913,3,3,0,0,0,,,,
2074,16,13,1.50772909,0.986733698,0.966157659,1.456704008,0,1.00886583,2.55,0,2.55,0,1,0,6,4,0,0.110261,-0.057039,3,3,0,0,0,,,,
2074,5,24,1.491910682,0.976381337,0.961245004,1.43409169,0,0.93624637,2.55,0,2.55,0,1,0,6,0,0,-0.015215,0.21399,3,3,0,0,0,,,,
2074,27,28,1.425440915,1.01310655,0.857578476,1.222427448,0,0.9260381,3.44,1,2.55,0,0,0,0,0,1,-0.311268,0.197161,2,1,0,0,0,,,,
2074,24,27,1.349945479,0.959449523,0.692421126,0.934730769,0,1.20170021,2.55,0,3.44,1,0,0,0,0,1,0.21399,-0.311268,3,2,0,0,0,,,,
2077,0,12,1.57626288,1.031585654,0.824529076,1.299674576,4,1.03317116,2.55,0,2.55,0,0,0,4,4,0,0.020459,-0.064686,3,3,4,0.25,1,,,,
2077,26,23,1.528213997,1.00014005,0.851862754,1.301828583,0,1.13929481,2.55,0,2.55,0,0,0,0,0,0,0.013076,0.042948,1,2,0,0,0,,,,
2077,23,5,1.519676186,0.994552478,0.959039686,1.457429773,0,1.01268189,2.55,0,2.55,0,0,1,0,6,0,0.042948,0.007598,2,3,0,0,0,,,,
2077,2,0,1.510502399,0.98854869,0.9689437,1.463591784,0,1.02056585,2.55,0,2.55,0,1,0,6,4,0,0.103405,0.020459,3,3,0,0,0,,,,
2077,12,15,1.508080353,0.986963582,0.965303523,1.455755278,0,1.00888768,2.55,0,2.55,0,0,1,4,6,0,-0.064686,0.126941,3,3,0,0,0,,,,
2077,16,24,1.496714348,0.979525097,0.953950248,1.427791024,0,0.93430234,2.55,0,2.55,0,1,0,6,0,0,-0.058531,0.193514,3,3,0,0,0,,,,
2077,25,48,1.424537525,1.012464481,0.857193986,1.221105,0,0.93254067,3.44,1,2.55,0,0,0,0,0,1,-0.283519,0.196841,2,1,0,0,0,,,,
2077,24,25,1.343008624,0.954519278,0.700957629,0.941392142,0,1.2330334,2.55,0,3.44,1,0,0,0,0,1,0.193514,-0.283519,3,2,0,0,0,,,,
2078,0,11,1.567337421,1.025744385,0.853208324,1.337265334,4,1.04669877,2.55,0,2.55,0,0,0,4,4,0,0.080957,-0.093722,3,3,4,0.25,1,,,,
2078,22,33,1.434765288,1.019733681,0.685070913,0.982915966,5,0.98160785,2.55,0,3.44,1,0,0,5,5,1,0.320827,-0.313269,3,2,9,0.44444444,0,,,,
2078,33,4,1.369049503,0.973027366,0.73206882,1.002238455,5,1.06858774,3.44,1,2.55,0,0,1,5,5,1,-0.313269,0.203548,2,3,9,0.44444444,0,,,,
2078,36,34,1.528730221,1.000477893,0.835060119,1.276581641,0,1.09688576,2.55,0,2.55,0,0,0,0,0,0,-0.009361,0.043115,1,2,0,0,0,,,,
2078,45,46,1.517507223,0.993132999,0.823782569,1.250095998,0,1.10308809,2.55,0,2.55,0,0,0,0,0,0,0.14841,0.025379,2,1,0,0,0,,,,
2078,34,22,1.514914642,0.991436284,0.879875659,1.332936519,0,1.06562004,2.55,0,2.55,0,0,0,0,5,0,0.043115,0.320827,2,3,0,0,0,,,,
2078,2,0,1.511356108,0.989107401,0.775917608,1.172687817,0,0.9891708,2.55,0,2.55,0,1,0,6,4,0,0.058099,0.080957,3,3,0,0,0,,,,
2078,11,14,1.509497049,0.987890739,0.964800929,1.456364155,0,1.0031932,2.55,0,2.55,0,0,1,4,6,0,-0.093722,0.09346,3,3,0,0,0,,,,
2078,44,45,1.416123689,1.006484498,0.699163888,0.990102544,0,0.95542864,3.44,1,2.55,0,0,0,0,0,1,-0.303405,0.14841,2,2,0,0,0,,,,
2078,15,44,1.35513887,0.963140633,0.960663196,1.301832038,0,1.16255362,2.55,0,3.44,1,1,0,6,0,1,0.206784,-0.303405,3,2,0,0,0,,,,
2079,82,97,1.569932231,1.02744256,0.553173254,0.868444521,5,0.98303834,2.55,0,2.55,0,0,0,5,5,0,-0.255344,-0.053139,4,3,34,0.411764706,0,,,,
2079,45,40,1.561536468,1.02194795,0.927249142,1.447933349,5,1.01123464,2.55,0,2.55,0,0,0,5,5,0,-0.003009,-0.296122,3,4,34,0.411764706,0,,,,
2079,55,45,1.546504187,1.01211007,0.853673978,1.320210382,0,1.05669146,2.55,0,2.55,0,0,0,0,5,0,0.065171,-0.003009,2,3,0,0,0,,,,
2079,97,100,1.541173405,1.008621338,0.893887639,1.377635856,0,1.0758225,2.55,0,2.55,0,0,0,5,0,0,-0.053139,0.03491,3,2,0,0,0,,,,
2079,60,55,1.534390122,1.004182017,0.86024529,1.319951874,0,1.11131259,2.55,0,2.55,0,0,0,0,0,0,-0.000152,0.065171,1,2,0,0,0,,,,
2079,100,102,1.531734928,1.002444324,0.854228261,1.308451263,0,1.11753234,2.55,0,2.55,0,0,0,0,0,0,0.03491,0.018936,2,1,0,0,0,,,,
2080,3,1,1.587924215,1.039217418,0.985351125,1.564662911,4,0.99424141,2.55,0,2.55,0,0,0,4,4,0,0.034178,0.040613,3,3,4,0.25,1,,,,
2080,64,63,1.537162407,1.00599634,0.838170558,1.288404273,0,1.10483472,2.55,0,2.55,0,0,0,0,0,0,0.020489,0.0624,1,2,0,0,0,,,,
2080,70,71,1.527980386,0.999987164,0.852230097,1.302190873,0,1.14012614,2.55,0,2.55,0,0,0,0,0,0,0.043056,0.013318,2,1,0,0,0,,,,
2080,14,70,1.519236968,0.994265032,0.960489962,1.459211858,0,1.01502135,2.55,0,2.55,0,1,0,6,0,0,-0.006544,0.043056,3,2,0,0,0,,,,
2080,63,6,1.513953343,0.990807162,0.966084558,1.462606947,0,1.04073806,2.55,0,2.55,0,0,1,0,6,0,0.0624,-0.013069,2,3,0,0,0,,,,
2080,1,10,1.511629506,0.989286326,0.964934085,1.458622835,0,0.99098629,2.55,0,2.55,0,0,1,4,6,0,0.040613,0.082224,3,3,0,0,0,,,,
2080,9,3,1.506728449,0.986078828,0.968991135,1.46000651,0,1.02132323,2.55,0,2.55,0,1,0,6,4,0,0.103591,0.034178,3,3,0,0,0,,,,
2081,1,3,1.574288014,1.030293203,0.98618774,1.552543539,4,1.02269141,2.55,0,2.55,0,0,0,4,4,0,-0.011017,0.072023,3,3,4,0.25,1,,,,
2081,51,52,1.537288776,1.006079042,0.837684324,1.287762708,0,1.10435944,2.55,0,2.55,0,0,0,0,0,0,0.06277,0.018976,2,1,0,0,0,,,,
2081,10,1,1.529178395,1.000771201,0.90970097,1.391095069,0,0.92398552,2.55,0,2.55,0,0,0,0,4,0,0.01139,-0.011017,3,3,0,0,0,,,,
2081,11,10,1.518019165,0.99346804,0.864400514,1.312176547,0,1.04866324,2.55,0,2.55,0,0,0,0,0,0,0.038621,0.01139,1,3,0,0,0,,,,
2081,6,51,1.51408458,0.99089305,0.965921312,1.462486565,0,1.04030661,2.55,0,2.55,0,1,0,6,0,0,-0.012595,0.06277,3,2,0,0,0,,,,
2081,3,9,1.511838454,0.989423072,0.966176633,1.460702987,0,0.98875435,2.55,0,2.55,0,0,1,4,6,0,0.072023,0.010295,3,3,0,0,0,,,,
2082,0,2,1.462596083,1.003840826,0.903007588,1.320735362,4,0.95696636,3.04,2,2.55,0,0,0,4,4,2,-0.301132,0.209889,3,3,4,0.25,1,,,,
2082,2,22,1.535375219,1.004826714,0.700257464,1.075157958,0,1.00806234,2.55,0,2.55,0,0,0,4,0,0,0.209889,0.015475,3,3,0,0,0,,,,
2082,18,16,1.520062272,0.994805152,0.861401669,1.309384178,0,1.03817868,2.55,0,2.55,0,0,0,0,0,0,0.017934,0.078649,1,3,0,0,0,,,,
2082,22,28,1.519906314,0.994703085,0.687514312,1.044957344,0,0.95102152,2.55,0,2.55,0,0,0,0,0,0,0.015475,0.174487,3,3,0,0,0,,,,
2082,30,31,1.428621819,1.01536732,0.860914635,1.229921431,0,0.92067437,3.44,1,2.55,0,0,0,0,0,1,-0.302979,0.191056,2,1,0,0,0,,,,
2082,16,0,1.363432796,0.935780917,0.761778943,1.038634394,0,1.13399372,2.55,0,3.04,2,0,0,0,4,2,0.078649,-0.301132,3,3,0,0,0,,,,
2082,28,30,1.343089849,0.954577007,0.687476361,0.923342522,0,1.19886557,2.55,0,3.44,1,0,0,0,0,1,0.174487,-0.302979,3,2,0,0,0,,,,
2083,1,30,1.445127298,0.981077595,0.893432887,1.291124253,4,0.92716776,3.04,2,3.04,2,0,0,4,4,4,-0.25322,-0.216366,3,3,4,0.25,1,,,,
2083,3,2,1.527276711,0.999526643,0.945182865,1.443555777,0,0.96772948,2.55,0,2.55,0,0,0,0,0,0,0.1559,0.205359,3,2,0,0,0,,,,
2083,31,26,1.518948287,0.994076104,0.857783708,1.302929094,0,1.03697381,2.55,0,2.55,0,0,0,0,0,0,0.088729,0.010827,3,1,0,0,0,,,,
2083,2,1,1.447965716,0.993799393,0.838627104,1.214303296,0,1.0092981,2.55,0,3.04,2,0,0,0,4,2,0.205359,-0.25322,2,3,0,0,0,,,,
2083,7,6,1.426118513,1.01358814,0.857754224,1.223259179,0,0.92994049,2.55,0,3.44,1,0,0,0,0,1,0.194834,-0.299451,1,2,0,0,0,,,,
2083,30,31,1.372769945,0.942189393,0.73865274,1.014000281,0,1.11790758,3.04,2,2.55,0,0,0,4,0,2,-0.216366,0.088729,3,3,0,0,0,,,,
2083,6,3,1.337449237,0.950568044,0.687076924,0.918930508,0,1.19310029,3.44,1,2.55,0,0,0,0,0,1,-0.299451,0.1559,2,3,0,0,0,,,,
2084,15,25,1.538406829,1.006810752,0.6649137,1.022907777,6,1.05244111,2.55,0,2.55,0,0,0,6,6,0,0.13802,0.174492,3,2,6,0.33333333,0,,,,
2084,25,26,1.507955648,0.986881968,0.720057762,1.085815169,6,0.99685984,2.55,0,2.55,0,0,0,6,6,0,0.174492,-0.052358,2,3,6,0.33333333,0,,,,
2084,45,46,1.576930182,1.03202237,0.855673455,1.349337297,0,0.81624154,2.55,0,2.55,0,0,0,0,0,0,-0.04794,0.027565,4,4,0,0,0,,,,
2084,26,45,1.535644305,1.005002817,0.736422152,1.130882483,0,0.85350629,2.55,0,2.55,0,0,0,6,0,0,-0.052358,-0.04794,3,4,0,0,0,,,,
2084,1,15,1.522780554,0.996584132,0.956779362,1.456965007,0,1.01551646,2.55,0,2.55,0,1,0,6,6,0,-0.032392,0.13802,3,3,0,0,0,,,,
2084,5,8,1.518764051,0.993955531,0.862192702,1.309467281,0,1.07238353,2.55,0,2.55,0,0,0,0,0,0,0.056486,0.002421,1,3,0,0,0,,,,
2084,8,6,1.505978786,0.985588211,0.962127466,1.448943553,0,0.90773315,2.55,0,2.55,0,0,1,0,6,0,0.002421,0.053183,3,3,0,0,0,,,,
2085,40,41,1.864414837,1.018805922,0.914780933,1.705531144,0,0.98207163,2.58,3,2.55,0,0,0,0,5,7,-0.018886,-0.245378,2,3,0,0,0,,,,
2085,20,40,1.763455599,0.963636939,0.723855664,1.276487325,0,1.02284599,2.55,0,2.58,3,0,0,5,0,7,-0.094478,-0.018886,3,2,0,0,0,,,,
2086,39,40,1.441114897,0.97835363,0.881209447,1.269924062,4,0.959882,3.04,2,3.04,2,0,0,4,4,4,-0.160962,-0.183801,3,3,4,0.25,1,,,,
2086,12,11,1.521743913,0.995905702,0.659729287,1.003939027,0,1.07543919,2.55,0,2.55,0,0,0,0,0,0,0.235416,0.16464,2,2,0,0,0,,,,
2086,26,27,1.517088685,0.992859087,0.823577271,1.249439759,0,1.10485472,2.55,0,2.55,0,0,0,0,0,0,0.151141,0.019562,2,1,0,0,0,,,,
2086,19,18,1.509027599,0.987583507,0.841554163,1.269928459,0,1.03943181,2.55,0,2.55,0,0,0,0,0,0,0.050936,0.117178,1,3,0,0,0,,,,
2086,40,29,1.433403409,0.983804674,0.959213492,1.37493989,0,0.97381919,3.04,2,2.55,0,0,1,4,6,2,-0.183801,0.112566,3,3,0,0,0,,,,
2086,15,12,1.430306138,1.016564419,0.740946245,1.059779963,0,0.91544625,3.44,1,2.55,0,0,0,0,0,1,-0.323058,0.235416,2,2,0,0,0,,,,
2086,30,26,1.418834587,1.00841122,0.699291055,0.992178335,0,0.95039532,3.44,1,2.55,0,0,0,0,0,1,-0.316725,0.151141,2,2,0,0,0,,,,
2086,11,10,1.4103265,1.00236425,0.690690631,0.974099299,0,0.96396455,2.55,0,3.44,1,0,0,0,0,1,0.16464,-0.323981,2,2,0,0,0,,,,
2086,0,39,1.406358153,0.965242384,0.97245379,1.367618316,0,0.96054037,2.55,0,3.04,2,1,0,6,4,2,0.174851,-0.160962,3,3,0,0,0,,,,
2086,10,5,1.362400972,0.968302042,0.958964617,1.306494326,0,1.1012187,3.44,1,2.55,0,0,1,0,6,1,-0.323981,0.245471,2,3,0,0,0,,,,
2086,31,30,1.357639553,0.964917948,0.958766254,1.301658988,0,1.12647785,2.55,0,3.44,1,1,0,6,0,1,0.244468,-0.316725,3,2,0,0,0,,,,
2086,18,15,1.357212818,0.964614654,0.69348586,0.941207898,0,1.13420774,2.55,0,3.44,1,0,0,0,0,1,0.117178,-0.323058,3,2,0,0,0,,,,
2087,39,40,1.440345314,0.977831171,0.878836291,1.265827734,4,0.96135377,3.04,2,3.04,2,0,0,4,4,4,-0.181319,-0.162285,3,3,4,0.25,1,,,,
2087,12,11,1.518098637,0.99352005,0.650999588,0.988281587,0,1.0430593,2.55,0,2.55,0,0,0,0,0,0,0.229673,0.182441,2,2,0,0,0,,,,
2087,26,27,1.517345538,0.993027184,0.823701129,1.249839233,0,1.10500135,2.55,0,2.55,0,0,0,0,0,0,0.151465,0.01877,2,1,0,0,0,,,,
2087,19,18,1.508899605,0.987499741,0.844819638,1.274748018,0,1.04448666,2.55,0,2.55,0,0,0,0,0,0,0.051416,0.118381,1,3,0,0,0,,,,
2087,0,39,1.430376882,0.981727442,0.959364239,1.372252429,0,0.97875793,2.55,0,3.04,2,1,0,6,4,2,0.121678,-0.181319,3,3,0,0,0,,,,
2087,15,12,1.42952682,1.016010533,0.679409707,0.971234398,0,0.91367181,3.44,1,2.55,0,0,0,0,0,1,-0.329204,0.229673,2,2,0,0,0,,,,
2087,30,26,1.417913018,1.007756232,0.699141564,0.991321925,0,0.95209366,3.44,1,2.55,0,0,0,0,0,1,-0.316125,0.151465,2,2,0,0,0,,,,
2087,11,10,1.410632083,1.002581438,0.690699481,0.974322848,0,0.95943856,2.55,0,3.44,1,0,0,0,0,1,0.182441,-0.322359,2,2,0,0,0,,,,
2087,40,29,1.4085375,0.966738161,0.972495027,1.369795713,0,0.95836429,3.04,2,2.55,0,0,1,4,6,2,-0.162285,0.171376,3,3,0,0,0,,,,
2087,10,5,1.361809933,0.967881971,0.959126697,1.306148263,0,1.10314368,3.44,1,2.55,0,0,1,0,6,1,-0.322359,0.243158,2,3,0,0,0,,,,
2087,31,30,1.358413691,0.965468153,0.958372881,1.301866843,0,1.12522216,2.55,0,3.44,1,1,0,6,0,1,0.243672,-0.316125,3,2,0,0,0,,,,
2087,18,15,1.353163751,0.961736852,0.686195008,0.928534211,0,1.12729096,2.55,0,3.44,1,0,0,0,0,1,0.118381,-0.329204,3,2,0,0,0,,,,
2088,39,40,1.47353125,1.011346088,0.920388821,1.356221689,4,0.9968326,2.55,0,3.04,2,0,0,4,4,2,0.216653,-0.216744,3,3,4,0.25,1,,,,
2088,12,11,1.518700719,0.993914083,0.650491926,0.987902556,0,1.04380378,2.55,0,2.55,0,0,0,0,0,0,0.228394,0.181482,2,2,0,0,0,,,,
2088,26,27,1.517342772,0.993025374,0.823627309,1.249724943,0,1.10547338,2.55,0,2.55,0,0,0,0,0,0,0.151054,0.019287,2,1,0,0,0,,,,
2088,19,18,1.508851702,0.987468392,0.844707795,1.274538794,0,1.04465163,2.55,0,2.55,0,0,0,0,0,0,0.051157,0.119031,1,3,0,0,0,,,,
2088,0,39,1.508574079,0.987286701,0.96280881,1.452468414,0,1.00900474,2.55,0,2.55,0,1,0,6,4,0,0.044421,0.216653,3,3,0,0,0,,,,
2088,15,12,1.428981923,1.015623257,0.67994593,0.971630443,0,0.91468792,3.44,1,2.55,0,0,0,0,0,1,-0.329428,0.228394,2,2,0,0,0,,,,
2088,30,26,1.41805479,1.007856994,0.699073646,0.991324732,0,0.95155044,3.44,1,2.55,0,0,0,0,0,1,-0.317401,0.151054,2,2,0,0,0,,,,
2088,11,10,1.412582089,1.00396737,0.692115825,0.977670418,0,0.95335329,2.55,0,3.44,1,0,0,0,0,1,0.181482,-0.319896,2,2,0,0,0,,,,
2088,40,29,1.40741468,0.965967522,0.978040114,1.376508014,0,0.98155607,3.04,2,2.55,0,0,1,4,6,2,-0.216744,0.164967,3,3,0,0,0,,,,
2088,31,30,1.358807178,0.965747817,0.958842571,1.302882167,0,1.12384676,2.55,0,3.44,1,1,0,6,0,1,0.243699,-0.317401,3,2,0,0,0,,,,
2088,10,5,1.358574865,0.965582704,0.959579011,1.303659925,0,1.11198533,3.44,1,2.55,0,0,1,0,6,1,-0.319896,0.234543,2,3,0,0,0,,,,
2088,18,15,1.353775286,0.96217149,0.68632423,0.929128781,0,1.12537167,2.55,0,3.44,1,0,0,0,0,1,0.119031,-0.329428,3,2,0,0,0,,,,
2089,39,40,1.473826781,1.011548923,0.921690118,1.35841158,4,0.99716569,2.55,0,3.04,2,0,0,4,4,2,0.213978,-0.216032,3,3,4,0.25,1,,,,
2089,12,11,1.518337446,0.993676339,0.650670682,0.987937661,0,1.04362172,2.55,0,2.55,0,0,0,0,0,0,0.228407,0.182037,2,2,0,0,0,,,,
2089,26,27,1.517374466,0.993046116,0.823398016,1.249403125,0,1.10485639,2.55,0,2.55,0,0,0,0,0,0,0.151934,0.018282,2,1,0,0,0,,,,
2089,19,18,1.50882529,0.987451106,0.844910514,1.274822351,0,1.04444732,2.55,0,2.55,0,0,0,0,0,0,0.05091,0.119248,1,3,0,0,0,,,,
2089,0,39,1.508424473,0.987188791,0.963759761,1.45375881,0,1.00735063,2.55,0,2.55,0,1,0,6,4,0,0.04825,0.213978,3,3,0,0,0,,,,
2089,15,12,1.429291019,1.015842942,0.679389619,0.971045481,0,0.91418525,3.44,1,2.55,0,0,0,0,0,1,-0.329982,0.228407,2,2,0,0,0,,,,
2089,30,26,1.418142083,1.007919036,0.699175689,0.991530469,0,0.9512338,3.44,1,2.55,0,0,0,0,0,1,-0.317625,0.151934,2,2,0,0,0,,,,
2089,11,10,1.411928168,1.003502607,0.692043169,0.977115243,0,0.95516377,2.55,0,3.44,1,0,0,0,0,1,0.182037,-0.317917,2,2,0,0,0,,,,
2089,40,29,1.40736067,0.965930453,0.978044888,1.376461909,0,0.98109059,3.04,2,2.55,0,0,1,4,6,2,-0.216032,0.165283,3,3,0,0,0,,,,
2089,31,30,1.358541836,0.965559229,0.958887834,1.302689239,0,1.12383488,2.55,0,3.44,1,1,0,6,0,1,0.243514,-0.317625,3,2,0,0,0,,,,
2089,10,5,1.358537397,0.965556075,0.959014292,1.30285678,0,1.11284537,3.44,1,2.55,0,0,1,0,6,1,-0.317917,0.23275,2,3,0,0,0,,,,
2089,18,15,1.353777055,0.962172747,0.686109957,0.928839916,0,1.12519697,2.55,0,3.44,1,0,0,0,0,1,0.119248,-0.329982,3,2,0,0,0,,,,
2090,33,32,1.517409159,0.993068821,0.823582212,1.249711191,0,1.10529119,2.55,0,2.55,0,0,0,0,0,0,0.019747,0.150769,1,2,0,0,0,,,,
2090,50,51,1.514404777,0.991102603,0.819263653,1.24069679,0,1.10734934,2.55,0,2.55,0,0,0,0,0,0,0.174545,0.00465,2,1,0,0,0,,,,
2090,14,39,1.489978381,0.975116741,0.956588905,1.425296787,0,0.91715033,2.55,0,2.55,0,1,0,5,0,0,0.134937,0.157622,3,3,0,0,0,,,,
2090,49,50,1.444693627,1.026790069,0.691534034,0.999054812,0,0.87042621,3.44,1,2.55,0,0,0,0,0,1,-0.314343,0.174545,2,2,0,0,0,,,,
2090,32,31,1.417794134,1.007671737,0.701137294,0.994068342,0,0.95206626,2.55,0,3.44,1,0,0,0,0,1,0.150769,-0.314739,2,2,0,0,0,,,,
2090,31,0,1.358692267,0.965666146,0.962521256,1.307770187,0,1.12358618,3.44,1,2.55,0,0,1,0,6,1,-0.314739,0.250415,2,3,0,0,0,,,,
2090,39,49,1.340563263,0.952781282,0.688531768,0.923020394,0,1.19370566,2.55,0,3.44,1,0,0,0,0,1,0.157622,-0.314343,3,2,0,0,0,,,,
2091,27,26,1.517590343,0.993187397,0.823472087,1.249693287,0,1.1049735,2.55,0,2.55,0,0,0,0,0,0,0.019761,0.151747,1,2,0,0,0,,,,
2091,44,45,1.513891604,0.990766756,0.819099818,1.240028338,0,1.10863815,2.55,0,2.55,0,0,0,0,0,0,0.174382,0.005865,2,1,0,0,0,,,,
2091,14,33,1.492359503,0.976675067,0.943785273,1.40846692,0,0.90595369,2.55,0,2.55,0,1,0,5,0,0,0.138799,0.157192,3,3,0,0,0,,,,
2091,43,44,1.444712271,1.02680332,0.691598111,0.999160277,0,0.86951103,3.44,1,2.55,0,0,0,0,0,1,-0.310845,0.174382,2,2,0,0,0,,,,
2091,26,25,1.416905698,1.007040297,0.700822931,0.993000003,0,0.95409007,2.55,0,3.44,1,0,0,0,0,1,0.151747,-0.315044,2,2,0,0,0,,,,
2091,25,0,1.359423456,0.966185825,0.962140273,1.307956055,0,1.12286246,3.44,1,2.55,0,0,1,0,6,1,-0.315044,0.252707,2,3,0,0,0,,,,
2091,33,43,1.339565089,0.952071847,0.687682119,0.921194959,0,1.19747651,2.55,0,3.44,1,0,0,0,0,1,0.157192,-0.310845,3,2,0,0,0,,,,
2092,27,26,1.517662584,0.993234676,0.823584869,1.249923664,0,1.10485834,2.55,0,2.55,0,0,0,0,0,0,0.019687,0.152524,1,2,0,0,0,,,,
2092,44,45,1.514385555,0.991090023,0.819145543,1.24050627,0,1.10713044,2.55,0,2.55,0,0,0,0,0,0,0.175617,0.004953,2,1,0,0,0,,,,
2092,14,33,1.490535592,0.975481408,0.951599955,1.418382754,0,0.91161286,2.55,0,2.55,0,1,0,5,0,0,0.13933,0.155627,3,3,0,0,0,,,,
2092,43,44,1.44396812,1.026274428,0.690753462,0.997426095,0,0.87163001,3.44,1,2.55,0,0,0,0,0,1,-0.312612,0.175617,2,2,0,0,0,,,,
2092,26,25,1.416683685,1.006882506,0.70068438,0.992646759,0,0.95509914,2.55,0,3.44,1,0,0,0,0,1,0.152524,-0.315665,2,2,0,0,0,,,,
2092,25,0,1.360073008,0.966647482,0.962132923,1.308568833,0,1.12134406,3.44,1,2.55,0,0,1,0,6,1,-0.315665,0.252609,2,3,0,0,0,,,,
2092,33,43,1.340398461,0.952664152,0.687748081,0.921860846,0,1.19451319,2.55,0,3.44,1,0,0,0,0,1,0.155627,-0.312612,3,2,0,0,0,,,,
2093,11,14,1.393573934,0.95646804,0.994815925,1.386349542,5,1.10879059,3.04,2,2.55,0,1,0,5,5,2,-0.17744,0.133601,3,3,12,0.41666667,0,,,,
2093,27,26,1.517397805,0.993061391,0.823253662,1.2492033,0,1.10535522,2.55,0,2.55,0,0,0,0,0,0,0.01978,0.151553,1,2,0,0,0,,,,
2093,44,45,1.51424225,0.990996237,0.819495725,1.24091505,0,1.10734188,2.55,0,2.55,0,0,0,0,0,0,0.175076,0.005009,2,1,0,0,0,,,,
2093,14,33,1.492385036,0.976691777,0.94762796,1.414225788,0,0.90645591,2.55,0,2.55,0,0,0,5,0,0,0.133601,0.159225,3,3,0,0,0,,,,
2093,43,44,1.444914745,1.026947224,0.690811847,0.998164223,0,0.86978399,3.44,1,2.55,0,0,0,0,0,1,-0.313093,0.175076,2,2,0,0,0,,,,
2093,26,25,1.41739037,1.007384769,0.701059261,0.993674646,0,0.95262005,2.55,0,3.44,1,0,0,0,0,1,0.151553,-0.313909,2,2,0,0,0,,,,
2093,25,0,1.35872567,0.965689886,0.962342677,1.307559699,0,1.12460574,3.44,1,2.55,0,0,1,0,6,1,-0.313909,0.251124,2,3,0,0,0,,,,
2093,33,43,1.34032337,0.952610782,0.686536311,0.920180662,0,1.19560218,2.55,0,3.44,1,0,0,0,0,1,0.159225,-0.313093,3,2,0,0,0,,,,
2094,3,2,1.563577196,1.023283505,0.729092569,1.139992514,4,1.00252917,2.55,0,2.55,0,0,0,4,4,0,0.019366,-0.078669,3,3,11,0.27272727,0,,,,
2094,31,34,1.431017556,1.017070047,0.695094486,0.994692413,5,0.97656825,3.44,1,2.55,0,0,0,5,5,1,-0.398597,0.083258,2,3,5,0.4,0,,,,
2094,29,31,1.420931369,1.00990147,0.695426462,0.988153274,5,1.00662076,2.55,0,3.44,1,0,0,5,5,1,0.396131,-0.398597,3,2,5,0.4,0,,,,
2094,38,40,1.528794802,1.000520158,0.836879328,1.279416767,0,1.10883848,2.55,0,2.55,0,0,0,0,0,0,0.025108,0.016808,2,1,0,0,0,,,,
2094,34,38,1.523580785,0.997107844,0.883712693,1.346407678,0,1.05414575,2.55,0,2.55,0,0,0,5,0,0,0.083258,0.025108,3,2,0,0,0,,,,
2094,24,23,1.522847874,0.99662819,0.859591114,1.3090265,0,1.04715452,2.55,0,2.55,0,0,0,0,0,0,0.050041,0.012636,1,3,0,0,0,,,,
2094,23,6,1.516928457,0.992754226,0.744020805,1.128626332,0,0.91577282,2.55,0,2.55,0,0,0,0,7,0,0.012636,-0.131593,3,3,0,0,0,,,,
2094,2,29,1.515997543,0.992144989,0.869923618,1.318802068,0,0.99458826,2.55,0,2.55,0,0,0,4,5,0,-0.078669,0.396131,3,3,0,0,0,,,,
2094,4,3,1.506811827,0.986133394,0.775904725,1.169142417,7,0.9675412,2.55,0,2.55,0,0,0,7,4,0,-0.026176,0.019366,2,3,11,0.27272727,0,,,,
2094,6,4,1.350338659,0.883729489,0.769224175,1.038713141,7,1.85669694,2.55,0,2.55,0,0,0,7,7,0,-0.131593,-0.026176,3,2,11,0.27272727,0,,,,
2095,3,2,1.571762454,1.02864035,0.987444236,1.552027776,4,1.02483495,2.55,0,2.55,0,0,0,4,4,0,0.0114,-0.074306,3,3,11,0.27272727,1,,,,
2095,31,34,1.431560194,1.017455717,0.715229338,1.023893849,5,0.97641907,3.44,1,2.55,0,0,0,5,5,1,-0.393512,0.07815,2,3,5,0.4,0,,,,
2095,29,31,1.415056276,1.005725853,0.686480934,0.971409153,5,1.00231552,2.55,0,3.44,1,0,0,5,5,1,0.396719,-0.393512,3,2,5,0.4,0,,,,
2095,38,40,1.529560647,1.001021366,0.837060666,1.280335053,0,1.10646264,2.55,0,2.55,0,0,0,0,0,0,0.025788,0.006784,2,1,0,0,0,,,,
2095,34,38,1.525103458,0.998104357,0.89059874,1.358255218,0,1.05728191,2.55,0,2.55,0,0,0,5,0,0,0.07815,0.025788,3,2,0,0,0,,,,
2095,24,23,1.523507918,0.997060156,0.859266874,1.309099887,0,1.04469382,2.55,0,2.55,0,0,0,0,0,0,0.049899,0.010737,1,3,0,0,0,,,,
2095,2,29,1.516255867,0.992314049,0.900316034,1.365109469,0,1.00527536,2.55,0,2.55,0,0,0,4,5,0,-0.074306,0.396719,3,3,0,0,0,,,,
2095,23,6,1.515285179,0.991678782,0.744283502,1.12780176,0,0.92019493,2.55,0,2.55,0,0,0,0,7,0,0.010737,-0.132478,3,3,0,0,0,,,,
2095,4,3,1.508617043,0.987314819,0.784463641,1.183455219,7,0.98339046,2.55,0,2.55,0,0,0,7,4,0,-0.03521,0.0114,2,3,11,0.27272727,0,,,,
2095,6,4,1.350977984,0.884147895,0.765731934,1.034486984,7,1.85801248,2.55,0,2.55,0,0,0,7,7,0,-0.132478,-0.03521,3,2,11,0.27272727,0,,,,
2096,1,3,1.54671822,1.012250144,0.773573665,1.196500483,4,1.07636397,2.55,0,2.55,0,0,0,4,4,0,0.079719,0.084464,3,3,4,0.25,1,,,,
2096,18,19,1.5195573,0.994474673,0.834574712,1.268184097,0,1.1336455,2.55,0,2.55,0,0,0,0,0,0,0.180296,-0.011384,2,1,0,0,0,,,,
2096,4,1,1.517336063,0.993020983,0.957497068,1.452844831,0,0.90025532,2.55,0,2.55,0,0,0,0,4,0,0.231075,0.079719,3,3,0,0,0,,,,
2096,3,15,1.516820681,0.992683692,0.958165212,1.453364809,0,0.89540225,2.55,0,2.55,0,0,0,4,0,0,0.084464,0.230108,3,3,0,0,0,,,,
2096,9,8,1.514515444,0.991175029,0.819740378,1.241509462,0,1.10746126,2.55,0,2.55,0,0,0,0,0,0,-0.001481,0.183778,1,2,0,0,0,,,,
2096,17,18,1.441653668,1.024629472,0.809908383,1.167607391,0,0.89346633,3.44,1,2.55,0,0,0,0,0,1,-0.309673,0.180296,2,2,0,0,0,,,,
2096,8,6,1.439337593,1.022983364,0.690354241,0.993652811,0,0.88654783,2.55,0,3.44,1,0,0,0,0,1,0.183778,-0.310163,2,2,0,0,0,,,,
2096,15,17,1.342151696,0.953910232,0.689754936,0.925755758,0,1.20568578,2.55,0,3.44,1,0,0,0,0,1,0.230108,-0.309673,3,2,0,0,0,,,,
2096,6,4,1.340327805,0.952613934,0.68524302,0.918450272,0,1.2054306,3.44,1,2.55,0,0,0,0,0,1,-0.310163,0.231075,2,3,0,0,0,,,,
2097,1,3,1.547825911,1.012975073,0.770364001,1.192389363,4,1.07416431,2.55,0,2.55,0,0,0,4,4,0,0.076896,0.083623,3,3,4,0.25,1,,,,
2097,18,19,1.519588455,0.994495062,0.831582079,1.263662526,0,1.13159602,2.55,0,2.55,0,0,0,0,0,0,0.178664,-0.012506,2,1,0,0,0,,,,
2097,4,1,1.517317125,0.993008589,0.957094771,1.452216285,0,0.90287611,2.55,0,2.55,0,0,0,0,4,0,0.234111,0.076896,3,3,0,0,0,,,,
2097,3,15,1.517311104,0.993004649,0.955578626,1.449910061,0,0.89533643,2.55,0,2.55,0,0,0,4,0,0,0.083623,0.231319,3,3,0,0,0,,,,
2097,9,8,1.514768921,0.991340917,0.820229175,1.242457663,0,1.10728801,2.55,0,2.55,0,0,0,0,0,0,-0.001467,0.185563,1,2,0,0,0,,,,
2097,17,18,1.439959235,1.023425185,0.789007494,1.136138628,0,0.89526303,3.44,1,2.55,0,0,0,0,0,1,-0.312535,0.178664,2,2,0,0,0,,,,
2097,8,6,1.437411853,1.021614679,0.69033709,0.992298716,0,0.89047072,2.55,0,3.44,1,0,0,0,0,1,0.185563,-0.310299,2,2,0,0,0,,,,
2097,15,17,1.344228859,0.955386538,0.691002985,0.928866155,0,1.19817712,2.55,0,3.44,1,0,0,0,0,1,0.231319,-0.312535,3,2,0,0,0,,,,
2097,6,4,1.341844733,0.953692063,0.68529404,0.919558197,0,1.20112028,3.44,1,2.55,0,0,0,0,0,1,-0.310299,0.234111,2,3,0,0,0,,,,
2098,1,3,1.546906038,1.012373061,0.771566285,1.193540545,4,1.07568962,2.55,0,2.55,0,0,0,4,4,0,0.077424,0.083949,3,3,4,0.25,1,,,,
2098,18,19,1.519506879,0.994441675,0.833649959,1.266736848,0,1.13320848,2.55,0,2.55,0,0,0,0,0,0,0.179408,-0.011636,2,1,0,0,0,,,,
2098,4,1,1.517712346,0.993267242,0.958975686,1.455449237,0,0.9008169,2.55,0,2.55,0,0,0,0,4,0,0.23216,0.077424,3,3,0,0,0,,,,
2098,3,15,1.517364143,0.99303936,0.956931945,1.45201422,0,0.89509415,2.55,0,2.55,0,0,0,4,0,0,0.083949,0.230667,3,3,0,0,0,,,,
2098,9,8,1.514570514,0.991211069,0.81992543,1.241834881,0,1.10751736,2.55,0,2.55,0,0,0,0,0,0,-0.001642,0.184001,1,2,0,0,0,,,,
2098,17,18,1.441276195,1.02436119,0.804284966,1.159196775,0,0.89303623,3.44,1,2.55,0,0,0,0,0,1,-0.31097,0.179408,2,2,0,0,0,,,,
2098,8,6,1.438955596,1.022711867,0.690350699,0.993384001,0,0.88671044,2.55,0,3.44,1,0,0,0,0,1,0.184001,-0.3098,2,2,0,0,0,,,,
2098,15,17,1.342626399,0.954247618,0.689884309,0.926256885,0,1.20388766,2.55,0,3.44,1,0,0,0,0,1,0.230667,-0.31097,3,2,0,0,0,,,,
2098,6,4,1.340267548,0.952571107,0.685676635,0.918990143,0,1.2058682,3.44,1,2.55,0,0,0,0,0,1,-0.3098,0.23216,2,3,0,0,0,,,,
2099,1,3,1.547420057,1.012709461,0.773149765,1.196387454,4,1.07405747,2.55,0,2.55,0,0,0,4,4,0,0.080072,0.080561,3,3,4,0.25,1,,,,
2099,4,1,1.516010079,0.992153193,0.960646601,1.456349929,0,0.89611652,2.55,0,2.55,0,0,0,0,4,0,0.224038,0.080072,3,3,0,0,0,,,,
2099,3,9,1.515492624,0.991814544,0.961928929,1.457796196,0,0.8964037,2.55,0,2.55,0,0,0,4,0,0,0.080561,0.223079,3,3,0,0,0,,,,
2099,8,6,1.427516645,1.014581837,0.859224102,1.226556708,0,0.92076567,2.55,0,3.44,1,0,0,0,0,1,0.195664,-0.304816,1,2,0,0,0,,,,
2099,11,12,1.427486848,1.014560659,0.859194246,1.226488486,0,0.92071765,3.44,1,2.55,0,0,0,0,0,1,-0.30387,0.196454,2,1,0,0,0,,,,
2099,6,4,1.343593565,0.954935015,0.684322586,0.919451423,0,1.20168514,3.44,1,2.55,0,0,0,0,0,1,-0.304816,0.224038,2,3,0,0,0,,,,
2099,9,11,1.343127311,0.954603633,0.684673838,0.91960413,0,1.2034935,2.55,0,3.44,1,0,0,0,0,1,0.223079,-0.30387,3,2,0,0,0,,,,
2102,11,9,1.571724906,1.028615776,0.680189332,1.069070513,5,1.00771501,2.55,0,2.55,0,0,0,5,5,0,-0.046412,0.205785,3,3,13,0.38461538,1,,,,
2102,9,4,1.521763994,0.995918844,0.829148719,1.261768665,5,0.93648283,2.55,0,2.55,0,0,1,5,5,0,0.205785,0.075034,3,3,13,0.38461538,0,,,,
2102,13,11,1.505048895,0.984979643,0.881501627,1.326703049,5,0.94242109,2.55,0,2.55,0,0,0,5,5,0,-0.071357,-0.046412,3,3,13,0.38461538,0,,,,
2102,27,28,1.51842963,0.993736669,0.862477196,1.309610929,0,1.07299249,2.55,0,2.55,0,0,0,0,0,0,0.005933,0.051012,3,1,0,0,0,,,,
2102,19,18,1.510633519,0.988634502,0.859631418,1.298588033,0,1.0756659,2.55,0,2.55,0,0,0,0,0,0,0.069393,0.021079,1,3,0,0,0,,,,
2102,1,27,1.506514244,0.985938641,0.745712962,1.123427199,0,0.90949027,2.55,0,2.55,0,1,0,6,0,0,0.029527,0.005933,3,3,0,0,0,,,,
2102,18,13,1.488117193,0.973898687,0.762471672,1.134647204,0,0.94908644,2.55,0,2.55,0,0,0,0,5,0,0.021079,-0.071357,3,3,0,0,0,,,,
2103,11,9,1.587365201,1.038851572,0.689157096,1.093943993,5,0.97768463,2.55,0,2.55,0,1,0,5,5,0,-0.001395,0.026508,3,4,13,0.38461538,1,,,,
2103,9,4,1.529701148,1.001113317,0.820224261,1.254697994,5,0.89746774,2.55,0,2.55,0,0,1,5,5,0,0.026508,0.080982,4,3,13,0.38461538,0,,,,
2103,19,18,1.552708648,1.016170581,0.853098005,1.32461265,0,0.910023,2.55,0,2.55,0,0,0,0,0,0,0.486825,0.407841,4,4,0,0,0,,,,
2103,26,27,1.51874055,0.99394015,0.862681964,1.31019008,0,1.07284445,2.55,0,2.55,0,0,0,0,0,0,0.003963,0.0517,3,1,0,0,0,,,,
2103,1,26,1.505391524,0.985203877,0.745952535,1.122950623,0,0.90995233,2.55,0,2.55,0,1,0,6,0,0,0.034389,0.003963,3,3,0,0,0,,,,
2103,18,13,1.495761168,0.978901288,0.777496161,1.162948565,0,0.95899511,2.55,0,2.55,0,0,1,0,5,0,0.407841,-0.165117,4,3,0,0,0,,,,
2104,1,0,1.548509448,1.013422413,0.812040358,1.257406934,4,1.05588532,2.55,0,2.55,0,0,0,4,4,0,0.230465,0.230464,3,3,4,0.25,1,,,,
2104,0,35,1.500987005,0.982321338,0.970418786,1.456565038,0,1.01089994,2.55,0,2.55,0,0,1,4,6,0,0.230464,0.027145,3,3,0,0,0,,,,
2104,4,1,1.500940526,0.98229092,0.970925568,1.457300231,0,1.0108746,2.55,0,2.55,0,1,0,6,4,0,0.024994,0.230465,3,3,0,0,0,,,,
2104,29,28,1.495160567,0.978508225,0.962631419,1.439305713,0,0.93464732,2.55,0,2.55,0,1,0,6,0,0,-0.032769,0.218225,3,3,0,0,0,,,,
2104,15,9,1.494803261,0.978274386,0.962531649,1.438772668,0,0.93514964,2.55,0,2.55,0,0,1,0,6,0,0.21816,-0.032472,3,3,0,0,0,,,,
2104,26,24,1.427225913,1.014375205,0.858679161,1.225534974,0,0.92031314,3.44,1,2.55,0,0,0,0,0,1,-0.309071,0.195134,2,1,0,0,0,,,,
2104,18,17,1.427208338,1.014362714,0.858433929,1.225185382,0,0.92044691,2.55,0,3.44,1,0,0,0,0,1,0.194859,-0.308933,1,2,0,0,0,,,,
2104,17,15,1.346852746,0.957251419,0.691943494,0.931956103,0,1.20974389,3.44,1,2.55,0,0,0,0,0,1,-0.308933,0.21816,2,3,0,0,0,,,,
2104,28,26,1.346775884,0.95719679,0.691942325,0.931870873,0,1.20953683,2.55,0,3.44,1,0,0,0,0,1,0.218225,-0.309071,3,2,0,0,0,,,,
2105,1,0,1.559772649,1.020793618,0.999892851,1.559584819,4,1.03486554,2.55,0,2.55,0,0,0,4,4,0,0.214321,0.21608,3,3,4,0.25,1,,,,
2105,4,1,1.50467961,0.984737965,0.969312367,1.458489412,0,0.9992986,2.55,0,2.55,0,1,0,6,4,0,0.033298,0.214321,3,3,0,0,0,,,,
2105,0,35,1.503863633,0.984203948,0.969328907,1.457752621,0,1.00564674,2.55,0,2.55,0,0,1,4,6,0,0.21608,0.036422,3,3,0,0,0,,,,
2105,29,28,1.494656803,0.978178536,0.962504322,1.438616215,0,0.93565914,2.55,0,2.55,0,1,0,6,0,0,-0.03088,0.217718,3,3,0,0,0,,,,
2105,15,9,1.494430144,0.978030199,0.962611224,1.438546865,0,0.9359761,2.55,0,2.55,0,0,1,0,6,0,0.217858,-0.030758,3,3,0,0,0,,,,
2105,18,17,1.426954845,1.014182548,0.858583137,1.225155016,0,0.92104504,2.55,0,3.44,1,0,0,0,0,1,0.195105,-0.308818,1,2,0,0,0,,,,
2105,26,24,1.426926257,1.014162229,0.858150928,1.224512451,0,0.92133921,3.44,1,2.55,0,0,0,0,0,1,-0.310314,0.195633,2,1,0,0,0,,,,
2105,28,26,1.347618334,0.957795547,0.691919243,0.932455825,0,1.20685456,2.55,0,3.44,1,0,0,0,0,1,0.217718,-0.310314,3,2,0,0,0,,,,
2105,17,15,1.347047416,0.957389777,0.692344531,0.932624312,0,1.2090333,3.44,1,2.55,0,0,0,0,0,1,-0.308818,0.217858,2,3,0,0,0,,,,
2106,1,0,1.565246083,1.024375708,0.991060931,1.551359104,4,0.97197401,2.55,0,2.55,0,0,0,4,4,0,-0.033312,-0.039866,4,4,4,0.25,1,,,,
2106,4,1,1.546927726,1.012387255,0.882237026,1.364695288,0,1.03151898,2.55,0,2.55,0,0,0,0,4,0,0.039293,-0.033312,2,4,0,0,0,,,,
2106,7,8,1.534158071,1.004030151,0.838219742,1.286147931,0,1.1039874,2.55,0,2.55,0,0,0,0,0,0,0.079561,-0.000847,2,1,0,0,0,,,,
2106,5,4,1.53158112,1.002343665,0.848190932,1.29933363,0,1.10816434,2.55,0,2.55,0,0,0,0,0,0,0.02863,0.039293,1,2,0,0,0,,,,
2106,0,7,1.531229655,1.002113648,0.736633384,1.127850909,0,1.06779568,2.55,0,2.55,0,0,0,4,0,0,-0.039866,0.079561,4,2,0,0,0,,,,
2107,1,0,1.567685197,1.025971988,0.952002219,1.492395376,4,0.94905674,2.55,0,2.55,0,0,0,4,4,0,-0.09723,0.340697,4,4,12,0.41666667,1,,,,
2107,8,7,1.523452555,0.997023923,0.825742045,1.257987037,0,0.91921337,2.55,0,2.55,0,0,0,0,6,0,0.198866,-0.045103,3,3,0,0,0,,,,
2107,0,23,1.518966081,0.994087749,0.968250068,1.470821522,0,0.96117877,2.55,0,2.55,0,0,1,4,6,0,0.340697,-0.017598,4,3,0,0,0,,,,
2107,21,32,1.460387697,0.95575111,0.917579409,1.340015359,0,0.95345543,2.55,0,2.55,0,0,0,0,0,0,0.227072,-0.036109,2,2,0,0,0,,,,
2107,35,36,1.459226457,0.954991137,0.999998324,1.459229359,0,1.11630185,2.55,0,2.55,0,0,0,0,0,0,-0.22648,0.069433,2,1,0,0,0,,,,
2107,11,10,1.427611321,1.014649127,0.85897903,1.226297918,0,0.92544766,2.55,0,3.44,1,0,0,0,0,1,0.195035,-0.309886,1,2,0,0,0,,,,
2107,17,21,1.422661162,1.01113089,0.709293591,1.009083702,0,0.9789656,3.44,1,2.55,0,0,0,0,0,1,-0.299489,0.227072,2,2,0,0,0,,,,
2107,18,17,1.356032749,0.963775941,0.957023875,1.297762269,0,1.13333273,2.55,0,3.44,1,1,0,6,0,1,0.232084,-0.299489,3,2,0,0,0,,,,
2107,10,8,1.349269775,0.958969279,0.688550999,0.929057241,0,1.18397337,3.44,1,2.55,0,0,0,0,0,1,-0.309886,0.198866,2,3,0,0,0,,,,
2107,32,35,1.21191707,0.793139444,0.999953579,1.211858057,0,2.62076648,2.55,0,2.55,0,0,0,0,0,0,-0.036109,-0.22648,2,2,0,0,0,,,,
2108,1,0,1.568088447,1.026235895,0.952023417,1.492922246,4,0.95119712,2.55,0,2.55,0,0,0,4,4,0,-0.100383,0.321058,4,4,12,0.41666667,1,,,,
2108,0,20,1.539613251,1.007600295,0.963573477,1.483511944,0,0.92359176,2.55,0,2.55,0,0,1,4,6,0,0.321058,-0.011256,4,3,0,0,0,,,,
2108,8,7,1.523253623,0.996893732,0.819192347,1.247888497,0,0.9188661,2.55,0,2.55,0,0,0,0,6,0,0.199043,-0.042122,3,3,0,0,0,,,,
2108,51,53,1.49181246,0.976317055,0.757688531,1.130373473,0,0.94311035,2.55,0,2.55,0,0,0,0,0,0,-0.131274,0.245212,2,3,0,0,0,,,,
2108,17,50,1.461102416,0.956218859,0.975984118,1.426076552,0,1.03662944,2.55,0,2.55,0,1,0,6,0,0,0.078948,-0.052217,3,2,0,0,0,,,,
2108,11,10,1.42792243,1.014870242,0.859086631,1.226725973,0,0.9246865,2.55,0,3.44,1,0,0,0,0,1,0.194592,-0.310811,1,2,0,0,0,,,,
2108,55,56,1.419774049,1.009078926,0.884849994,1.256274793,0,0.94561857,3.44,1,2.55,0,0,0,0,0,1,-0.295085,0.171612,2,1,0,0,0,,,,
2108,53,55,1.353921563,0.962275454,0.998976127,1.352518461,0,1.13105581,2.55,0,3.44,1,0,0,0,0,1,0.245212,-0.295085,3,2,0,0,0,,,,
2108,50,51,1.351002118,0.88416369,0.776515037,1.04906619,0,1.76609763,2.55,0,2.55,0,0,0,0,0,0,-0.052217,-0.131274,2,2,0,0,0,,,,
2108,10,8,1.349146316,0.958881533,0.68720345,0.92712759,0,1.18500083,3.44,1,2.55,0,0,0,0,0,1,-0.310811,0.199043,2,3,0,0,0,,,,
2109,1,0,1.568086654,1.026234721,0.954699288,1.497073569,4,0.95267401,2.55,0,2.55,0,0,0,4,4,0,-0.099466,0.318206,4,4,12,0.41666667,1,,,,
2109,0,20,1.538550521,1.006904791,0.968917547,1.490750389,0,0.93333308,2.55,0,2.55,0,0,0,4,6,0,0.318206,-0.00865,4,3,0,0,0,,,,
2109,8,7,1.523394497,0.996985927,0.821028625,1.250742731,0,0.91921134,2.55,0,2.55,0,0,0,0,6,0,0.199092,-0.042789,3,3,0,0,0,,,,
2109,47,49,1.491647109,0.976208841,0.759894224,1.133461965,0,0.96033878,2.55,0,2.55,0,0,0,0,0,0,-0.196766,0.250154,2,3,0,0,0,,,,
2109,17,46,1.459358484,0.955077542,0.975982852,1.424318816,0,1.07749695,2.55,0,2.55,0,0,0,6,0,0,-0.01175,0.034872,3,2,0,0,0,,,,
2109,11,10,1.428095874,1.014993514,0.858724857,1.226334514,0,0.92457296,2.55,0,3.44,1,0,0,0,0,1,0.194768,-0.311248,1,2,0,0,0,,,,
2109,51,52,1.418577978,1.00822884,0.885432916,1.256059564,0,0.94941049,3.44,1,2.55,0,0,0,0,0,1,-0.297397,0.171166,2,1,0,0,0,,,,
2109,49,51,1.356958177,0.964433672,0.998906869,1.355478979,0,1.12362096,2.55,0,3.44,1,0,0,0,0,1,0.250154,-0.297397,3,2,0,0,0,,,,
2109,46,47,1.356453881,0.887731598,0.773823834,1.049650779,0,1.69555862,2.55,0,2.55,0,0,0,0,0,0,0.034872,-0.196766,2,2,0,0,0,,,,
2109,10,8,1.349603758,0.959206651,0.687601885,0.927993229,0,1.18329757,3.44,1,2.55,0,0,0,0,0,1,-0.311248,0.199092,2,3,0,0,0,,,,
2110,14,19,1.593813556,1.043071699,0.990896328,1.579341575,4,0.95066864,2.55,0,2.55,0,0,0,4,4,0,-0.055513,0.219725,4,4,22,0.36363636,1,,,,
2110,54,55,1.530066005,1.001352097,0.712643369,1.090389721,0,0.94863997,2.55,0,2.55,0,0,0,0,0,0,0.207773,0.129567,2,3,0,0,0,,,,
2110,59,60,1.514038165,0.990862673,0.819360449,1.240551954,0,1.10690205,2.55,0,2.55,0,0,0,0,0,0,0.17245,-0.001307,2,1,0,0,0,,,,
2110,22,23,1.512750034,0.990019656,0.848658051,1.283801871,0,1.03837529,2.55,0,2.55,0,0,0,0,0,0,0.049385,0.127204,1,3,0,0,0,,,,
2110,24,1,1.44779883,1.028997036,0.732014779,1.059810122,0,0.8672616,3.44,1,2.55,0,0,0,0,6,1,-0.310143,0.174936,2,3,0,0,0,,,,
2110,58,59,1.443844037,1.026186238,0.691085934,0.997842741,0,0.8823543,3.44,1,2.55,0,0,0,0,0,1,-0.31574,0.17245,2,2,0,0,0,,,,
2110,31,54,1.443239156,0.990555358,0.981911751,1.417140943,0,1.00927848,3.04,2,2.55,0,0,0,6,0,2,-0.254727,0.207773,3,2,0,0,0,,,,
2110,23,24,1.347697232,0.957851622,0.694440317,0.935903874,0,1.1618369,2.55,0,3.44,1,0,0,0,0,1,0.127204,-0.310143,3,2,0,0,0,,,,
2110,55,58,1.33994364,0.952340895,0.679731601,0.910813919,0,1.1807075,2.55,0,3.44,1,0,0,0,0,1,0.129567,-0.31574,3,2,0,0,0,,,,
2111,3,4,1.572707461,1.02925881,0.841756545,1.323890324,5,0.99350595,2.55,0,2.55,0,0,0,5,5,0,-0.044072,-0.224546,3,4,8,0.375,1,,,,
2111,10,3,1.514807764,0.991366337,0.741427591,1.123126536,5,0.91247317,2.55,0,2.55,0,0,0,5,5,0,0.209208,-0.044072,3,3,8,0.375,0,,,,
2111,9,10,1.406127908,0.965084357,0.711128566,0.999918283,5,1.03967753,3.04,2,2.55,0,0,0,5,5,2,-0.26287,0.209208,3,3,8,0.375,0,,,,
2111,4,54,1.521666162,0.995854818,0.69125699,1.051927012,0,1.06279713,2.55,0,2.55,0,0,0,5,0,0,-0.224546,0.363846,4,2,0,0,0,,,,
2111,29,28,1.518469007,0.993762439,0.861187022,1.307672909,0,1.07151788,2.55,0,2.55,0,0,0,0,0,0,0.049586,0.009704,1,3,0,0,0,,,,
2111,58,59,1.508968282,0.987544687,0.843850394,1.273334825,0,1.04148134,2.55,0,2.55,0,0,0,0,0,0,0.123664,0.054998,3,1,0,0,0,,,,
2111,28,23,1.506815182,0.98613559,0.745345355,1.123094083,0,0.9089655,2.55,0,2.55,0,0,1,0,6,0,0.009704,0.00846,3,3,0,0,0,,,,
2111,54,55,1.435284094,1.020102412,0.811879208,1.165254886,0,0.92567498,2.55,0,3.44,1,0,0,0,0,1,0.363846,-0.320333,2,2,0,0,0,,,,
2111,16,9,1.429434289,0.9810805,0.796898372,1.139121414,0,0.89341719,2.55,0,3.04,2,1,0,6,5,2,0.17703,-0.26287,3,3,0,0,0,,,,
2111,55,58,1.351797502,0.960765815,0.691478845,0.93475071,0,1.13909942,3.44,1,2.55,0,0,0,0,0,1,-0.320333,0.123664,2,3,0,0,0,,,,
2112,0,1,1.553090315,1.016420363,0.768068814,1.192877077,4,0.99642598,2.55,0,2.55,0,0,0,4,4,0,-0.096979,0.266223,3,3,8,0.375,1,,,,
2112,6,8,1.434752192,1.019724373,0.669604699,0.960687168,6,0.96163482,3.44,1,2.55,0,0,0,6,6,1,-0.355902,0.093123,2,3,8,0.375,0,,,,
2112,1,6,1.404002846,0.997869827,0.697841937,0.979794397,6,1.06792385,2.55,0,3.44,1,0,0,4,6,1,0.266223,-0.355902,3,2,8,0.375,0,,,,
2112,22,24,1.538267045,1.00671927,0.858259546,1.320234235,0,1.09022691,2.55,0,2.55,0,0,0,0,0,0,0.059991,0.009702,2,2,0,0,0,,,,
2112,24,27,1.531525121,1.002307016,0.84587934,1.295475266,0,1.11065768,2.55,0,2.55,0,0,0,0,0,0,0.009702,0.010499,2,1,0,0,0,,,,
2112,15,3,1.530331284,1.001525709,0.837748162,1.282021755,0,1.10912215,2.55,0,2.55,0,0,0,0,0,0,0.013951,0.061648,1,2,0,0,0,,,,
2112,8,22,1.526897947,0.999278761,0.876436822,1.338236848,0,1.05801593,2.55,0,2.55,0,0,0,6,0,0,0.093123,0.059991,3,2,0,0,0,,,,
2112,3,0,1.525268159,0.998212146,0.861670073,1.314190083,0,1.03771688,2.55,0,2.55,0,0,0,0,4,0,0.061648,-0.096979,2,3,0,0,0,,,,
2113,0,1,1.626043281,1.064164451,0.818840275,1.331562031,5,0.89768763,2.55,0,2.55,0,0,0,5,5,0,-0.288887,0.052338,4,4,8,0.375,1,,,,
2113,6,0,1.541192639,1.008633926,0.749424494,1.155000953,5,0.82989386,2.55,0,2.55,0,0,0,5,5,0,0.255858,-0.288887,3,4,8,0.375,0,,,,
2113,8,6,1.389667584,0.953786948,0.70246597,0.976177117,5,1.06787996,3.04,2,2.55,0,0,0,5,5,2,-0.29188,0.255858,3,3,8,0.375,0,,,,
2113,16,15,1.526467194,0.998996855,0.669955442,1.022657818,0,1.08026828,2.55,0,2.55,0,0,0,0,0,0,0.212297,0.168329,2,2,0,0,0,,,,
2113,25,27,1.513961611,0.990812573,0.869465746,1.316352217,0,1.0251892,2.55,0,2.55,0,0,0,0,0,0,0.130934,-0.016297,3,1,0,0,0,,,,
2113,1,14,1.513638258,0.990600954,0.680464097,1.029992503,0,1.03855133,2.55,0,2.55,0,0,0,5,0,0,0.052338,0.312276,4,2,0,0,0,,,,
2113,19,18,1.507465643,0.986561285,0.84410492,1.272435215,0,1.04658114,2.55,0,2.55,0,0,0,0,0,0,0.050568,0.121409,1,3,0,0,0,,,,
2113,15,8,1.459206054,1.001514107,0.825388578,1.204426151,0,0.90149508,2.55,0,3.04,2,0,0,0,5,2,0.168329,-0.29188,2,3,0,0,0,,,,
2113,17,16,1.426506804,1.013864111,0.674015118,0.961484737,0,0.93255974,3.44,1,2.55,0,0,0,0,0,1,-0.329386,0.212297,2,2,0,0,0,,,,
2113,14,24,1.416276514,1.006593116,0.710606148,1.006424867,0,0.99834305,2.55,0,3.44,1,0,0,0,0,1,0.312276,-0.297124,2,2,0,0,0,,,,
2113,24,25,1.368703387,0.97278137,0.998087278,1.365971966,0,1.07325606,3.44,1,2.55,0,0,0,0,0,1,-0.297124,0.130934,2,3,0,0,0,,,,
2113,18,17,1.357701749,0.964962153,0.686333729,0.93183101,0,1.10787642,2.55,0,3.44,1,0,0,0,0,1,0.121409,-0.329386,3,2,0,0,0,,,,
2114,21,18,1.609586567,1.05339435,0.906120585,1.458480453,6,0.9539794,2.55,0,2.55,0,0,0,5,6,0,-0.343529,0.050411,4,4,6,0.16666667,1,,,,
2114,18,32,1.57208959,1.028854444,0.696017817,1.09421659,0,0.98292281,2.55,0,2.55,0,0,0,6,0,0,0.050411,0.112012,4,3,0,0,0,,,,
2114,27,21,1.544387591,1.010724863,0.846889931,1.307890195,0,1.01633255,2.55,0,2.55,0,0,0,0,5,0,0.127217,-0.343529,1,4,0,0,0,,,,
2114,40,41,1.517435677,0.993086176,0.822745953,1.248444637,0,1.11515351,2.55,0,2.55,0,0,0,0,0,0,0.178082,0.001873,2,1,0,0,0,,,,
2114,39,40,1.427938284,1.01488151,0.706611454,1.009007485,0,0.92940092,3.44,1,2.55,0,0,0,0,0,1,-0.393975,0.178082,2,2,0,0,0,,,,
2114,32,39,1.404626448,0.998313041,0.696317757,0.97810631,0,1.00893443,2.55,0,3.44,1,0,0,0,0,1,0.112012,-0.393975,3,2,0,0,0,,,,
2115,16,19,1.624521523,1.063168536,0.895693601,1.454988604,6,0.95235087,2.55,0,2.55,0,0,0,6,5,0,0.03412,-0.341364,4,4,9,0.22222222,1,,,,
2115,19,24,1.567511692,1.025858437,0.721593079,1.131084796,5,0.93844542,2.55,0,2.55,0,0,0,5,5,0,-0.341364,0.442872,4,3,9,0.22222222,0,,,,
2115,30,16,1.575877923,1.031333719,0.694646464,1.094685834,0,0.98887086,2.55,0,2.55,0,0,0,0,6,0,0.128707,0.03412,3,4,0,0,0,,,,
2115,36,35,1.522957597,0.996699998,0.86230217,1.313243104,0,1.10907874,2.55,0,2.55,0,0,0,0,0,0,-0.055757,0.203183,1,2,0,0,0,,,,
2115,47,48,1.504937059,0.984906452,0.838812309,1.262355815,0,1.04725971,2.55,0,2.55,0,0,0,0,0,0,0.141047,0.050169,3,1,0,0,0,,,,
2115,35,34,1.434480459,1.019531243,0.948101152,1.359967393,0,0.94012813,2.55,0,3.44,1,0,0,0,0,1,0.203183,-0.399889,2,2,0,0,0,,,,
2115,24,28,1.412386095,1.00382807,0.723492576,1.021899284,0,0.99861903,2.55,0,3.44,1,0,0,5,0,1,0.442872,-0.30276,3,2,0,0,0,,,,
2115,34,30,1.403146531,0.997261216,0.700368592,0.982697592,0,1.01925815,3.44,1,2.55,0,0,0,0,0,1,-0.399889,0.128707,2,3,0,0,0,,,,
2115,28,47,1.367781606,0.97212623,0.693524724,0.948581079,0,1.06412052,3.44,1,2.55,0,0,0,0,0,1,-0.30276,0.141047,2,3,0,0,0,,,,
2116,0,1,1.585798232,1.037826068,0.828515079,1.313861621,5,0.98458228,2.55,0,2.55,0,0,0,5,5,0,-0.038138,0.002641,3,4,8,0.375,1,,,,
2116,6,0,1.519037353,0.994134393,0.753456145,1.144522675,5,0.91117782,2.55,0,2.55,0,0,0,5,5,0,0.199841,-0.038138,3,3,8,0.375,0,,,,
2116,8,6,1.40028762,0.961075923,0.70782144,0.991185716,5,1.0435161,3.04,2,2.55,0,0,0,5,5,2,-0.303356,0.199841,3,3,8,0.375,0,,,,
2116,16,15,1.538010546,1.006551404,0.67671221,1.040776945,0,1.05686842,2.55,0,2.55,0,0,0,0,0,0,0.096235,0.219488,3,2,0,0,0,,,,
2116,24,25,1.536111036,1.00530827,0.702224781,1.078689781,0,1.07253779,2.55,0,2.55,0,0,0,0,0,0,0.123459,0.147421,2,2,0,0,0,,,,
2116,1,14,1.522071494,0.996120088,0.716770615,1.090996834,0,1.04524425,2.55,0,2.55,0,0,0,5,0,0,0.002641,0.261036,4,2,0,0,0,,,,
2116,19,18,1.518396986,0.993715305,0.827025104,1.255746916,0,1.11049844,2.55,0,2.55,0,0,0,0,0,0,0.003774,0.184458,1,2,0,0,0,,,,
2116,23,24,1.455949233,0.999278814,0.830658643,1.209406195,0,1.05723685,3.04,2,2.55,0,0,0,0,0,2,-0.262623,0.123459,2,2,0,0,0,,,,
2116,25,36,1.455498451,0.998969424,0.698038607,1.01600713,0,1.01433235,2.55,0,3.04,2,0,0,0,0,2,0.147421,-0.368139,2,3,0,0,0,,,,
2116,15,8,1.455024207,0.998643931,0.811013678,1.180037774,0,0.90741944,2.55,0,3.04,2,0,0,0,5,2,0.219488,-0.303356,2,3,0,0,0,,,,
2116,36,43,1.450176716,0.995316895,0.832147752,1.206771657,0,1.03091027,3.04,2,2.55,0,0,0,0,0,2,-0.368139,0.133676,3,1,0,0,0,,,,
2116,14,23,1.44912754,0.994596801,0.814728526,1.180646709,0,1.09000512,2.55,0,3.04,2,0,0,0,0,2,0.261036,-0.262623,2,2,0,0,0,,,,
2116,17,16,1.417073289,1.00715941,0.669107956,0.94816736,0,0.98896295,3.44,1,2.55,0,0,0,0,0,1,-0.397792,0.096235,2,3,0,0,0,,,,
2116,18,17,1.412783717,1.004110673,0.681766197,0.963202986,0,0.98206303,2.55,0,3.44,1,0,0,0,0,1,0.184458,-0.397792,2,2,0,0,0,,,,
2117,17,20,1.619676762,1.059997881,0.916522518,1.484493857,6,0.96303949,2.55,0,2.55,0,0,0,6,5,0,0.060185,-0.297373,4,4,9,0.22222222,1,,,,
2117,20,25,1.569692509,1.027285673,0.998112111,1.566724423,5,0.94217546,2.55,0,2.55,0,0,0,5,5,0,-0.297373,0.4349,4,3,9,0.22222222,0,,,,
2117,31,17,1.572319024,1.029004597,0.707195543,1.111956152,0,0.97929256,2.55,0,2.55,0,0,0,0,6,0,0.120981,0.060185,3,4,0,0,0,,,,
2117,37,36,1.517759827,0.993298316,0.82384142,1.250391892,0,1.11485576,2.55,0,2.55,0,0,0,0,0,0,0.002856,0.181475,1,2,0,0,0,,,,
2117,49,50,1.50590823,0.985542036,0.839201989,1.263763853,0,1.04775076,2.55,0,2.55,0,0,0,0,0,0,0.146159,0.040974,3,1,0,0,0,,,,
2117,36,35,1.426662728,1.013974931,0.710162614,1.013158873,0,0.93031766,2.55,0,3.44,1,0,0,0,0,1,0.181475,-0.393305,2,2,0,0,0,,,,
2117,25,29,1.4116517,1.003306112,0.717064798,1.012250076,0,0.9773539,2.55,0,3.44,1,0,0,5,0,1,0.4349,-0.318572,3,2,0,0,0,,,,
2117,35,31,1.404040047,0.997896267,0.703375131,0.987557488,0,1.00426675,3.44,1,2.55,0,0,0,0,0,1,-0.393305,0.120981,2,3,0,0,0,,,,
2117,29,49,1.373424956,0.97613714,0.690399537,0.948206367,0,1.04459319,3.44,1,2.55,0,0,0,0,0,1,-0.318572,0.146159,2,3,0,0,0,,,,
2118,0,1,1.584942166,1.037265815,0.832723902,1.319882073,5,0.99886099,2.55,0,2.55,0,0,0,5,5,0,0.123653,0.023262,3,4,8,0.375,1,,,,
2118,6,0,1.516869505,0.992715645,0.759742216,1.152475317,5,0.90346905,2.55,0,2.55,0,0,0,5,5,0,0.198562,0.123653,3,3,8,0.375,0,,,,
2118,8,6,1.397175413,0.958939885,0.70665782,0.987353836,5,1.05299356,3.04,2,2.55,0,0,0,5,5,2,-0.307506,0.198562,3,3,8,0.375,0,,,,
2118,16,15,1.526051094,0.998724538,0.671046005,1.024059126,0,1.0822868,2.55,0,2.55,0,0,0,0,0,0,0.210122,0.173544,2,2,0,0,0,,,,
2118,25,27,1.515829968,0.992035319,0.870433724,1.319505983,0,1.0226507,2.55,0,2.55,0,0,0,0,0,0,0.131529,-0.016171,3,1,0,0,0,,,,
2118,1,14,1.511017742,0.988885957,0.683859668,1.03335081,0,1.0317834,2.55,0,2.55,0,0,0,5,0,0,0.023262,0.298077,4,2,0,0,0,,,,
2118,19,18,1.508189565,0.987035056,0.844608651,1.273830606,0,1.04570199,2.55,0,2.55,0,0,0,0,0,0,0.050297,0.121206,1,3,0,0,0,,,,
2118,15,8,1.455354275,0.99887047,0.823525281,1.198523902,0,0.90896989,2.55,0,3.04,2,0,0,0,5,2,0.173544,-0.307506,2,3,0,0,0,,,,
2118,17,16,1.428409426,1.015216365,0.677156456,0.967258196,0,0.92734512,3.44,1,2.55,0,0,0,0,0,1,-0.326732,0.210122,2,2,0,0,0,,,,
2118,14,24,1.41814165,1.007918728,0.716209544,1.015695423,0,0.99321093,2.55,0,3.44,1,0,0,0,0,1,0.298077,-0.290813,2,2,0,0,0,,,,
2118,24,25,1.364089729,0.969502295,0.998099546,1.361343542,0,1.0897141,3.44,1,2.55,0,0,0,0,0,1,-0.290813,0.131529,2,3,0,0,0,,,,
2118,18,17,1.354861334,0.962943379,0.686296918,0.929834813,0,1.11889644,2.55,0,3.44,1,0,0,0,0,1,0.121206,-0.326732,3,2,0,0,0,,,,
2119,0,1,1.588835722,1.039813954,0.937988807,1.490240729,5,0.96801645,2.55,0,2.55,0,0,0,5,5,0,0.097069,-0.04876,3,4,8,0.375,1,,,,
2119,6,0,1.523636952,0.997144602,0.758186948,1.155170038,5,0.91813748,2.55,0,2.55,0,0,0,5,5,0,0.185632,0.097069,3,3,8,0.375,0,,,,
2119,8,6,1.393015847,0.956085001,0.709340315,0.988126269,5,1.07604599,3.04,2,2.55,0,0,0,5,5,2,-0.267634,0.185632,3,3,8,0.375,0,,,,
2119,16,15,1.525931346,0.998646169,0.672056008,1.025502732,0,1.08148119,2.55,0,2.55,0,0,0,0,0,0,0.211513,0.168052,2,2,0,0,0,,,,
2119,1,14,1.516283129,0.99233189,0.694873035,1.053626118,0,1.03596036,2.55,0,2.55,0,0,0,5,0,0,-0.04876,0.331154,4,2,0,0,0,,,,
2119,25,27,1.514747775,0.991327078,0.87038787,1.318394988,0,1.02387963,2.55,0,2.55,0,0,0,0,0,0,0.131229,-0.018424,3,1,0,0,0,,,,
2119,19,18,1.507870519,0.986826256,0.844411724,1.27325032,0,1.04586578,2.55,0,2.55,0,0,0,0,0,0,0.049988,0.121074,1,3,0,0,0,,,,
2119,15,8,1.45664156,0.999753987,0.842965579,1.227882145,0,0.90850778,2.55,0,3.04,2,0,0,0,5,2,0.168052,-0.267634,2,3,0,0,0,,,,
2119,17,16,1.427983938,1.014913958,0.677095336,0.966894173,0,0.92815784,3.44,1,2.55,0,0,0,0,0,1,-0.326658,0.211513,2,2,0,0,0,,,,
2119,14,24,1.418497632,1.008171736,0.71311783,1.011579907,0,0.99318509,2.55,0,3.44,1,0,0,0,0,1,0.331154,-0.293828,2,2,0,0,0,,,,
2119,24,25,1.366030994,0.970882014,0.997453576,1.362695977,0,1.08308546,3.44,1,2.55,0,0,0,0,0,1,-0.293828,0.131229,2,3,0,0,0,,,,
2119,18,17,1.355512058,0.963405869,0.686460074,0.93051979,0,1.11686042,2.55,0,3.44,1,0,0,0,0,1,0.121074,-0.326658,3,2,0,0,0,,,,
2120,17,20,1.508307408,1.035214418,0.938086839,1.414998591,6,0.91960973,2.55,0,3.04,2,0,0,6,5,2,0.026974,-0.195757,4,3,9,0.33333333,1,,,,
2120,24,25,1.409265949,0.967238126,0.71640276,1.009576486,5,1.02836483,2.55,0,3.04,2,0,0,5,5,2,0.289804,-0.294887,3,3,9,0.33333333,0,,,,
2120,20,24,1.392873181,0.955987084,0.736712794,1.02616525,5,1.05625462,3.04,2,2.55,0,0,0,5,5,2,-0.195757,0.289804,3,3,9,0.33333333,0,,,,
2120,28,17,1.529804121,1.001180707,0.659546546,1.008996347,0,1.06943199,2.55,0,2.55,0,0,0,0,6,0,0.306874,0.026974,2,4,0,0,0,,,,
2120,42,43,1.528038653,1.000025296,0.852115854,1.302051983,0,1.13986813,2.55,0,2.55,0,0,0,0,0,0,0.042073,0.010723,2,1,0,0,0,,,,
2120,39,42,1.519241274,0.99426785,0.960066149,1.458556625,0,1.01519714,2.55,0,2.55,0,1,0,6,0,0,0.008012,0.042073,3,2,0,0,0,,,,
2120,31,30,1.508901277,0.987500836,0.843679912,1.273029239,0,1.04916085,2.55,0,2.55,0,0,0,0,0,0,0.061178,0.11838,1,3,0,0,0,,,,
2120,29,28,1.432599151,1.018194137,0.682245719,0.977377911,0,0.88880502,3.44,1,2.55,0,0,0,0,0,1,-0.33962,0.306874,2,2,0,0,0,,,,
2120,25,36,1.428280992,0.980288944,0.974263768,1.391504963,0,0.90782418,3.04,2,2.55,0,0,1,5,6,2,-0.294887,0.16602,3,3,0,0,0,,,,
2120,30,29,1.356910104,0.964399505,0.685314718,0.92987986,0,1.0961051,2.55,0,3.44,1,0,0,0,0,1,0.11838,-0.33962,3,2,0,0,0,,,,
2121,20,19,1.594001377,1.043194618,0.884953382,1.410670028,6,1.03540389,2.55,0,2.55,0,1,0,5,6,0,-0.011438,0.05095,3,4,9,0.33333333,1,,,,
2121,71,72,1.550481497,1.014713022,0.686524453,1.064475963,0,1.03750964,2.55,0,2.55,0,0,0,0,0,0,-0.289878,0.058175,4,2,0,0,0,,,,
2121,53,40,1.549272956,1.013922092,0.687513609,1.065105576,0,1.04151928,2.55,0,2.55,0,0,0,0,0,0,0.060907,-0.280831,2,4,0,0,0,,,,
2121,40,39,1.537715035,1.006358007,0.675869851,1.039308047,0,0.9077482,2.55,0,2.55,0,0,0,0,0,0,-0.280831,0.233587,4,3,0,0,0,,,,
2121,70,71,1.536283986,1.005421457,0.670101875,1.029457741,0,0.9026999,2.55,0,2.55,0,0,0,0,0,0,0.254733,-0.289878,3,4,0,0,0,,,,
2121,56,53,1.530570309,1.00168214,0.847211656,1.296733498,0,1.10935843,2.55,0,2.55,0,0,0,0,0,0,0.020841,0.060907,1,2,0,0,0,,,,
2121,72,74,1.530364413,1.001547391,0.846666764,1.295739005,0,1.11059811,2.55,0,2.55,0,0,0,0,0,0,0.058175,0.021367,2,1,0,0,0,,,,
2121,33,32,1.525662077,0.998469946,0.672622785,1.026206148,0,1.08354618,2.55,0,2.55,0,0,0,0,0,0,0.21543,0.177511,2,2,0,0,0,,,,
2121,19,31,1.459728786,0.955319886,0.913647418,1.333638483,0,0.86223364,2.55,0,2.55,0,0,0,6,0,0,0.05095,0.057583,4,2,0,0,0,,,,
2121,32,28,1.453577834,0.997651225,0.841476391,1.223185911,0,0.91343694,2.55,0,3.04,2,0,1,0,5,2,0.177511,-0.294801,2,3,0,0,0,,,,
2121,42,43,1.4304624,0.936166492,0.930743217,1.331413551,0,0.92267622,2.55,0,2.55,0,0,1,0,6,0,-0.086991,-0.084959,2,3,0,0,0,,,,
2121,36,33,1.429373321,1.015901436,0.679378493,0.971080164,0,0.91750236,3.44,1,2.55,0,0,0,0,0,1,-0.326322,0.21543,2,2,0,0,0,,,,
2121,44,69,1.383594633,0.983365056,0.772263832,1.068534901,0,1.02369207,2.55,0,3.44,1,1,0,6,0,1,0.211917,-0.284636,3,2,0,0,0,,,,
2121,69,70,1.371091859,0.974478933,0.716037785,0.98176135,0,1.07530743,3.44,1,2.55,0,0,0,0,0,1,-0.284636,0.254733,2,3,0,0,0,,,,
2121,39,36,1.353284047,0.961822351,0.689297056,0.932819536,0,1.14460172,2.55,0,3.44,1,0,0,0,0,1,0.233587,-0.326322,3,2,0,0,0,,,,
2121,31,42,1.215001552,0.795158084,0.999744821,1.214697372,0,2.42232756,2.55,0,2.55,0,0,0,0,0,0,0.057583,-0.086991,2,2,0,0,0,,,,
2122,20,19,1.59309235,1.042599706,0.88417147,1.408581797,6,1.03002319,2.55,0,2.55,0,1,0,5,6,0,-0.011671,0.052925,3,4,9,0.33333333,1,,,,
2122,77,75,1.550093683,1.014459216,0.686503118,1.064105876,0,1.0411949,2.55,0,2.55,0,0,0,0,0,0,-0.290572,0.063578,4,2,0,0,0,,,,
2122,52,40,1.549498073,1.014069419,0.687623211,1.065491609,0,1.04130485,2.55,0,2.55,0,0,0,0,0,0,0.059523,-0.279569,2,4,0,0,0,,,,
2122,83,77,1.539539314,1.007551907,0.668481188,1.029172242,0,0.90347368,2.55,0,2.55,0,0,0,0,0,0,0.258018,-0.290572,3,4,0,0,0,,,,
2122,40,39,1.537692293,1.006343124,0.676078753,1.039603089,0,0.90777702,2.55,0,2.55,0,0,0,0,0,0,-0.279569,0.233292,4,3,0,0,0,,,,
2122,75,73,1.530524248,1.001651995,0.84730926,1.296833532,0,1.11010453,2.55,0,2.55,0,0,0,0,0,0,0.063578,0.020922,2,1,0,0,0,,,,
2122,55,52,1.530407892,1.001575846,0.847537581,1.297085325,0,1.11013391,2.55,0,2.55,0,0,0,0,0,0,0.022663,0.059523,1,2,0,0,0,,,,
2122,33,32,1.525534643,0.998386547,0.672566958,1.026008667,0,1.08356755,2.55,0,2.55,0,0,0,0,0,0,0.213778,0.180133,2,2,0,0,0,,,,
2122,19,31,1.459754221,0.955336532,0.913663746,1.333716499,0,0.85888343,2.55,0,2.55,0,0,0,6,0,0,0.052925,0.052695,4,2,0,0,0,,,,
2122,32,28,1.453670598,0.997714893,0.832849221,1.210673791,0,0.91417814,2.55,0,3.04,2,0,1,0,5,2,0.180133,-0.29615,2,3,0,0,0,,,,
2122,42,43,1.433038009,0.9378521,0.932606585,1.336480615,0,0.9244419,2.55,0,2.55,0,0,1,0,6,0,-0.089082,-0.066924,2,3,0,0,0,,,,
2122,36,33,1.42997869,1.016331691,0.679501479,0.971656588,0,0.91724558,3.44,1,2.55,0,0,0,0,0,1,-0.325979,0.213778,2,2,0,0,0,,,,
2122,45,82,1.387266018,0.985974427,0.998358424,1.384988218,0,0.98555539,2.55,0,3.44,1,1,0,6,0,1,0.226718,-0.277802,3,2,0,0,0,,,,
2122,82,83,1.361908763,0.967952212,0.730529949,0.994903919,0,1.09541602,3.44,1,2.55,0,0,0,0,0,1,-0.277802,0.258018,2,3,0,0,0,,,,
2122,39,36,1.353342475,0.961863877,0.688952199,0.932383375,0,1.1456639,2.55,0,3.44,1,0,0,0,0,1,0.233292,-0.325979,3,2,0,0,0,,,,
2122,31,42,1.214779967,0.795013068,0.999938801,1.21471638,0,2.42143105,2.55,0,2.55,0,0,0,0,0,0,0.052695,-0.089082,2,2,0,0,0,,,,
2123,20,19,1.593462515,1.04284196,0.883497084,1.407685636,6,1.0296636,2.55,0,2.55,0,1,0,5,6,0,-0.014463,0.05614,3,4,9,0.33333333,1,,,,
2123,75,82,1.549961342,1.014372606,0.686844687,1.064580008,0,1.04004822,2.55,0,2.55,0,0,0,0,0,0,-0.289282,0.061586,4,2,0,0,0,,,,
2123,52,40,1.549399124,1.014004663,0.687462516,1.065151648,0,1.04146374,2.55,0,2.55,0,0,0,0,0,0,0.060673,-0.280217,2,4,0,0,0,,,,
2123,40,39,1.537417669,1.006163396,0.676120962,1.039480818,0,0.90832111,2.55,0,2.55,0,0,0,0,0,0,-0.280217,0.23321,4,3,0,0,0,,,,
2123,74,75,1.536883207,1.005813617,0.668679156,1.027658526,0,0.90256692,2.55,0,2.55,0,0,0,0,0,0,0.251318,-0.289282,3,4,0,0,0,,,,
2123,55,52,1.530616395,1.0017123,0.847285114,1.296880259,0,1.10995869,2.55,0,2.55,0,0,0,0,0,0,0.022279,0.060673,1,2,0,0,0,,,,
2123,82,81,1.530598978,1.001700902,0.847238652,1.296797016,0,1.11017989,2.55,0,2.55,0,0,0,0,0,0,0.061586,0.021001,2,1,0,0,0,,,,
2123,33,32,1.525700078,0.998494816,0.672263996,1.025665123,0,1.08317061,2.55,0,2.55,0,0,0,0,0,0,0.212906,0.180981,2,2,0,0,0,,,,
2123,19,31,1.459740288,0.955327413,0.915713297,1.336712562,0,0.86506025,2.55,0,2.55,0,0,0,6,0,0,0.05614,0.050467,4,2,0,0,0,,,,
2123,32,28,1.453809707,0.997810368,0.841784251,1.223812192,0,0.91370737,2.55,0,3.04,2,0,1,0,5,2,0.180981,-0.296224,2,3,0,0,0,,,,
2123,42,43,1.431673573,0.936959145,0.99996058,1.431633959,0,0.93682303,2.55,0,2.55,0,0,1,0,6,0,-0.094028,-0.048583,2,3,0,0,0,,,,
2123,36,33,1.429698999,1.016132906,0.679719774,0.97177466,0,0.91754907,3.44,1,2.55,0,0,0,0,0,1,-0.326029,0.212906,2,2,0,0,0,,,,
2123,46,73,1.38621672,0.985228657,0.963222394,1.335235252,0,0.97031546,2.55,0,3.44,1,1,0,6,0,1,0.220522,-0.286185,3,2,0,0,0,,,,
2123,73,74,1.368727797,0.972798718,0.716063195,0.980135807,0,1.08699483,3.44,1,2.55,0,0,0,0,0,1,-0.286185,0.251318,2,3,0,0,0,,,,
2123,39,36,1.353369352,0.96188298,0.68881114,0.932237431,0,1.14564166,2.55,0,3.44,1,0,0,0,0,1,0.23321,-0.326029,3,2,0,0,0,,,,
2123,31,42,1.21518629,0.795278986,0.999942427,1.215118639,0,2.4277151,2.55,0,2.55,0,0,0,0,0,0,0.050467,-0.094028,2,2,0,0,0,,,,
2124,20,17,1.590586021,1.040959438,0.873344811,1.389127652,6,1.024286,2.55,0,2.55,0,0,0,5,6,0,0.048575,-0.059248,3,4,9,0.33333333,1,,,,
2124,24,20,1.52618571,0.998812637,0.743543842,1.134802138,5,0.88355139,2.55,0,2.55,0,0,0,5,5,0,0.194029,0.048575,3,3,9,0.33333333,0,,,,
2124,25,24,1.403259277,0.963115496,0.714107301,1.002072052,5,1.0400994,3.04,2,2.55,0,0,0,5,5,2,-0.236406,0.194029,3,3,9,0.33333333,0,,,,
2124,30,31,1.538662658,1.006978179,0.694360703,1.068394183,0,0.86216572,2.55,0,2.55,0,0,0,0,0,0,0.289796,-0.347969,3,3,0,0,0,,,,
2124,31,32,1.533491906,1.003594179,0.696395565,1.06790564,0,1.01369987,2.55,0,2.55,0,0,0,0,0,0,-0.347969,0.074308,3,2,0,0,0,,,,
2124,41,40,1.527895935,0.999931895,0.852316914,1.302246194,0,1.13975456,2.55,0,2.55,0,0,0,0,0,0,0.010723,0.040924,1,2,0,0,0,,,,
2124,17,28,1.527844343,0.99989813,0.663801263,1.014193944,0,1.04989396,2.55,0,2.55,0,0,0,6,0,0,-0.059248,0.3091,4,2,0,0,0,,,,
2124,32,76,1.527503289,0.999674927,0.850567927,1.299244229,0,1.11229564,2.55,0,2.55,0,0,0,0,0,0,0.074308,0.027166,2,1,0,0,0,,,,
2124,40,37,1.519215616,0.994251058,0.960074118,1.458547526,0,1.01566522,2.55,0,2.55,0,0,1,0,6,0,0.040924,0.008765,2,3,0,0,0,,,,
2124,28,29,1.439564658,1.023144746,0.695372318,1.001034938,0,0.87720149,2.55,0,3.44,1,0,0,0,0,1,0.3091,-0.317148,2,2,0,0,0,,,,
2124,34,25,1.431977787,0.982826209,0.973402313,1.393877143,0,0.87971698,2.55,0,3.04,2,1,0,6,5,2,0.154431,-0.236406,3,3,0,0,0,,,,
2124,29,30,1.343520623,0.954883172,0.687696324,0.923932281,0,1.17726042,3.44,1,2.55,0,0,0,0,0,1,-0.317148,0.289796,2,3,0,0,0,,,,
2125,20,17,1.605848373,1.050947888,0.879696803,1.41262971,6,1.03849457,2.55,0,2.55,0,0,0,5,6,0,0.027171,-0.041138,3,4,9,0.33333333,1,,,,
2125,24,20,1.5255851,0.998419568,0.744374291,1.135649613,5,0.88726816,2.55,0,2.55,0,0,0,5,5,0,0.185314,0.027171,3,3,9,0.33333333,0,,,,
2125,25,24,1.391657405,0.955152646,0.707565741,0.984632646,5,1.06394888,3.04,2,2.55,0,0,0,5,5,2,-0.262285,0.185314,3,3,9,0.33333333,0,,,,
2125,17,28,1.560197195,1.021071463,0.719149935,1.122006869,0,1.03217264,2.55,0,2.55,0,0,0,6,0,0,-0.041138,0.252405,4,2,0,0,0,,,,
2125,34,33,1.535447433,1.004873975,0.877311321,1.346996102,0,1.09871106,2.55,0,2.55,0,0,0,0,0,0,-0.013112,-1.10E-05,2,2,0,0,0,,,,
2125,33,32,1.53360327,1.003667061,0.702426931,1.077281016,0,1.09893367,2.55,0,2.55,0,0,0,0,0,0,-1.10E-05,0.174845,2,2,0,0,0,,,,
2125,35,34,1.532131887,1.002704115,0.842869308,1.291381169,0,1.10096916,2.55,0,2.55,0,0,0,0,0,0,-0.008321,-0.013112,1,2,0,0,0,,,,
2125,28,29,1.469360971,1.008483851,0.972587035,1.429228265,0,1.0046135,2.55,0,3.04,2,0,0,0,7,2,0.252405,-0.393576,2,3,0,0,0,,,,
2125,32,25,1.459930086,1.002011041,0.862516328,1.259236704,0,0.91794032,2.55,0,3.04,2,0,0,0,5,2,0.174845,-0.262285,2,3,0,0,0,,,,
2125,100,103,1.455375415,0.998884979,0.925134446,1.346437857,0,1.01067544,3.04,2,2.55,0,0,0,7,0,2,-0.386914,0.114599,3,1,0,0,0,,,,
2126,20,19,1.592819858,1.042421373,0.883921802,1.40789047,6,1.02786762,2.55,0,2.55,0,1,0,5,6,0,-0.01241,0.057723,3,4,9,0.33333333,1,,,,
2126,33,32,1.533007373,1.003277077,0.697583689,1.069406972,0,1.10088182,2.55,0,2.55,0,0,0,0,0,0,-0.02421,0.174005,2,2,0,0,0,,,,
2126,36,33,1.528929143,1.000608078,0.829480472,1.268218376,0,1.11575016,2.55,0,2.55,0,0,0,0,0,0,-0.004263,-0.02421,1,2,0,0,0,,,,
2126,57,54,1.523796194,0.997248818,0.845490223,1.288422468,0,1.11686401,2.55,0,2.55,0,0,0,0,0,0,0.175936,-0.019645,2,1,0,0,0,,,,
2126,19,31,1.460084147,0.955552452,0.914036806,1.334571439,0,0.86082088,2.55,0,2.55,0,0,0,6,0,0,0.057723,0.048388,4,2,0,0,0,,,,
2126,32,28,1.457830148,1.000569765,0.834702688,1.216858623,0,0.91889331,2.55,0,3.04,2,0,1,0,5,2,0.174005,-0.280551,2,3,0,0,0,,,,
2126,39,40,1.430924884,0.936469165,0.999982682,1.430905808,0,0.9270416,2.55,0,2.55,0,0,1,0,6,0,-0.096532,-0.061872,2,3,0,0,0,,,,
2126,58,57,1.422799793,1.01122942,0.848211389,1.206812101,0,0.94950435,3.44,1,2.55,0,0,0,0,0,1,-0.311253,0.175936,2,2,0,0,0,,,,
2126,44,58,1.355800127,0.963610609,0.958878593,1.299983219,0,1.13094139,2.55,0,3.44,1,1,0,6,0,1,0.233253,-0.311253,3,2,0,0,0,,,,
2126,31,39,1.215726395,0.795632457,0.999908393,1.215626688,0,2.41142126,2.55,0,2.55,0,0,0,0,0,0,0.048388,-0.096532,2,2,0,0,0,,,,
2127,0,1,1.597889286,1.045739062,0.852101771,1.361553854,5,1.01055805,2.55,0,2.55,0,0,0,5,5,0,-0.04611,-0.176674,3,4,8,0.375,1,,,,
2127,6,0,1.521186784,0.995541089,0.769953866,1.171235771,5,0.91529,2.55,0,2.55,0,0,0,5,5,0,0.217949,-0.04611,3,3,8,0.375,0,,,,
2127,8,6,1.3925515,0.955766301,0.70704389,0.984557257,5,1.08204039,3.04,2,2.55,0,0,0,5,5,2,-0.296156,0.217949,3,3,8,0.375,0,,,,
2127,17,14,1.525837606,0.998584821,0.671974287,1.02533097,0,1.08187885,2.55,0,2.55,0,0,0,0,0,0,0.206869,0.179028,2,2,0,0,0,,,,
2127,1,30,1.513540401,0.990536911,0.994571979,1.505294062,0,0.9534255,2.55,0,2.55,0,0,1,5,5,0,-0.176674,0.108257,4,3,0,0,0,,,,
2127,66,67,1.509788695,0.988081607,0.845488275,1.276486019,0,1.0449896,2.55,0,2.55,0,0,0,0,0,0,0.119245,0.054013,3,1,0,0,0,,,,
2127,20,19,1.508841793,0.987461906,0.844837225,1.274744261,0,1.04495673,2.55,0,2.55,0,0,0,0,0,0,0.049369,0.121406,1,3,0,0,0,,,,
2127,55,62,1.490660704,0.975563288,0.827124723,1.232956509,0,1.03707948,2.55,0,2.55,0,1,0,5,0,0,-0.199328,0.32581,3,2,0,0,0,,,,
2127,14,8,1.454049755,0.997975123,0.848244975,1.233401969,0,0.91313636,2.55,0,3.04,2,0,0,0,5,2,0.179028,-0.296156,2,3,0,0,0,,,,
2127,62,63,1.444345436,1.026542598,0.694342774,1.002870498,0,0.91971273,2.55,0,3.44,1,0,0,0,0,1,0.32581,-0.316871,2,2,0,0,0,,,,
2127,18,17,1.429772627,1.016185236,0.678381899,0.969940984,0,0.92365531,3.44,1,2.55,0,0,0,0,0,1,-0.325434,0.206869,2,2,0,0,0,,,,
2127,19,18,1.353108618,0.961697667,0.686155944,0.928429034,0,1.12531647,2.55,0,3.44,1,0,0,0,0,1,0.121406,-0.325434,3,2,0,0,0,,,,
2127,63,66,1.350313238,0.959710902,0.6828821,0.922114741,0,1.1428309,3.44,1,2.55,0,0,0,0,0,1,-0.316871,0.119245,2,3,0,0,0,,,,
2128,20,17,1.586861639,1.038522015,0.874660075,1.387813658,6,1.02098409,2.55,0,2.55,0,1,0,5,6,0,-0.035593,-0.087264,3,4,9,0.33333333,1,,,,
2128,17,28,1.531007091,1.001967991,0.672200032,1.029216831,0,1.07124601,2.55,0,2.55,0,0,0,6,0,0,-0.087264,0.317966,4,2,0,0,0,,,,
2128,39,38,1.520136643,0.994853824,0.851942466,1.295046113,0,1.02989627,2.55,0,2.55,0,0,0,0,0,0,0.042543,0.024519,1,3,0,0,0,,,,
2128,32,48,1.493445664,0.977385906,0.901888854,1.346962326,0,1.07599135,2.55,0,2.55,0,0,0,0,0,0,-0.049927,0.068182,2,1,0,0,0,,,,
2128,30,31,1.481116067,0.969316798,0.737698233,1.092626439,0,0.99876269,2.55,0,2.55,0,0,0,0,0,0,0.241896,-0.057911,3,2,0,0,0,,,,
2128,38,37,1.480737977,0.969069357,0.743378196,1.100880533,0,0.99790255,2.55,0,2.55,0,0,0,0,0,0,0.024519,-0.088293,3,2,0,0,0,,,,
2128,34,25,1.446259051,0.992628038,0.843764372,1.220215397,0,0.95256189,2.55,0,3.04,2,0,1,0,5,2,0.381988,-0.307824,2,3,0,0,0,,,,
2128,28,29,1.434051762,1.019226554,0.737931239,1.058311401,0,0.90109721,2.55,0,3.44,1,0,0,0,0,1,0.317966,-0.328852,2,2,0,0,0,,,,
2128,35,34,1.413021003,1.00427932,0.834184748,1.178461068,0,1.00552534,3.44,1,2.55,0,0,0,0,0,1,-0.287766,0.381988,2,2,0,0,0,,,,
2128,29,30,1.354486489,0.962676965,0.697934672,0.945298736,0,1.13467372,3.44,1,2.55,0,0,0,0,0,1,-0.328852,0.241896,2,3,0,0,0,,,,
2128,36,35,1.347299372,0.95756885,0.753246001,1.014879293,0,1.12958926,2.55,0,3.44,1,0,0,0,0,1,0.180598,-0.287766,2,2,0,0,0,,,,
2128,37,36,1.346700913,0.881348765,0.755837356,1.017816041,0,1.72464996,2.55,0,2.55,0,0,0,0,0,0,-0.088293,0.180598,2,2,0,0,0,,,,
2128,31,32,1.342356645,0.878505658,0.767067907,1.029698643,0,1.84145211,2.55,0,2.55,0,0,0,0,0,0,-0.057911,-0.049927,2,2,0,0,0,,,,
2129,11,10,1.560929515,1.02155073,0.877233859,1.369323819,6,1.04560365,2.55,0,2.55,0,1,0,5,6,0,-0.056423,0.084712,3,3,9,0.33333333,1,,,,
2129,10,42,1.540412718,1.008123507,0.707295209,1.089518906,0,1.05770476,2.55,0,2.55,0,0,0,6,0,0,0.084712,0.041214,3,2,0,0,0,,,,
2129,42,44,1.535459212,1.004881683,0.70163013,1.077353585,0,1.08190878,2.55,0,2.55,0,0,0,0,0,0,0.041214,-0.015389,2,2,0,0,0,,,,
2129,44,47,1.529954668,1.001279233,0.832555964,1.273779477,0,1.10653906,2.55,0,2.55,0,0,0,0,0,0,-0.015389,0.023569,2,1,0,0,0,,,,
2129,35,34,1.50471772,0.984762905,0.835532473,1.257245127,0,1.04528562,2.55,0,2.55,0,0,0,0,0,0,0.039873,0.157115,1,3,0,0,0,,,,
2129,20,16,1.427349133,0.979649371,0.93189196,1.330141805,0,0.86782492,2.55,0,3.04,2,1,1,6,5,2,0.15226,-0.24506,3,3,0,0,0,,,,
2129,33,21,1.378946654,0.980061588,0.775338281,1.069143287,0,1.02661639,3.44,1,2.55,0,0,1,0,6,1,-0.29475,0.201529,2,3,0,0,0,,,,
2129,34,33,1.376845759,0.978568414,0.710416936,0.97809006,0,1.0277793,2.55,0,3.44,1,0,0,0,0,1,0.157115,-0.29475,3,2,0,0,0,,,,
2130,10,11,1.562946341,1.022870642,0.892951121,1.395624424,6,1.0481289,2.55,0,2.55,0,0,0,6,5,0,0.080406,-0.037938,3,3,9,0.33333333,1,,,,
2130,11,14,1.528186474,1.000122038,0.740007618,1.130842995,5,0.91736062,2.55,0,2.55,0,0,0,5,5,0,-0.037938,0.194526,3,3,9,0.33333333,0,,,,
2130,14,16,1.406029506,0.965016819,0.713703679,1.003568649,5,1.04857218,2.55,0,3.04,2,0,0,5,5,2,0.194526,-0.246113,3,3,9,0.33333333,0,,,,
2130,34,10,1.539632829,1.007613108,0.708254858,1.09044583,0,1.06205689,2.55,0,2.55,0,0,0,0,6,0,0.043751,0.080406,2,3,0,0,0,,,,
2130,36,34,1.535749207,1.005071471,0.700786152,1.076290967,0,1.0816433,2.55,0,2.55,0,0,0,0,0,0,-0.015877,0.043751,2,2,0,0,0,,,,
2130,39,36,1.529922096,1.001257916,0.832720999,1.274005586,0,1.10694455,2.55,0,2.55,0,0,0,0,0,0,0.025217,-0.015877,1,2,0,0,0,,,,
2130,48,49,1.507336881,0.986477016,0.836655672,1.261134989,0,1.03698351,2.55,0,2.55,0,0,0,0,0,0,0.141682,0.040611,3,1,0,0,0,,,,
2130,16,20,1.43089522,0.982083198,0.954918203,1.366381349,0,0.88531844,3.04,2,2.55,0,0,1,5,6,2,-0.246113,0.135602,3,3,0,0,0,,,,
2130,22,50,1.387530936,0.986162712,0.958434091,1.329833563,0,0.96643219,2.55,0,3.44,1,1,0,6,0,1,0.189295,-0.284773,3,2,0,0,0,,,,
2130,50,48,1.368337801,0.972521536,0.712062705,0.974342017,0,1.07183305,3.44,1,2.55,0,0,0,0,0,1,-0.284773,0.141682,2,3,0,0,0,,,,
2131,10,11,1.562464318,1.022555182,0.890331501,1.391102491,6,1.04816962,2.55,0,2.55,0,0,0,6,5,0,0.079074,-0.041528,3,3,9,0.33333333,1,,,,
2131,11,14,1.528603922,1.000395237,0.737298714,1.127003856,5,0.91696852,2.55,0,2.55,0,0,0,5,5,0,-0.041528,0.19246,3,3,9,0.33333333,0,,,,
2131,14,16,1.405816621,0.964870707,0.713794724,1.003497238,5,1.04945943,2.55,0,3.04,2,0,0,5,5,2,0.19246,-0.241388,3,3,9,0.33333333,0,,,,
2131,33,10,1.539106165,1.007268433,0.707552709,1.08897704,0,1.06127766,2.55,0,2.55,0,0,0,0,6,0,0.043793,0.079074,2,3,0,0,0,,,,
2131,35,33,1.536019956,1.005248662,0.700785406,1.076444528,0,1.08164316,2.55,0,2.55,0,0,0,0,0,0,-0.015927,0.043793,2,2,0,0,0,,,,
2131,38,35,1.529896581,1.001241218,0.832887961,1.274235424,0,1.10668436,2.55,0,2.55,0,0,0,0,0,0,0.024563,-0.015927,1,2,0,0,0,,,,
2131,50,48,1.5087585,0.987407395,0.836720127,1.262431726,0,1.04102089,2.55,0,2.55,0,0,0,0,0,0,0.144789,0.042488,3,1,0,0,0,,,,
2131,16,20,1.430652402,0.981916542,0.973954146,1.393373252,0,0.8829403,3.04,2,2.55,0,0,1,5,6,2,-0.241388,0.173047,3,3,0,0,0,,,,
2131,23,47,1.385604578,0.984793588,0.962264147,1.3333097,0,1.00452482,2.55,0,3.44,1,1,0,6,0,1,0.233276,-0.271562,3,2,0,0,0,,,,
2131,47,50,1.362499012,0.968371721,0.727185108,0.990781435,0,1.07507083,3.44,1,2.55,0,0,0,0,0,1,-0.271562,0.144789,2,3,0,0,0,,,,
2132,10,11,1.562096778,1.022314645,0.890823482,1.391525744,6,1.05200416,2.55,0,2.55,0,0,0,6,5,0,0.075901,-0.034762,3,3,9,0.33333333,1,,,,
2132,11,14,1.530006435,1.001313112,0.739315635,1.131185427,5,0.91598408,2.55,0,2.55,0,0,0,5,5,0,-0.034762,0.19609,3,3,9,0.33333333,0,,,,
2132,14,16,1.403561167,0.963322695,0.708211631,0.994021518,5,1.04203457,2.55,0,3.04,2,0,0,5,5,2,0.19609,-0.281306,3,3,9,0.33333333,0,,,,
2132,31,10,1.539486784,1.007517529,0.707917739,1.089817588,0,1.06199115,2.55,0,2.55,0,0,0,0,6,0,0.045301,0.075901,2,3,0,0,0,,,,
2132,33,31,1.535665417,1.005016634,0.701243776,1.076926443,0,1.08199651,2.55,0,2.55,0,0,0,0,0,0,-0.01634,0.045301,2,2,0,0,0,,,,
2132,36,33,1.529917633,1.001254996,0.833111432,1.274581738,0,1.10716252,2.55,0,2.55,0,0,0,0,0,0,0.0244,-0.01634,1,2,0,0,0,,,,
2132,45,46,1.50790323,0.986847664,0.836047511,1.260683741,0,1.03970152,2.55,0,2.55,0,0,0,0,0,0,0.151998,0.037803,3,1,0,0,0,,,,
2132,16,20,1.432304926,0.983050739,0.892199505,1.277859192,0,0.83633917,3.04,2,2.55,0,0,1,5,6,2,-0.281306,0.09371,3,3,0,0,0,,,,
2132,22,47,1.384228936,0.983815875,0.987980174,1.367617459,0,1.04293883,2.55,0,3.44,1,1,0,6,0,1,0.160618,-0.277651,3,2,0,0,0,,,,
2132,47,45,1.366939146,0.971527467,0.724726016,0.990672204,0,1.05903319,3.44,1,2.55,0,0,0,0,0,1,-0.277651,0.151998,2,3,0,0,0,,,,
2133,23,24,1.454694708,1.033898157,0.719260253,1.046322832,6,0.86252068,3.44,1,2.55,0,0,0,6,6,1,-0.317917,0.239568,2,3,10,0.3,1,,,,
2133,16,18,1.45342453,0.951194064,0.999963536,1.453388262,6,1.17878957,2.55,0,2.55,0,0,0,6,6,0,-0.037313,0.229422,3,3,10,0.3,0,,,,
2133,18,23,1.346091198,0.956710162,0.730838614,0.983779938,6,1.19761401,2.55,0,3.44,1,0,0,6,6,1,0.229422,-0.317917,3,2,10,0.3,0,,,,
2133,11,10,1.519390781,0.994365695,0.861986135,1.309732726,0,1.06939348,2.55,0,2.55,0,0,0,0,0,0,0.050343,0.006331,1,3,0,0,0,,,,
2133,10,8,1.501306295,0.982530298,0.961104952,1.442933687,0,0.92337886,2.55,0,2.55,0,0,1,0,6,0,0.006331,0.030833,3,3,0,0,0,,,,
2133,24,26,1.501283354,0.982515284,0.781929292,1.173867323,0,1.02107512,2.55,0,2.55,0,0,0,6,0,0,0.239568,0.011798,3,2,0,0,0,,,,
2133,45,46,1.499059643,0.981059976,0.902188529,1.352433687,0,1.07193319,2.55,0,2.55,0,0,0,0,0,0,-0.09613,0.064561,2,1,0,0,0,,,,
2133,3,16,1.48414607,0.971299784,0.968948433,1.438088527,0,0.9724779,2.55,0,2.55,0,1,0,6,6,0,0.079739,-0.037313,3,3,0,0,0,,,,
2133,26,45,1.338307271,0.875855544,0.779878849,1.043709045,0,1.90470494,2.55,0,2.55,0,0,0,0,0,0,0.011798,-0.09613,2,2,0,0,0,,,,
2134,16,12,1.525852058,0.998594279,0.99840533,1.523426231,0,0.92318401,2.55,0,2.55,0,0,0,6,6,0,0.049816,0.261853,3,4,0,0,0,,,,
2134,11,36,1.52018623,0.994886276,0.960266735,1.459795672,0,1.04565065,2.55,0,2.55,0,0,0,6,0,0,0.096033,0.291789,4,2,0,0,0,,,,
2134,25,26,1.518113382,0.9935297,0.861186336,1.307337528,0,1.07252511,2.55,0,2.55,0,0,0,0,0,0,0.051389,0.007551,1,3,0,0,0,,,,
2134,26,20,1.505853355,0.985506123,0.960968559,1.44704126,0,0.91080028,2.55,0,2.55,0,0,0,0,6,0,0.007551,0.040711,3,3,0,0,0,,,,
2134,42,45,1.493628181,0.977505354,0.901588118,1.346649784,0,1.07541565,2.55,0,2.55,0,0,0,0,0,0,-0.048765,0.068089,2,1,0,0,0,,,,
2134,40,41,1.481036547,0.969264756,0.738527576,1.093792964,0,1.00788874,2.55,0,2.55,0,0,0,0,0,0,0.231928,-0.061861,3,2,0,0,0,,,,
2134,36,37,1.423380305,1.011642008,0.690703642,0.983141537,0,0.93320819,2.55,0,3.44,1,0,0,0,0,1,0.291789,-0.313053,2,2,0,0,0,,,,
2134,37,40,1.355679779,0.963525074,0.685815305,0.929731932,0,1.12052396,3.44,1,2.55,0,0,0,0,0,1,-0.313053,0.231928,2,3,0,0,0,,,,
2134,41,42,1.342166394,0.878381148,0.767007268,1.029450266,0,1.84566564,2.55,0,2.55,0,0,0,0,0,0,-0.061861,-0.048765,2,2,0,0,0,,,,
2135,4,3,1.586866988,1.038525516,0.657611552,1.044700043,5,0.97077708,2.55,0,2.55,0,0,0,5,5,0,-0.146996,0.14603,4,3,10,0.4,0,,,,
2135,3,0,1.554151232,1.01711468,0.6860964,1.06736239,5,0.9549981,2.55,0,2.55,0,0,0,5,5,0,0.14603,-0.256307,3,4,10,0.4,0,,,,
2135,0,6,1.546285636,1.011967039,0.652970572,1.010003384,5,1.01656035,2.55,0,2.55,0,0,0,5,5,0,-0.256307,0.086472,4,3,10,0.4,0,,,,
2135,6,34,1.464708625,1.005290751,0.671146555,0.982668019,5,0.96596307,2.55,0,3.04,2,0,0,5,5,2,0.086472,-0.370454,3,3,10,0.4,0,,,,
2135,40,41,1.533059156,1.003310966,0.695115339,1.065529299,0,1.04582517,2.55,0,2.55,0,0,0,0,0,0,0.158393,0.190896,2,2,0,0,0,,,,
2135,12,4,1.52083775,0.995312664,0.698438594,1.061889673,0,1.06605817,2.55,0,2.55,0,0,0,0,5,0,0.333801,-0.146996,2,4,0,0,0,,,,
2135,47,48,1.509623226,0.987973315,0.845108298,1.275561591,0,1.04296357,2.55,0,2.55,0,0,0,0,0,0,0.117454,0.050836,3,1,0,0,0,,,,
2135,29,28,1.508637781,0.987328391,0.843699178,1.273351583,0,1.03849742,2.55,0,2.55,0,0,0,0,0,0,0.053311,0.128372,1,3,0,0,0,,,,
2135,34,40,1.448579967,0.994220979,0.905984231,1.313996003,0,1.04425294,3.04,2,2.55,0,0,0,5,0,2,-0.370454,0.158393,3,2,0,0,0,,,,
2135,25,12,1.437475688,1.021660048,0.795942012,1.144121374,0,0.91588899,3.44,1,2.55,0,0,0,0,0,1,-0.325424,0.333801,2,2,0,0,0,,,,
2135,41,44,1.433750995,1.01901279,0.682662056,0.978065259,0,0.90947636,2.55,0,3.44,1,0,0,0,0,1,0.190896,-0.324523,2,2,0,0,0,,,,
2135,28,25,1.353031882,0.961643129,0.69350484,0.938244577,0,1.13232286,2.55,0,3.44,1,0,0,0,0,1,0.128372,-0.325424,3,2,0,0,0,,,,
2135,44,47,1.351128918,0.960290631,0.687413672,0.929110626,0,1.1344535,3.44,1,2.55,0,0,0,0,0,1,-0.324523,0.117454,2,3,0,0,0,,,,
2136,4,3,1.58568519,1.037752088,0.665919411,1.055938548,5,0.99825241,2.55,0,2.55,0,0,0,5,5,0,-0.013022,0.101221,4,3,10,0.4,0,,,,
2136,3,0,1.542183994,1.009282719,0.673085634,1.038021892,5,0.97538306,2.55,0,2.55,0,0,0,5,5,0,0.101221,-0.297293,3,4,10,0.4,0,,,,
2136,0,6,1.535234915,1.004734892,0.657036551,1.008705454,5,0.99992579,2.55,0,2.55,0,0,0,5,5,0,-0.297293,0.099826,4,3,10,0.4,0,,,,
2136,6,30,1.464913638,1.00543146,0.670487308,0.982206001,5,0.98553055,2.55,0,3.04,2,0,0,5,5,2,0.099826,-0.371445,3,3,10,0.4,0,,,,
2136,36,37,1.532918044,1.003218615,0.695160941,1.065624751,0,1.04788251,2.55,0,2.55,0,0,0,0,0,0,0.154622,0.191967,2,2,0,0,0,,,,
2136,12,4,1.51218476,0.989649712,0.692284297,1.046861763,0,1.05701464,2.55,0,2.55,0,0,0,0,5,0,0.337913,-0.013022,2,4,0,0,0,,,,
2136,43,44,1.50950704,0.987897277,0.845253306,1.275915816,0,1.04303619,2.55,0,2.55,0,0,0,0,0,0,0.117638,0.050962,3,1,0,0,0,,,,
2136,25,24,1.508519356,0.987250887,0.841064699,1.268762377,0,1.03673928,2.55,0,2.55,0,0,0,0,0,0,0.04465,0.128438,1,3,0,0,0,,,,
2136,30,36,1.449895344,0.995123778,0.906251712,1.313970137,0,1.04163498,3.04,2,2.55,0,0,0,5,0,2,-0.371445,0.154622,3,2,0,0,0,,,,
2136,37,40,1.433139167,1.018577944,0.68112542,0.976147518,0,0.91115749,2.55,0,3.44,1,0,0,0,0,1,0.191967,-0.324509,2,2,0,0,0,,,,
2136,21,12,1.429466952,1.015967983,0.76202476,1.089289211,0,0.94357756,3.44,1,2.55,0,0,0,0,0,1,-0.326839,0.337913,2,2,0,0,0,,,,
2136,24,21,1.35755895,0.964860661,0.692500242,0.940109902,0,1.11542737,2.55,0,3.44,1,0,0,0,0,1,0.128438,-0.326839,3,2,0,0,0,,,,
2136,40,43,1.351801086,0.960768362,0.687082683,0.928799117,0,1.13231756,3.44,1,2.55,0,0,0,0,0,1,-0.324509,0.117638,2,3,0,0,0,,,,
2137,4,3,1.587922912,1.039216566,0.65984952,1.047790171,5,0.99272557,2.55,0,2.55,0,0,0,5,5,0,-0.298039,0.097766,4,3,10,0.4,0,,,,
2137,3,0,1.552370679,1.015949397,0.680326177,1.056118409,5,0.95362696,2.55,0,2.55,0,0,0,5,5,0,0.097766,-0.29267,3,4,10,0.4,0,,,,
2137,0,6,1.541405048,1.008772937,0.654685863,1.009136093,5,1.007405,2.55,0,2.55,0,0,0,5,5,0,-0.29267,0.101405,4,3,10,0.4,0,,,,
2137,6,30,1.463296538,1.004321577,0.672695224,0.984352593,5,0.98211276,2.55,0,3.04,2,0,0,5,5,2,0.101405,-0.368881,3,3,10,0.4,0,,,,
2137,36,37,1.533320254,1.003481841,0.695390404,1.066256191,0,1.04678814,2.55,0,2.55,0,0,0,0,0,0,0.155978,0.190981,2,2,0,0,0,,,,
2137,12,4,1.520257402,0.994932855,0.690378992,1.049553774,0,1.06759586,2.55,0,2.55,0,0,0,0,5,0,0.357053,-0.298039,2,4,0,0,0,,,,
2137,25,24,1.509818265,0.988100959,0.843140522,1.27298896,0,1.03837893,2.55,0,2.55,0,0,0,0,0,0,0.05314,0.123181,1,3,0,0,0,,,,
2137,43,44,1.509596536,0.987955848,0.845432609,1.276262138,0,1.04307805,2.55,0,2.55,0,0,0,0,0,0,0.117722,0.050991,3,1,0,0,0,,,,
2137,30,36,1.449560678,0.994894082,0.906257385,1.313675069,0,1.0439691,3.04,2,2.55,0,0,0,5,0,2,-0.368881,0.155978,3,2,0,0,0,,,,
2137,21,12,1.437151328,1.021429515,0.799939272,1.149633786,0,0.9241033,3.44,1,2.55,0,0,0,0,0,1,-0.325565,0.357053,2,2,0,0,0,,,,
2137,37,40,1.433282809,1.018680035,0.681014413,0.976086251,0,0.91054727,2.55,0,3.44,1,0,0,0,0,1,0.190981,-0.324126,2,2,0,0,0,,,,
2137,24,21,1.35227538,0.961105458,0.691797335,0.935500504,0,1.13606102,2.55,0,3.44,1,0,0,0,0,1,0.123181,-0.325565,3,2,0,0,0,,,,
2137,40,43,1.351499068,0.960553709,0.686992899,0.928470262,0,1.13379749,3.44,1,2.55,0,0,0,0,0,1,-0.324126,0.117722,2,3,0,0,0,,,,
2138,9,12,1.621508318,1.061196543,0.90593078,1.468974296,6,0.99262558,2.55,0,2.55,0,0,0,6,6,0,-0.167373,0.141262,4,3,18,0.38888889,1,,,,
2138,12,38,1.501575451,0.982706447,0.782543757,1.175048496,6,0.96548946,2.55,0,2.55,0,0,0,6,6,0,0.141262,-0.122525,3,2,18,0.38888889,0,,,,
2138,38,39,1.361766934,0.891208726,0.77213009,1.051461226,6,1.6293048,2.55,0,2.55,0,0,1,6,6,0,-0.122525,0.14714,2,3,18,0.38888889,0,,,,
2138,13,9,1.536548284,1.005594427,0.693253589,1.065217613,0,1.04994456,2.55,0,2.55,0,0,0,0,6,0,0.089107,-0.167373,2,4,0,0,0,,,,
2138,33,13,1.524151414,0.997481292,0.685616299,1.044983051,0,1.06649853,2.55,0,2.55,0,0,0,0,0,0,0.235608,0.089107,2,2,0,0,0,,,,
2138,16,15,1.510196312,0.988348372,0.845677207,1.277138599,0,1.04204957,2.55,0,2.55,0,0,0,0,0,0,0.052339,0.117872,1,3,0,0,0,,,,
2138,60,57,1.509148377,0.98766255,0.837443395,1.263826341,0,1.04064041,2.55,0,2.55,0,0,0,0,0,0,0.144692,0.042395,3,1,0,0,0,,,,
2138,14,33,1.437839407,1.021918555,0.682890821,0.981887332,0,0.91101879,3.44,1,2.55,0,0,0,0,0,1,-0.323846,0.235608,2,2,0,0,0,,,,
2138,51,59,1.386495597,0.985426864,0.999930381,1.386399071,0,0.99448474,2.55,0,3.44,1,1,0,6,0,1,0.211067,-0.272534,3,2,0,0,0,,,,
2138,59,60,1.361447802,0.967624593,0.726079191,0.988518919,0,1.07898658,3.44,1,2.55,0,0,0,0,0,1,-0.272534,0.144692,2,3,0,0,0,,,,
2138,15,14,1.349768713,0.95932389,0.686470496,0.926576397,0,1.13950182,2.55,0,3.44,1,0,0,0,0,1,0.117872,-0.323846,3,2,0,0,0,,,,
2139,9,59,1.613858162,1.056189897,0.902524349,1.456546287,6,0.99617576,2.55,0,2.55,0,0,0,6,6,0,-0.16256,0.136021,4,3,10,0.3,1,,,,
2139,59,58,1.498738278,0.980849659,0.776513484,1.163790482,6,0.97098533,2.55,0,2.55,0,0,0,6,6,0,0.136021,-0.111214,3,2,10,0.3,0,,,,
2139,58,54,1.342643805,0.87869359,0.775897591,1.041754094,6,1.73124832,2.55,0,2.55,0,0,0,6,6,0,-0.111214,0.217066,2,3,10,0.3,0,,,,
2139,11,9,1.537882747,1.006467766,0.693276476,1.066177931,0,1.0511275,2.55,0,2.55,0,0,0,0,6,0,0.080626,-0.16256,2,4,0,0,0,,,,
2139,30,11,1.524506112,0.997713424,0.684944873,1.044202645,0,1.06792282,2.55,0,2.55,0,0,0,0,0,0,0.236074,0.080626,2,2,0,0,0,,,,
2139,14,13,1.510201077,0.98835149,0.845440618,1.276785331,0,1.04130598,2.55,0,2.55,0,0,0,0,0,0,0.050992,0.118571,1,3,0,0,0,,,,
2139,57,52,1.509011816,0.987573178,0.83661397,1.262460367,0,1.03786351,2.55,0,2.55,0,0,0,0,0,0,0.152528,0.037434,3,1,0,0,0,,,,
2139,12,30,1.437364372,1.021580932,0.685696503,0.985595723,0,0.91153611,3.44,1,2.55,0,0,0,0,0,1,-0.321483,0.236074,2,2,0,0,0,,,,
2139,54,53,1.391326018,0.988859999,0.976302726,1.358355384,0,1.00995818,2.55,0,3.44,1,0,0,6,0,1,0.217066,-0.286474,3,2,0,0,0,,,,
2139,53,57,1.364747949,0.969970113,0.719549273,0.982003394,0,1.07091881,3.44,1,2.55,0,0,0,0,0,1,-0.286474,0.152528,2,3,0,0,0,,,,
2139,13,12,1.34928952,0.958983312,0.687120024,0.927123848,0,1.1421734,2.55,0,3.44,1,0,0,0,0,1,0.118571,-0.321483,3,2,0,0,0,,,,
2140,9,49,1.61273659,1.055455883,0.90841581,1.465035415,6,1.01596855,2.55,0,2.55,0,0,0,6,6,0,-0.151077,0.146411,4,3,10,0.3,1,,,,
2140,49,48,1.500411667,0.981944808,0.775564092,1.163665413,6,0.95300268,2.55,0,2.55,0,0,0,6,6,0,0.146411,-0.142632,3,2,10,0.3,0,,,,
2140,48,44,1.344045872,0.879611173,0.780707122,1.049306185,6,1.72759533,2.55,0,2.55,0,0,0,6,6,0,-0.142632,0.225214,2,3,10,0.3,0,,,,
2140,11,9,1.538997725,1.007197464,0.695973642,1.071101852,0,1.07482914,2.55,0,2.55,0,0,0,0,6,0,0.062473,-0.151077,2,4,0,0,0,,,,
2140,20,11,1.537346006,1.006116496,0.727206766,1.117968418,0,1.02871972,2.55,0,2.55,0,0,0,0,0,0,0.230308,0.062473,2,2,0,0,0,,,,
2140,14,13,1.510061765,0.988260317,0.845303642,1.276460709,0,1.04208481,2.55,0,2.55,0,0,0,0,0,0,0.051663,0.120029,1,3,0,0,0,,,,
2140,47,42,1.509647891,0.987989457,0.837724834,1.264669528,0,1.04074756,2.55,0,2.55,0,0,0,0,0,0,0.153417,0.039019,3,1,0,0,0,,,,
2140,12,20,1.441293775,1.024373685,0.688913691,0.992927015,0,0.89133782,3.44,1,2.55,0,0,0,0,0,1,-0.326963,0.230308,2,2,0,0,0,,,,
2140,44,43,1.391269013,0.988819483,0.995475487,1.384974198,0,1.02383147,2.55,0,3.44,1,0,0,6,0,1,0.225214,-0.279292,3,2,0,0,0,,,,
2140,43,47,1.360312102,0.966817414,0.727236569,0.989268706,0,1.07989407,3.44,1,2.55,0,0,0,0,0,1,-0.279292,0.153417,2,3,0,0,0,,,,
2140,13,12,1.350680373,0.959971836,0.68760973,0.928740968,0,1.12992456,2.55,0,3.44,1,0,0,0,0,1,0.120029,-0.326963,3,2,0,0,0,,,,
2141,19,24,1.569926876,1.027439055,0.944179566,1.482292877,6,1.04977062,2.55,0,2.55,0,0,0,5,5,0,-0.015934,0.142254,3,3,12,0.41666667,1,,,,
2141,18,19,1.524372832,0.997626199,0.737279205,1.12388839,5,0.92555152,2.55,0,2.55,0,0,0,5,5,0,0.170168,-0.015934,3,3,12,0.41666667,0,,,,
2141,24,40,1.504237524,0.984448641,0.755613865,1.13662273,5,0.98461461,2.55,0,2.55,0,0,0,5,5,0,0.142254,-0.037116,3,2,12,0.41666667,0,,,,
2141,17,18,1.405596351,0.964719527,0.713039748,1.002246068,5,1.03765971,3.04,2,2.55,0,0,0,5,5,2,-0.236879,0.170168,3,3,12,0.41666667,0,,,,
2141,40,42,1.342347778,0.878499855,0.765628382,1.027739558,5,1.72802499,2.55,0,2.55,0,0,0,5,5,0,-0.037116,0.107939,2,3,12,0.41666667,0,,,,
2141,13,12,1.509047358,0.987596438,0.83687251,1.26288025,0,1.04043552,2.55,0,2.55,0,0,0,0,0,0,0.041751,0.145087,1,3,0,0,0,,,,
2141,46,47,1.506009081,0.985608038,0.83457621,1.256879352,0,1.04331662,2.55,0,2.55,0,0,0,0,0,0,0.147119,0.041588,3,1,0,0,0,,,,
2141,3,17,1.430070886,0.981517424,0.973935582,1.392796922,0,0.89003269,2.55,0,3.04,2,1,0,6,5,2,0.173689,-0.236879,3,3,0,0,0,,,,
2141,10,0,1.386158966,0.985187609,0.962295794,1.333894943,0,1.00212481,3.44,1,2.55,0,0,1,0,6,1,-0.271774,0.232699,2,3,0,0,0,,,,
2141,45,46,1.374311549,0.97676727,0.71652468,0.984728144,0,1.03946568,3.44,1,2.55,0,0,0,0,0,1,-0.264966,0.147119,2,3,0,0,0,,,,
2141,42,45,1.366767683,0.971405602,0.99639899,1.361845939,0,1.04075674,2.55,0,3.44,1,0,0,5,0,1,0.107939,-0.264966,3,2,0,0,0,,,,
2141,12,10,1.362140853,0.968117167,0.726725686,0.989902747,0,1.07718713,2.55,0,3.44,1,0,0,0,0,1,0.145087,-0.271774,3,2,0,0,0,,,,
2142,19,24,1.565879354,1.024790153,0.94704695,1.482961266,6,1.04651175,2.55,0,2.55,0,0,0,5,5,0,0.010912,0.152202,3,3,12,0.41666667,1,,,,
2142,18,19,1.523414844,0.996999243,0.743972353,1.133378525,5,0.92837659,2.55,0,2.55,0,0,0,5,5,0,0.167816,0.010912,3,3,12,0.41666667,0,,,,
2142,24,33,1.504317941,0.98450127,0.75336096,1.133294409,5,0.98433124,2.55,0,2.55,0,0,0,5,5,0,0.152202,-0.041456,3,2,12,0.41666667,0,,,,
2142,17,18,1.405282545,0.964504149,0.712364877,1.001073928,5,1.03736582,3.04,2,2.55,0,0,0,5,5,2,-0.236239,0.167816,3,3,12,0.41666667,0,,,,
2142,33,35,1.342061827,0.878312714,0.765379636,1.027186793,5,1.72824206,2.55,0,2.55,0,0,0,5,5,0,-0.041456,0.111752,2,3,12,0.41666667,0,,,,
2142,13,12,1.50909816,0.987629686,0.83692409,1.263000604,0,1.04055558,2.55,0,2.55,0,0,0,0,0,0,0.041875,0.144935,1,3,0,0,0,,,,
2142,39,40,1.505961338,0.985576792,0.834612732,1.256894506,0,1.04335705,2.55,0,2.55,0,0,0,0,0,0,0.146704,0.041067,3,1,0,0,0,,,,
2142,3,17,1.430075529,0.98152061,0.974269951,1.393279615,0,0.89035657,2.55,0,3.04,2,1,0,6,5,2,0.171632,-0.236239,3,3,0,0,0,,,,
2142,10,0,1.386148844,0.985180415,0.962349728,1.333959963,0,1.00263346,3.44,1,2.55,0,0,1,0,6,1,-0.271472,0.232462,2,3,0,0,0,,,,
2142,38,39,1.374624735,0.976989861,0.716269733,0.984602092,0,1.03945749,3.44,1,2.55,0,0,0,0,0,1,-0.265053,0.146704,2,3,0,0,0,,,,
2142,35,38,1.366818992,0.97144207,0.996161421,1.36157235,0,1.04076149,2.55,0,3.44,1,0,0,5,0,1,0.111752,-0.265053,3,2,0,0,0,,,,
2142,12,10,1.36184029,0.967903546,0.727186385,0.990311717,0,1.07750162,2.55,0,3.44,1,0,0,0,0,1,0.144935,-0.271472,3,2,0,0,0,,,,
2143,19,24,1.564087024,1.023617162,0.938018357,1.467142341,6,1.05801991,2.55,0,2.55,0,0,0,5,5,0,-0.020987,0.139647,3,3,12,0.33333333,1,,,,
2143,18,19,1.527354044,0.999577254,0.731331789,1.117002566,5,0.91786275,2.55,0,2.55,0,0,0,5,5,0,0.174017,-0.020987,3,3,12,0.33333333,0,,,,
2143,24,40,1.506143569,0.985696053,0.919662021,1.385143039,5,1.02144556,2.55,0,2.55,0,0,0,5,5,0,0.139647,0.197436,3,3,12,0.33333333,0,,,,
2143,17,18,1.4026499,0.962697254,0.713617365,1.000955325,5,1.04827337,3.04,2,2.55,0,0,0,5,5,2,-0.236663,0.174017,3,3,12,0.33333333,0,,,,
2143,13,12,1.508623375,0.987318963,0.836568511,1.26206681,0,1.04080667,2.55,0,2.55,0,0,0,0,0,0,0.041813,0.145148,1,3,0,0,0,,,,
2143,48,46,1.505798713,0.985470362,0.837796779,1.261553312,0,1.04732207,2.55,0,2.55,0,0,0,0,0,0,0.155139,0.042177,3,1,0,0,0,,,,
2143,3,17,1.430865864,0.98206305,0.973534591,1.392997413,0,0.88491499,2.55,0,3.04,2,1,0,6,5,2,0.176461,-0.236663,3,3,0,0,0,,,,
2143,10,0,1.385626684,0.984809299,0.962248687,1.333317458,0,1.00426295,3.44,1,2.55,0,0,1,0,6,1,-0.271754,0.232754,2,3,0,0,0,,,,
2143,40,50,1.373610799,0.976269224,0.737961086,1.013671316,0,1.03291916,2.55,0,3.44,1,0,0,5,0,1,0.197436,-0.274267,3,2,0,0,0,,,,
2143,50,48,1.366202308,0.971003773,0.717298812,0.979975292,0,1.05055647,3.44,1,2.55,0,0,0,0,0,1,-0.274267,0.155139,2,3,0,0,0,,,,
2143,12,10,1.362619291,0.968457207,0.726978025,0.990594281,0,1.07502079,2.55,0,3.44,1,0,0,0,0,1,0.145148,-0.271754,3,2,0,0,0,,,,
2144,19,24,1.56110682,1.021666767,0.940075053,1.467557576,6,1.05442028,2.55,0,2.55,0,0,0,5,5,0,0.006242,0.154116,3,3,12,0.33333333,1,,,,
2144,18,19,1.526928805,0.999298956,0.737382207,1.125930133,5,0.92027893,2.55,0,2.55,0,0,0,5,5,0,0.172485,0.006242,3,3,12,0.33333333,0,,,,
2144,24,33,1.505156371,0.985049981,0.920954345,1.386180299,5,1.02038355,2.55,0,2.55,0,0,0,5,5,0,0.154116,0.189389,3,3,12,0.33333333,0,,,,
2144,17,18,1.401830267,0.962134706,0.713000709,0.999505974,5,1.04920583,3.04,2,2.55,0,0,0,5,5,2,-0.235834,0.172485,3,3,12,0.33333333,0,,,,
2144,13,12,1.508759594,0.987408111,0.836546049,1.262146877,0,1.04079508,2.55,0,2.55,0,0,0,0,0,0,0.042485,0.145127,1,3,0,0,0,,,,
2144,51,48,1.505298979,0.985143311,0.837275501,1.260349956,0,1.04802065,2.55,0,2.55,0,0,0,0,0,0,0.155295,0.042523,3,1,0,0,0,,,,
2144,3,17,1.430772407,0.981998907,0.973170254,1.392385148,0,0.88413522,2.55,0,3.04,2,1,0,6,5,2,0.174959,-0.235834,3,3,0,0,0,,,,
2144,10,0,1.385550833,0.984755389,0.962345119,1.333378081,0,1.00438458,3.44,1,2.55,0,0,1,0,6,1,-0.272042,0.233347,2,3,0,0,0,,,,
2144,33,53,1.372799659,0.975692721,0.738318218,1.013562997,0,1.03545586,2.55,0,3.44,1,0,0,5,0,1,0.189389,-0.274365,3,2,0,0,0,,,,
2144,53,51,1.367138337,0.971669038,0.71711857,0.98040029,0,1.0468158,3.44,1,2.55,0,0,0,0,0,1,-0.274365,0.155295,2,3,0,0,0,,,,
2144,12,10,1.362662984,0.968488262,0.72718289,0.990905206,0,1.07482577,2.55,0,3.44,1,0,0,0,0,1,0.145127,-0.272042,3,2,0,0,0,,,,
2145,3,2,1.578902768,1.03331333,0.702447929,1.109096979,5,0.99120653,2.55,0,2.55,0,0,0,5,5,0,0.004924,0.238742,3,3,9,0.33333333,1,,,,
2145,19,3,1.55801643,1.01964426,0.998711912,1.556009567,5,1.00193361,2.55,0,2.55,0,0,0,5,5,0,0.391377,0.004924,3,3,9,0.33333333,0,,,,
2145,2,1,1.529166604,1.000763484,0.773758299,1.18320535,5,0.92257982,2.55,0,2.55,0,0,0,5,5,0,0.238742,0.183066,3,3,9,0.33333333,0,,,,
2145,28,29,1.505979618,0.985588755,0.83665725,1.259988765,0,1.04608904,2.55,0,2.55,0,0,0,0,0,0,0.138918,0.045045,3,1,0,0,0,,,,
2145,23,21,1.414847028,1.005577135,0.844938739,1.195459064,0,0.96353826,2.55,0,3.44,1,0,0,0,0,1,0.195747,-0.360961,1,2,0,0,0,,,,
2145,21,19,1.391409394,0.988919257,0.673235561,0.936746284,0,1.11029528,3.44,1,2.55,0,0,0,0,5,1,-0.360961,0.391377,2,3,0,0,0,,,,
2145,27,28,1.374406389,0.976834676,0.711573038,0.97799053,0,1.04034601,3.44,1,2.55,0,0,0,0,0,1,-0.265939,0.138918,2,3,0,0,0,,,,
2145,1,27,1.364522842,0.969810122,0.745057198,1.016647565,0,1.04978024,2.55,0,3.44,1,0,0,5,0,1,0.183066,-0.265939,3,2,0,0,0,,,,
2146,18,19,1.531198885,1.002093511,0.702829944,1.076172426,5,0.92274366,2.55,0,2.55,0,0,0,5,5,0,0.171082,0.005379,3,3,16,0.375,0,,,,
2146,19,24,1.527213671,0.999485386,0.918831692,1.403252321,6,1.06370165,2.55,0,2.55,0,0,0,5,5,0,0.005379,0.161566,3,3,16,0.375,1,,,,
2146,24,36,1.516095323,0.992208981,0.951822857,1.443054182,5,0.97252676,2.55,0,2.55,0,0,1,5,5,0,0.161566,0.0315,3,3,16,0.375,0,,,,
2146,17,18,1.411272277,0.968615152,0.710531582,1.002753524,5,1.03931587,3.04,2,2.55,0,0,0,5,5,2,-0.237476,0.171082,3,3,16,0.375,0,,,,
2146,55,56,1.509991447,0.988214298,0.837312159,1.264334198,0,1.03968199,2.55,0,2.55,0,0,0,0,0,0,0.144698,0.041967,3,1,0,0,0,,,,
2146,13,12,1.509006532,0.98756972,0.83693294,1.262937273,0,1.0404958,2.55,0,2.55,0,0,0,0,0,0,0.042024,0.145693,1,3,0,0,0,,,,
2146,3,17,1.429408977,0.981063127,0.973752354,1.391890356,0,0.88473527,2.55,0,3.04,2,1,0,6,5,2,0.171781,-0.237476,3,3,0,0,0,,,,
2146,42,40,1.389200514,0.987349335,0.757230939,1.051945611,0,0.99148268,2.55,0,3.44,1,1,0,6,0,1,0.210349,-0.272546,3,2,0,0,0,,,,
2146,10,0,1.385685209,0.984850895,0.962201923,1.333308974,0,1.00372588,3.44,1,2.55,0,0,1,0,6,1,-0.272014,0.233179,2,3,0,0,0,,,,
2146,12,10,1.361942435,0.967976144,0.727190452,0.990391534,0,1.07575207,2.55,0,3.44,1,0,0,0,0,1,0.145693,-0.272014,3,2,0,0,0,,,,
2146,40,55,1.359470188,0.966219039,0.727304468,0.988748742,0,1.08465628,3.44,1,2.55,0,0,0,0,0,1,-0.272546,0.144698,2,3,0,0,0,,,,
2147,5,4,1.575501807,1.03108757,0.874480403,1.377745455,5,0.99483164,2.55,0,2.55,0,0,0,5,5,0,-0.245435,-0.056803,4,3,5,0.2,1,,,,
2147,28,29,1.548278663,1.013271376,0.925317148,1.432648796,6,1.03592562,2.55,0,2.55,0,0,0,6,6,0,0.166161,-0.01835,3,3,6,0.16666667,0,,,,
2147,29,44,1.573519241,1.029790079,0.836822917,1.316756962,0,0.98203357,2.55,0,2.55,0,0,0,6,0,0,-0.01835,-0.24131,3,4,0,0,0,,,,
2147,44,54,1.556562568,1.01869278,0.705670758,1.098420687,0,1.02259059,2.55,0,2.55,0,0,0,0,0,0,-0.24131,0.037404,4,2,0,0,0,,,,
2147,54,55,1.533490185,1.003593053,0.848692943,1.301462299,0,1.10758228,2.55,0,2.55,0,0,0,0,0,0,0.037404,0.019722,2,1,0,0,0,,,,
2147,4,25,1.519079154,0.99416175,0.708083822,1.075635374,0,0.93014001,2.55,0,2.55,0,0,0,5,0,0,-0.056803,0.227821,3,3,0,0,0,,,,
2147,12,5,1.518304744,0.993654937,0.692982834,1.052159124,0,1.02536529,2.55,0,2.55,0,0,0,0,5,0,0.325729,-0.245435,2,4,0,0,0,,,,
2147,17,16,1.518213885,0.993595474,0.829446288,1.259276871,0,1.10676529,2.55,0,2.55,0,0,0,0,0,0,0.009077,0.183741,1,2,0,0,0,,,,
2147,27,28,1.454006814,1.03340925,0.71074059,1.033421661,0,0.8716285,3.44,1,2.55,0,0,0,0,6,1,-0.318751,0.166161,2,3,0,0,0,,,,
2147,13,12,1.409377968,1.001690098,0.673998215,0.949918235,0,1.02193895,3.44,1,2.55,0,0,0,0,0,1,-0.393764,0.325729,2,2,0,0,0,,,,
2147,16,13,1.408648209,1.001171435,0.674456123,0.95007141,0,0.99182543,2.55,0,3.44,1,0,0,0,0,1,0.183741,-0.393764,2,2,0,0,0,,,,
2147,25,27,1.34704484,0.957387946,0.691777649,0.931855512,0,1.16579224,2.55,0,3.44,1,0,0,0,0,1,0.227821,-0.318751,3,2,0,0,0,,,,
2148,3,8,1.573801861,1.02997504,0.816919934,1.285670112,5,0.94316974,2.55,0,2.55,0,0,0,4,5,0,-0.059917,-0.219557,3,4,7,0.28571429,1,,,,
2148,1,3,1.556526065,1.018668891,0.77510567,1.206472179,4,1.07382072,2.55,0,2.55,0,0,0,4,4,0,0.232848,-0.059917,3,3,6,0.33333333,0,,,,
2148,8,24,1.520407018,0.995030771,0.692758811,1.053275358,0,1.06882334,2.55,0,2.55,0,0,0,5,0,0,-0.219557,0.350705,4,2,0,0,0,,,,
2148,28,29,1.509562334,0.987933464,0.844023557,1.274106171,0,1.04042821,2.55,0,2.55,0,0,0,0,0,0,0.122379,0.0545,3,1,0,0,0,,,,
2148,20,18,1.507164749,0.986364365,0.844617737,1.27297808,0,1.0478267,2.55,0,2.55,0,0,0,0,0,0,0.055506,0.131583,1,3,0,0,0,,,,
2148,24,25,1.437094972,1.021389461,0.810712336,1.165070622,0,0.91989284,2.55,0,3.44,1,0,0,0,0,1,0.350705,-0.320588,2,2,0,0,0,,,,
2148,17,1,1.420724966,1.009754773,0.843293981,1.198088812,0,0.92816588,3.44,1,2.55,0,0,0,0,4,1,-0.293,0.232848,2,3,0,0,0,,,,
2148,18,17,1.354234919,0.962498165,0.685525456,0.92836251,0,1.12735429,2.55,0,3.44,1,0,0,0,0,1,0.131583,-0.293,3,2,0,0,0,,,,
2148,25,28,1.350601361,0.959915679,0.691521011,0.933969219,0,1.1446643,3.44,1,2.55,0,0,0,0,0,1,-0.320588,0.122379,2,3,0,0,0,,,,
2149,1,3,1.560823441,1.02148131,0.783110655,1.222297467,4,1.0693649,2.55,0,2.55,0,0,0,4,4,0,0.209051,-0.050844,3,3,8,0.25,0,,,,
2149,3,8,1.555177117,1.017786071,0.85024736,1.322285238,6,0.96544895,2.55,0,2.55,0,0,0,4,6,0,-0.050844,-0.169117,3,4,8,0.25,1,,,,
2149,8,21,1.528371725,1.000243275,0.676051933,1.033258659,0,1.05419246,2.55,0,2.55,0,0,0,6,0,0,-0.169117,0.317217,4,2,0,0,0,,,,
2149,25,26,1.509835157,0.988112014,0.842703224,1.272342954,0,1.03619697,2.55,0,2.55,0,0,0,0,0,0,0.123199,0.048849,3,1,0,0,0,,,,
2149,17,15,1.506938595,0.986216358,0.843796331,1.271549257,0,1.04624357,2.55,0,2.55,0,0,0,0,0,0,0.05401,0.1372,1,3,0,0,0,,,,
2149,21,22,1.437649567,1.021783629,0.751891735,1.080956826,0,0.90377441,2.55,0,3.44,1,0,0,0,0,1,0.317217,-0.333394,2,2,0,0,0,,,,
2149,14,1,1.420092071,1.009304954,0.813676617,1.155495711,0,0.93112019,3.44,1,2.55,0,0,0,0,4,1,-0.293488,0.209051,2,3,0,0,0,,,,
2149,15,14,1.355412883,0.963335383,0.691591031,0.937391393,0,1.12341828,2.55,0,3.44,1,0,0,0,0,1,0.1372,-0.293488,3,2,0,0,0,,,,
2149,22,25,1.352987487,0.961611576,0.694861055,0.940138312,0,1.12793718,3.44,1,2.55,0,0,0,0,0,1,-0.333394,0.123199,2,3,0,0,0,,,,
2150,1,3,1.562674114,1.022692483,0.796836676,1.245196047,4,1.05616738,2.55,0,2.55,0,0,0,4,4,0,0.197348,-0.041472,3,3,8,0.25,0,,,,
2150,3,8,1.550352326,1.014628486,0.871184194,1.350642442,6,0.97984178,2.55,0,2.55,0,0,0,4,6,0,-0.041472,-0.159131,3,4,8,0.25,1,,,,
2150,8,21,1.532267577,1.002792917,0.660873672,1.0126353,0,1.02289444,2.55,0,2.55,0,0,0,6,0,0,-0.159131,0.293604,4,2,0,0,0,,,,
2150,25,26,1.50976555,0.988066459,0.845082658,1.275876684,0,1.04266854,2.55,0,2.55,0,0,0,0,0,0,0.124783,0.052486,3,1,0,0,0,,,,
2150,17,15,1.506454389,0.985899469,0.842460914,1.269128942,0,1.04426832,2.55,0,2.55,0,0,0,0,0,0,0.053726,0.141991,1,3,0,0,0,,,,
2150,21,22,1.436144249,1.020713752,0.694722122,0.99772118,0,0.89718018,2.55,0,3.44,1,0,0,0,0,1,0.293604,-0.330442,2,2,0,0,0,,,,
2150,14,1,1.417080469,1.007164513,0.788762003,1.117739229,0,0.93910785,3.44,1,2.55,0,0,0,0,4,1,-0.29583,0.197348,2,3,0,0,0,,,,
2150,15,14,1.358378814,0.965443365,0.693899886,0.942578904,0,1.1125637,2.55,0,3.44,1,0,0,0,0,1,0.141991,-0.29583,3,2,0,0,0,,,,
2150,22,25,1.352385123,0.961183456,0.687683036,0.930012307,0,1.12372563,3.44,1,2.55,0,0,0,0,0,1,-0.330442,0.124783,2,3,0,0,0,,,,
2151,5,1,1.509717205,1.036182022,0.963334441,1.454362579,5,0.88799844,2.55,0,3.04,2,0,0,5,5,2,-0.200811,-0.176503,4,3,8,0.375,1,,,,
2151,22,24,1.416089822,0.971921635,0.72285292,1.023624663,5,1.01338259,2.55,0,3.04,2,0,0,5,5,2,0.286619,-0.298444,3,3,8,0.375,0,,,,
2151,1,22,1.387882826,0.952561995,0.751693261,1.043262168,5,1.08232209,3.04,2,2.55,0,0,0,5,5,2,-0.176503,0.286619,3,3,8,0.375,0,,,,
2151,8,5,1.523081386,0.996781012,0.686851419,1.046130611,0,1.0808763,2.55,0,2.55,0,0,0,0,5,0,0.366492,-0.200811,2,4,0,0,0,,,,
2151,34,35,1.518934142,0.994066847,0.861688376,1.308847895,0,1.07089749,2.55,0,2.55,0,0,0,0,0,0,0.006935,0.049447,3,1,0,0,0,,,,
2151,13,12,1.507459073,0.986556985,0.842481595,1.270006524,0,1.04129038,2.55,0,2.55,0,0,0,0,0,0,0.055273,0.128067,1,3,0,0,0,,,,
2151,28,34,1.502912492,0.983581474,0.960738361,1.443905684,0,0.91930277,2.55,0,2.55,0,1,0,6,0,0,0.046139,0.006935,3,3,0,0,0,,,,
2151,9,8,1.432689665,1.018258469,0.789800149,1.131538511,0,0.92295367,3.44,1,2.55,0,0,0,0,0,1,-0.327776,0.366492,2,2,0,0,0,,,,
2151,24,25,1.423879941,0.977268319,0.973789733,1.386559668,0,0.93826055,3.04,2,2.55,0,0,1,5,6,2,-0.298444,0.176218,3,3,0,0,0,,,,
2151,12,9,1.357435766,0.96477311,0.693384496,0.941224915,0,1.11973767,2.55,0,3.44,1,0,0,0,0,1,0.128067,-0.327776,3,2,0,0,0,,,,
2152,5,4,1.532610621,1.003017422,0.785823835,1.204361955,5,0.93471748,2.55,0,2.55,0,0,0,5,5,0,0.023822,-0.040281,3,3,9,0.44444444,0,,,,
2152,1,5,1.493977343,1.025379096,0.712471754,1.064416658,5,0.92679643,3.04,2,2.55,0,0,0,5,5,2,-0.177317,0.023822,3,3,9,0.44444444,1,,,,
2152,13,11,1.415860865,0.971764492,0.722302809,1.022680279,5,1.00412708,3.04,2,2.55,0,0,0,5,5,2,-0.29962,0.272041,3,3,9,0.44444444,0,,,,
2152,11,1,1.391031331,0.954722945,0.737863602,1.026391388,5,1.07458233,2.55,0,3.04,2,0,0,5,5,2,0.272041,-0.177317,3,3,9,0.44444444,0,,,,
2152,24,23,1.519010487,0.994116811,0.861665315,1.30887865,0,1.07093911,2.55,0,2.55,0,0,0,0,0,0,0.049735,0.007153,1,3,0,0,0,,,,
2152,36,33,1.508015145,0.986920907,0.844599467,1.273668788,0,1.04790413,2.55,0,2.55,0,0,0,0,0,0,0.123268,0.052296,3,1,0,0,0,,,,
2152,23,17,1.503033896,0.983660927,0.960623813,1.443850152,0,0.91951713,2.55,0,2.55,0,0,1,0,6,0,0.007153,0.045322,3,3,0,0,0,,,,
2152,4,37,1.488499552,0.974148921,0.728134038,1.08382719,0,1.04103718,2.55,0,2.55,0,0,0,5,0,0,-0.040281,0.321692,3,2,0,0,0,,,,
2152,37,35,1.425843115,1.013392406,0.693451016,0.988752357,0,0.94945662,2.55,0,3.44,1,0,0,0,0,1,0.321692,-0.319377,2,2,0,0,0,,,,
2152,14,13,1.423790969,0.977207254,0.973715346,1.386367116,0,0.93629913,2.55,0,3.04,2,1,0,6,5,2,0.174844,-0.29962,3,3,0,0,0,,,,
2152,35,36,1.355285306,0.963244709,0.686239161,0.930049852,0,1.11609221,3.44,1,2.55,0,0,0,0,0,1,-0.319377,0.123268,2,3,0,0,0,,,,
2153,1,5,1.570054965,1.027522883,0.870958317,1.367452429,6,1.01152425,2.55,0,2.55,0,1,0,5,6,0,-0.026911,-0.215018,3,4,9,0.33333333,1,,,,
2153,14,12,1.53500916,1.004587147,0.692485974,1.062972314,0,1.08881467,2.55,0,2.55,0,0,0,0,0,0,0.186471,0.171243,2,2,0,0,0,,,,
2153,5,26,1.527035382,0.999368705,0.665170507,1.015738899,0,1.02387674,2.55,0,2.55,0,0,0,6,0,0,-0.215018,0.317013,4,2,0,0,0,,,,
2153,16,15,1.517383289,0.99305189,0.873299109,1.325129475,0,1.02254561,2.55,0,2.55,0,0,0,0,0,0,-0.034993,0.124176,1,3,0,0,0,,,,
2153,28,29,1.509415122,0.987837122,0.844832441,1.275202862,0,1.04324579,2.55,0,2.55,0,0,0,0,0,0,0.120644,0.052874,3,1,0,0,0,,,,
2153,12,11,1.453601132,0.997667215,0.812884439,1.181609741,0,0.91012959,2.55,0,3.04,2,0,1,0,5,2,0.171243,-0.291207,2,3,0,0,0,,,,
2153,26,27,1.435088032,1.019963065,0.688648303,0.988270938,0,0.90930073,2.55,0,3.44,1,0,0,0,0,1,0.317013,-0.329182,2,2,0,0,0,,,,
2153,13,14,1.419212138,1.008679558,0.821050263,1.1652445,0,0.96984422,3.44,1,2.55,0,0,0,0,0,1,-0.29594,0.186471,2,2,0,0,0,,,,
2153,15,13,1.367320035,0.971798177,0.995379605,1.361002477,0,1.08531672,2.55,0,3.44,1,0,0,0,0,1,0.124176,-0.29594,3,2,0,0,0,,,,
2153,27,28,1.353226394,0.961781374,0.687230194,0.929978037,0,1.12330389,3.44,1,2.55,0,0,0,0,0,1,-0.329182,0.120644,2,3,0,0,0,,,,
2154,1,5,1.568492421,1.026500275,0.837895719,1.314233084,6,0.99632159,2.55,0,2.55,0,0,0,5,6,0,-0.021058,-0.20045,3,4,9,0.33333333,1,,,,
2154,9,1,1.52883863,1.000548842,0.728206232,1.113309819,5,0.90742759,2.55,0,2.55,0,0,0,5,5,0,0.162829,-0.021058,3,3,9,0.33333333,0,,,,
2154,11,9,1.398453569,0.959817137,0.709595906,0.992336928,5,1.05557748,3.04,2,2.55,0,0,0,5,5,2,-0.291524,0.162829,3,3,9,0.33333333,0,,,,
2154,5,26,1.536443494,1.005525847,0.653744144,1.004440937,0,1.00623944,2.55,0,2.55,0,0,0,6,0,0,-0.20045,0.296821,4,2,0,0,0,,,,
2154,14,12,1.535100786,1.004647111,0.692171185,1.062552531,0,1.08970249,2.55,0,2.55,0,0,0,0,0,0,0.185779,0.171347,2,2,0,0,0,,,,
2154,16,15,1.517377838,0.993048323,0.87323107,1.325021474,0,1.02224879,2.55,0,2.55,0,0,0,0,0,0,-0.035131,0.124398,1,3,0,0,0,,,,
2154,28,29,1.509469257,0.98787255,0.845284247,1.275930584,0,1.04370751,2.55,0,2.55,0,0,0,0,0,0,0.122977,0.052574,3,1,0,0,0,,,,
2154,12,11,1.453257488,0.997431358,0.814731167,1.184014169,0,0.91036266,2.55,0,3.04,2,0,0,0,5,2,0.171347,-0.291524,2,3,0,0,0,,,,
2154,26,27,1.434008602,1.019195879,0.690656803,0.990407796,0,0.89796402,2.55,0,3.44,1,0,0,0,0,1,0.296821,-0.328842,2,2,0,0,0,,,,
2154,13,14,1.418841818,1.008416359,0.822120577,1.166459054,0,0.96961661,3.44,1,2.55,0,0,0,0,0,1,-0.295535,0.185779,2,2,0,0,0,,,,
2154,15,13,1.366994623,0.971566896,0.99553966,1.360897362,0,1.08584585,2.55,0,3.44,1,0,0,0,0,1,0.124398,-0.295535,3,2,0,0,0,,,,
2154,27,28,1.353817793,0.962201701,0.68779604,0.931150517,0,1.12014449,3.44,1,2.55,0,0,0,0,0,1,-0.328842,0.122977,2,3,0,0,0,,,,
2155,1,5,1.492928511,1.024659239,0.966474006,1.442876599,6,0.87706477,3.04,2,2.55,0,0,0,5,6,2,-0.195037,0.148226,3,4,9,0.33333333,1,,,,
2155,9,7,1.419965966,0.974581995,0.71671034,1.01770429,5,1.00290215,3.04,2,2.55,0,0,0,5,5,2,-0.302504,0.293338,3,3,9,0.33333333,0,,,,
2155,7,1,1.379186566,0.946593388,0.74122956,1.022293852,5,1.08720854,2.55,0,3.04,2,0,0,5,5,2,0.293338,-0.195037,3,3,9,0.33333333,0,,,,
2155,20,19,1.519285508,0.994296798,0.86170996,1.309183454,0,1.07024423,2.55,0,2.55,0,0,0,0,0,0,0.049741,0.007005,1,3,0,0,0,,,,
2155,19,13,1.502359856,0.983219801,0.960795582,1.443460712,0,0.92087407,2.55,0,2.55,0,0,1,0,6,0,0.007005,0.046506,3,3,0,0,0,,,,
2155,36,34,1.500928369,0.982282964,0.835008667,1.253288197,0,1.05630883,2.55,0,2.55,0,0,0,0,0,0,0.142236,0.054783,3,1,0,0,0,,,,
2155,10,9,1.423701569,0.977145895,0.973676022,1.386224079,0,0.94281794,2.55,0,3.04,2,1,0,6,5,2,0.174589,-0.302504,3,3,0,0,0,,,,
2155,5,38,1.398562546,0.994003231,0.8847871,1.237430099,0,1.00124846,2.55,0,3.44,1,0,0,6,0,1,0.148226,-0.305658,4,2,0,0,0,,,,
2155,38,36,1.378532715,0.979767388,0.704737296,0.971503419,0,1.0200464,3.44,1,2.55,0,0,0,0,0,1,-0.305658,0.142236,2,3,0,0,0,,,,
2156,1,5,1.473301431,1.011188353,0.979848236,1.443599079,6,0.90320914,3.04,2,2.55,0,0,0,5,6,2,-0.196978,0.179714,3,4,9,0.33333333,1,,,,
2156,9,7,1.419581842,0.974318354,0.714828134,1.014739251,5,1.00197747,3.04,2,2.55,0,0,0,5,5,2,-0.302842,0.296854,3,3,9,0.33333333,0,,,,
2156,7,1,1.374811695,0.943590731,0.738661961,1.015523619,5,1.09043081,2.55,0,3.04,2,0,0,5,5,2,0.296854,-0.196978,3,3,9,0.33333333,0,,,,
2156,20,19,1.519347013,0.99433705,0.86193388,1.309573397,0,1.06994943,2.55,0,2.55,0,0,0,0,0,0,0.049673,0.0066,1,3,0,0,0,,,,
2156,19,13,1.501854028,0.982888762,0.96072477,1.442871429,0,0.9221228,2.55,0,2.55,0,0,1,0,6,0,0.0066,0.046249,3,3,0,0,0,,,,
2156,34,32,1.501602323,0.982724034,0.835487894,1.254544892,0,1.05661782,2.55,0,2.55,0,0,0,0,0,0,0.144292,0.055387,3,1,0,0,0,,,,
2156,10,9,1.423612379,0.97708468,0.973823625,1.386371428,0,0.94545393,2.55,0,3.04,2,1,0,6,5,2,0.175092,-0.302842,3,3,0,0,0,,,,
2156,5,36,1.407190523,1.000135411,0.892116323,1.255361457,0,0.98503498,2.55,0,3.44,1,0,0,6,0,1,0.179714,-0.316812,4,2,0,0,0,,,,
2156,36,34,1.376733828,0.978488862,0.703708749,0.968805892,0,1.01799505,3.44,1,2.55,0,0,0,0,0,1,-0.316812,0.144292,2,3,0,0,0,,,,
2157,5,1,1.589970077,1.040556333,0.835398,1.328271535,5,0.99506071,2.55,0,2.55,0,0,1,5,5,0,0.038834,-0.027558,4,3,8,0.375,1,,,,
2157,19,17,1.529492721,1.000976912,0.839107907,1.283426861,0,1.10815334,2.55,0,2.55,0,0,0,0,0,0,0.018813,0.090786,1,2,0,0,0,,,,
2157,12,13,1.525341324,0.998260029,0.671439666,1.024181294,0,1.0848895,2.55,0,2.55,0,0,0,0,0,0,0.178249,0.209848,2,2,0,0,0,,,,
2157,32,34,1.523131026,0.996813498,0.696552855,1.060942542,0,1.07148975,2.55,0,2.55,0,0,0,0,0,0,0.029285,0.031729,2,2,0,0,0,,,,
2157,55,56,1.519043352,0.994138319,0.861816512,1.309137803,0,1.06933821,2.55,0,2.55,0,0,0,0,0,0,0.008824,0.048605,3,1,0,0,0,,,,
2157,17,5,1.515322978,0.991703519,0.706496292,1.070593488,0,1.06680042,2.55,0,2.55,0,0,0,0,5,0,0.090786,0.038834,2,4,0,0,0,,,,
2157,31,32,1.513537867,0.990535253,0.697695093,1.055992157,0,0.98500787,2.55,0,2.55,0,0,0,0,0,0,0.161656,0.029285,3,2,0,0,0,,,,
2157,34,37,1.513108517,0.990254265,0.697708526,1.055711191,0,0.98747982,2.55,0,2.55,0,0,0,0,0,0,0.031729,0.165072,2,3,0,0,0,,,,
2157,42,43,1.509196689,0.987694168,0.958057967,1.445930631,0,0.99074886,2.55,0,2.55,0,0,1,0,6,0,0.300498,-0.053444,2,3,0,0,0,,,,
2157,49,55,1.503821431,0.984176329,0.960704902,1.444737487,0,0.91757344,2.55,0,2.55,0,1,0,6,0,0,0.026781,0.008824,3,3,0,0,0,,,,
2157,11,12,1.452627823,0.996999192,0.816873468,1.186614912,0,0.91508424,3.04,2,2.55,0,1,0,5,0,2,-0.308704,0.178249,3,2,0,0,0,,,,
2157,13,14,1.431110627,1.017136195,0.680373,0.973678258,0,0.91344782,2.55,0,3.44,1,0,0,0,0,1,0.209848,-0.31566,2,2,0,0,0,,,,
2157,40,42,1.428485314,1.015270301,0.698510412,0.997813541,0,0.92732787,3.44,1,2.55,0,0,0,0,0,1,-0.309016,0.300498,2,2,0,0,0,,,,
2157,37,40,1.348900232,0.958706632,0.686210556,0.925635126,0,1.15928658,2.55,0,3.44,1,0,0,0,0,1,0.165072,-0.309016,3,2,0,0,0,,,,
2157,14,31,1.347903598,0.957998293,0.68634008,0.92511222,0,1.16666018,3.44,1,2.55,0,0,0,0,0,1,-0.31566,0.161656,2,3,0,0,0,,,,
2158,4,5,1.506675655,0.986044277,0.999120755,1.505156511,6,0.92259067,2.55,0,2.55,0,0,0,6,6,0,-0.08002,-0.096533,3,4,6,0.16666667,0,,,,
2158,5,7,1.514971975,0.991473806,0.912076857,1.381714036,0,1.02910318,2.55,0,2.55,0,0,0,6,0,0,-0.096533,0.369876,4,2,0,0,0,,,,
2158,25,24,1.506216643,0.985743876,0.846536731,1.274983859,0,1.05621583,2.55,0,2.55,0,0,0,0,0,0,0.05624,0.13058,1,3,0,0,0,,,,
2158,30,31,1.505643805,0.985368982,0.845618603,1.273094101,0,1.05487552,2.55,0,2.55,0,0,0,0,0,0,0.133763,0.053242,3,1,0,0,0,,,,
2158,8,4,1.498166822,0.980475669,0.901680605,1.350795855,0,1.10857745,2.55,0,2.55,0,0,0,0,6,0,0.305173,-0.08002,2,3,0,0,0,,,,
2158,21,8,1.441234057,1.024331242,0.706260163,1.018243868,0,0.90140869,3.44,1,2.55,0,0,0,0,0,1,-0.33113,0.305173,2,2,0,0,0,,,,
2158,7,9,1.427418357,1.014511981,0.704281758,1.005279698,0,0.92345921,2.55,0,3.44,1,0,0,0,0,1,0.369876,-0.330988,2,2,0,0,0,,,,
2158,9,30,1.356352251,0.964003021,0.691689456,0.938343845,0,1.11110864,3.44,1,2.55,0,0,0,0,0,1,-0.330988,0.133763,2,3,0,0,0,,,,
2158,24,21,1.353806418,0.962193617,0.690217628,0.93429512,0,1.12330563,2.55,0,3.44,1,0,0,0,0,1,0.13058,-0.33113,3,2,0,0,0,,,,
2159,5,1,1.589091461,1.039981323,0.836083852,1.32862087,5,0.9947478,2.55,0,2.55,0,0,1,5,5,0,0.039144,-0.024528,4,3,8,0.375,1,,,,
2159,12,13,1.543021406,1.009830763,0.702305498,1.083657733,0,1.09570084,2.55,0,2.55,0,0,0,0,0,0,0.186564,0.125446,2,2,0,0,0,,,,
2159,19,17,1.529401138,1.000916975,0.839707759,1.284235789,0,1.10903696,2.55,0,2.55,0,0,0,0,0,0,0.020283,0.089734,1,2,0,0,0,,,,
2159,17,5,1.515529629,0.991838762,0.70667022,1.070985062,0,1.06643044,2.55,0,2.55,0,0,0,0,5,0,0.089734,0.039144,2,4,0,0,0,,,,
2159,13,14,1.501836725,0.982877438,0.858527575,1.289372003,0,1.06678822,2.55,0,2.55,0,0,1,0,5,0,0.125446,-0.209019,2,3,0,0,0,,,,
2159,33,34,1.499457625,0.981320435,0.849254944,1.273409847,0,1.08086363,2.55,0,2.55,0,1,0,5,0,0,-0.212046,0.110717,3,1,0,0,0,,,,
2159,11,12,1.456053314,0.99935025,0.848994273,1.236205902,0,0.92106996,3.04,2,2.55,0,1,0,5,0,2,-0.295337,0.186564,3,2,0,0,0,,,,
2160,15,16,1.573739052,1.029933934,0.706030042,1.111070664,6,1.01391812,2.55,0,2.55,0,0,0,6,6,0,0.077007,0.019363,3,3,6,0.16666667,0,,,,
2160,18,15,1.535726704,1.005056743,0.847730151,1.301841813,0,0.91836422,2.55,0,2.55,0,0,0,0,6,0,0.177947,0.077007,3,3,0,0,0,,,,
2160,16,20,1.52508418,0.998091741,0.960940824,1.465511809,0,0.99290838,2.55,0,2.55,0,0,1,6,6,0,0.019363,0.022072,3,3,0,0,0,,,,
2160,49,50,1.51840122,0.993718076,0.861718446,1.308408811,0,1.07199854,2.55,0,2.55,0,0,0,0,0,0,0.007409,0.051013,3,1,0,0,0,,,,
2160,32,31,1.51414581,0.990933122,0.819700372,1.241135438,0,1.10680123,2.55,0,2.55,0,0,0,0,0,0,-0.002779,0.177764,1,2,0,0,0,,,,
2160,43,49,1.504266785,0.984467791,0.961127278,1.445786422,0,0.9159438,2.55,0,2.55,0,1,0,6,0,0,0.033642,0.007409,3,3,0,0,0,,,,
2160,31,30,1.442881,1.025501777,0.691491609,0.997744097,0,0.8824208,2.55,0,3.44,1,0,0,0,0,1,0.177764,-0.315589,2,2,0,0,0,,,,
2160,30,18,1.344835046,0.955817375,0.679522183,0.913841117,0,1.19497286,3.44,1,2.55,0,0,0,0,0,1,-0.315589,0.177947,2,3,0,0,0,,,,
2161,16,15,1.564033212,1.023581945,0.716208403,1.120142841,6,1.01761467,2.55,0,2.55,0,0,0,6,6,0,0.005123,0.063193,3,3,6,0.16666667,0,,,,
2161,44,43,1.537150905,1.005988812,0.838323989,1.28861642,0,1.10511967,2.55,0,2.55,0,0,0,0,0,0,0.020114,0.062738,1,2,0,0,0,,,,
2161,15,18,1.535451883,1.004876887,0.864295809,1.327099261,0,0.92594659,2.55,0,2.55,0,0,0,6,0,0,0.063193,0.172828,3,3,0,0,0,,,,
2161,20,16,1.526288011,0.998879588,0.955268614,1.458027412,0,0.97595551,2.55,0,2.55,0,1,0,6,6,0,0.033,0.005123,3,3,0,0,0,,,,
2161,31,52,1.514370889,0.991080425,0.819816928,1.241515081,0,1.10635921,2.55,0,2.55,0,0,0,0,0,0,0.179671,-0.000826,2,1,0,0,0,,,,
2161,43,37,1.514027146,0.990855462,0.965037449,1.461096732,0,1.03961756,2.55,0,2.55,0,0,1,0,6,0,0.062738,-0.012518,2,3,0,0,0,,,,
2161,30,31,1.441291784,1.02437227,0.69085359,0.995758127,0,0.88594519,3.44,1,2.55,0,0,0,0,0,1,-0.313424,0.179671,2,2,0,0,0,,,,
2161,18,30,1.345202748,0.956078712,0.680319659,0.915134787,0,1.192508,2.55,0,3.44,1,0,0,0,0,1,0.172828,-0.313424,3,2,0,0,0,,,,
2162,16,15,1.566823717,1.025408192,0.714895163,1.120162101,6,1.01449698,2.55,0,2.55,0,0,0,6,6,0,0.011718,0.065283,3,3,6,0.16666667,0,,,,
2162,15,18,1.537108882,1.00596131,0.867480718,1.33343242,0,0.9258831,2.55,0,2.55,0,0,0,6,0,0,0.065283,0.17174,3,3,0,0,0,,,,
2162,20,16,1.523713942,0.997194989,0.95569597,1.45625146,0,0.99475303,2.55,0,2.55,0,1,0,6,6,0,0.036942,0.011718,3,3,0,0,0,,,,
2162,31,46,1.514258351,0.991006774,0.819775129,1.241344452,0,1.10664607,2.55,0,2.55,0,0,0,0,0,0,0.178619,-0.001401,2,1,0,0,0,,,,
2162,43,37,1.508308208,0.987112701,0.999794375,1.508051558,0,0.95197333,2.55,0,2.55,0,0,1,0,6,0,0.546277,-0.093128,4,3,0,0,0,,,,
2162,30,31,1.442357892,1.025129987,0.691143043,0.996880452,0,0.88299447,3.44,1,2.55,0,0,0,0,0,1,-0.314802,0.178619,2,2,0,0,0,,,,
2162,18,30,1.344574894,0.955632476,0.680401768,0.914850092,0,1.19166086,2.55,0,3.44,1,0,0,0,0,1,0.17174,-0.314802,3,2,0,0,0,,,,
2163,15,16,1.567271093,1.025700977,0.768883564,1.205047718,6,0.96604963,2.55,0,2.55,0,0,0,6,6,0,0.093449,0.042492,3,3,6,0.16666667,0,,,,
2163,16,20,1.537045082,1.005919557,0.916495404,1.408681832,0,0.99085353,2.55,0,2.55,0,0,1,6,6,0,0.042492,-0.012247,3,3,0,0,0,,,,
2163,18,15,1.536717513,1.005705179,0.977095158,1.501530167,0,0.91143575,2.55,0,2.55,0,0,0,0,6,0,0.172829,0.093449,3,3,0,0,0,,,,
2163,51,52,1.529499415,1.000981292,0.85339191,1.305275185,0,1.13910954,2.55,0,2.55,0,0,0,0,0,0,0.042313,0.017612,2,1,0,0,0,,,,
2163,34,51,1.522398956,0.996334396,0.757298578,1.152912765,0,1.0414211,2.55,0,2.55,0,1,0,6,0,0,-0.042407,0.042313,3,2,0,0,0,,,,
2163,44,31,1.514305693,0.991037757,0.820348502,1.242261878,0,1.10583831,2.55,0,2.55,0,0,0,0,0,0,-0.004997,0.178277,1,2,0,0,0,,,,
2163,31,30,1.443779511,1.026140377,0.691649233,0.998592529,0,0.87834864,2.55,0,3.44,1,0,0,0,0,1,0.178277,-0.316933,2,2,0,0,0,,,,
2163,30,18,1.342644153,0.954260237,0.697788085,0.936876916,0,1.18013842,3.44,1,2.55,0,0,0,0,0,1,-0.316933,0.172829,2,3,0,0,0,,,,
2164,1,5,1.594928698,1.043801504,0.843139839,1.344725048,5,0.99089899,2.55,0,2.55,0,0,0,5,5,0,0.001703,0.078131,3,4,8,0.375,1,,,,
2164,9,1,1.521329896,0.995634749,0.766860955,1.16658083,5,0.91327331,2.55,0,2.55,0,0,0,5,5,0,0.209139,0.001703,3,3,8,0.375,0,,,,
2164,11,9,1.415745422,0.971685259,0.710097585,1.005258951,5,1.00625707,3.04,2,2.55,0,0,0,5,5,2,-0.269528,0.209139,3,3,8,0.375,0,,,,
2164,5,15,1.523604588,0.997123421,0.818804524,1.247496255,0,0.88588314,2.55,0,2.55,0,0,0,5,0,0,0.078131,0.120931,4,3,0,0,0,,,,
2164,23,22,1.509359326,0.987800606,0.999931962,1.509239344,0,1.06483516,2.55,0,2.55,0,0,1,0,6,0,0.076536,-0.017104,1,3,0,0,0,,,,
2164,17,29,1.44783725,0.993711221,0.885820492,1.282521161,0,0.98845569,3.04,2,2.55,0,0,0,0,0,2,-0.17975,0.108844,2,1,0,0,0,,,,
2164,12,11,1.431275478,0.982344185,0.973656936,1.393581532,0,0.88132005,2.55,0,3.04,2,1,0,6,5,2,0.158788,-0.269528,3,3,0,0,0,,,,
2164,15,17,1.358720996,0.932547012,0.725868721,0.986244406,0,1.27138982,2.55,0,3.04,2,0,0,0,0,2,0.120931,-0.17975,3,2,0,0,0,,,,
2165,5,1,1.580763262,1.034530931,0.85508899,1.35167487,5,1.00667097,2.55,0,2.55,0,0,1,5,5,0,-0.219841,-0.036038,4,3,8,0.375,1,,,,
2165,15,13,1.533841911,1.00382324,0.708492105,1.08671069,0,1.08827457,2.55,0,2.55,0,0,0,0,0,0,-0.015887,0.125901,2,2,0,0,0,,,,
2165,12,22,1.530812919,1.001840915,0.712776944,1.091128019,0,1.10978486,2.55,0,2.55,0,0,0,0,0,0,0.103323,-0.028025,2,2,0,0,0,,,,
2165,18,15,1.530191032,1.001433922,0.834114983,1.276394476,0,1.10780741,2.55,0,2.55,0,0,0,0,0,0,0.024352,-0.015887,1,2,0,0,0,,,,
2165,22,23,1.52998107,1.001296512,0.834187783,1.276322655,0,1.10326633,2.55,0,2.55,0,0,0,0,0,0,-0.028025,0.027198,2,1,0,0,0,,,,
2165,13,5,1.527970074,0.999980415,0.707972179,1.081736998,0,1.05526039,2.55,0,2.55,0,0,0,0,5,0,0.125901,-0.219841,2,4,0,0,0,,,,
2165,11,12,1.50305922,0.9836775,0.739317179,1.111238402,0,1.03666848,2.55,0,2.55,0,1,0,5,0,0,-0.176301,0.103323,3,2,0,0,0,,,,
2166,5,1,1.584504395,1.036979316,0.927802664,1.470071364,5,1.00499529,2.55,0,2.55,0,0,1,5,5,0,-0.237481,-0.006114,4,3,8,0.375,1,,,,
2166,15,13,1.534838329,1.004475346,0.706839037,1.084883834,0,1.09093847,2.55,0,2.55,0,0,0,0,0,0,-0.021904,0.128859,2,2,0,0,0,,,,
2166,12,22,1.531048866,1.001995331,0.712354752,1.090670397,0,1.11020839,2.55,0,2.55,0,0,0,0,0,0,0.105532,-0.029681,2,2,0,0,0,,,,
2166,18,15,1.530268707,1.001484756,0.833946058,1.276216234,0,1.10691539,2.55,0,2.55,0,0,0,0,0,0,0.025039,-0.021904,1,2,0,0,0,,,,
2166,22,23,1.529918742,1.001255721,0.834505406,1.276779698,0,1.10366701,2.55,0,2.55,0,0,0,0,0,0,-0.029681,0.027733,2,1,0,0,0,,,,
2166,13,5,1.529394527,1.000912648,0.713896848,1.091833961,0,1.05589885,2.55,0,2.55,0,0,0,0,5,0,0.128859,-0.237481,2,4,0,0,0,,,,
2166,11,12,1.503311891,0.983842861,0.740105304,1.11264715,0,1.03446096,2.55,0,2.55,0,1,0,5,0,0,-0.164559,0.105532,3,2,0,0,0,,,,
2167,1,5,1.591442423,1.04151991,0.920889907,1.465555131,6,1.00198814,2.55,0,2.55,0,0,0,6,6,0,0.056265,-0.248053,3,4,10,0.3,1,,,,
2167,19,1,1.524403908,0.997646537,0.77599125,1.182958212,6,0.95059262,2.55,0,2.55,0,0,0,6,6,0,0.088844,0.056265,3,3,10,0.3,0,,,,
2167,18,19,1.502101321,0.983050602,0.724544525,1.088348874,6,0.95582835,2.55,0,2.55,0,0,0,6,6,0,0.206542,0.088844,3,3,10,0.3,0,,,,
2167,5,9,1.532272022,1.002795826,0.672949013,1.031137377,0,1.02596449,2.55,0,2.55,0,0,0,6,0,0,-0.248053,0.296683,4,2,0,0,0,,,,
2167,12,32,1.515967194,0.992125127,0.871187071,1.32067184,0,1.02365105,2.55,0,2.55,0,0,0,0,0,0,0.124443,-0.004017,3,1,0,0,0,,,,
2167,24,23,1.504417002,0.984566101,0.832585062,1.252479396,0,1.04743223,2.55,0,2.55,0,0,0,0,0,0,0.04753,0.144597,1,3,0,0,0,,,,
2167,9,11,1.429130037,1.015728527,0.709755594,1.014359671,0,0.9412053,2.55,0,3.44,1,0,0,0,0,1,0.296683,-0.302417,2,2,0,0,0,,,,
2167,23,22,1.377795282,0.979243271,0.727467691,1.002270853,0,1.02872895,2.55,0,3.44,1,0,0,0,0,1,0.144597,-0.249537,3,2,0,0,0,,,,
2167,22,18,1.362309917,0.968237325,0.730124535,0.994661683,0,1.09050682,3.44,1,2.55,0,0,0,0,6,1,-0.249537,0.206542,2,3,0,0,0,,,,
2167,11,12,1.360668454,0.967070685,0.998694217,1.358922384,0,1.10390281,3.44,1,2.55,0,0,0,0,0,1,-0.302417,0.124443,2,3,0,0,0,,,,
2168,5,1,1.591378841,1.041478299,0.926526095,1.474282664,6,1.01000012,2.55,0,2.55,0,0,0,6,6,0,-0.255355,0.080888,4,3,14,0.35714286,1,,,,
2168,1,19,1.528087009,1.000056943,0.776335083,1.186307213,6,0.93562684,2.55,0,2.55,0,0,0,6,6,0,0.080888,0.085876,3,3,14,0.35714286,0,,,,
2168,19,18,1.492395744,0.976698785,0.754221894,1.125612342,6,0.96609767,2.55,0,2.55,0,0,1,6,6,0,0.085876,0.034862,3,3,14,0.35714286,0,,,,
2168,9,5,1.532690139,1.003069463,0.674204266,1.033397287,0,1.02704909,2.55,0,2.55,0,0,0,0,6,0,0.299266,-0.255355,2,4,0,0,0,,,,
2168,24,12,1.516064068,0.992188526,0.871356698,1.321025165,0,1.02364961,2.55,0,2.55,0,0,0,0,0,0,-0.003271,0.124286,1,3,0,0,0,,,,
2168,35,36,1.505782066,0.985459467,0.835126024,1.257600072,0,1.04095941,2.55,0,2.55,0,0,0,0,0,0,0.142986,0.041799,3,1,0,0,0,,,,
2168,11,9,1.430143494,1.016448823,0.70955595,1.014716341,0,0.93771239,3.44,1,2.55,0,0,0,0,0,1,-0.302041,0.299266,2,2,0,0,0,,,,
2168,40,38,1.380115906,0.980892613,0.765245741,1.056165483,0,1.00243385,2.55,0,3.44,1,1,0,6,0,1,0.247587,-0.277172,3,2,0,0,0,,,,
2168,38,35,1.37346212,0.976163554,0.717805645,0.985866583,0,1.05056739,3.44,1,2.55,0,0,0,0,0,1,-0.277172,0.142986,2,3,0,0,0,,,,
2168,12,11,1.359708848,0.966388662,0.998686675,1.357923601,0,1.10736954,2.55,0,3.44,1,0,0,0,0,1,0.124286,-0.302041,3,2,0,0,0,,,,
2169,5,1,1.580594432,1.03442044,0.941594291,1.491487769,5,0.96810939,2.55,0,2.55,0,0,0,5,5,0,-0.077319,0.007136,4,3,8,0.375,1,,,,
2169,71,77,1.548645684,1.013511573,0.865775039,1.340751315,6,1.01466137,2.55,0,2.55,0,0,0,6,6,0,-0.270864,0.088205,4,2,6,0.33333333,0,,,,
2169,77,78,1.538615275,1.006947169,0.697920995,1.07416845,6,1.04477808,2.55,0,2.55,0,0,0,6,6,0,0.088205,-0.095204,2,3,6,0.33333333,0,,,,
2169,1,17,1.526077773,0.998741998,0.756580893,1.154430105,5,0.91644599,2.55,0,2.55,0,0,0,5,5,0,0.007136,0.180702,3,3,8,0.375,0,,,,
2169,17,21,1.392234158,0.955548496,0.706498331,0.983920108,5,1.08344671,2.55,0,3.04,2,0,0,5,5,2,0.180702,-0.277302,3,3,8,0.375,0,,,,
2169,70,71,1.555502151,1.01799879,0.894937248,1.391779153,0,0.99729966,2.55,0,2.55,0,0,0,0,6,0,0.202854,-0.270864,2,4,0,0,0,,,,
2169,26,22,1.554808622,1.017544909,0.823480106,1.277697031,0,1.01956064,2.55,0,2.55,0,0,0,6,0,0,-0.280075,0.212126,4,2,0,0,0,,,,
2169,39,33,1.54160126,1.008901348,0.990278483,1.526546425,0,0.89645076,2.55,0,2.55,0,0,0,0,6,0,-0.025699,0.052352,3,3,0,0,0,,,,
2169,61,62,1.533953449,1.003896236,0.696574808,1.068467147,0,1.10626962,2.55,0,2.55,0,0,0,0,0,0,0.1568,0.218032,2,2,0,0,0,,,,
2169,78,87,1.532555594,1.00298141,0.825931111,1.265721488,0,1.08248221,2.55,0,2.55,0,0,0,6,0,0,-0.095204,0.07249,3,1,0,0,0,,,,
2169,7,5,1.522191697,0.996198754,0.723420919,1.1005111,0,1.03838921,2.55,0,2.55,0,0,0,0,5,0,0.348224,-0.077319,2,4,0,0,0,,,,
2169,41,39,1.5168504,0.992703141,0.868913814,1.317776412,0,1.05606348,2.55,0,2.55,0,0,0,0,0,0,0.081987,-0.025699,1,3,0,0,0,,,,
2169,21,61,1.456606607,0.999729998,0.862274589,1.255901986,0,0.90937576,3.04,2,2.55,0,0,0,5,0,2,-0.277302,0.1568,3,2,0,0,0,,,,
2169,22,14,1.452258502,0.996745712,0.731675456,1.063710208,0,1.00176081,2.55,0,3.04,2,0,0,0,0,2,0.212126,-0.240008,2,2,0,0,0,,,,
2169,69,70,1.450535272,0.995562987,0.802033785,1.163584814,0,0.99458969,3.04,2,2.55,0,0,0,0,0,2,-0.183927,0.202854,2,2,0,0,0,,,,
2169,62,65,1.424802065,1.012652498,0.832969554,1.18752714,0,0.94569518,2.55,0,3.44,1,0,0,0,0,1,0.218032,-0.334615,2,2,0,0,0,,,,
2169,9,7,1.419458529,1.008854676,0.826599098,1.173611179,0,0.99395284,3.44,1,2.55,0,0,0,0,0,1,-0.316893,0.348224,2,2,0,0,0,,,,
2169,10,9,1.375215019,0.977409395,0.974672343,1.34265385,0,1.05405856,2.55,0,3.44,1,0,0,0,0,1,0.237736,-0.316893,3,2,0,0,0,,,,
2169,14,10,1.369012318,0.939610376,0.730779194,0.998760145,0,1.16235989,3.04,2,2.55,0,0,0,0,0,2,-0.240008,0.237736,2,3,0,0,0,,,,
2169,65,68,1.364492451,0.969788522,0.69478818,0.947637444,0,1.11278798,3.44,1,2.55,0,0,0,0,0,1,-0.334615,0.229896,2,3,0,0,0,,,,
2169,68,69,1.36081158,0.933981867,0.721477932,0.981935967,0,1.19877925,2.55,0,3.04,2,0,0,0,0,2,0.229896,-0.183927,3,2,0,0,0,,,,
2170,8,1,1.560385207,1.021194507,0.999095579,1.559021181,6,0.90152271,2.55,0,2.55,0,0,0,6,6,0,0.249356,0.018994,4,3,10,0.3,1,,,,
2170,26,29,1.404623524,0.919256233,0.762114294,1.07049492,6,1.30113797,2.55,0,2.55,0,0,0,6,6,0,-0.074932,0.22949,2,3,10,0.3,0,,,,
2170,1,26,1.391240202,0.910497515,0.762883931,1.061346479,6,1.4176157,2.55,0,2.55,0,0,0,6,6,0,0.018994,-0.074932,3,2,10,0.3,0,,,,
2170,11,14,1.519020457,0.994123336,0.646486175,0.98202223,0,1.06629977,2.55,0,2.55,0,0,0,0,0,0,0.216896,0.224618,2,2,0,0,0,,,,
2170,40,13,1.510402498,0.98848331,0.845155631,1.276531711,0,1.04208395,2.55,0,2.55,0,0,0,0,0,0,0.05075,0.11865,1,3,0,0,0,,,,
2170,47,48,1.506907434,0.986195965,0.836658607,1.260775001,0,1.03826008,2.55,0,2.55,0,0,0,0,0,0,0.140032,0.041907,3,1,0,0,0,,,,
2170,12,11,1.433026906,1.018498157,0.680998403,0.975898081,0,0.89938673,3.44,1,2.55,0,0,0,0,0,1,-0.329486,0.216896,2,2,0,0,0,,,,
2170,14,10,1.424332912,1.012319056,0.710366727,1.01180657,0,0.91301037,2.55,0,3.44,1,0,0,0,0,1,0.224618,-0.3529,2,2,0,0,0,,,,
2170,29,49,1.386761631,0.985615942,0.963890672,1.336672457,0,0.97396232,2.55,0,3.44,1,0,0,6,0,1,0.22949,-0.281853,3,2,0,0,0,,,,
2170,10,8,1.383559213,0.983339882,0.89228732,1.234569492,0,1.15339944,3.44,1,2.55,0,0,0,0,6,1,-0.3529,0.249356,2,4,0,0,0,,,,
2170,49,47,1.36834329,0.972525437,0.713905031,0.976866196,0,1.07074936,3.44,1,2.55,0,0,0,0,0,1,-0.281853,0.140032,2,3,0,0,0,,,,
2170,13,12,1.349574624,0.959185945,0.685838625,0.925580457,0,1.140731,2.55,0,3.44,1,0,0,0,0,1,0.11865,-0.329486,3,2,0,0,0,,,,
2171,8,1,1.558788566,1.020149585,0.999110072,1.557430036,6,0.89783364,2.55,0,2.55,0,0,0,6,6,0,0.259718,0.01859,4,3,10,0.3,1,,,,
2171,26,29,1.404410953,0.919117116,0.762554362,1.070951047,6,1.30249183,2.55,0,2.55,0,0,0,6,6,0,-0.075069,0.229976,2,3,10,0.3,0,,,,
2171,1,26,1.391561935,0.910708073,0.761731447,1.059987977,6,1.41483894,2.55,0,2.55,0,0,0,6,6,0,0.01859,-0.075069,3,2,10,0.3,0,,,,
2171,11,14,1.518753227,0.993948447,0.646482339,0.981837187,0,1.06669458,2.55,0,2.55,0,0,0,0,0,0,0.219873,0.22333,2,2,0,0,0,,,,
2171,38,13,1.510434903,0.988504518,0.845248831,1.276681451,0,1.0417268,2.55,0,2.55,0,0,0,0,0,0,0.050523,0.118619,1,3,0,0,0,,,,
2171,65,69,1.506784685,0.986115631,0.836550398,1.260496288,0,1.03851292,2.55,0,2.55,0,0,0,0,0,0,0.139948,0.042663,3,1,0,0,0,,,,
2171,12,11,1.432885851,1.018397904,0.680624813,0.97520781,0,0.89942075,3.44,1,2.55,0,0,0,0,0,1,-0.329811,0.219873,2,2,0,0,0,,,,
2171,14,10,1.425062469,1.012837576,0.715614405,1.019801732,0,0.91361167,2.55,0,3.44,1,0,0,0,0,1,0.22333,-0.361403,2,2,0,0,0,,,,
2171,29,68,1.386694524,0.985568247,0.966221215,1.339803052,0,0.9760507,2.55,0,3.44,1,0,0,6,0,1,0.229976,-0.281698,3,2,0,0,0,,,,
2171,10,8,1.384205227,0.983799024,0.884205595,1.223917571,0,1.13919149,3.44,1,2.55,0,0,0,0,6,1,-0.361403,0.259718,2,4,0,0,0,,,,
2171,68,65,1.368443431,0.972596611,0.714543558,0.977795609,0,1.06985883,3.44,1,2.55,0,0,0,0,0,1,-0.281698,0.139948,2,3,0,0,0,,,,
2171,13,12,1.34969234,0.959269609,0.685616614,0.925370361,0,1.14033023,2.55,0,3.44,1,0,0,0,0,1,0.118619,-0.329811,3,2,0,0,0,,,,
2172,6,1,1.560809866,1.021472425,0.999254642,1.559739534,6,0.89984014,2.55,0,2.55,0,0,0,6,6,0,0.276517,0.039431,4,3,10,0.3,1,,,,
2172,22,25,1.404660812,0.919280636,0.765244647,1.074905133,6,1.29722926,2.55,0,2.55,0,0,0,6,6,0,-0.091291,0.238782,2,3,10,0.3,0,,,,
2172,1,22,1.393428784,0.911929832,0.76631057,1.067783948,6,1.40702743,2.55,0,2.55,0,0,0,6,6,0,0.039431,-0.091291,3,2,10,0.3,0,,,,
2172,9,12,1.519671673,0.994549524,0.648381671,0.9852941,0,1.0662098,2.55,0,2.55,0,0,0,0,0,0,0.220933,0.218039,2,2,0,0,0,,,,
2172,34,11,1.510963696,0.988850587,0.845292389,1.277220278,0,1.04138621,2.55,0,2.55,0,0,0,0,0,0,0.050513,0.119503,1,3,0,0,0,,,,
2172,86,85,1.50754377,0.986612415,0.836613386,1.261240796,0,1.03832888,2.55,0,2.55,0,0,0,0,0,0,0.141875,0.043019,3,1,0,0,0,,,,
2172,10,9,1.434211291,1.019339937,0.680878879,0.976477189,0,0.90222444,3.44,1,2.55,0,0,0,0,0,1,-0.328419,0.220933,2,2,0,0,0,,,,
2172,12,8,1.425071258,1.012843822,0.732698794,1.044163321,0,0.90482101,2.55,0,3.44,1,0,0,0,0,1,0.218039,-0.362882,2,2,0,0,0,,,,
2172,25,84,1.387406466,0.986074247,0.975771728,1.353806516,0,0.97958313,2.55,0,3.44,1,0,0,6,0,1,0.238782,-0.279436,3,2,0,0,0,,,,
2172,8,6,1.382391989,0.982510298,0.925909002,1.279937881,0,1.15589274,3.44,1,2.55,0,0,0,0,6,1,-0.362882,0.276517,2,4,0,0,0,,,,
2172,84,86,1.366313722,0.971082958,0.718214702,0.981317903,0,1.07341065,3.44,1,2.55,0,0,0,0,0,1,-0.279436,0.141875,2,3,0,0,0,,,,
2172,11,10,1.348194503,0.958205049,0.686723629,0.925832391,0,1.14325778,2.55,0,3.44,1,0,0,0,0,1,0.119503,-0.328419,3,2,0,0,0,,,,
2173,0,1,1.587844607,1.039165319,0.831857171,1.320838514,5,0.9803016,2.55,0,2.55,0,1,0,5,5,0,-0.041978,-0.002686,3,4,8,0.375,1,,,,
2173,51,52,1.533607035,1.003669525,0.686595181,1.052948065,0,1.02806914,2.55,0,2.55,0,0,0,0,0,0,0.154545,0.248533,3,2,0,0,0,,,,
2173,56,57,1.528997102,1.000652553,0.666725387,1.019430525,0,1.03554808,2.55,0,2.55,0,0,0,0,0,0,0.123453,0.246416,3,2,0,0,0,,,,
2173,48,49,1.528487275,1.000318897,0.828156606,1.265797495,0,1.02008855,2.55,0,2.55,0,0,0,0,0,0,0.301057,0.278415,3,2,0,0,0,,,,
2173,32,31,1.527994333,0.999996291,0.852308898,1.302325826,0,1.14029709,2.55,0,2.55,0,0,0,0,0,0,0.011081,0.040221,1,2,0,0,0,,,,
2173,38,39,1.526017531,0.998702573,0.678554583,1.035485448,0,1.02611604,2.55,0,2.55,0,0,0,0,0,0,0.245643,0.111681,2,3,0,0,0,,,,
2173,39,42,1.524816756,0.997916725,0.681741532,1.039524274,0,1.02766904,2.55,0,2.55,0,0,0,0,0,0,0.111681,0.265694,3,2,0,0,0,,,,
2173,1,14,1.519084693,0.994165375,0.712615617,1.082502781,0,1.02359394,2.55,0,2.55,0,0,0,5,0,0,-0.002686,0.349821,4,2,0,0,0,,,,
2173,31,25,1.519070927,0.994156366,0.960126888,1.458511086,0,1.01510184,2.55,0,2.55,0,0,1,0,6,0,0.040221,0.00901,2,3,0,0,0,,,,
2173,61,62,1.517877324,0.993375212,0.830622335,1.260782038,0,1.10590089,2.55,0,2.55,0,0,0,0,0,0,0.182295,0.005046,2,1,0,0,0,,,,
2173,15,8,1.431103767,0.982226333,0.974155872,1.394129455,0,0.88053916,2.55,0,3.04,2,1,1,6,5,2,0.161562,-0.266195,3,3,0,0,0,,,,
2173,16,38,1.421635071,1.010401614,0.685839787,0.97497916,0,0.9691212,3.44,1,2.55,0,0,0,0,0,1,-0.388727,0.245643,2,2,0,0,0,,,,
2173,50,51,1.421339801,1.010191756,0.887623795,1.261636644,0,0.98839532,3.44,1,2.55,0,0,0,0,0,1,-0.406034,0.154545,2,3,0,0,0,,,,
2173,53,56,1.420834409,1.009832558,0.681648595,0.968515168,0,0.94536146,3.44,1,2.55,0,0,0,0,0,1,-0.40949,0.123453,2,3,0,0,0,,,,
2173,42,45,1.413986591,1.004965594,0.684650562,0.968085392,0,0.97231645,2.55,0,3.44,1,0,0,0,0,1,0.265694,-0.364301,2,2,0,0,0,,,,
2173,49,50,1.411043029,1.00287351,0.695006451,0.98067638,0,0.9852504,2.55,0,3.44,1,0,0,0,0,1,0.278415,-0.406034,2,2,0,0,0,,,,
2173,58,61,1.410350982,1.00238165,0.673685501,0.950129898,0,0.98630174,3.44,1,2.55,0,0,0,0,0,1,-0.381534,0.182295,2,2,0,0,0,,,,
2173,52,53,1.410317122,1.002357585,0.676442345,0.953987829,0,0.99043155,2.55,0,3.44,1,0,0,0,0,1,0.248533,-0.40949,2,2,0,0,0,,,,
2173,14,16,1.403846417,0.997758648,0.852887035,1.197291516,0,1.0420642,2.55,0,3.44,1,0,0,0,0,1,0.349821,-0.388727,2,2,0,0,0,,,,
2173,57,58,1.402498461,0.996800612,0.680706609,0.954689357,0,1.0171924,2.55,0,3.44,1,0,0,0,0,1,0.246416,-0.381534,2,2,0,0,0,,,,
2173,45,48,1.395943056,0.992141475,0.678080252,0.946554274,0,1.06983511,3.44,1,2.55,0,0,0,0,0,1,-0.364301,0.301057,2,3,0,0,0,,,,
2174,13,9,1.576821778,1.031951426,0.837029295,1.319833536,6,1.03199581,2.55,0,2.55,0,0,0,5,6,0,-0.042727,-0.005496,3,4,9,0.33333333,1,,,,
2174,24,13,1.529137367,1.00074435,0.708694671,1.083685699,5,0.89921859,2.55,0,2.55,0,0,0,5,5,0,0.229076,-0.042727,3,3,9,0.33333333,0,,,,
2174,28,24,1.419411095,0.974201163,0.702425178,0.997038336,5,0.99211229,3.04,2,2.55,0,0,0,5,5,2,-0.300297,0.229076,3,3,9,0.33333333,0,,,,
2174,61,66,1.537042203,1.005917672,0.703234096,1.080913941,0,1.09901906,2.55,0,2.55,0,0,0,0,0,0,0.235193,0.103136,2,2,0,0,0,,,,
2174,9,65,1.532999714,1.003272064,0.696244671,1.067343017,0,0.85217642,2.55,0,2.55,0,0,0,6,0,0,-0.005496,0.207672,4,3,0,0,0,,,,
2174,46,45,1.508784645,0.987424506,0.83690153,1.262705184,0,1.04087226,2.55,0,2.55,0,0,0,0,0,0,0.042271,0.144245,1,3,0,0,0,,,,
2174,78,81,1.499460194,0.981322117,0.899331046,1.348511754,0,1.07560668,2.55,0,2.55,0,0,0,0,0,0,-0.101175,0.069351,2,1,0,0,0,,,,
2174,75,79,1.469661482,0.961820342,0.975456116,1.433600152,0,1.08236213,2.55,0,2.55,0,1,0,6,0,0,0.110939,0.01492,3,2,0,0,0,,,,
2174,66,62,1.44964293,0.994950535,0.850701886,1.2332076,0,1.02078346,2.55,0,3.04,2,0,0,0,0,2,0.103136,-0.295663,2,3,0,0,0,,,,
2174,68,61,1.442031596,1.024898078,0.827442125,1.193206557,0,0.88588218,3.44,1,2.55,0,0,0,0,0,1,-0.310794,0.235193,2,2,0,0,0,,,,
2174,29,28,1.428122884,0.980180428,0.751249913,1.072854959,0,0.91055812,2.55,0,3.04,2,0,0,0,5,2,0.312136,-0.300297,3,3,0,0,0,,,,
2174,62,67,1.39405048,0.956795113,0.969934838,1.352147009,0,1.10766255,3.04,2,2.55,0,0,1,0,6,2,-0.295663,0.199149,3,3,0,0,0,,,,
2174,34,33,1.393741579,0.990576815,0.962395522,1.341358254,0,0.94249585,2.55,0,3.44,1,1,0,6,0,1,0.20459,-0.246108,3,2,0,0,0,,,,
2174,44,37,1.386422099,0.985374626,0.961722203,1.333365506,0,1.00230551,3.44,1,2.55,0,0,1,0,6,1,-0.272056,0.227368,2,3,0,0,0,,,,
2174,45,44,1.36199736,0.968015181,0.726778615,0.989866208,0,1.07715274,2.55,0,3.44,1,0,0,0,0,1,0.144245,-0.272056,3,2,0,0,0,,,,
2174,79,78,1.345562448,0.880603697,0.793114475,1.067186121,0,1.83540767,2.55,0,2.55,0,0,0,0,0,0,0.01492,-0.101175,2,2,0,0,0,,,,
2174,65,68,1.340949776,0.953055989,0.698403392,0.936517334,0,1.19691005,2.55,0,3.44,1,0,0,0,0,1,0.207672,-0.310794,3,2,0,0,0,,,,
2174,33,29,1.339951055,0.952346166,0.708660228,0.949601139,0,1.16070631,3.44,1,2.55,0,0,0,0,0,1,-0.246108,0.312136,2,3,0,0,0,,,,
2175,8,5,1.571822195,1.028679447,0.831774288,1.307365611,6,0.99281719,2.55,0,2.55,0,0,0,6,6,0,-0.236572,0.038798,4,3,10,0.2,0,,,,
2175,5,14,1.512688118,0.989979135,0.712123882,1.077255771,6,1.00062543,2.55,0,2.55,0,0,0,6,6,0,0.038798,-0.036311,3,3,10,0.2,0,,,,
2175,17,8,1.546778728,1.012289743,0.839560333,1.298614998,0,0.87090558,2.55,0,2.55,0,0,0,0,6,0,0.043462,-0.236572,3,4,0,0,0,,,,
2175,34,17,1.523685015,0.997176057,0.860864409,1.311690905,0,1.0562819,2.55,0,2.55,0,0,0,0,0,0,0.060762,0.043462,1,3,0,0,0,,,,
2175,40,41,1.521465019,0.99572318,0.867800388,1.320326809,0,1.0779421,2.55,0,2.55,0,0,0,0,0,0,-0.000947,0.063351,3,1,0,0,0,,,,
2175,14,40,1.496918336,0.979658597,0.735849876,1.101507672,0,0.94152633,2.55,0,2.55,0,0,0,6,0,0,-0.036311,-0.000947,3,3,0,0,0,,,,
2177,32,31,1.555555624,1.018033785,0.812710484,1.264210821,6,1.04074669,2.55,0,2.55,0,0,0,6,5,0,0.260498,0.012883,3,3,9,0.44444444,1,,,,
2177,2,0,1.533695563,1.003727462,0.715398328,1.097199147,5,0.90851909,2.55,0,2.55,0,0,0,5,5,0,0.16022,-0.110511,3,3,5,0.4,0,,,,
2177,31,55,1.527022001,0.999359948,0.719838236,1.09917739,5,0.91495699,2.55,0,2.55,0,0,0,5,5,0,0.012883,0.172575,3,3,9,0.44444444,0,,,,
2177,26,32,1.521903917,0.996010417,0.738330098,1.123694422,6,0.99475622,2.55,0,2.55,0,0,0,6,6,0,-0.048278,0.260498,3,3,9,0.44444444,0,,,,
2177,3,2,1.406971047,0.965663038,0.712238979,1.002094363,5,1.0262992,3.04,2,2.55,0,0,0,5,5,2,-0.252699,0.16022,3,3,5,0.4,0,,,,
2177,55,57,1.403911276,0.96356299,0.714602204,1.003234944,5,1.04032152,2.55,0,3.04,2,0,0,5,5,2,0.172575,-0.240238,3,3,9,0.44444444,0,,,,
2177,0,26,1.509236049,0.987719927,0.933093857,1.40823526,0,1.05209471,2.55,0,2.55,0,0,0,5,6,0,-0.110511,-0.048278,3,3,0,0,0,,,,
2177,71,72,1.509062958,0.987606648,0.836922833,1.262969587,0,1.04043737,2.55,0,2.55,0,0,0,0,0,0,0.145174,0.04184,3,1,0,0,0,,,,
2177,19,18,1.508234326,0.987064349,0.836657164,1.261876233,0,1.03846042,2.55,0,2.55,0,0,0,0,0,0,0.040248,0.144144,1,3,0,0,0,,,,
2177,7,3,1.430144684,0.981568074,0.97415876,1.393175352,0,0.89007936,2.55,0,3.04,2,1,0,6,5,2,0.176093,-0.252699,3,3,0,0,0,,,,
2177,57,60,1.430075691,0.981520721,0.973920944,1.392776531,0,0.88782659,3.04,2,2.55,0,0,1,5,6,2,-0.240238,0.179924,3,3,0,0,0,,,,
2177,63,70,1.386362495,0.985332264,0.962313423,1.334139782,0,1.00182139,2.55,0,3.44,1,1,0,6,0,1,0.232692,-0.271558,3,2,0,0,0,,,,
2177,17,10,1.38605477,0.985113554,0.961999097,1.333396857,0,0.99113699,3.44,1,2.55,0,0,1,0,6,1,-0.276735,0.232993,2,3,0,0,0,,,,
2177,18,17,1.365058896,0.970191113,0.720611357,0.983673948,0,1.07390706,2.55,0,3.44,1,0,0,0,0,1,0.144144,-0.276735,3,2,0,0,0,,,,
2177,70,71,1.361680213,0.967789775,0.726973537,0.989902564,0,1.07825715,3.44,1,2.55,0,0,0,0,0,1,-0.271558,0.145174,2,3,0,0,0,,,,
2178,7,5,1.595578142,1.044226533,0.877898073,1.400749917,6,0.98742,2.55,0,2.55,0,0,0,5,6,0,-0.028223,-0.150346,3,4,10,0.3,1,,,,
2178,6,7,1.524840832,0.997932482,0.722336352,1.1014426,5,0.9123397,2.55,0,2.55,0,0,0,5,5,0,0.223155,-0.028223,3,3,10,0.3,0,,,,
2178,15,6,1.400121731,0.960962066,0.713431738,0.998861756,5,1.07424619,3.04,2,2.55,0,0,0,5,5,2,-0.249915,0.223155,3,3,10,0.3,0,,,,
2178,5,37,1.541689366,1.008959009,0.914706055,1.41017342,0,1.08403292,2.55,0,2.55,0,0,0,6,0,0,-0.150346,0.126756,4,2,0,0,0,,,,
2178,37,41,1.540156377,1.007955744,0.778933811,1.199698245,0,1.06630159,2.55,0,2.55,0,0,0,0,0,0,0.126756,0.238926,2,2,0,0,0,,,,
2178,28,27,1.508600902,0.987304256,0.836496791,1.261946591,0,1.04127006,2.55,0,2.55,0,0,0,0,0,0,0.042214,0.145355,1,3,0,0,0,,,,
2178,38,34,1.506232233,0.985754079,0.846458798,1.274953561,0,1.04301487,2.55,0,2.55,0,0,0,0,0,0,0.147336,0.049592,3,1,0,0,0,,,,
2178,41,35,1.440967904,1.024142078,0.788091317,1.135558641,0,0.91192849,2.55,0,3.44,1,0,0,0,0,1,0.238926,-0.308864,2,2,0,0,0,,,,
2178,16,15,1.430155248,0.981575325,0.97456305,1.393738786,0,0.86214506,2.55,0,3.04,2,1,0,6,5,2,0.177032,-0.249915,3,3,0,0,0,,,,
2178,26,19,1.38461853,0.984092772,0.962256194,1.332341309,0,1.00711519,3.44,1,2.55,0,0,1,0,6,1,-0.271465,0.232539,2,3,0,0,0,,,,
2178,27,26,1.363449491,0.969047257,0.727525287,0.991932327,0,1.07225942,2.55,0,3.44,1,0,0,0,0,1,0.145355,-0.271465,3,2,0,0,0,,,,
2178,35,38,1.342986667,0.954503672,0.700246583,0.94043209,0,1.17269754,3.44,1,2.55,0,0,0,0,0,1,-0.308864,0.147336,2,3,0,0,0,,,,
2179,8,27,1.610903486,1.054256208,0.91982809,1.481694033,6,1.01677052,2.55,0,2.55,0,0,0,6,6,0,-0.119703,0.125221,4,3,10,0.3,1,,,,
2179,27,26,1.510241964,0.988378249,0.7945812,1.199980419,6,0.98116238,2.55,0,2.55,0,0,0,6,6,0,0.125221,-0.024858,3,2,10,0.3,0,,,,
2179,26,23,1.343700146,0.879384912,0.771880981,1.037155669,6,1.81562878,2.55,0,2.55,0,0,0,6,6,0,-0.024858,-0.068614,2,3,10,0.3,0,,,,
2179,18,8,1.528371487,1.00024312,0.862683402,1.3185233,0,1.06152755,2.55,0,2.55,0,0,0,0,6,0,0.291129,-0.119703,2,4,0,0,0,,,,
2179,21,46,1.509662047,0.987998722,0.84562207,1.27664602,0,1.04167548,2.55,0,2.55,0,0,0,0,0,0,0.125452,0.042201,3,1,0,0,0,,,,
2179,12,11,1.50918465,0.987686289,0.843549985,1.273096945,0,1.04843707,2.55,0,2.55,0,0,0,0,0,0,0.053175,0.122428,1,3,0,0,0,,,,
2179,23,22,1.505232338,0.985099698,0.996918054,1.500622127,0,1.00291623,2.55,0,2.55,0,0,0,6,0,0,-0.068614,0.299122,3,2,0,0,0,,,,
2179,10,18,1.43205404,1.017806709,0.706557188,1.01185968,0,0.90009693,3.44,1,2.55,0,0,0,0,0,1,-0.321387,0.291129,2,2,0,0,0,,,,
2179,22,25,1.430686323,1.016834629,0.71081244,1.016913254,0,0.92173693,2.55,0,3.44,1,0,0,0,0,1,0.299122,-0.31535,2,2,0,0,0,,,,
2179,25,21,1.354068561,0.96237993,0.688900271,0.932850954,0,1.12810874,3.44,1,2.55,0,0,0,0,0,1,-0.31535,0.125452,2,3,0,0,0,,,,
2179,11,10,1.352210047,0.961059024,0.686095222,0.927732435,0,1.10559625,2.55,0,3.44,1,0,0,0,0,1,0.122428,-0.321387,3,2,0,0,0,,,,
2180,11,2,1.55789311,1.019563554,0.679884361,1.059138209,6,1.07761725,2.55,0,2.55,0,0,0,6,6,0,0.01962,0.180328,3,2,14,0.42857143,0,,,,
2180,10,11,1.507362298,0.986493651,0.773368235,1.165739954,6,0.98755016,2.55,0,2.55,0,0,0,6,6,0,-0.079499,0.01962,2,3,14,0.42857143,0,,,,
2180,2,1,1.507300096,0.986452943,0.767011311,1.156110773,6,1.07165067,2.55,0,2.55,0,0,1,6,6,0,0.180328,-0.035133,2,3,14,0.42857143,0,,,,
2180,7,10,1.350792838,0.884026726,0.769885131,1.039971765,6,1.74658805,2.55,0,2.55,0,0,0,6,6,0,0.031201,-0.079499,3,2,14,0.42857143,0,,,,
2180,28,52,1.567266961,1.025698273,0.734649016,1.151436061,0,1.05945983,2.55,0,2.55,0,0,0,0,0,0,-0.131199,0.083857,4,2,0,0,0,,,,
2180,52,53,1.557661694,1.019412103,0.90903278,1.416001988,0,1.05243843,2.55,0,2.55,0,0,0,0,0,0,0.083857,-0.048202,2,3,0,0,0,,,,
2180,16,28,1.554711833,1.017481566,0.716295075,1.113620038,0,0.90088834,2.55,0,2.55,0,1,0,6,0,0,0.041983,-0.131199,3,4,0,0,0,,,,
2180,53,56,1.544819748,1.011007688,0.718496,1.109940297,0,1.06199657,2.55,0,2.55,0,0,0,0,0,0,-0.048202,-0.008589,3,2,0,0,0,,,,
2180,56,57,1.53253743,1.002969522,0.838330584,1.284774307,0,1.09936885,2.55,0,2.55,0,0,0,0,0,0,-0.008589,0.024037,2,1,0,0,0,,,,
2180,9,6,1.520622921,0.995172068,0.865565568,1.316190718,0,1.069029,2.55,0,2.55,0,0,0,0,0,0,0.056864,0.001927,1,3,0,0,0,,,,
2180,6,7,1.499878907,0.981596143,0.99794331,1.496791603,0,0.92574122,2.55,0,2.55,0,0,0,0,6,0,0.001927,0.031201,3,3,0,0,0,,,,
2181,3,2,1.575544979,1.031115824,0.966573037,1.522841793,5,0.96969187,2.55,0,2.55,0,0,0,5,5,0,0.247855,0.271422,4,3,5,0.2,1,,,,
2181,20,19,1.504744613,0.984780506,0.842313245,1.267423427,0,1.04959229,2.55,0,2.55,0,0,0,0,0,0,0.055284,0.134612,1,3,0,0,0,,,,
2181,26,27,1.503025404,0.983655369,0.840495313,1.263310935,0,1.05942946,2.55,0,2.55,0,0,0,0,0,0,0.146053,0.058416,3,1,0,0,0,,,,
2181,2,16,1.4112469,1.003018408,0.684839734,0.966372927,0,0.98533366,2.55,0,3.44,1,0,0,5,0,1,0.271422,-0.311763,3,2,0,0,0,,,,
2181,18,3,1.394812395,0.991337878,0.893047193,1.245627967,0,1.00583317,3.44,1,2.55,0,0,0,0,5,1,-0.259771,0.247855,2,4,0,0,0,,,,
2181,16,26,1.367463519,0.971900156,0.688566603,0.941504992,0,1.05685389,3.44,1,2.55,0,0,0,0,0,1,-0.311763,0.146053,2,3,0,0,0,,,,
2181,19,18,1.35909624,0.965953262,0.696627117,0.946843568,0,1.09055861,2.55,0,3.44,1,0,0,0,0,1,0.134612,-0.259771,3,2,0,0,0,,,,
2182,0,2,1.588605858,1.03966352,0.937337993,1.489054721,5,0.97241238,2.55,0,2.55,0,0,0,5,5,0,-0.001423,-0.032691,3,4,8,0.375,1,,,,
2182,9,0,1.525766859,0.99853852,0.75618093,1.153740929,5,0.91522617,2.55,0,2.55,0,0,0,5,5,0,0.182737,-0.001423,3,3,8,0.375,0,,,,
2182,10,9,1.39294439,0.956035957,0.706634734,0.984299704,5,1.08147833,3.04,2,2.55,0,0,0,5,5,2,-0.275399,0.182737,3,3,8,0.375,0,,,,
2182,66,68,1.559200567,1.020419219,0.684379647,1.06708247,0,1.01064124,2.55,0,2.55,0,0,0,0,6,0,0.207962,-0.252544,2,4,0,0,0,,,,
2182,29,27,1.556531297,1.018672315,0.684182416,1.064923144,0,1.00925237,2.55,0,2.55,0,0,0,6,0,0,-0.308535,0.216723,4,2,0,0,0,,,,
2182,34,29,1.543619304,1.010222058,0.795417855,1.227816195,0,1.03727363,2.55,0,2.55,0,0,0,0,6,0,0.087528,-0.308535,1,4,0,0,0,,,,
2182,68,84,1.542681508,1.009608317,0.790470416,1.219446898,0,1.05108651,2.55,0,2.55,0,0,0,6,0,0,-0.252544,0.096243,4,1,0,0,0,,,,
2182,19,11,1.533065051,1.003314824,0.694940743,1.065388894,0,1.107229,2.55,0,2.55,0,0,0,0,0,0,0.226455,0.156357,2,2,0,0,0,,,,
2182,2,59,1.510626624,0.988629989,0.692165474,1.045645003,0,1.03983386,2.55,0,2.55,0,0,0,5,0,0,-0.032691,0.366086,4,2,0,0,0,,,,
2182,11,10,1.455477137,0.998954796,0.857190858,1.247616208,0,0.91380207,2.55,0,3.04,2,0,0,0,5,2,0.156357,-0.275399,2,3,0,0,0,,,,
2182,27,18,1.452752119,0.997084501,0.837580629,1.216796352,0,0.99455265,2.55,0,3.04,2,0,0,0,0,2,0.216723,-0.187222,2,2,0,0,0,,,,
2182,64,66,1.45158104,0.996280741,0.818450934,1.188028668,0,1.00409367,3.04,2,2.55,0,0,0,0,0,2,-0.184355,0.207962,2,2,0,0,0,,,,
2182,20,19,1.427766627,1.014759507,0.830314644,1.185465129,0,0.93661617,3.44,1,2.55,0,0,0,0,0,1,-0.340738,0.226455,2,2,0,0,0,,,,
2182,59,60,1.425989439,1.013496403,0.688889955,0.982322419,0,0.94216488,2.55,0,3.44,1,0,0,0,0,1,0.366086,-0.333026,2,2,0,0,0,,,,
2182,63,64,1.364004539,0.936173328,0.722053269,0.984896341,0,1.19019344,2.55,0,3.04,2,0,0,0,0,2,0.238009,-0.184355,3,2,0,0,0,,,,
2182,18,17,1.363943678,0.936131557,0.999057331,1.362678344,0,1.18949299,3.04,2,2.55,0,0,0,0,0,2,-0.187222,0.216212,2,3,0,0,0,,,,
2182,17,20,1.361002123,0.967307834,0.702326028,0.955859126,0,1.08504582,2.55,0,3.44,1,0,0,0,0,1,0.216212,-0.340738,3,2,0,0,0,,,,
2182,60,63,1.360942992,0.967265808,0.692258681,0.942079904,0,1.11766979,3.44,1,2.55,0,0,0,0,0,1,-0.333026,0.238009,2,3,0,0,0,,,,
2183,18,52,2.078391988,0.989710471,0.754662154,1.568504516,0,1.10780594,2.58,3,2.58,3,0,0,0,0,6,-0.066173,-0.065554,2,2,0,0,1,,,,
2183,52,51,1.847574232,1.009603405,0.630852268,1.165535904,0,0.96245838,2.58,3,2.55,0,0,0,0,0,7,-0.065554,-0.075282,2,2,0,0,0,,,,
2183,17,18,1.84705549,1.00931994,0.62590037,1.156073517,0,0.96000267,2.55,0,2.58,3,0,0,0,0,7,-0.071492,-0.066173,2,2,0,0,0,,,,
2184,52,51,1.51855,0.993815445,0.861694161,1.308526346,0,1.07118283,2.55,0,2.55,0,0,0,0,0,0,0.048364,0.00829,1,3,0,0,0,,,,
2184,57,58,1.517991707,0.99345007,0.861274801,1.307407087,0,1.07236041,2.55,0,2.55,0,0,0,0,0,0,0.010022,0.047618,3,1,0,0,0,,,,
2184,19,57,1.506515791,0.985939654,0.960710179,1.447330491,0,0.9116417,2.55,0,2.55,0,1,0,6,0,0,0.046845,0.010022,3,3,0,0,0,,,,
2184,51,44,1.504061349,0.984333343,0.960635963,1.444869523,0,0.91711046,2.55,0,2.55,0,0,1,0,6,0,0.00829,0.044431,3,3,0,0,0,,,,
2184,9,10,1.431679598,0.98262155,0.781709367,1.119160156,0,0.88967311,3.04,2,2.55,0,1,1,5,6,2,-0.273413,0.171775,3,3,0,0,0,,,,
2184,41,40,1.424582629,0.977750603,0.915550335,1.304284083,0,0.90713137,2.55,0,3.04,2,1,1,6,5,2,0.186051,-0.323954,3,3,0,0,0,,,,
2185,18,19,1.567636917,1.025940391,0.66341148,1.039934588,5,1.05873488,2.55,0,2.55,0,0,0,5,5,0,-0.071486,0.219516,4,2,5,0.4,0,,,,
2185,19,11,1.556159575,1.018429041,0.693342269,1.078936813,5,1.11336965,2.55,0,2.55,0,0,0,5,5,0,0.219516,-0.078562,2,3,5,0.4,0,,,,
2185,35,38,1.533584832,1.003654995,0.720117983,1.104333452,5,0.93544999,2.55,0,2.55,0,0,0,5,5,0,-0.174689,0.180217,3,3,5,0.4,0,,,,
2185,2,1,1.533262956,1.003444343,0.715163865,1.096526182,5,0.93437276,2.55,0,2.55,0,0,0,5,5,0,0.175442,-0.17744,3,3,5,0.4,0,,,,
2185,38,30,1.396279879,0.958325243,0.704373246,0.983498101,5,1.06199136,2.55,0,3.04,2,0,0,5,5,2,0.180217,-0.283101,3,3,5,0.4,0,,,,
2185,4,2,1.393062664,0.956117134,0.708821451,0.987427254,5,1.0744053,3.04,2,2.55,0,0,0,5,5,2,-0.286815,0.175442,3,3,5,0.4,0,,,,
2185,39,35,1.538268269,1.006720071,0.861865577,1.325748254,0,1.03713841,2.55,0,2.55,0,0,0,0,5,0,0.04327,-0.174689,2,3,0,0,0,,,,
2185,8,5,1.535773926,1.005087648,0.88684444,1.362052314,0,1.10326545,2.55,0,2.55,0,0,0,0,0,0,0.058282,0.197505,2,2,0,0,0,,,,
2185,1,57,1.535750303,1.005072188,0.86665027,1.330955694,0,1.03833494,2.55,0,2.55,0,0,0,5,0,0,-0.17744,0.05103,3,2,0,0,0,,,,
2185,11,8,1.52922649,1.000802677,0.880142362,1.345963698,0,1.03260219,2.55,0,2.55,0,0,0,5,0,0,-0.078562,0.058282,3,2,0,0,0,,,,
2185,43,39,1.522015083,0.99608317,0.677748953,1.031558152,0,1.07021302,2.55,0,2.55,0,0,0,0,0,0,0.227545,0.04327,2,2,0,0,0,,,,
2185,57,59,1.521978467,0.996059206,0.67873379,1.033016107,0,1.06571893,2.55,0,2.55,0,0,0,0,0,0,0.05103,0.226499,2,2,0,0,0,,,,
2185,29,18,1.521794577,0.995938859,0.709032275,1.079030251,0,1.05679489,2.55,0,2.55,0,0,0,0,5,0,0.308092,-0.071486,2,4,0,0,0,,,,
2185,50,49,1.510494931,0.988543803,0.845231704,1.276744113,0,1.04022673,2.55,0,2.55,0,0,0,0,0,0,0.050539,0.119019,1,3,0,0,0,,,,
2185,65,67,1.510186419,0.988341897,0.845432187,1.276760353,0,1.04200334,2.55,0,2.55,0,0,0,0,0,0,0.118821,0.051159,3,1,0,0,0,,,,
2185,5,4,1.460829362,1.002628251,0.81959449,1.197297177,0,0.91748039,2.55,0,3.04,2,0,0,0,5,2,0.197505,-0.286815,2,3,0,0,0,,,,
2185,30,29,1.454562146,0.998326799,0.823687091,1.19812262,0,0.93200868,3.04,2,2.55,0,0,0,5,0,2,-0.283101,0.308092,3,2,0,0,0,,,,
2185,46,43,1.436161241,1.020725829,0.68774721,0.987705739,0,0.90553965,3.44,1,2.55,0,0,0,0,0,1,-0.32423,0.227545,2,2,0,0,0,,,,
2185,59,62,1.435252869,1.02008022,0.684011256,0.981752601,0,0.90986745,2.55,0,3.44,1,0,0,0,0,1,0.226499,-0.324768,2,2,0,0,0,,,,
2185,62,65,1.350870408,0.9601069,0.686246505,0.927013509,0,1.13610448,3.44,1,2.55,0,0,0,0,0,1,-0.324768,0.118821,2,3,0,0,0,,,,
2185,49,46,1.349770723,0.959325319,0.687259128,0.927620662,0,1.1409714,2.55,0,3.44,1,0,0,0,0,1,0.119019,-0.32423,3,2,0,0,0,,,,
2187,0,31,1.592807697,1.042413414,0.855895349,1.3632767,5,0.97563891,2.55,0,2.55,0,0,1,5,5,0,-0.164378,-0.025754,4,3,8,0.375,1,,,,
2187,48,49,1.525930522,0.998645629,0.672370089,1.025990041,0,1.08459711,2.55,0,2.55,0,0,0,0,0,0,0.178717,0.207696,2,2,0,0,0,,,,
2187,2,0,1.522397157,0.996333218,0.858878789,1.307554626,0,1.06891588,2.55,0,2.55,0,0,0,0,5,0,0.371899,-0.164378,2,4,0,0,0,,,,
2187,55,56,1.50909577,0.987628122,0.844654808,1.274664998,0,1.04412831,2.55,0,2.55,0,0,0,0,0,0,0.121458,0.049466,3,1,0,0,0,,,,
2187,41,40,1.50531946,0.985156715,0.842220387,1.267810738,0,1.04558013,2.55,0,2.55,0,0,0,0,0,0,0.051152,0.143906,1,3,0,0,0,,,,
2187,32,48,1.453731333,0.997756577,0.816361571,1.186770395,0,0.91345487,3.04,2,2.55,0,1,0,5,0,2,-0.301385,0.178717,3,2,0,0,0,,,,
2187,37,2,1.432551572,1.018160321,0.761434175,1.090793724,0,0.93394463,3.44,1,2.55,0,0,0,0,0,1,-0.334213,0.371899,2,2,0,0,0,,,,
2187,49,52,1.430176578,1.016472337,0.679795309,0.972227328,0,0.92234174,2.55,0,3.44,1,0,0,0,0,1,0.207696,-0.326381,2,2,0,0,0,,,,
2187,40,37,1.358973339,0.965865912,0.692168122,0.940638024,0,1.10381447,2.55,0,3.44,1,0,0,0,0,1,0.143906,-0.334213,3,2,0,0,0,,,,
2187,52,55,1.353090235,0.961684602,0.686635197,0.92907938,0,1.12529753,3.44,1,2.55,0,0,0,0,0,1,-0.326381,0.121458,2,3,0,0,0,,,,
2189,20,19,1.591779808,1.041740712,0.893793242,1.422722035,6,0.99965703,2.55,0,2.55,0,0,0,5,6,0,0.001168,0.075076,3,4,9,0.22222222,1,,,,
2189,24,20,1.546337939,1.012001269,0.737531809,1.140473417,5,0.99046358,2.55,0,2.55,0,0,0,5,5,0,0.186818,0.001168,3,3,9,0.22222222,0,,,,
2189,29,24,1.52843293,1.000283331,0.87394151,1.335760983,0,1.02963191,2.55,0,2.55,0,0,0,0,5,0,0.283554,0.186818,2,3,0,0,0,,,,
2189,48,47,1.517197779,0.992930484,0.829376531,1.258328231,0,1.10917137,2.55,0,2.55,0,0,0,0,0,0,-0.00155,0.178642,1,2,0,0,0,,,,
2189,56,58,1.516845933,0.992700218,0.823063405,1.248460379,0,1.10570609,2.55,0,2.55,0,0,0,0,0,0,0.14783,0.018197,2,1,0,0,0,,,,
2189,19,31,1.461602543,0.956546167,0.911551734,1.332326332,0,0.86270614,2.55,0,2.55,0,0,0,6,0,0,0.075076,0.029554,4,2,0,0,0,,,,
2189,32,33,1.43174417,0.937005347,0.999998387,1.431741861,0,0.91004648,2.55,0,2.55,0,0,1,0,6,0,-0.091664,-0.045365,2,3,0,0,0,,,,
2189,55,56,1.420871575,1.009858973,0.700763866,0.995695457,0,0.94375334,3.44,1,2.55,0,0,0,0,0,1,-0.310825,0.14783,2,2,0,0,0,,,,
2189,47,44,1.412773959,1.004103738,0.676168839,0.955273728,0,0.97872231,2.55,0,3.44,1,0,0,0,0,1,0.178642,-0.389797,2,2,0,0,0,,,,
2189,44,29,1.400377998,0.995293531,0.672368438,0.941569967,0,1.01756439,3.44,1,2.55,0,0,0,0,0,1,-0.389797,0.283554,2,2,0,0,0,,,,
2189,36,55,1.353633346,0.962070608,0.958887814,1.297982519,0,1.14028524,2.55,0,3.44,1,1,0,6,0,1,0.233474,-0.310825,3,2,0,0,0,,,,
2189,31,32,1.216624618,0.7962203,0.999983823,1.216604936,0,2.41431524,2.55,0,2.55,0,0,0,0,0,0,0.029554,-0.091664,2,2,0,0,0,,,,
2190,20,19,1.590597735,1.040967104,0.8935828,1.421330779,6,0.99902012,2.55,0,2.55,0,0,0,5,6,0,-0.009808,0.075006,3,4,9,0.22222222,1,,,,
2190,24,20,1.547906195,1.013027614,0.739856764,1.145228869,5,0.98216264,2.55,0,2.55,0,0,0,5,5,0,0.189544,-0.009808,3,3,9,0.22222222,0,,,,
2190,29,24,1.526659895,0.999122968,0.866689622,1.323140287,0,1.02967077,2.55,0,2.55,0,0,0,0,5,0,0.281583,0.189544,2,3,0,0,0,,,,
2190,54,56,1.51675076,0.992637932,0.822828387,1.248025582,0,1.10570311,2.55,0,2.55,0,0,0,0,0,0,0.147386,0.017541,2,1,0,0,0,,,,
2190,48,47,1.50789842,0.986844515,0.844911383,1.274040539,0,1.04673941,2.55,0,2.55,0,0,0,0,0,0,0.054699,0.117577,1,3,0,0,0,,,,
2190,19,31,1.461588875,0.956537222,0.911282063,1.331919725,0,0.86034153,2.55,0,2.55,0,0,0,6,0,0,0.075006,0.031419,4,2,0,0,0,,,,
2190,32,33,1.431874725,0.937090789,0.99999101,1.431861853,0,0.9123768,2.55,0,2.55,0,0,1,0,6,0,-0.096363,-0.056061,2,3,0,0,0,,,,
2190,44,29,1.428316351,1.015150214,0.688223028,0.983000204,0,0.91883386,3.44,1,2.55,0,0,0,0,0,1,-0.324358,0.281583,2,2,0,0,0,,,,
2190,53,54,1.421350108,1.010199082,0.701277441,0.996760766,0,0.94181043,3.44,1,2.55,0,0,0,0,0,1,-0.309678,0.147386,2,2,0,0,0,,,,
2190,47,44,1.356744072,0.964281501,0.687894648,0.933296985,0,1.11304637,2.55,0,3.44,1,0,0,0,0,1,0.117577,-0.324358,3,2,0,0,0,,,,
2190,36,53,1.352784589,0.96146737,0.958857182,1.29712722,0,1.1432141,2.55,0,3.44,1,1,0,6,0,1,0.234035,-0.309678,3,2,0,0,0,,,,
2190,31,32,1.216674156,0.79625272,0.999964992,1.216631563,0,2.40752355,2.55,0,2.55,0,0,0,0,0,0,0.031419,-0.096363,2,2,0,0,0,,,,
2191,0,2,1.607410063,1.051969936,0.947643583,1.523251831,5,0.94279489,2.55,0,2.55,0,0,0,5,5,0,-0.014318,0.102116,3,4,8,0.375,1,,,,
2191,9,0,1.523693313,0.997181488,0.768757033,1.171349951,5,0.92248392,2.55,0,2.55,0,0,0,5,5,0,0.211741,-0.014318,3,3,8,0.375,0,,,,
2191,10,9,1.404475626,0.963950327,0.706243432,0.991901686,5,1.0328643,3.04,2,2.55,0,0,0,5,5,2,-0.273929,0.211741,3,3,8,0.375,0,,,,
2191,24,22,1.50801562,0.986921217,0.844891057,1.274108911,0,1.04653029,2.55,0,2.55,0,0,0,0,0,0,0.049973,0.125672,1,3,0,0,0,,,,
2191,36,37,1.504775788,0.984800908,0.835720223,1.257571558,0,1.04585317,2.55,0,2.55,0,0,0,0,0,0,0.135726,0.045565,3,1,0,0,0,,,,
2191,2,21,1.482529758,0.970241988,0.890801389,1.320639568,0,0.93520159,2.55,0,2.55,0,0,1,5,5,0,0.102116,0.185882,4,3,0,0,0,,,,
2191,30,31,1.438974654,0.941737339,0.740100252,1.064985504,0,1.03670634,2.55,0,2.55,0,1,1,5,5,0,0.211933,0.147257,3,3,0,0,0,,,,
2191,11,10,1.432312128,0.983055682,0.828828891,1.187141672,0,0.96357826,2.55,0,3.04,2,0,0,0,5,2,0.367265,-0.273929,2,3,0,0,0,,,,
2191,17,11,1.431786293,1.017616413,0.692712157,0.991815772,0,0.93498778,3.44,1,2.55,0,0,0,0,0,1,-0.322974,0.367265,2,2,0,0,0,,,,
2191,35,36,1.373832391,0.976426717,0.711138883,0.976985632,0,1.03705092,3.44,1,2.55,0,0,0,0,0,1,-0.235379,0.135726,2,3,0,0,0,,,,
2191,22,17,1.353499182,0.961975254,0.682942923,0.924362688,0,1.12749626,2.55,0,3.44,1,0,0,0,0,1,0.125672,-0.322974,3,2,0,0,0,,,,
2191,34,35,1.353063036,0.961665271,0.729584597,0.98717395,0,1.08799422,2.55,0,3.44,1,1,0,5,0,1,0.313726,-0.235379,3,2,0,0,0,,,,
2192,1,5,1.580218242,1.034174242,0.83072977,1.312734336,5,0.99458968,2.55,0,2.55,0,0,0,5,5,0,-0.054289,0.045132,3,4,8,0.375,1,,,,
2192,7,1,1.518306548,0.993656118,0.753955211,1.144735135,5,0.89828854,2.55,0,2.55,0,0,0,5,5,0,0.198252,-0.054289,3,3,8,0.375,0,,,,
2192,9,7,1.395016786,0.957458329,0.703839681,0.981868169,5,1.05543761,3.04,2,2.55,0,0,0,5,5,2,-0.311777,0.198252,3,3,8,0.375,0,,,,
2192,60,59,1.549600062,1.014136166,0.687335763,1.065095541,0,1.04155463,2.55,0,2.55,0,0,0,0,0,0,0.060607,-0.281377,2,4,0,0,0,,,,
2192,81,82,1.549562869,1.014111825,0.687225134,1.06489855,0,1.03980358,2.55,0,2.55,0,0,0,0,0,0,-0.280998,0.060267,4,2,0,0,0,,,,
2192,59,20,1.536791908,1.005753866,0.676095743,1.039018466,0,0.90895464,2.55,0,2.55,0,0,0,0,0,0,-0.281377,0.234938,4,3,0,0,0,,,,
2192,80,81,1.535688389,1.005031668,0.675459436,1.037295213,0,0.90836924,2.55,0,2.55,0,0,0,0,0,0,0.239397,-0.280998,3,4,0,0,0,,,,
2192,63,60,1.53054374,1.001664751,0.847314168,1.296851395,0,1.11001415,2.55,0,2.55,0,0,0,0,0,0,0.021867,0.060607,1,2,0,0,0,,,,
2192,82,83,1.530379975,1.001557575,0.846839587,1.295986346,0,1.11072258,2.55,0,2.55,0,0,0,0,0,0,0.060267,0.022251,2,1,0,0,0,,,,
2192,16,10,1.526317276,0.998898741,0.671641898,1.025138632,0,1.08089571,2.55,0,2.55,0,0,0,0,0,0,0.216102,0.162232,2,2,0,0,0,,,,
2192,5,76,1.508229308,0.987061066,0.682349367,1.029139314,0,1.03339324,2.55,0,2.55,0,0,0,5,0,0,0.045132,0.342514,4,2,0,0,0,,,,
2192,10,9,1.454095032,0.998006199,0.836248785,1.215985203,0,0.91132098,2.55,0,3.04,2,0,0,0,5,2,0.162232,-0.311777,2,3,0,0,0,,,,
2192,19,16,1.428467618,1.015257725,0.678839539,0.969700299,0,0.92300633,3.44,1,2.55,0,0,0,0,0,1,-0.327291,0.216102,2,2,0,0,0,,,,
2192,76,77,1.424777682,1.012635168,0.693536711,0.988135627,0,0.94571472,2.55,0,3.44,1,0,0,0,0,1,0.342514,-0.320855,2,2,0,0,0,,,,
2192,77,80,1.356652261,0.964216248,0.688866298,0.934552021,0,1.13270452,3.44,1,2.55,0,0,0,0,0,1,-0.320855,0.239397,2,3,0,0,0,,,,
2192,20,19,1.355423318,0.963342799,0.688457962,0.933151976,0,1.13879202,2.55,0,3.44,1,0,0,0,0,1,0.234938,-0.327291,3,2,0,0,0,,,,
2193,1,5,1.574298394,1.030299996,0.841309045,1.324471478,5,1.01646171,2.55,0,2.55,0,0,0,5,5,0,0.002039,-0.075792,3,4,8,0.375,1,,,,
2193,7,1,1.518540223,0.993809047,0.782857846,1.188801129,5,0.89963865,2.55,0,2.55,0,0,0,5,5,0,0.184418,0.002039,3,3,8,0.375,0,,,,
2193,9,7,1.395062794,0.957489906,0.706894249,0.986161866,5,1.06012208,3.04,2,2.55,0,0,0,5,5,2,-0.316,0.184418,3,3,8,0.375,0,,,,
2193,80,81,1.550002858,1.014399776,0.687053603,1.064935048,0,1.0405624,2.55,0,2.55,0,0,0,0,0,0,-0.278556,0.058755,4,2,0,0,0,,,,
2193,59,58,1.549528521,1.014089346,0.687332797,1.065041773,0,1.04119969,2.55,0,2.55,0,0,0,0,0,0,0.059617,-0.280285,2,4,0,0,0,,,,
2193,58,19,1.536709819,1.005700143,0.675924868,1.038700381,0,0.90896684,2.55,0,2.55,0,0,0,0,0,0,-0.280285,0.23469,4,3,0,0,0,,,,
2193,79,80,1.536689281,1.005686702,0.675736027,1.03839631,0,0.90842172,2.55,0,2.55,0,0,0,0,0,0,0.241625,-0.278556,3,4,0,0,0,,,,
2193,81,82,1.530471196,1.001617275,0.847000624,1.296310058,0,1.11025374,2.55,0,2.55,0,0,0,0,0,0,0.058755,0.021919,2,1,0,0,0,,,,
2193,62,59,1.530310404,1.001512045,0.84724645,1.296550057,0,1.11019556,2.55,0,2.55,0,0,0,0,0,0,0.022113,0.059617,1,2,0,0,0,,,,
2193,15,10,1.52617777,0.998807441,0.671796708,1.025281201,0,1.0821526,2.55,0,2.55,0,0,0,0,0,0,0.219034,0.167366,2,2,0,0,0,,,,
2193,5,75,1.515017482,0.991503588,0.67962573,1.029644862,0,1.03582215,2.55,0,2.55,0,0,0,5,0,0,-0.075792,0.344126,4,2,0,0,0,,,,
2193,10,9,1.455123603,0.99871215,0.822973479,1.197528135,0,0.9067085,2.55,0,3.04,2,0,0,0,5,2,0.167366,-0.316,2,3,0,0,0,,,,
2193,18,15,1.428178326,1.015052115,0.678823224,0.969480616,0,0.92285959,3.44,1,2.55,0,0,0,0,0,1,-0.327046,0.219034,2,2,0,0,0,,,,
2193,75,76,1.423511959,1.011735578,0.698190185,0.993882077,0,0.93667218,2.55,0,3.44,1,0,0,0,0,1,0.344126,-0.322407,2,2,0,0,0,,,,
2193,76,79,1.357118953,0.964547941,0.689996496,0.936407322,0,1.13008809,3.44,1,2.55,0,0,0,0,0,1,-0.322407,0.241625,2,3,0,0,0,,,,
2193,19,18,1.355329493,0.963276115,0.688743619,0.93347454,0,1.13891093,2.55,0,3.44,1,0,0,0,0,1,0.23469,-0.327046,3,2,0,0,0,,,,
2195,0,2,1.594144143,1.043288051,0.943552661,1.504158949,5,0.97287469,2.55,0,2.55,0,1,0,5,5,0,0.00049,0.134898,3,4,8,0.375,1,,,,
2195,19,17,1.508149168,0.987008618,0.844683618,1.273908897,0,1.0465336,2.55,0,2.55,0,0,0,0,0,0,0.049482,0.125945,1,3,0,0,0,,,,
2195,24,25,1.506864745,0.986168027,0.84055756,1.266606553,0,1.0453372,2.55,0,2.55,0,0,0,0,0,0,0.135118,0.041019,3,1,0,0,0,,,,
2195,2,16,1.48495752,0.971830838,0.894490837,1.328280895,0,0.94737351,2.55,0,2.55,0,0,1,5,5,0,0.134898,0.139341,4,3,0,0,0,,,,
2195,10,9,1.432835349,0.98341479,0.821618729,1.177244359,0,0.96229211,2.55,0,3.04,2,0,1,0,5,2,0.369257,-0.270735,2,3,0,0,0,,,,
2195,15,10,1.431585536,1.017473729,0.692451139,0.991303036,0,0.93554937,3.44,1,2.55,0,0,0,0,0,1,-0.323308,0.369257,2,2,0,0,0,,,,
2195,23,24,1.371102719,0.974486652,0.713626476,0.978455201,0,1.0623055,3.44,1,2.55,0,0,0,0,0,1,-0.229387,0.135118,2,3,0,0,0,,,,
2195,22,23,1.354669911,0.962807328,0.728199689,0.986470208,0,1.08004936,2.55,0,3.44,1,1,0,5,0,1,0.318917,-0.229387,3,2,0,0,0,,,,
2195,17,15,1.353601285,0.962047821,0.683315412,0.92493662,0,1.12636498,2.55,0,3.44,1,0,0,0,0,1,0.125945,-0.323308,3,2,0,0,0,,,,
2196,0,1,1.344527152,0.879926147,0.99967975,1.344096567,5,1.83286232,2.55,0,2.55,0,0,0,5,5,0,0.063326,-0.055949,3,3,5,0.2,0,,,,
2196,25,0,1.483887562,0.971130603,0.932667712,1.383974017,0,0.90193289,2.55,0,2.55,0,0,0,0,5,0,0.172044,0.063326,3,3,0,0,0,,,,
2196,1,26,1.47688343,0.966546747,0.770555282,1.138020328,0,0.96484068,2.55,0,2.55,0,0,0,5,0,0,-0.055949,0.166516,3,3,0,0,0,,,,
2196,29,28,1.429554493,1.016030201,0.860215035,1.229724268,0,0.91619101,2.55,0,3.44,1,0,0,0,0,1,0.199705,-0.280145,1,2,0,0,0,,,,
2196,27,33,1.427159054,1.014327686,0.857119331,1.223245613,0,0.92219829,3.44,1,2.55,0,0,0,0,0,1,-0.316512,0.198243,2,1,0,0,0,,,,
2196,26,27,1.352769749,0.961456822,0.683748929,0.924954867,0,1.20353917,2.55,0,3.44,1,0,0,0,0,1,0.166516,-0.316512,3,2,0,0,0,,,,
2196,28,25,1.333377149,0.94767388,0.695243515,0.927021817,0,1.23793679,3.44,1,2.55,0,0,0,0,0,1,-0.280145,0.172044,2,3,0,0,0,,,,
2198,15,73,1.549627764,1.014154296,0.806000525,1.249000792,6,1.05593855,2.55,0,2.55,0,0,0,6,6,0,0.050745,0.13725,3,2,9,0.33333333,0,,,,
2198,73,16,1.496717813,0.979527365,0.741119875,1.109247319,6,1.05514148,2.55,0,2.55,0,0,1,6,5,0,0.13725,-0.098019,2,3,9,0.33333333,0,,,,
2198,58,60,1.534768651,1.004429745,0.697223764,1.070077176,0,1.0889137,2.55,0,2.55,0,0,0,0,0,0,0.126014,0.220927,2,2,0,0,0,,,,
2198,17,15,1.525512595,0.998372117,0.960222757,1.464831911,0,0.98942586,2.55,0,2.55,0,1,0,6,6,0,0.017384,0.050745,3,3,0,0,0,,,,
2198,32,31,1.519093966,0.994171444,0.861897182,1.309302808,0,1.07044597,2.55,0,2.55,0,0,0,0,0,0,0.050726,0.007039,1,3,0,0,0,,,,
2198,66,67,1.507346642,0.986483404,0.84444358,1.272869195,0,1.03954461,2.55,0,2.55,0,0,0,0,0,0,0.120415,0.051324,3,1,0,0,0,,,,
2198,31,24,1.503614722,0.984041049,0.961219223,1.445303375,0,0.91682524,2.55,0,2.55,0,0,1,0,6,0,0.007039,0.036003,3,3,0,0,0,,,,
2198,47,58,1.447691409,0.993611125,0.828297546,1.199119242,0,0.98296138,3.04,2,2.55,0,1,0,5,0,2,-0.224466,0.126014,3,2,0,0,0,,,,
2198,60,63,1.431866238,1.017673232,0.829106528,1.187169645,0,0.91980149,2.55,0,3.44,1,0,0,0,0,1,0.220927,-0.318221,2,2,0,0,0,,,,
2198,63,66,1.354559467,0.962728832,0.688703651,0.93289005,0,1.13883386,3.44,1,2.55,0,0,0,0,0,1,-0.318221,0.120415,2,3,0,0,0,,,,
2199,3,4,1.622462822,1.061821219,0.81325795,1.319480789,5,0.9111394,2.55,0,2.55,0,1,0,5,5,0,-0.296371,0.08554,4,4,8,0.375,1,,,,
2199,15,14,1.527615796,0.999748558,0.893416012,1.364796412,0,1.1035375,2.55,0,2.55,0,0,0,0,0,0,0.21883,0.142794,2,2,0,0,0,,,,
2199,4,34,1.5147574,0.991333377,0.680163559,1.030282785,0,1.04951557,2.55,0,2.55,0,0,0,5,0,0,0.08554,0.305524,4,2,0,0,0,,,,
2199,31,33,1.514420673,0.991113006,0.869807613,1.31725463,0,1.02491268,2.55,0,2.55,0,0,0,0,0,0,0.129703,-0.014145,3,1,0,0,0,,,,
2199,18,17,1.503873845,0.984210631,0.843223297,1.268101462,0,1.04913423,2.55,0,2.55,0,0,0,0,0,0,0.050039,0.129041,1,3,0,0,0,,,,
2199,14,8,1.462070436,1.003480052,0.835065346,1.220924354,0,0.91092151,2.55,0,3.04,2,0,1,0,5,2,0.142794,-0.283531,2,3,0,0,0,,,,
2199,16,15,1.426836484,1.014098425,0.832210803,1.187428736,0,0.94905969,3.44,1,2.55,0,0,0,0,0,1,-0.323914,0.21883,2,2,0,0,0,,,,
2199,34,35,1.415394322,1.005966114,0.713040805,1.009233907,0,0.99643615,2.55,0,3.44,1,0,0,0,0,1,0.305524,-0.293312,2,2,0,0,0,,,,
2199,35,31,1.368682116,0.972766251,0.998274124,1.36631994,0,1.07420303,3.44,1,2.55,0,0,0,0,0,1,-0.293312,0.129703,2,3,0,0,0,,,,
2199,17,16,1.360851086,0.967200488,0.689357629,0.938113078,0,1.10581512,2.55,0,3.44,1,0,0,0,0,1,0.129041,-0.323914,3,2,0,0,0,,,,
2200,1,11,1.626171861,1.0642486,0.895417798,1.456103228,6,0.99364775,2.55,0,2.55,0,0,0,6,6,0,-0.265015,-0.032953,4,4,6,0.16666667,1,,,,
2200,30,1,1.545233325,1.011278354,0.822383301,1.270774083,0,1.10129091,2.55,0,2.55,0,0,0,0,6,0,0.154733,-0.265015,1,4,0,0,0,,,,
2200,11,31,1.542931629,1.009772008,0.694721783,1.071908212,0,1.07935996,2.55,0,2.55,0,0,0,6,0,0,-0.032953,0.085083,4,2,0,0,0,,,,
2200,31,32,1.54182246,1.009046113,0.739253799,1.139798112,0,1.05632921,2.55,0,2.55,0,0,0,0,0,0,0.085083,0.02136,2,2,0,0,0,,,,
2200,32,35,1.529843378,1.001206399,0.719341558,1.100479918,0,0.94433848,2.55,0,2.55,0,0,0,0,0,0,0.02136,-0.020538,2,3,0,0,0,,,,
2200,35,38,1.515732667,0.991971641,0.847162893,1.284072471,0,1.03464665,2.55,0,2.55,0,0,0,0,0,0,-0.020538,0.048219,3,1,0,0,0,,,,
2201,15,18,1.584159519,1.036753612,0.876434361,1.388411836,6,1.02418245,2.55,0,2.55,0,0,1,6,5,0,-0.077567,-0.037071,4,3,9,0.33333333,1,,,,
2201,48,49,1.527802561,0.999870786,0.852506245,1.302461225,0,1.13998187,2.55,0,2.55,0,0,0,0,0,0,0.040363,0.010635,2,1,0,0,0,,,,
2201,24,15,1.527589831,0.999731565,0.665229217,1.016197388,0,1.05905749,2.55,0,2.55,0,0,0,0,6,0,0.314387,-0.077567,2,4,0,0,0,,,,
2201,41,48,1.519091304,0.994169702,0.960075445,1.45844226,0,1.01539133,2.55,0,2.55,0,1,0,6,0,0,0.009055,0.040363,3,2,0,0,0,,,,
2201,27,26,1.509690493,0.988017338,0.844581749,1.275057036,0,1.04833936,2.55,0,2.55,0,0,0,0,0,0,0.061149,0.118736,1,3,0,0,0,,,,
2201,25,24,1.435690319,1.020391129,0.694780484,0.997489614,0,0.88759334,3.44,1,2.55,0,0,0,0,0,1,-0.333985,0.314387,2,2,0,0,0,,,,
2201,21,29,1.431898874,0.982772048,0.973698944,1.394238421,0,0.87553064,3.04,2,2.55,0,1,1,5,6,2,-0.252343,0.159893,3,3,0,0,0,,,,
2201,26,25,1.353131769,0.961714121,0.686247152,0.928582822,0,1.11131352,2.55,0,3.44,1,0,0,0,0,1,0.118736,-0.333985,3,2,0,0,0,,,,
2202,3,4,1.558528929,1.019979666,0.932713821,1.453661473,5,0.94417452,2.55,0,2.55,0,0,0,5,5,0,-0.021133,-0.001875,3,4,8,0.375,1,,,,
2202,9,3,1.514366123,0.991077305,0.791951444,1.199304438,5,0.88069908,2.55,0,2.55,0,0,0,5,5,0,0.228198,-0.021133,3,3,8,0.375,0,,,,
2202,8,9,1.42165797,0.975743287,0.687472043,0.977350109,5,1.01062782,3.04,2,2.55,0,0,0,5,5,2,-0.353508,0.228198,3,3,8,0.375,0,,,,
2202,15,14,1.521971694,0.996054774,0.888052679,1.35159104,0,1.08488886,2.55,0,2.55,0,0,0,0,0,0,0.193464,0.177808,2,2,0,0,0,,,,
2202,29,31,1.516524978,0.992490169,0.870874345,1.320702696,0,1.02195808,2.55,0,2.55,0,0,0,0,0,0,0.129094,-0.011725,3,1,0,0,0,,,,
2202,4,32,1.512026931,0.989546421,0.689802009,1.042999215,0,1.04016917,2.55,0,2.55,0,0,0,5,0,0,-0.001875,0.284426,4,2,0,0,0,,,,
2202,18,17,1.509102078,0.98763225,0.844623645,1.274623298,0,1.04149988,2.55,0,2.55,0,0,0,0,0,0,0.046468,0.121535,1,3,0,0,0,,,,
2202,14,8,1.455270352,0.99881287,0.81850842,1.191151036,0,0.94230003,2.55,0,3.04,2,0,0,0,5,2,0.177808,-0.353508,2,3,0,0,0,,,,
2202,16,15,1.432797686,1.018335242,0.692081025,0.991612091,0,0.91197046,3.44,1,2.55,0,0,0,0,0,1,-0.328075,0.193464,2,2,0,0,0,,,,
2202,32,33,1.417257417,1.007290275,0.719235376,1.019341671,0,0.99225907,2.55,0,3.44,1,0,0,0,0,1,0.284426,-0.283608,2,2,0,0,0,,,,
2202,33,29,1.363045778,0.968760325,0.998276984,1.360697228,0,1.09347209,3.44,1,2.55,0,0,0,0,0,1,-0.283608,0.129094,2,3,0,0,0,,,,
2202,17,16,1.353641328,0.962076281,0.688555124,0.932056672,0,1.12887319,2.55,0,3.44,1,0,0,0,0,1,0.121535,-0.328075,3,2,0,0,0,,,,
2203,1,2,1.491726345,0.976260697,0.999999038,1.49172491,3,0.95739544,2.55,0,2.55,0,0,0,3,3,0,0.109395,0.109987,3,3,3,0.33333333,1,,,,
2203,12,13,1.498818567,0.980902203,0.902103055,1.352088808,0,1.06601472,2.55,0,2.55,0,0,0,0,0,0,-0.105962,0.066022,2,1,0,0,0,,,,
2203,8,7,1.49878576,0.980880733,0.902104896,1.352061973,0,1.06614067,2.55,0,2.55,0,0,0,0,0,0,0.066713,-0.10617,1,2,0,0,0,,,,
2203,2,3,1.480303413,0.968784956,0.805129383,1.191835774,0,1.05377994,2.55,0,2.55,0,0,0,3,0,0,0.109987,0.057269,3,2,0,0,0,,,,
2203,6,1,1.480126943,0.968669465,0.804180889,1.1902898,0,1.05436467,2.55,0,2.55,0,0,0,0,3,0,0.058711,0.109395,2,3,0,0,0,,,,
2203,7,6,1.340420729,0.877238697,0.776893297,1.041363879,0,1.87449673,2.55,0,2.55,0,0,0,0,0,0,-0.10617,0.058711,2,2,0,0,0,,,,
2203,3,12,1.34040686,0.87722962,0.776920708,1.041389847,0,1.87378,2.55,0,2.55,0,0,0,0,0,0,0.057269,-0.105962,2,2,0,0,0,,,,
2204,1,2,1.51449887,0.991164182,0.999998337,1.514496352,3,0.90546091,2.55,0,2.55,0,0,0,3,3,0,-0.014743,-0.014519,3,3,3,0.33333333,1,,,,
2204,8,7,1.500025697,0.98169221,0.901734018,1.352624198,0,1.06525541,2.55,0,2.55,0,0,0,0,0,0,0.066533,-0.11053,1,2,0,0,0,,,,
2204,12,13,1.499944236,0.981638898,0.901918501,1.352827457,0,1.06506854,2.55,0,2.55,0,0,0,0,0,0,-0.110425,0.065927,2,1,0,0,0,,,,
2204,6,1,1.481995493,0.969892338,0.812234493,1.203727858,0,1.05882857,2.55,0,2.55,0,0,0,0,3,0,0.092196,-0.014743,2,3,0,0,0,,,,
2204,2,3,1.481966658,0.969873467,0.812278327,1.203769398,0,1.05828107,2.55,0,2.55,0,0,0,3,0,0,-0.014519,0.09239,3,2,0,0,0,,,,
2204,3,12,1.34007396,0.877011754,0.779281578,1.044294949,0,1.88866062,2.55,0,2.55,0,0,0,0,0,0,0.09239,-0.110425,2,2,0,0,0,,,,
2204,7,6,1.340071211,0.877009955,0.779252198,1.044253437,0,1.88860233,2.55,0,2.55,0,0,0,0,0,0,-0.11053,0.092196,2,2,0,0,0,,,,
2205,1,2,1.590062495,1.040616816,0.999999872,1.590062292,3,0.77986705,2.55,0,2.55,0,0,0,3,3,0,-0.121929,-0.122155,3,3,3,0.33333333,1,,,,
2205,8,7,1.49938335,0.981271826,0.901006076,1.350953509,0,1.07074323,2.55,0,2.55,0,0,0,0,0,0,0.063788,-0.103824,1,2,0,0,0,,,,
2205,12,13,1.49930952,0.981223508,0.901033971,1.350928811,0,1.07057516,2.55,0,2.55,0,0,0,0,0,0,-0.104466,0.063485,2,1,0,0,0,,,,
2205,6,1,1.479354514,0.968163949,0.804434915,1.190044423,0,1.04997274,2.55,0,2.55,0,0,0,0,3,0,0.077082,-0.121929,2,3,0,0,0,,,,
2205,2,3,1.479108662,0.968003051,0.803119235,1.187900617,0,1.0499928,2.55,0,2.55,0,0,0,3,0,0,-0.122155,0.078946,3,2,0,0,0,,,,
2205,7,6,1.340903583,0.877554701,0.77787205,1.04305142,0,1.89382604,2.55,0,2.55,0,0,0,0,0,0,-0.103824,0.077082,2,2,0,0,0,,,,
2205,3,12,1.340825656,0.877503702,0.778056204,1.04323772,0,1.89401087,2.55,0,2.55,0,0,0,0,0,0,0.078946,-0.104466,2,2,0,0,0,,,,
2207,1,2,1.497032901,0.979733574,0.999999193,1.497031693,3,0.88998799,2.55,0,2.55,0,0,0,3,3,0,-0.084122,-0.083635,3,3,3,0.33333333,1,,,,
2207,8,7,1.499050854,0.981054224,0.901274903,1.351056913,0,1.07004822,2.55,0,2.55,0,0,0,0,0,0,0.063505,-0.104702,1,2,0,0,0,,,,
2207,12,13,1.499038169,0.981045922,0.901249986,1.351008129,0,1.06987729,2.55,0,2.55,0,0,0,0,0,0,-0.104579,0.063092,2,1,0,0,0,,,,
2207,2,3,1.478966787,0.967910201,0.800427746,1.183806052,0,1.04703319,2.55,0,2.55,0,0,0,3,0,0,-0.083635,0.107628,3,2,0,0,0,,,,
2207,6,1,1.478772751,0.967783214,0.80031156,1.183478927,0,1.04753413,2.55,0,2.55,0,0,0,0,3,0,0.107902,-0.084122,2,3,0,0,0,,,,
2207,7,6,1.341723956,0.878091594,0.776603515,1.041987541,0,1.87574171,2.55,0,2.55,0,0,0,0,0,0,-0.104702,0.107902,2,2,0,0,0,,,,
2207,3,12,1.341671193,0.878057064,0.776472319,1.041770542,0,1.87614647,2.55,0,2.55,0,0,0,0,0,0,0.107628,-0.104579,2,2,0,0,0,,,,
2208,1,2,1.541092727,1.008568539,0.999999896,1.541092567,3,0.88670639,2.55,0,2.55,0,0,0,3,3,0,-0.102376,-0.102157,3,3,3,0.33333333,1,,,,
2208,3,8,1.531826912,1.002504524,0.83304405,1.276079294,0,1.10497158,2.55,0,2.55,0,0,0,0,0,0,0.09068,0.008421,2,1,0,0,0,,,,
2208,7,6,1.531808246,1.002492308,0.832795627,1.275683208,0,1.10442747,2.55,0,2.55,0,0,0,0,0,0,0.009081,0.091464,1,2,0,0,0,,,,
2208,2,3,1.516801527,0.992671156,0.743259778,1.127377566,0,1.05935824,2.55,0,2.55,0,0,0,3,0,0,-0.102157,0.09068,3,2,0,0,0,,,,
2208,6,1,1.516689037,0.992597537,0.743063088,1.12699564,0,1.06001267,2.55,0,2.55,0,0,0,0,3,0,0.091464,-0.102376,2,3,0,0,0,,,,
2209,1,2,1.556057378,1.018362158,0.999997016,1.556052734,3,0.82696857,2.55,0,2.55,0,0,0,3,3,0,0.014743,0.014047,3,3,3,0.33333333,1,,,,
2209,12,13,1.500545618,0.982032473,0.911310263,1.367462622,0,1.09006961,2.55,0,2.55,0,0,0,0,0,0,-0.097955,0.074295,2,1,0,0,0,,,,
2209,8,7,1.499208763,0.981157567,0.900947769,1.35070879,0,1.06927726,2.55,0,2.55,0,0,0,0,0,0,0.062622,-0.103896,1,2,0,0,0,,,,
2209,2,3,1.481634844,0.969656312,0.816587724,1.209884825,0,1.07354212,2.55,0,2.55,0,0,0,3,0,0,0.014047,0.06094,3,2,0,0,0,,,,
2209,6,1,1.480647452,0.969010112,0.803132294,1.189155785,0,1.0756122,2.55,0,2.55,0,0,0,0,3,0,0.082662,0.014743,2,3,0,0,0,,,,
2209,3,12,1.34388847,0.879508161,0.999972101,1.343850976,0,1.92536017,2.55,0,2.55,0,0,0,0,0,0,0.06094,-0.097955,2,2,0,0,0,,,,
2209,7,6,1.340993951,0.877613842,0.7752343,1.039584507,0,1.8918164,2.55,0,2.55,0,0,0,0,0,0,-0.103896,0.082662,2,2,0,0,0,,,,
2210,1,2,1.557662936,1.019412916,0.999998691,1.557660898,3,0.83129969,2.55,0,2.55,0,0,0,3,3,0,0.015035,0.015828,3,3,3,0.33333333,1,,,,
2210,8,7,1.500650829,0.982101328,0.911255193,1.36747586,0,1.09023546,2.55,0,2.55,0,0,0,0,0,0,0.074732,-0.097962,1,2,0,0,0,,,,
2210,12,13,1.500612074,0.982075965,0.911261353,1.367449789,0,1.09053092,2.55,0,2.55,0,0,0,0,0,0,-0.097586,0.074395,2,1,0,0,0,,,,
2210,6,1,1.481455712,0.969539079,0.815429403,1.208022547,0,1.08054637,2.55,0,2.55,0,0,0,0,3,0,0.062204,0.015035,2,3,0,0,0,,,,
2210,2,3,1.481119323,0.969318929,0.809571703,1.199072293,0,1.08236431,2.55,0,2.55,0,0,0,3,0,0,0.015828,0.065793,3,2,0,0,0,,,,
2210,3,12,1.343845819,0.879480248,0.999977097,1.343815042,0,1.92493087,2.55,0,2.55,0,0,0,0,0,0,0.065793,-0.097586,2,2,0,0,0,,,,
2210,7,6,1.343798059,0.879448991,0.999970805,1.343758827,0,1.92549113,2.55,0,2.55,0,0,0,0,0,0,-0.097962,0.062204,2,2,0,0,0,,,,
2211,1,2,1.588764456,1.039767314,0.999996646,1.588759126,3,0.7816117,2.55,0,2.55,0,0,0,3,3,0,-0.166726,-0.165185,3,3,3,0.33333333,1,,,,
2211,12,13,1.458701323,0.954647463,0.999989184,1.458685546,0,1.12115212,2.55,0,2.55,0,0,0,0,0,0,-0.209942,0.073616,2,1,0,0,0,,,,
2211,8,7,1.458694007,0.954642675,0.999993945,1.458685174,0,1.12064112,2.55,0,2.55,0,0,0,0,0,0,0.072241,-0.211373,1,2,0,0,0,,,,
2211,2,3,1.436731465,0.940269283,0.930392652,1.336724397,0,0.96400641,2.55,0,2.55,0,0,0,3,0,0,-0.165185,0.078746,3,2,0,0,0,,,,
2211,6,1,1.436674672,0.940232115,0.930140635,1.336309492,0,0.96221687,2.55,0,2.55,0,0,0,0,3,0,0.081581,-0.166726,2,3,0,0,0,,,,
2211,3,12,1.213331284,0.794064976,0.999948358,1.213268625,0,2.48891694,2.55,0,2.55,0,0,0,0,0,0,0.078746,-0.209942,2,2,0,0,0,,,,
2211,7,6,1.213313948,0.794053631,0.999930855,1.213230054,0,2.48761546,2.55,0,2.55,0,0,0,0,0,0,-0.211373,0.081581,2,2,0,0,0,,,,
2212,1,2,1.553707663,1.016824387,0.99999979,1.553707337,3,0.83575551,2.55,0,2.55,0,0,0,3,3,0,-0.018364,-0.017242,3,3,3,0.33333333,1,,,,
2212,12,13,1.458532385,0.954536901,0.9999791,1.458501901,0,1.12097554,2.55,0,2.55,0,0,0,0,0,0,-0.210629,0.074149,2,1,0,0,0,,,,
2212,8,7,1.458413094,0.954458831,0.99998256,1.45838766,0,1.12069885,2.55,0,2.55,0,0,0,0,0,0,0.073974,-0.211812,1,2,0,0,0,,,,
2212,2,3,1.437731728,0.940923906,0.932925837,1.341297077,0,1.00403922,2.55,0,2.55,0,0,0,3,0,0,-0.017242,0.078706,3,2,0,0,0,,,,
2212,6,1,1.43754537,0.940801944,0.932642814,1.340716359,0,1.0032196,2.55,0,2.55,0,0,0,0,3,0,0.080657,-0.018364,2,3,0,0,0,,,,
2212,3,12,1.21334507,0.794073998,0.999866399,1.213182965,0,2.47157421,2.55,0,2.55,0,0,0,0,0,0,0.078706,-0.210629,2,2,0,0,0,,,,
2212,7,6,1.213267697,0.794023362,0.99985504,1.213091822,0,2.46887461,2.55,0,2.55,0,0,0,0,0,0,-0.211812,0.080657,2,2,0,0,0,,,,
2216,1,2,1.552708381,1.016170407,0.999895509,1.552546137,3,0.827515,2.55,0,2.55,0,0,0,3,3,0,0.022506,-0.035133,3,3,3,0.33333333,1,,,,
2216,8,7,1.499057249,0.981058409,0.900539944,1.349960931,0,1.06976969,2.55,0,2.55,0,0,0,0,0,0,0.062911,-0.100646,1,2,0,0,0,,,,
2216,6,1,1.479916157,0.968531516,0.795411801,1.177142776,0,1.07796522,2.55,0,2.55,0,0,0,0,3,0,0.084808,0.022506,2,3,0,0,0,,,,
2216,12,13,1.459011559,0.954850497,0.999997172,1.459007433,0,1.11975453,2.55,0,2.55,0,0,0,0,0,0,-0.204928,0.074681,2,1,0,0,0,,,,
2216,2,3,1.439515168,0.942091079,0.933852772,1.344295231,0,0.99598447,2.55,0,2.55,0,0,0,3,0,0,-0.035133,0.05356,3,2,0,0,0,,,,
2216,7,6,1.340716609,0.877432336,0.775236841,1.039372909,0,1.88652688,2.55,0,2.55,0,0,0,0,0,0,-0.100646,0.084808,2,2,0,0,0,,,,
2216,3,12,1.213677413,0.794291501,0.999978791,1.213651672,0,2.4759229,2.55,0,2.55,0,0,0,0,0,0,0.05356,-0.204928,2,2,0,0,0,,,,
2217,2,1,1.554783488,1.01752846,0.999804622,1.554479717,3,0.85376788,2.55,0,2.55,0,0,0,3,3,0,-0.07153,-0.043519,3,3,3,0.33333333,1,,,,
2217,7,15,1.499925164,0.981626416,0.906351383,1.359459247,0,1.08462697,2.55,0,2.55,0,0,0,0,0,0,-0.089046,0.072398,2,1,0,0,0,,,,
2217,1,6,1.494225469,0.977896249,0.797115226,1.191069872,0,1.0237925,2.55,0,2.55,0,0,0,3,0,0,-0.043519,0.020251,3,2,0,0,0,,,,
2217,9,8,1.459105247,0.954911811,0.999982185,1.459079253,0,1.12119798,2.55,0,2.55,0,0,0,0,0,0,0.073828,-0.201424,1,2,0,0,0,,,,
2217,3,2,1.440137742,0.942498522,0.932170999,1.342454638,0,1.0064007,2.55,0,2.55,0,0,0,0,3,0,0.047287,-0.07153,2,3,0,0,0,,,,
2217,6,7,1.340771035,0.877467955,0.999884391,1.340616029,0,1.94536472,2.55,0,2.55,0,0,0,0,0,0,0.020251,-0.089046,2,2,0,0,0,,,,
2217,8,3,1.213743963,0.794335054,0.999951387,1.213684959,0,2.48476031,2.55,0,2.55,0,0,0,0,0,0,-0.201424,0.047287,2,2,0,0,0,,,,
2218,2,1,1.553398745,1.016622215,0.99978877,1.553070621,3,0.8557493,2.55,0,2.55,0,0,0,3,3,0,-0.084631,-0.103555,3,3,3,0.33333333,1,,,,
2218,6,7,1.534303464,1.004125304,0.696772059,1.069059783,0,1.08294583,2.55,0,2.55,0,0,0,0,0,0,0.123535,-0.02393,2,2,0,0,0,,,,
2218,7,15,1.529383609,1.000905503,0.833405593,1.274596853,0,1.10576431,2.55,0,2.55,0,0,0,0,0,0,-0.02393,0.022538,2,1,0,0,0,,,,
2218,1,6,1.512932111,0.990138816,0.736950528,1.114956119,0,1.0596134,2.55,0,2.55,0,0,0,3,0,0,-0.103555,0.123535,3,2,0,0,0,,,,
2218,9,8,1.459326418,0.955056556,0.999996882,1.459321867,0,1.12060211,2.55,0,2.55,0,0,0,0,0,0,0.074564,-0.211238,1,2,0,0,0,,,,
2218,3,2,1.439819306,0.942290121,0.93323289,1.343686732,0,0.97165771,2.55,0,2.55,0,0,0,0,3,0,0.053033,-0.084631,2,3,0,0,0,,,,
2218,8,3,1.213867678,0.79441602,0.999934533,1.21378821,0,2.48309847,2.55,0,2.55,0,0,0,0,0,0,-0.211238,0.053033,2,2,0,0,0,,,,
2219,2,1,1.542252316,1.009327432,0.999763055,1.541886887,3,0.87081513,2.55,0,2.55,0,0,0,3,3,0,-0.030994,0.05529,3,3,3,0.33333333,1,,,,
2219,18,23,1.509861644,0.988129348,0.999955372,1.509794263,0,1.06440893,2.55,0,2.55,0,1,0,6,0,0,-0.03051,0.079688,3,1,0,0,0,,,,
2219,1,6,1.498731594,0.980845284,0.965011881,1.446293795,0,1.01920297,2.55,0,2.55,0,0,1,3,6,0,0.05529,0.048934,3,3,0,0,0,,,,
2219,9,8,1.458845178,0.954741608,0.999985509,1.458824037,0,1.12326322,2.55,0,2.55,0,0,0,0,0,0,0.075061,-0.201481,1,2,0,0,0,,,,
2219,3,2,1.440257351,0.9425768,0.935036495,1.346693184,0,0.99780221,2.55,0,2.55,0,0,0,0,3,0,0.056976,-0.030994,2,3,0,0,0,,,,
2219,8,3,1.213556617,0.794212446,0.999847033,1.213370984,0,2.46055639,2.55,0,2.55,0,0,0,0,0,0,-0.201481,0.056976,2,2,0,0,0,,,,
2220,1,2,1.539570513,1.007572326,0.999955659,1.539502247,3,0.88089315,2.55,0,2.55,0,0,0,3,3,0,0.051582,0.063366,3,3,3,0.33333333,1,,,,
2220,18,13,1.509743806,0.988052229,0.999983329,1.509718637,0,1.06416798,2.55,0,2.55,0,0,1,0,6,0,0.080396,-0.030154,1,3,0,0,0,,,,
2220,24,31,1.509385284,0.987817594,0.999970921,1.509341392,0,1.06421501,2.55,0,2.55,0,1,0,6,0,0,-0.029829,0.080495,3,1,0,0,0,,,,
2220,6,1,1.500786022,0.982189805,0.966185629,1.450037887,0,1.01423693,2.55,0,2.55,0,1,0,6,3,0,0.031157,0.051582,3,3,0,0,0,,,,
2220,2,3,1.496819385,0.979593838,0.967026815,1.447464482,0,1.05328128,2.55,0,2.55,0,0,1,3,6,0,0.063366,0.111366,3,3,0,0,0,,,,
2221,2,1,1.540840215,1.008403282,0.99995351,1.540768582,3,0.86525585,2.55,0,2.55,0,0,0,3,3,0,0.061718,0.041427,3,3,3,0.33333333,1,,,,
2221,10,30,1.510511881,0.988554896,0.878434556,1.326885834,0,1.06133685,2.55,0,2.55,0,1,0,6,0,0,-0.041167,0.079125,3,1,0,0,0,,,,
2221,26,18,1.506359522,0.985837383,0.886406479,1.33524684,0,1.07784681,2.55,0,2.55,0,0,1,0,6,0,0.108733,-0.08692,1,3,0,0,0,,,,
2221,1,6,1.500686682,0.982124792,0.817153657,1.22629161,0,1.01534917,2.55,0,2.55,0,0,1,3,6,0,0.041427,0.044659,3,3,0,0,0,,,,
2221,3,2,1.496001289,0.979058435,0.79200482,1.184840231,0,1.05109917,2.55,0,2.55,0,1,0,6,3,0,0.136161,0.061718,3,3,0,0,0,,,,
2222,1,2,1.550908206,1.014992281,0.999796411,1.550592458,3,0.81848378,2.55,0,2.55,0,0,0,3,3,0,-0.061416,-0.152956,4,3,3,0.33333333,1,,,,
2222,7,6,1.535506816,1.004912838,0.850152627,1.305415154,0,1.10042105,2.55,0,2.55,0,0,0,0,0,0,-0.002152,0.104148,1,2,0,0,0,,,,
2222,3,10,1.532642575,1.003038334,0.832390369,1.275756919,0,1.10397156,2.55,0,2.55,0,0,0,0,0,0,0.086218,0.014183,2,1,0,0,0,,,,
2222,6,1,1.524889638,0.997964423,0.770011844,1.174183082,0,1.02669044,2.55,0,2.55,0,0,0,0,3,0,0.104148,-0.061416,2,4,0,0,0,,,,
2222,2,3,1.515699952,0.99195023,0.749188415,1.135544845,0,1.04312113,2.55,0,2.55,0,0,0,3,0,0,-0.152956,0.086218,3,2,0,0,0,,,,
2223,2,1,1.515346354,0.991718818,0.999716033,1.514916046,3,0.88975682,2.55,0,2.55,0,0,0,3,3,0,-0.052426,0.230125,3,3,3,0.33333333,1,,,,
2223,9,3,1.53084448,1.00186157,0.834135337,1.276931475,0,1.10435098,2.55,0,2.55,0,0,0,0,0,0,0.0096,0.102986,1,2,0,0,0,,,,
2223,6,15,1.52351056,0.997061885,0.84465543,1.286841466,0,1.11421705,2.55,0,2.55,0,0,0,0,0,0,0.192791,-0.023238,2,1,0,0,0,,,,
2223,3,2,1.517309044,0.993003301,0.740434791,1.123468405,0,1.06576911,2.55,0,2.55,0,0,0,0,3,0,0.102986,-0.052426,2,3,0,0,0,,,,
2223,5,6,1.428431118,1.015231783,0.832173067,1.188701904,0,0.94888642,3.44,1,2.55,0,0,0,0,0,1,-0.345189,0.192791,2,2,0,0,0,,,,
2223,1,5,1.376907852,0.978612546,0.719750305,0.991029847,0,1.11467894,2.55,0,3.44,1,0,0,3,0,1,0.230125,-0.345189,3,2,0,0,0,,,,
2224,2,1,1.542541282,1.009516546,0.999746338,1.542149997,3,0.86444506,2.55,0,2.55,0,0,0,3,3,0,-0.174177,0.081143,3,3,3,0.33333333,1,,,,
2224,9,3,1.53105866,1.002001741,0.834859165,1.278218354,0,1.10794531,2.55,0,2.55,0,0,0,0,0,0,0.010348,0.095742,1,2,0,0,0,,,,
2224,6,15,1.523776988,0.997236249,0.846290286,1.289557664,0,1.11063466,2.55,0,2.55,0,0,0,0,0,0,0.19752,-0.026944,2,1,0,0,0,,,,
2224,3,2,1.517689172,0.993252076,0.737388419,1.119126418,0,1.04585476,2.55,0,2.55,0,0,0,0,3,0,0.095742,-0.174177,2,3,0,0,0,,,,
2224,5,6,1.427065426,1.014261141,0.84211534,1.201753686,0,0.95746264,3.44,1,2.55,0,0,0,0,0,1,-0.35078,0.19752,2,2,0,0,0,,,,
2224,1,5,1.381543035,0.981906919,0.725334647,1.00208103,0,1.07545787,2.55,0,3.44,1,0,0,3,0,1,0.081143,-0.35078,3,2,0,0,0,,,,
2225,2,1,1.506287332,0.985790139,0.79455791,1.196832514,3,0.88782236,2.55,0,2.55,0,0,0,3,3,0,-0.048029,0.233077,3,3,3,0.33333333,1,,,,
2225,9,3,1.53060558,1.001705222,0.835509948,1.278836189,0,1.10360372,2.55,0,2.55,0,0,0,0,0,0,0.008732,0.092957,1,2,0,0,0,,,,
2225,6,15,1.52311424,0.996802513,0.852921092,1.29909626,0,1.10774595,2.55,0,2.55,0,0,0,0,0,0,0.182939,-0.023192,2,1,0,0,0,,,,
2225,3,2,1.517131501,0.992887108,0.745036297,1.130318035,0,1.06332051,2.55,0,2.55,0,0,0,0,3,0,0.092957,-0.048029,2,3,0,0,0,,,,
2225,5,6,1.425334295,1.013030771,0.866454498,1.23498731,0,0.96319958,3.44,1,2.55,0,0,0,0,0,1,-0.330614,0.182939,2,2,0,0,0,,,,
2225,1,5,1.376798727,0.978534987,0.719366498,0.990422878,0,1.1265645,2.55,0,3.44,1,0,0,3,0,1,0.233077,-0.330614,3,2,0,0,0,,,,
2226,1,2,1.562430196,1.022532851,0.999990855,1.562415907,3,0.85517536,2.55,0,2.55,0,0,0,3,3,0,-0.0948,-0.097195,3,3,3,0.33333333,1,,,,
2226,12,9,1.54300032,1.009816963,0.665305946,1.026567287,5,1.05071551,2.55,0,2.55,0,0,0,5,5,0,-0.056041,0.099156,3,2,5,0.4,0,,,,
2226,14,15,1.54234497,1.009388069,0.665195587,1.025961067,5,1.04141593,2.55,0,2.55,0,0,0,5,5,0,0.095712,-0.056022,2,3,5,0.4,0,,,,
2226,3,14,1.540646167,1.008276287,0.659910986,1.016689331,5,1.05165466,2.55,0,2.55,0,0,0,5,5,0,-0.036024,0.095712,3,2,5,0.4,0,,,,
2226,9,6,1.540004465,1.007856325,0.658740579,1.014463432,5,1.04432856,2.55,0,2.55,0,0,0,5,5,0,0.099156,-0.037326,2,3,5,0.4,0,,,,
2226,2,3,1.515197642,0.991621494,0.756761177,1.146642751,0,1.00740545,2.55,0,2.55,0,0,0,3,5,0,-0.097195,-0.036024,3,3,0,0,0,,,,
2226,6,1,1.515079391,0.991544104,0.756284336,1.145830812,0,1.01032355,2.55,0,2.55,0,0,0,5,3,0,-0.037326,-0.0948,3,3,0,0,0,,,,
2226,13,12,1.502839196,0.983533505,0.813338723,1.222317313,0,1.00682214,2.55,0,2.55,0,0,0,0,5,0,0.014598,-0.056041,2,3,0,0,0,,,,
2226,15,18,1.502625694,0.983393779,0.806837633,1.212374958,0,1.00873653,2.55,0,2.55,0,0,0,5,0,0,-0.056022,0.015401,3,2,0,0,0,,,,
2226,36,35,1.502296328,0.983178225,0.911107951,1.368754129,0,1.08481674,2.55,0,2.55,0,0,0,0,0,0,0.076929,-0.108937,1,2,0,0,0,,,,
2226,42,43,1.502220936,0.983128885,0.910861656,1.36831545,0,1.08506842,2.55,0,2.55,0,0,0,0,0,0,-0.108455,0.077086,2,1,0,0,0,,,,
2226,35,13,1.342384969,0.878524195,0.999998966,1.342383581,0,1.96151121,2.55,0,2.55,0,0,0,0,0,0,-0.108937,0.014598,2,2,0,0,0,,,,
2226,18,42,1.342382825,0.878522791,0.999998774,1.342381178,0,1.96042112,2.55,0,2.55,0,0,0,0,0,0,0.015401,-0.108455,2,2,0,0,0,,,,
2227,1,2,1.532757732,1.003113699,0.805578095,1.234756054,3,0.85419984,2.55,0,2.55,0,0,1,3,3,0,0.075359,-0.273771,3,4,11,0.36363636,1,,,,
2227,18,17,1.509042029,0.987592951,0.836725255,1.262653577,0,1.03956524,2.55,0,2.55,0,0,0,0,0,0,0.042045,0.144465,1,3,0,0,0,,,,
2227,36,37,1.505316616,0.985154853,0.835763275,1.258088345,0,1.04523404,2.55,0,2.55,0,0,0,0,0,0,0.139781,0.04489,3,1,0,0,0,,,,
2227,5,1,1.503136908,0.983728343,0.804388813,1.209106513,0,1.01858826,2.55,0,2.55,0,1,0,6,3,0,0.065185,0.075359,3,3,0,0,0,,,,
2227,19,12,1.388001414,0.986497096,0.758844569,1.053277334,0,0.99080115,3.44,1,2.55,0,0,1,0,6,1,-0.275829,0.210424,2,3,0,0,0,,,,
2227,35,36,1.374821223,0.977129512,0.71341997,0.980824916,0,1.0330926,3.44,1,2.55,0,0,0,0,0,1,-0.267169,0.139781,2,3,0,0,0,,,,
2227,32,35,1.363307093,0.96894605,0.751497114,1.024521346,0,1.05503164,2.55,0,3.44,1,1,0,5,0,1,0.243809,-0.267169,3,2,0,0,0,,,,
2227,17,19,1.362200036,0.968159229,0.724614045,0.987069278,0,1.07813519,2.55,0,3.44,1,0,0,0,0,1,0.144465,-0.275829,3,2,0,0,0,,,,
2228,2,24,1.534092721,1.003987383,0.732181195,1.123233842,5,1.00549546,2.55,0,2.55,0,0,0,3,5,0,-0.28488,0.383616,4,2,11,0.36363636,0,,,,
2228,1,2,1.529249272,1.000817587,0.998559637,1.527046598,3,0.85573146,2.55,0,2.55,0,0,0,3,3,0,0.108108,-0.28488,3,4,11,0.36363636,1,,,,
2228,24,26,1.459404406,1.001650244,0.745780004,1.088394623,5,0.8948994,2.55,0,3.04,2,0,1,5,5,2,0.383616,-0.244609,2,3,11,0.36363636,0,,,,
2228,36,37,1.504941122,0.984909111,0.835587252,1.257509617,0,1.04613321,2.55,0,2.55,0,0,0,0,0,0,0.139266,0.045935,3,1,0,0,0,,,,
2228,18,17,1.50442355,0.984570386,0.835771405,1.257354185,0,1.04581046,2.55,0,2.55,0,0,0,0,0,0,0.047824,0.13545,1,3,0,0,0,,,,
2228,5,1,1.498591681,0.980753718,0.815361231,1.221893558,0,1.01580844,2.55,0,2.55,0,1,0,6,3,0,0.055096,0.108108,3,3,0,0,0,,,,
2228,19,12,1.379770271,0.980646959,0.824810273,1.138048695,0,1.00062681,3.44,1,2.55,0,0,1,0,6,1,-0.285458,0.196216,2,3,0,0,0,,,,
2228,17,19,1.378364094,0.979647543,0.697558023,0.961488932,0,1.04332294,2.55,0,3.44,1,0,0,0,0,1,0.13545,-0.285458,3,2,0,0,0,,,,
2228,35,36,1.375782318,0.977812593,0.71375394,0.98197005,0,1.0306835,3.44,1,2.55,0,0,0,0,0,1,-0.265977,0.139266,2,3,0,0,0,,,,
2228,32,35,1.362450398,0.96833717,0.751428974,1.023784705,0,1.05812619,2.55,0,3.44,1,1,0,5,0,1,0.245448,-0.265977,3,2,0,0,0,,,,
2229,2,1,1.536294654,1.005428439,0.803354359,1.234189007,3,0.83565856,2.55,0,2.55,0,1,0,3,3,0,-0.300147,0.066363,4,3,11,0.36363636,1,,,,
2229,29,28,1.505540089,0.985301106,0.836160893,1.258873745,0,1.04499758,2.55,0,2.55,0,0,0,0,0,0,0.045259,0.139195,1,3,0,0,0,,,,
2229,1,5,1.500994551,0.982326277,0.964152911,1.447188266,0,1.02656281,2.55,0,2.55,0,0,1,3,6,0,0.066363,0.087901,3,3,0,0,0,,,,
2229,35,36,1.409560896,1.001820111,0.868945042,1.224830952,0,0.97047784,3.44,1,2.55,0,0,0,0,0,1,-0.311104,0.183252,2,1,0,0,0,,,,
2229,28,27,1.373764585,0.976378525,0.713256745,0.979846856,0,1.03677911,2.55,0,3.44,1,0,0,0,0,1,0.139195,-0.266879,3,2,0,0,0,,,,
2229,27,24,1.36428653,0.969642167,0.751417568,1.025148866,0,1.05262747,3.44,1,2.55,0,0,1,0,5,1,-0.266879,0.24289,2,3,0,0,0,,,,
2229,10,35,1.356737665,0.964276947,0.958742204,1.300761658,0,1.13115533,2.55,0,3.44,1,1,0,6,0,1,0.234264,-0.311104,3,2,0,0,0,,,,
2230,20,24,1.44843193,0.994119375,0.834064005,1.208084936,5,0.9888505,3.04,2,2.55,0,0,0,4,5,2,-0.257893,0.245388,3,3,7,0.42857143,0,,,,
2230,11,12,1.531560319,1.002330051,0.771462024,1.181540624,0,0.96006559,2.55,0,2.55,0,0,0,0,0,0,0.160573,0.076343,2,3,0,0,0,,,,
2230,24,42,1.529846351,1.001208345,0.702941355,1.075392267,0,0.9164639,2.55,0,2.55,0,0,0,5,0,0,0.245388,0.165069,3,3,0,0,0,,,,
2230,0,1,1.5188842,0.994034162,0.86163507,1.308723895,0,1.07013961,2.55,0,2.55,0,0,0,0,0,0,0.04905,0.008069,1,3,0,0,0,,,,
2230,8,11,1.516975159,0.99278479,0.961410341,1.458435605,0,1.04594689,2.55,0,2.55,0,1,0,6,0,0,-0.03783,0.160573,3,2,0,0,0,,,,
2230,1,5,1.503576283,0.984015892,0.960980706,1.444907798,0,0.91940107,2.55,0,2.55,0,0,1,0,6,0,0.008069,0.028328,3,3,0,0,0,,,,
2230,43,44,1.431338654,1.017298262,0.859428678,1.230133487,0,0.91425155,3.44,1,2.55,0,0,0,0,0,1,-0.314229,0.190282,2,1,0,0,0,,,,
2230,15,16,1.426446357,0.979029757,0.824726249,1.176427754,0,1.04118226,3.04,2,2.55,0,0,0,0,4,2,-0.120461,0.085476,2,3,0,0,0,,,,
2230,12,15,1.373233674,0.942507669,0.731457043,1.004461442,0,1.18532359,2.55,0,3.04,2,0,0,0,0,2,0.076343,-0.120461,3,2,0,0,0,,,,
2230,42,43,1.346826394,0.95723269,0.677769019,0.912837205,0,1.17356287,2.55,0,3.44,1,0,0,0,0,1,0.165069,-0.314229,3,2,0,0,0,,,,
2232,1,2,1.532848419,1.003173049,0.769755886,1.179919093,3,0.82580971,2.55,0,2.55,0,0,0,3,3,0,-0.218959,-0.006847,4,3,7,0.28571429,1,,,,
2232,2,3,1.526329861,0.998906977,0.706793231,1.078799614,6,1.03637941,2.55,0,2.55,0,0,0,3,6,0,-0.006847,0.016517,3,3,7,0.28571429,0,,,,
2232,3,12,1.53117263,1.002076329,0.828505112,1.268584352,0,1.08678539,2.55,0,2.55,0,0,0,6,0,0,0.016517,0.062157,3,1,0,0,0,,,,
2232,5,1,1.518496111,0.993780178,0.867421113,1.317175587,0,1.09032511,2.55,0,2.55,0,0,0,0,3,0,0.148041,-0.218959,1,4,0,0,0,,,,
2233,12,3,1.532620448,1.003023853,0.999878223,1.532433809,0,1.09549055,2.55,0,2.55,0,0,0,0,6,0,0.074589,-0.003321,1,3,0,0,0,,,,
2233,6,13,1.53248828,1.002937356,0.999876359,1.532298802,0,1.094679,2.55,0,2.55,0,0,0,6,0,0,-0.001385,0.073761,3,1,0,0,0,,,,
2234,2,1,1.534774085,1.004433302,0.999968692,1.534726034,3,0.83272195,2.55,0,2.55,0,0,0,3,3,0,-0.009178,0.030232,4,4,3,0.33333333,1,,,,
2234,4,2,1.512042269,0.989556459,0.878026441,1.327613092,0,1.10368162,2.55,0,2.55,0,0,0,0,3,0,0.163488,-0.009178,1,4,0,0,0,,,,
2234,1,5,1.511720192,0.989345675,0.873798693,1.320939128,0,1.10230731,2.55,0,2.55,0,0,0,3,0,0,0.030232,0.152974,4,1,0,0,0,,,,
2235,2,1,1.536877448,1.005809848,0.999652196,1.536342916,3,0.90381905,2.55,0,2.55,0,0,0,3,3,0,0.065015,-0.061578,3,3,3,0.33333333,1,,,,
2235,18,11,1.509538594,0.987917928,0.999987165,1.50951922,0,1.06424247,2.55,0,2.55,0,0,1,0,6,0,0.079251,-0.031465,1,3,0,0,0,,,,
2235,3,2,1.4998081,0.981549804,0.965165241,1.447562647,0,1.01618756,2.55,0,2.55,0,1,0,6,3,0,0.040218,0.065015,3,3,0,0,0,,,,
2235,1,6,1.443505434,0.944702509,0.932129878,1.345534544,0,1.15491594,2.55,0,2.55,0,0,0,3,0,0,-0.061578,-0.109568,3,2,0,0,0,,,,
2235,6,22,1.159710759,0.795957968,0.999628221,1.159279603,0,3.01128812,2.55,0,3.04,2,0,0,0,0,2,-0.109568,0.087331,2,1,0,0,0,,,,
2236,2,1,1.527156415,0.999447916,0.998812994,1.525343672,3,0.91377648,2.55,0,2.55,0,0,0,3,3,0,0.10004,0.023781,3,3,3,0.33333333,1,,,,
2236,1,6,1.523450215,0.997022392,0.824590223,1.256222152,0,0.93381567,2.55,0,2.55,0,0,0,3,0,0,0.023781,0.145242,3,3,0,0,0,,,,
2236,17,11,1.510126622,0.988302763,0.999967099,1.510076937,0,1.06311221,2.55,0,2.55,0,0,1,0,6,0,0.08063,-0.018414,1,3,0,0,0,,,,
2236,3,2,1.497374643,0.979957227,0.965626413,1.445904506,0,1.03584854,2.55,0,2.55,0,1,0,6,3,0,-0.01235,0.10004,3,3,0,0,0,,,,
2236,27,28,1.448930455,0.994461534,0.885292744,1.282727619,0,0.99066197,3.04,2,2.55,0,0,0,0,0,2,-0.166717,0.10497,2,1,0,0,0,,,,
2236,6,27,1.358570625,0.932443806,0.734047917,0.997255938,0,1.25944318,2.55,0,3.04,2,0,0,0,0,2,0.145242,-0.166717,3,2,0,0,0,,,,
2237,2,1,1.549304037,1.013942433,0.999596116,1.548678298,3,0.8309749,2.55,0,2.55,0,0,0,3,3,0,0.082534,-0.016741,3,3,3,0.33333333,1,,,,
2237,17,11,1.509882558,0.988143035,0.999932731,1.50978099,0,1.06370693,2.55,0,2.55,0,0,1,0,6,0,0.079073,-0.018402,1,3,0,0,0,,,,
2237,1,6,1.498123661,0.980447422,0.772259284,1.156939906,0,0.97820529,2.55,0,2.55,0,0,0,3,0,0,-0.016741,0.245768,3,3,0,0,0,,,,
2237,3,2,1.496276954,0.979238844,0.967877077,1.448212164,0,1.05834652,2.55,0,2.55,0,1,0,6,3,0,0.039235,0.082534,3,3,0,0,0,,,,
2237,28,27,1.428268867,1.015116466,0.858448723,1.226095586,0,0.92132378,3.44,1,2.55,0,0,0,0,0,1,-0.306827,0.191697,2,1,0,0,0,,,,
2237,6,28,1.347921236,0.958010828,0.674880285,0.909685468,0,1.18525493,2.55,0,3.44,1,0,0,0,0,1,0.245768,-0.306827,3,2,0,0,0,,,,
2238,2,1,1.5296423,1.001074804,0.999991527,1.52962934,3,0.88790757,2.55,0,2.55,0,0,0,3,3,0,-0.041998,-0.035863,3,3,3,0.33333333,1,,,,
2238,21,24,1.542214244,1.009302516,0.700703409,1.080634779,0,1.0721503,2.55,0,2.55,0,0,0,0,0,0,-0.004482,0.158667,2,2,0,0,0,,,,
2238,6,9,1.534272427,1.004104992,0.697161034,1.069634951,0,1.08210007,2.55,0,2.55,0,0,0,0,0,0,0.137985,-0.003097,2,2,0,0,0,,,,
2238,15,18,1.532051511,1.002651512,0.700918815,1.073843729,0,1.08540009,2.55,0,2.55,0,0,0,0,0,0,0.03292,0.022999,2,2,0,0,0,,,,
2238,9,15,1.531939556,1.002578243,0.700627747,1.073319359,0,1.08008728,2.55,0,2.55,0,0,0,0,0,0,-0.003097,0.03292,2,2,0,0,0,,,,
2238,18,21,1.53154852,1.00232233,0.695099597,1.064578759,0,1.08944249,2.55,0,2.55,0,0,0,0,0,0,0.022999,-0.004482,2,2,0,0,0,,,,
2238,1,6,1.516531989,0.992494757,0.745834955,1.131082567,0,1.06840015,2.55,0,2.55,0,0,0,3,0,0,-0.035863,0.137985,3,2,0,0,0,,,,
2238,3,2,1.513072645,0.990230789,0.881004676,1.333024075,0,1.10386383,2.55,0,2.55,0,0,0,0,3,0,0.107818,-0.041998,1,3,0,0,0,,,,
2238,24,27,1.495616036,0.978806307,0.865623419,1.294640267,0,1.0626753,2.55,0,2.55,0,0,1,0,6,0,0.158667,0.002531,2,3,0,0,0,,,,
2238,33,36,1.488856227,0.974382347,0.857416409,1.27656976,0,1.11763086,2.55,0,2.55,0,1,0,6,0,0,-0.078463,0.142786,3,1,0,0,0,,,,
2240,2,0,1.528322825,1.000211273,0.766224984,1.189577918,3,0.85585274,2.55,0,2.55,0,0,0,3,3,0,-0.060591,0.209372,3,4,3,0.33333333,1,,,,
2240,40,42,1.528724236,1.000473976,0.738132064,1.133026225,0,1.12925104,2.55,0,2.55,0,0,0,0,0,0,0.072184,0.060317,2,2,0,0,0,,,,
2240,7,2,1.522968331,0.996707023,0.74087858,1.120697948,0,1.05567252,2.55,0,2.55,0,0,0,0,3,0,0.253027,-0.060591,2,3,0,0,0,,,,
2240,42,45,1.520745733,0.995252443,0.736013473,1.121179643,0,0.99761282,2.55,0,2.55,0,0,1,0,6,0,0.060317,-0.00205,2,3,0,0,0,,,,
2240,9,7,1.517792009,0.993319378,0.765523686,1.164892276,0,1.06963513,2.55,0,2.55,0,1,0,6,0,0,-0.072335,0.253027,3,2,0,0,0,,,,
2240,17,13,1.51227096,0.989706126,0.883611133,1.331115917,0,1.09460967,2.55,0,2.55,0,0,1,0,6,0,0.099933,-0.077898,1,3,0,0,0,,,,
2240,38,40,1.504802839,0.984818612,0.993736685,1.496317663,0,1.01797758,2.55,0,2.55,0,0,0,0,0,0,-0.075461,0.072184,2,2,0,0,0,,,,
2240,0,6,1.499530795,0.981368321,0.993258809,1.503142697,0,0.99029003,2.55,0,2.55,0,0,0,3,0,0,0.209372,0.008902,4,2,0,0,0,,,,
2240,57,58,1.40902938,1.001442346,0.857587573,1.220554442,0,0.97251403,3.44,1,2.55,0,0,0,0,0,1,-0.314243,0.18457,2,1,0,0,0,,,,
2240,49,57,1.359433109,0.966192686,0.715242882,0.979207022,0,1.12488417,2.55,0,3.44,1,1,0,6,0,1,0.232615,-0.314243,3,2,0,0,0,,,,
2240,6,38,1.33871242,0.876120694,0.814718777,1.098791635,0,1.91180802,2.55,0,2.55,0,0,0,0,0,0,0.008902,-0.075461,2,2,0,0,0,,,,
2241,2,0,1.529499157,1.000981124,0.789244566,1.207148898,3,0.86187855,2.55,0,2.55,0,0,0,3,3,0,-0.065245,0.223727,3,4,3,0.33333333,1,,,,
2241,40,42,1.530158774,1.00141281,0.740562455,1.133178138,0,1.105495,2.55,0,2.55,0,0,0,0,0,0,0.082738,0.070273,2,2,0,0,0,,,,
2241,7,2,1.523438306,0.997014598,0.815276992,1.242024199,0,1.06008724,2.55,0,2.55,0,0,0,0,3,0,0.2541,-0.065245,2,3,0,0,0,,,,
2241,42,45,1.520353472,0.994995728,0.740310351,1.125533412,0,1.01948288,2.55,0,2.55,0,0,1,0,6,0,0.070273,-0.047588,2,3,0,0,0,,,,
2241,9,7,1.517752692,0.993293646,0.833598016,1.265195632,0,1.06955327,2.55,0,2.55,0,1,0,6,0,0,-0.067005,0.2541,3,2,0,0,0,,,,
2241,0,6,1.51582552,0.992032408,0.947678236,1.436514855,0,0.99760472,2.55,0,2.55,0,0,0,3,0,0,0.223727,-0.130053,4,3,0,0,0,,,,
2241,17,13,1.512229682,0.989679111,0.881851178,1.333561526,0,1.09514093,2.55,0,2.55,0,0,1,0,6,0,0.10017,-0.078811,1,3,0,0,0,,,,
2241,38,40,1.510336425,0.988440069,0.989538358,1.494535826,0,1.02671236,2.55,0,2.55,0,0,0,0,0,0,-0.076745,0.082738,2,2,0,0,0,,,,
2241,48,53,1.510051522,0.988253614,0.878803032,1.327037856,0,1.11127565,2.55,0,2.55,0,1,0,6,0,0,-0.089774,0.113711,3,1,0,0,0,,,,
2241,6,38,1.346272733,0.881068543,0.783215651,1.054421875,0,1.8997588,2.55,0,2.55,0,0,0,0,0,0,-0.130053,-0.076745,3,2,0,0,0,,,,
2242,2,1,1.525610391,0.99843612,0.997878133,1.522373248,3,0.90181273,2.55,0,2.55,0,0,0,3,3,0,0.003562,0.046684,3,3,3,0.33333333,1,,,,
2242,1,6,1.515821847,0.992030005,0.799523655,1.211935423,0,0.94907673,2.55,0,2.55,0,0,0,3,0,0,0.046684,0.219827,3,3,0,0,0,,,,
2242,3,2,1.500233459,0.98182818,0.729375892,1.094234117,0,0.97955137,2.55,0,2.55,0,0,0,0,3,0,0.239122,0.003562,3,3,0,0,0,,,,
2242,13,8,1.430521425,1.01671743,0.859389101,1.229374521,0,0.91448494,2.55,0,3.44,1,0,0,0,0,1,0.189628,-0.298944,1,2,0,0,0,,,,
2242,7,17,1.430224348,1.016506288,0.860389829,1.230550481,0,0.91414804,3.44,1,2.55,0,0,0,0,0,1,-0.288349,0.190651,2,1,0,0,0,,,,
2242,8,3,1.341007475,0.953096997,0.680350162,0.912354653,0,1.20317916,3.44,1,2.55,0,0,0,0,0,1,-0.298944,0.239122,2,3,0,0,0,,,,
2242,6,7,1.332813052,0.947272958,0.690337716,0.920091118,0,1.21129524,2.55,0,3.44,1,0,0,0,0,1,0.219827,-0.288349,3,2,0,0,0,,,,
2245,1,2,1.541613812,1.008909563,0.999694674,1.541143117,3,0.86507198,2.55,0,2.55,0,0,0,3,3,0,-0.187744,0.088898,3,3,3,0.33333333,1,,,,
2245,11,23,1.529268182,1.000829962,0.834035771,1.275464367,0,1.0898656,2.55,0,2.55,0,0,0,0,0,0,-0.009987,-0.015871,2,1,0,0,0,,,,
2245,7,6,1.524298405,0.99757749,0.6825777,1.040452098,0,1.07578492,2.55,0,2.55,0,0,0,0,0,0,0.212031,0.132043,2,2,0,0,0,,,,
2245,8,11,1.520808506,0.995293525,0.681500803,1.036432218,0,1.07939423,2.55,0,2.55,0,0,0,0,0,0,0.2166,-0.009987,2,2,0,0,0,,,,
2245,6,1,1.514986217,0.991483126,0.735428431,1.114163937,0,1.02493981,2.55,0,2.55,0,0,0,0,3,0,0.132043,-0.187744,2,3,0,0,0,,,,
2245,3,8,1.423340148,1.011613467,0.678025507,0.965060925,0,0.95562364,3.44,1,2.55,0,0,0,0,0,1,-0.346345,0.2166,2,2,0,0,0,,,,
2245,12,7,1.405972435,0.999269677,0.669892134,0.941849875,0,1.0179715,3.44,1,2.55,0,0,0,0,0,1,-0.385641,0.212031,2,2,0,0,0,,,,
2245,19,12,1.401381567,0.9960068,0.838153952,1.174573499,0,1.00442262,2.55,0,3.44,1,0,0,0,0,1,0.193393,-0.385641,1,2,0,0,0,,,,
2245,2,3,1.378914936,0.980039045,0.718384504,0.990591122,0,1.07889519,2.55,0,3.44,1,0,0,3,0,1,0.088898,-0.346345,3,2,0,0,0,,,,
2246,1,2,1.51392122,0.990786139,0.999667914,1.513418468,3,0.88743133,2.55,0,2.55,0,0,0,3,3,0,-0.065633,0.237047,3,3,3,0.33333333,1,,,,
2246,11,23,1.529110355,1.000726672,0.833493432,1.274503437,0,1.0902261,2.55,0,2.55,0,0,0,0,0,0,-0.007593,-0.015775,2,1,0,0,0,,,,
2246,7,6,1.524123643,0.997463117,0.681465732,1.038638034,0,1.07260163,2.55,0,2.55,0,0,0,0,0,0,0.212611,0.139899,2,2,0,0,0,,,,
2246,8,11,1.520310102,0.994967344,0.681504511,1.036098192,0,1.07780552,2.55,0,2.55,0,0,0,0,0,0,0.209923,-0.007593,2,2,0,0,0,,,,
2246,6,1,1.514506396,0.991169107,0.737915998,1.117578498,0,1.04274655,2.55,0,2.55,0,0,0,0,3,0,0.139899,-0.065633,2,3,0,0,0,,,,
2246,3,8,1.423913274,1.012020806,0.677349178,0.964486486,0,0.95101771,3.44,1,2.55,0,0,0,0,0,1,-0.339353,0.209923,2,2,0,0,0,,,,
2246,12,7,1.405875256,0.999200609,0.669766501,0.941608151,0,1.01865199,3.44,1,2.55,0,0,0,0,0,1,-0.385479,0.212611,2,2,0,0,0,,,,
2246,19,12,1.401327539,0.9959684,0.837620084,1.173780091,0,1.004269,2.55,0,3.44,1,0,0,0,0,1,0.193799,-0.385479,1,2,0,0,0,,,,
2246,2,3,1.374644034,0.977003578,0.715056517,0.982948175,0,1.11888493,2.55,0,3.44,1,0,0,3,0,1,0.237047,-0.339353,3,2,0,0,0,,,,
2247,1,2,1.560634838,1.021357879,0.999735858,1.560222609,3,0.82406602,2.55,0,2.55,0,0,0,3,3,0,-0.200131,-0.093114,3,4,3,0.33333333,1,,,,
2247,7,6,1.525194837,0.99816416,0.68199976,1.040182512,0,1.06871398,2.55,0,2.55,0,0,0,0,0,0,0.21061,0.132424,2,2,0,0,0,,,,
2247,3,8,1.525184669,0.998157506,0.681438043,1.039318857,0,1.07366958,2.55,0,2.55,0,0,0,0,0,0,0.132903,0.22495,2,2,0,0,0,,,,
2247,2,3,1.517967449,0.993434194,0.738863196,1.121570281,0,1.01164377,2.55,0,2.55,0,0,0,3,0,0,-0.093114,0.132903,4,2,0,0,0,,,,
2247,6,1,1.514242326,0.990996286,0.748850561,1.133941215,0,1.01431543,2.55,0,2.55,0,0,0,0,3,0,0.132424,-0.200131,2,3,0,0,0,,,,
2247,8,11,1.407488857,1.000347446,0.667278428,0.939186951,0,1.01347854,2.55,0,3.44,1,0,0,0,0,1,0.22495,-0.389081,2,2,0,0,0,,,,
2247,12,7,1.405540989,0.998963034,0.669390962,0.940856435,0,1.01869736,3.44,1,2.55,0,0,0,0,0,1,-0.385961,0.21061,2,2,0,0,0,,,,
2247,19,12,1.402182732,0.996576213,0.838534852,1.175779089,0,1.00183327,2.55,0,3.44,1,0,0,0,0,1,0.192325,-0.385961,1,2,0,0,0,,,,
2247,11,23,1.402001294,0.996447259,0.837489133,1.174160848,0,1.00323149,3.44,1,2.55,0,0,0,0,0,1,-0.389081,0.194381,2,1,0,0,0,,,,
2248,1,2,1.532060041,1.002657095,0.999676607,1.531564584,3,0.8473478,2.55,0,2.55,0,0,0,3,3,0,-0.067121,0.045956,3,4,3,0.33333333,1,,,,
2248,3,8,1.525591788,0.998423945,0.680532365,1.038214587,0,1.06982814,2.55,0,2.55,0,0,0,0,0,0,0.138777,0.225303,2,2,0,0,0,,,,
2248,7,6,1.525268707,0.998212505,0.680481037,1.037916431,0,1.06442858,2.55,0,2.55,0,0,0,0,0,0,0.207606,0.141899,2,2,0,0,0,,,,
2248,2,3,1.519176192,0.994225257,0.742237253,1.127589163,0,1.03749988,2.55,0,2.55,0,0,0,3,0,0,0.045956,0.138777,4,2,0,0,0,,,,
2248,6,1,1.514270284,0.991014584,0.751458046,1.137910589,0,1.04001543,2.55,0,2.55,0,0,0,0,3,0,0.141899,-0.067121,2,3,0,0,0,,,,
2248,8,11,1.407706548,1.000502167,0.666935238,0.938849102,0,1.01295658,2.55,0,3.44,1,0,0,0,0,1,0.225303,-0.389298,2,2,0,0,0,,,,
2248,12,7,1.405553029,0.998971592,0.66943028,0.940919757,0,1.01876646,3.44,1,2.55,0,0,0,0,0,1,-0.385799,0.207606,2,2,0,0,0,,,,
2248,19,12,1.402201257,0.996589379,0.837913157,1.174922882,0,1.00185006,2.55,0,3.44,1,0,0,0,0,1,0.192708,-0.385799,1,2,0,0,0,,,,
2248,11,23,1.40179409,0.996299993,0.83652828,1.172640399,0,1.00377526,3.44,1,2.55,0,0,0,0,0,1,-0.389298,0.19509,2,1,0,0,0,,,,
2249,2,1,1.526659932,0.999122992,0.999998944,1.52665832,3,0.89259869,2.55,0,2.55,0,0,0,3,3,0,-0.006727,-0.008746,3,3,3,0.33333333,1,,,,
2249,7,3,1.54226785,1.009337598,0.695663744,1.072899827,0,1.06582623,2.55,0,2.55,0,0,0,0,0,0,0.092579,0.090678,2,2,0,0,0,,,,
2249,5,6,1.542024558,1.009178376,0.695182265,1.071988124,0,1.06601303,2.55,0,2.55,0,0,0,0,0,0,0.092875,0.089889,2,2,0,0,0,,,,
2249,3,2,1.51680375,0.992672611,0.744303968,1.128963049,0,1.07409374,2.55,0,2.55,0,0,0,0,3,0,0.090678,-0.006727,2,3,0,0,0,,,,
2249,1,5,1.51656532,0.992516571,0.744214519,1.12864993,0,1.0743944,2.55,0,2.55,0,0,0,3,0,0,-0.008746,0.092875,3,2,0,0,0,,,,
2249,10,7,1.497806449,0.980239823,0.794764703,1.190403697,0,1.031839,2.55,0,2.55,0,0,0,0,0,0,-0.010492,0.092579,2,2,0,0,0,,,,
2249,6,11,1.497540646,0.980065868,0.795552913,1.191372823,0,1.03146717,2.55,0,2.55,0,0,0,0,0,0,0.089889,-0.009053,2,2,0,0,0,,,,
2249,23,19,1.48426711,0.971378999,0.739981512,1.09833022,0,0.9839711,2.55,0,2.55,0,0,0,0,0,0,0.211821,-0.065574,3,2,0,0,0,,,,
2249,18,32,1.484140886,0.971296391,0.740013125,1.098283734,0,0.9839933,2.55,0,2.55,0,0,0,0,0,0,-0.065937,0.211805,2,3,0,0,0,,,,
2249,25,24,1.425666769,1.013267071,0.857588082,1.222634829,0,0.92858402,2.55,0,3.44,1,0,0,0,0,1,0.191704,-0.312326,1,2,0,0,0,,,,
2249,33,34,1.425447331,1.013111109,0.857858504,1.222832114,0,0.92864153,3.44,1,2.55,0,0,0,0,0,1,-0.312072,0.191317,2,1,0,0,0,,,,
2249,24,23,1.350359798,0.959743993,0.685245758,0.925328323,0,1.16765415,3.44,1,2.55,0,0,0,0,0,1,-0.312326,0.211821,2,3,0,0,0,,,,
2249,32,33,1.350068634,0.959537053,0.685182001,0.925042728,0,1.16764146,2.55,0,3.44,1,0,0,0,0,1,0.211805,-0.312072,3,2,0,0,0,,,,
2249,19,10,1.341320261,0.877827396,0.766600843,1.028257243,0,1.84590581,2.55,0,2.55,0,0,0,0,0,0,-0.065574,-0.010492,2,2,0,0,0,,,,
2249,11,18,1.341237822,0.877773444,0.766313725,1.027808952,0,1.84566606,2.55,0,2.55,0,0,0,0,0,0,-0.009053,-0.065937,2,2,0,0,0,,,,
2250,10,34,1.779642724,0.972482363,0.759358704,1.351387192,0,0.8553301,2.55,0,2.58,3,1,0,6,0,7,-0.097018,1.01887,3,4,0,0,0,,,,
2250,34,37,1.718908189,1.017105437,0.604522606,1.039118858,0,0.77397918,2.58,3,3.44,1,0,0,0,0,8,1.01887,-0.3963,4,2,0,0,1,,,,
2251,1,2,1.515664258,0.99192687,0.999999958,1.515664194,3,0.94259522,2.55,0,2.55,0,0,0,3,3,0,-0.063478,-0.062711,3,3,3,0.33333333,1,,,,
2251,8,7,1.459001089,0.954843645,0.999985231,1.458979541,0,1.11656731,2.55,0,2.55,0,0,0,0,0,0,0.07286,-0.23692,1,2,0,0,0,,,,
2251,12,13,1.45893482,0.954800275,0.999988926,1.458918663,0,1.11668834,2.55,0,2.55,0,0,0,0,0,0,-0.236675,0.073075,2,1,0,0,0,,,,
2251,2,3,1.444261626,0.945197399,0.937172931,1.353522901,0,0.93078626,2.55,0,2.55,0,0,0,3,0,0,-0.062711,0.096706,3,2,0,0,0,,,,
2251,6,1,1.444260917,0.945196935,0.937089534,1.35340179,0,0.93001185,2.55,0,2.55,0,0,0,0,3,0,0.097722,-0.063478,2,3,0,0,0,,,,
2251,7,6,1.213330693,0.79406459,0.99985215,1.213151302,0,2.52205734,2.55,0,2.55,0,0,0,0,0,0,-0.23692,0.097722,2,2,0,0,0,,,,
2251,3,12,1.213258222,0.794017161,0.999860732,1.213089254,0,2.52154589,2.55,0,2.55,0,0,0,0,0,0,0.096706,-0.236675,2,2,0,0,0,,,,
2252,2,1,1.502212661,0.983123469,0.999423707,1.501346946,3,0.99521485,2.55,0,2.55,0,0,0,3,3,0,-0.040765,0.002281,3,3,3,0.33333333,1,,,,
2252,1,6,1.512190978,0.989653782,0.841355609,1.272290361,0,0.91893479,2.55,0,2.55,0,0,0,3,0,0,0.002281,0.214174,3,3,0,0,0,,,,
2252,3,2,1.503181062,0.983757239,0.741127809,1.114049287,0,0.94873484,2.55,0,2.55,0,0,0,0,3,0,0.239714,-0.040765,3,3,0,0,0,,,,
2252,11,8,1.42909812,1.015705842,0.858703794,1.227171977,0,0.91873498,2.55,0,3.44,1,0,0,0,0,1,0.190478,-0.307666,1,2,0,0,0,,,,
2252,7,15,1.427105487,1.014289614,0.859287347,1.226293688,0,0.92337232,3.44,1,2.55,0,0,0,0,0,1,-0.277016,0.194687,2,1,0,0,0,,,,
2252,8,3,1.344620432,0.955664841,0.680609804,0.915161848,0,1.18443381,3.44,1,2.55,0,0,0,0,0,1,-0.307666,0.239714,2,3,0,0,0,,,,
2252,6,7,1.332322287,0.946924156,0.691793503,0.921691902,0,1.2376289,2.55,0,3.44,1,0,0,0,0,1,0.214174,-0.277016,3,2,0,0,0,,,,
2253,2,1,1.489115848,0.974552257,0.999779752,1.511926694,3,0.98269116,2.55,0,2.55,0,0,0,3,3,0,0.015327,0.019099,3,3,3,0.33333333,1,,,,
2253,8,3,1.533553373,1.003634407,0.684863872,1.046307996,0,1.08855347,2.55,0,2.55,0,0,0,0,0,0,-0.031147,0.114056,2,2,0,0,0,,,,
2253,6,7,1.533217472,1.003414576,0.684734365,1.045616014,0,1.08913107,2.55,0,2.55,0,0,0,0,0,0,0.114664,-0.024222,2,2,0,0,0,,,,
2253,7,13,1.529115242,1.00072987,0.823546089,1.252720577,0,1.10041692,2.55,0,2.55,0,0,0,0,0,0,-0.024222,0.023491,2,1,0,0,0,,,,
2253,9,8,1.528984848,1.000644534,0.824349933,1.253582193,0,1.10009805,2.55,0,2.55,0,0,0,0,0,0,0.023656,-0.031147,1,2,0,0,0,,,,
2253,1,6,1.513149749,0.99028125,0.732455327,1.098505658,0,1.06565742,2.55,0,2.55,0,0,0,3,0,0,0.019099,0.114664,3,2,0,0,0,,,,
2253,3,2,1.512894488,0.990114194,0.727784546,1.093859087,0,1.05776621,2.55,0,2.55,0,0,0,0,3,0,0.114056,0.015327,2,3,0,0,0,,,,
2254,2,1,1.497543313,0.980067613,0.999915099,1.497416171,3,0.94872042,2.55,0,2.55,0,0,0,3,3,0,0.074832,0.009938,3,3,3,0.33333333,1,,,,
2254,6,7,1.533488954,1.003592248,0.700786401,1.074648206,0,1.08858026,2.55,0,2.55,0,0,0,0,0,0,0.120844,-0.027151,2,2,0,0,0,,,,
2254,7,13,1.529198255,1.000784198,0.833176,1.274091285,0,1.10052407,2.55,0,2.55,0,0,0,0,0,0,-0.027151,0.024171,2,1,0,0,0,,,,
2254,1,6,1.51202502,0.98954517,0.755255612,1.141965382,0,1.06038928,2.55,0,2.55,0,0,0,3,0,0,0.009938,0.120844,3,2,0,0,0,,,,
2254,9,8,1.498833984,0.980912293,0.90160571,1.351357279,0,1.0659454,2.55,0,2.55,0,0,0,0,0,0,0.06417,-0.098351,1,2,0,0,0,,,,
2254,3,2,1.480552952,0.968948267,0.812474525,1.202911557,0,1.06021628,2.55,0,2.55,0,0,0,0,3,0,0.079995,0.074832,2,3,0,0,0,,,,
2254,8,3,1.339640325,0.876727961,0.776519835,1.040257284,0,1.89386139,2.55,0,2.55,0,0,0,0,0,0,-0.098351,0.079995,2,2,0,0,0,,,,
2256,2,1,1.492141823,0.976532607,0.999990323,1.492127384,3,0.95171073,2.55,0,2.55,0,0,0,3,3,0,0.06974,-0.072871,3,4,3,0.33333333,1,,,,
2256,8,3,1.534488927,1.00424668,0.696856396,1.069318424,0,1.08382038,2.55,0,2.55,0,0,0,0,0,0,-0.037976,0.117599,2,2,0,0,0,,,,
2256,6,7,1.533172836,1.003385364,0.705120318,1.081071318,0,1.08315791,2.55,0,2.55,0,0,0,0,0,0,0.16265,-0.034297,2,2,0,0,0,,,,
2256,7,13,1.529260009,1.000824613,0.830805482,1.270517598,0,1.10484745,2.55,0,2.55,0,0,0,0,0,0,-0.034297,0.019277,2,1,0,0,0,,,,
2256,9,8,1.529086909,1.000711328,0.833137363,1.273939436,0,1.10261347,2.55,0,2.55,0,0,0,0,0,0,0.025166,-0.037976,1,2,0,0,0,,,,
2256,3,2,1.513277969,0.990365163,0.761757785,1.152751274,0,1.07484493,2.55,0,2.55,0,0,0,0,3,0,0.117599,0.06974,2,3,0,0,0,,,,
2256,1,6,1.513008371,0.990188725,0.770275461,1.165433221,0,1.04056894,2.55,0,2.55,0,0,0,3,0,0,-0.072871,0.16265,4,2,0,0,0,,,,
2257,2,1,1.543065933,1.009859904,0.999981079,1.543036736,3,0.87788111,2.55,0,2.55,0,0,0,3,3,0,-0.059586,-0.034268,4,4,3,0.33333333,1,,,,
2257,3,2,1.53746489,1.0061943,0.747507684,1.149266818,0,1.05935213,2.55,0,2.55,0,0,0,0,3,0,0.156982,-0.059586,2,4,0,0,0,,,,
2257,6,7,1.534933635,1.004537719,0.705736706,1.083259008,0,1.09594739,2.55,0,2.55,0,0,0,0,0,0,0.123991,-0.001024,2,2,0,0,0,,,,
2257,8,3,1.534855892,1.00448684,0.703337992,1.079522461,0,1.09584733,2.55,0,2.55,0,0,0,0,0,0,-0.029051,0.156982,2,2,0,0,0,,,,
2257,1,6,1.53467002,1.004365196,0.751703119,1.15361624,0,1.07773265,2.55,0,2.55,0,0,0,3,0,0,-0.034268,0.123991,4,2,0,0,0,,,,
2257,9,8,1.530381424,1.001558524,0.829589954,1.269589056,0,1.10396507,2.55,0,2.55,0,0,0,0,0,0,0.018573,-0.029051,1,2,0,0,0,,,,
2257,7,13,1.530170345,1.001420383,0.829762963,1.269678679,0,1.09889747,2.55,0,2.55,0,0,0,0,0,0,-0.001024,0.019922,2,1,0,0,0,,,,
4076,17,20,1.503698736,0.76734373,1.153853796,0.984096031,3,0.96842167,2.55,0,2.55,0,0,0,3,3,0,0.027593,-0.0553,3,3,3,0.33333333,1,,,,
4076,4,1,1.530141817,0.980924899,1.500954208,1.001401712,0,1.0853575,2.55,0,2.55,0,0,0,0,6,0,0.075134,-0.134321,1,3,0,0,0,,,,
4076,22,24,1.511833294,0.853508764,1.290362966,0.989419695,0,1.04025772,2.55,0,2.55,0,0,0,0,0,0,0.042551,0.037816,3,1,0,0,0,,,,
4076,20,22,1.503101917,0.76078945,1.143544081,0.983705443,0,0.91065979,2.55,0,2.55,0,0,0,3,0,0,-0.0553,0.042551,3,3,0,0,0,,,,
4076,11,17,1.497162347,0.973496665,1.457482551,0.97981829,0,0.98682049,2.55,0,2.55,0,0,0,6,3,0,-0.066134,0.027593,3,3,0,0,0,,,,
2259,4,19,1.832748963,1.001502166,0.92115774,1.688250893,0,0.78149171,2.55,0,2.58,3,0,0,6,0,7,-0.075027,0.800992,3,4,0,0,1,,,,
2259,19,22,1.796725124,0.981817007,0.703157802,1.263381289,0,0.84519323,2.58,3,2.55,0,0,0,0,3,7,0.800992,-0.105914,4,3,0,0,1,,,,
2260,2,0,1.508209443,0.987048065,0.773208975,1.166161077,3,0.84848424,2.55,0,2.55,0,0,0,3,3,0,-0.021667,0.243191,3,3,3,0.33333333,1,,,,
2260,14,15,1.523303025,0.996926063,0.846005076,1.288722091,0,1.11165833,2.55,0,2.55,0,0,0,0,0,0,0.19564,-0.029606,2,1,0,0,0,,,,
2260,7,5,1.512677409,0.989972126,0.846882564,1.281060122,0,1.04246284,2.55,0,2.55,0,0,0,0,0,0,0.04263,0.04505,1,3,0,0,0,,,,
2260,5,2,1.512250482,0.989692724,0.737258116,1.114918941,0,0.90893979,2.55,0,2.55,0,0,0,0,3,0,0.04505,-0.021667,3,3,0,0,0,,,,
2260,12,14,1.429884828,1.016264981,0.84400922,1.206835978,0,0.94691118,3.44,1,2.55,0,0,0,0,0,1,-0.337224,0.19564,2,2,0,0,0,,,,
2260,0,12,1.373730617,0.976354383,0.718077667,0.986445277,0,1.13752598,2.55,0,3.44,1,0,0,3,0,1,0.243191,-0.337224,3,2,0,0,0,,,,
2261,0,2,1.526851311,0.99924824,0.999997123,1.526541535,3,0.86853833,2.55,0,2.55,0,0,0,3,3,0,-0.044756,0.229023,3,3,3,0.33333333,1,,,,
2261,7,15,1.515800801,0.992016231,0.823325419,1.248115335,0,1.11078198,2.55,0,2.55,0,0,0,0,0,0,0.181675,0.004626,2,1,0,0,0,,,,
2261,11,10,1.458716799,0.954657591,0.999987198,1.458715149,0,1.12225834,2.55,0,2.55,0,0,0,0,0,0,0.073007,-0.202159,1,2,0,0,0,,,,
2261,8,0,1.439309606,0.941956548,0.933175718,1.343197695,0,1.00489804,2.55,0,2.55,0,0,0,0,3,0,0.075567,-0.044756,2,3,0,0,0,,,,
2261,5,7,1.426418861,1.013801607,0.677138158,0.965647794,0,0.93888135,3.44,1,2.55,0,0,0,0,0,1,-0.326762,0.181675,2,2,0,0,0,,,,
2261,2,5,1.368638237,0.972735066,0.714441464,0.977756885,0,1.15362882,2.55,0,3.44,1,0,0,3,0,1,0.229023,-0.326762,3,2,0,0,0,,,,
2261,10,8,1.21292452,0.79379877,0.999882996,1.212813073,0,2.48081647,2.55,0,2.55,0,0,0,0,0,0,-0.202159,0.075567,2,2,0,0,0,,,,
2262,0,2,1.493636765,0.977510972,0.999965037,1.493547859,3,0.99510746,2.55,0,2.55,0,0,0,3,3,0,-0.00242,-0.012136,3,3,3,0.33333333,1,,,,
2262,7,5,1.531422644,1.00223995,0.830950549,1.272544905,0,1.10379349,2.55,0,2.55,0,0,0,0,0,0,-0.007763,0.107622,1,2,0,0,0,,,,
2262,3,13,1.531270807,1.002140581,0.834661052,1.278080348,0,1.10228133,2.55,0,2.55,0,0,0,0,0,0,0.110152,-0.014567,2,1,0,0,0,,,,
2262,2,3,1.513788342,0.990699177,0.757989184,1.147406077,0,1.05171169,2.55,0,2.55,0,0,0,3,0,0,-0.012136,0.110152,3,2,0,0,0,,,,
2262,5,0,1.512518765,0.989868302,0.760325365,1.150038486,0,1.05950457,2.55,0,2.55,0,0,0,0,3,0,0.107622,-0.00242,2,3,0,0,0,,,,
2263,17,19,1.526443048,0.998981053,0.999872997,1.526201799,3,0.9532224,2.55,0,2.55,0,0,0,3,3,0,0.058918,-0.007232,3,3,3,0.33333333,1,,,,
2263,11,10,1.527970524,0.999980709,0.852194375,1.302106144,0,1.14018143,2.55,0,2.55,0,0,0,0,0,0,0.012777,0.043094,1,2,0,0,0,,,,
2263,10,3,1.519145766,0.994205344,0.96061697,1.459246884,0,1.01468344,2.55,0,2.55,0,0,1,0,6,0,0.043094,-0.007008,2,3,0,0,0,,,,
2263,19,21,1.512600944,0.989922084,0.829477423,1.254638226,0,1.04418207,2.55,0,2.55,0,0,0,3,0,0,-0.007232,0.326953,3,2,0,0,0,,,,
2263,0,17,1.499223846,0.981167439,0.967349503,1.450311537,0,1.01511291,2.55,0,2.55,0,1,0,6,3,0,0.111685,0.058918,3,3,0,0,0,,,,
2263,21,23,1.406907236,0.999934069,0.66288811,0.932667879,0,1.00014657,2.55,0,3.44,1,0,0,0,0,1,0.326953,-0.394874,2,2,0,0,0,,,,
2263,23,24,1.402127168,0.996536722,0.837432397,1.174175003,0,1.00097596,3.44,1,2.55,0,0,0,0,0,1,-0.394874,0.195049,2,1,0,0,0,,,,
2264,17,19,1.525672028,0.998476458,0.999892057,1.525473375,3,0.95340799,2.55,0,2.55,0,0,0,3,3,0,0.059389,-0.006396,3,3,3,0.33333333,1,,,,
2264,11,10,1.527924687,0.999950712,0.852184886,1.302061266,0,1.13977539,2.55,0,2.55,0,0,0,0,0,0,0.012503,0.04321,1,2,0,0,0,,,,
2264,10,3,1.519143516,0.994203872,0.960560295,1.459228959,0,1.01496093,2.55,0,2.55,0,0,1,0,6,0,0.04321,-0.007147,2,3,0,0,0,,,,
2264,19,21,1.512842649,0.990080268,0.832131943,1.258877462,0,1.04479493,2.55,0,2.55,0,0,0,3,0,0,-0.006396,0.324338,3,2,0,0,0,,,,
2264,0,17,1.499024583,0.98103703,0.967253546,1.449966464,0,1.01403408,2.55,0,2.55,0,1,0,6,3,0,0.111439,0.059389,3,3,0,0,0,,,,
2264,21,23,1.406571619,0.999695536,0.66254829,0.931923101,0,1.00061346,2.55,0,3.44,1,0,0,0,0,1,0.324338,-0.394792,2,2,0,0,0,,,,
2264,23,24,1.402267798,0.996636672,0.837529091,1.174418567,0,1.000229,3.44,1,2.55,0,0,0,0,0,1,-0.394792,0.194809,2,1,0,0,0,,,,
2265,0,2,1.537179379,1.006007447,0.999388698,1.53625699,3,0.93871288,2.55,0,2.55,0,0,0,3,3,0,-0.144884,-0.048915,4,4,3,0.33333333,1,,,,
2265,5,4,1.532044746,1.002647085,0.835624861,1.280264879,0,1.10709798,2.55,0,2.55,0,0,0,0,0,0,-0.000647,0.115143,1,2,0,0,0,,,,
2265,4,0,1.526374887,0.998936444,0.743195797,1.134392811,0,1.08528912,2.55,0,2.55,0,0,0,0,3,0,0.115143,-0.144884,2,4,0,0,0,,,,
2265,2,3,1.521624583,0.995827607,0.864288354,1.315111782,0,0.8993823,2.55,0,2.55,0,0,0,3,0,0,-0.048915,0.209334,4,3,0,0,0,,,,
2265,11,29,1.429902911,1.016277833,0.857227171,1.225779539,0,0.91992365,3.44,1,2.55,0,0,0,0,0,1,-0.291142,0.19324,2,1,0,0,0,,,,
2265,3,11,1.342822916,0.954387289,0.694401931,0.932453034,0,1.19979943,2.55,0,3.44,1,0,0,0,0,1,0.209334,-0.291142,3,2,0,0,0,,,,
2266,58,59,1.78936546,0.977795334,0.946841751,1.69424911,0,0.84553784,2.58,3,2.55,0,0,1,0,6,7,0.910677,-0.056473,4,3,0,0,1,,,,
2266,38,58,1.723076807,0.993700581,0.809257851,1.394418561,0,0.80807573,3.04,2,2.58,3,1,0,5,0,9,-0.300074,0.910677,3,4,0,0,0,,,,
2267,2,0,1.513326482,0.990396912,0.999877762,1.513185733,3,0.97698246,2.55,0,2.55,0,0,0,3,3,0,0.082173,-0.026518,4,4,3,0.33333333,1,,,,
2267,31,30,1.51998586,0.994755144,0.861950931,1.310158786,0,1.06831209,2.55,0,2.55,0,0,0,0,0,0,0.05042,0.008071,1,3,0,0,0,,,,
2267,10,2,1.51150372,0.989204005,0.965815007,1.459823669,0,0.96224594,2.55,0,2.55,0,1,0,6,3,0,0.057469,0.082173,3,4,0,0,0,,,,
2267,30,23,1.502595394,0.983373949,0.960862874,1.443784215,0,0.9216405,2.55,0,2.55,0,0,1,0,6,0,0.008071,0.037756,3,3,0,0,0,,,,
2267,0,4,1.498058482,0.980404766,0.848712195,1.271429959,0,0.98879668,2.55,0,2.55,0,0,1,3,5,0,-0.026518,0.063404,4,3,0,0,0,,,,
2267,38,52,1.449029309,0.994529382,0.895137797,1.297093534,0,0.9767907,3.04,2,2.55,0,1,0,5,0,2,-0.184205,0.130072,3,1,0,0,0,,,,
2268,52,55,1.797706559,0.982353311,0.79176485,1.423285254,0,0.89920171,2.58,3,2.55,0,0,0,0,0,7,0.840468,-0.013416,4,1,0,0,1,,,,
2268,38,52,1.721305013,0.992678785,0.816404328,1.405291526,0,0.79488494,3.04,2,2.58,3,1,0,5,0,9,-0.325236,0.840468,3,4,0,0,0,,,,
2269,2,0,1.518901148,0.994045254,0.999994713,1.518900077,3,0.97620078,2.55,0,2.55,0,0,0,3,3,0,-0.045756,0.088955,4,4,3,0.33333333,1,,,,
2269,18,15,1.534934801,1.004538482,0.694493691,1.066002404,0,1.08783816,2.55,0,2.55,0,0,0,0,0,0,0.221907,0.128059,2,2,0,0,0,,,,
2269,65,66,1.51971239,0.994576171,0.861969414,1.309943357,0,1.06971195,2.55,0,2.55,0,0,0,0,0,0,0.004286,0.051594,3,1,0,0,0,,,,
2269,0,4,1.51306765,0.99022752,0.969112785,1.466340829,0,0.96605621,2.55,0,2.55,0,0,1,3,6,0,0.088955,0.095932,4,3,0,0,0,,,,
2269,24,23,1.507716555,0.986725494,0.844017794,1.272540513,0,1.04100857,2.55,0,2.55,0,0,0,0,0,0,0.051723,0.122126,1,3,0,0,0,,,,
2269,59,65,1.502382177,0.983234409,0.961094414,1.44393152,0,0.92039304,2.55,0,2.55,0,1,0,6,0,0,0.036499,0.004286,3,3,0,0,0,,,,
2269,13,2,1.498209175,0.980503387,0.902135095,1.351582145,0,0.9874185,2.55,0,2.55,0,1,0,5,3,0,0.074166,-0.045756,3,4,0,0,0,,,,
2269,15,14,1.450432432,0.995492403,0.852221296,1.236085696,0,0.97795381,2.55,0,3.04,2,0,1,0,5,2,0.128059,-0.179525,2,3,0,0,0,,,,
2269,20,18,1.430754092,1.016882795,0.82680989,1.182964704,0,0.9241883,3.44,1,2.55,0,0,0,0,0,1,-0.319168,0.221907,2,2,0,0,0,,,,
2269,23,20,1.355807324,0.963615724,0.688628484,0.933643998,0,1.1328017,2.55,0,3.44,1,0,0,0,0,1,0.122126,-0.319168,3,2,0,0,0,,,,
2270,2,0,1.500263874,0.981848085,0.9999602,1.500231297,3,0.99361653,2.55,0,2.55,0,0,0,3,3,0,-0.046194,0.034408,3,3,3,0.33333333,1,,,,
2270,11,30,1.536867991,1.005803659,0.845192424,1.298991257,0,1.09730825,2.55,0,2.55,0,0,0,0,0,0,0.095684,-0.00205,2,1,0,0,0,,,,
2270,21,17,1.532070206,1.002663747,0.69610666,1.066475481,0,1.07108806,2.55,0,2.55,0,0,0,0,0,0,-0.044121,-0.004491,2,2,0,0,0,,,,
2270,24,21,1.529721382,1.001126559,0.834298891,1.276242366,0,1.1094258,2.55,0,2.55,0,0,0,0,0,0,0.02253,-0.044121,1,2,0,0,0,,,,
2270,17,16,1.518880598,0.994031805,0.677552809,1.029120568,0,1.07082917,2.55,0,2.55,0,0,0,0,0,0,-0.004491,0.228868,2,2,0,0,0,,,,
2270,12,4,1.518535988,0.993806275,0.699043556,1.061519324,0,0.97101543,2.55,0,2.55,0,0,0,0,0,0,0.15414,0.131574,3,2,0,0,0,,,,
2270,4,2,1.509694187,0.988019756,0.823908062,1.243817191,0,1.04559382,2.55,0,2.55,0,0,0,0,3,0,0.131574,-0.046194,2,3,0,0,0,,,,
2270,7,11,1.504328422,0.98450813,0.885812393,1.332547032,0,1.05455275,2.55,0,2.55,0,1,0,5,0,0,-0.1858,0.095684,3,2,0,0,0,,,,
2270,0,3,1.486245496,0.972673754,0.843262582,1.253287224,0,1.00729672,2.55,0,2.55,0,0,1,3,5,0,0.034408,-0.125463,3,3,0,0,0,,,,
2270,16,15,1.437184103,1.02145281,0.690359726,0.992163774,0,0.90618119,2.55,0,3.44,1,0,0,0,0,1,0.228868,-0.313464,2,2,0,0,0,,,,
2270,15,12,1.344756844,0.955761794,0.684947639,0.92109762,0,1.17214288,3.44,1,2.55,0,0,0,0,0,1,-0.313464,0.15414,2,3,0,0,0,,,,
2271,2,0,1.493091214,0.977153936,0.99963357,1.492591052,3,1.00705814,2.55,0,2.55,0,0,0,3,3,0,0.161242,0.008974,3,4,3,0.33333333,1,,,,
2271,23,26,1.530102975,1.001376292,0.829532935,1.269252333,0,1.10066083,2.55,0,2.55,0,0,0,0,0,0,-0.032312,-0.016664,2,1,0,0,0,,,,
2271,22,23,1.5239551,0.997352814,0.689534341,1.05080895,0,1.09945128,2.55,0,2.55,0,0,0,0,0,0,0.208904,-0.032312,2,2,0,0,0,,,,
2271,0,3,1.522611121,0.996473247,0.810149191,1.233522897,0,0.84737529,2.55,0,2.55,0,0,0,3,0,0,0.008974,0.229224,4,3,0,0,0,,,,
2271,17,16,1.518488587,0.993775253,0.861486303,1.308151855,0,1.07111776,2.55,0,2.55,0,0,0,0,0,0,0.048473,0.009715,1,3,0,0,0,,,,
2271,16,11,1.505107977,0.98501831,0.960709128,1.445971535,0,0.91573046,2.55,0,2.55,0,0,1,0,6,0,0.009715,0.029794,3,3,0,0,0,,,,
2271,4,2,1.493035067,0.97711719,0.970127039,1.448459829,0,1.00241522,2.55,0,2.55,0,1,0,6,3,0,0.056859,0.161242,3,3,0,0,0,,,,
2271,5,22,1.443601808,1.026014078,0.808697901,1.167407087,0,0.89216505,3.44,1,2.55,0,0,0,0,0,1,-0.296775,0.208904,2,2,0,0,0,,,,
2271,3,5,1.334997049,0.948825195,0.690694475,0.922054579,0,1.20905275,2.55,0,3.44,1,0,0,0,0,1,0.229224,-0.296775,3,2,0,0,0,,,,
2272,0,2,1.504651303,0.984719439,0.999116831,1.503308788,3,0.98951934,2.55,0,2.55,0,0,0,3,3,0,0.0555,0.164244,4,3,3,0.33333333,1,,,,
2272,21,0,1.518898737,0.994043676,0.848533573,1.288843688,0,0.87588122,2.55,0,2.55,0,0,0,0,3,0,0.224852,0.0555,3,4,0,0,0,,,,
2272,17,34,1.517102436,0.992868087,0.823346242,1.249099271,0,1.10533135,2.55,0,2.55,0,0,0,0,0,0,0.150082,0.018353,2,1,0,0,0,,,,
2272,2,4,1.491801839,0.976310104,0.971293576,1.448977185,0,1.01006298,2.55,0,2.55,0,0,1,3,6,0,0.164244,0.041167,3,3,0,0,0,,,,
2272,23,22,1.430268766,1.016537858,0.859331207,1.229074646,0,0.91542889,2.55,0,3.44,1,0,0,0,0,1,0.191677,-0.290062,1,2,0,0,0,,,,
2272,16,17,1.419690128,1.00901928,0.700116234,0.993947145,0,0.94752729,3.44,1,2.55,0,0,0,0,0,1,-0.313574,0.150082,2,2,0,0,0,,,,
2272,11,16,1.355705323,0.963543229,0.958852284,1.299918116,0,1.1330473,2.55,0,3.44,1,1,0,6,0,1,0.230848,-0.313574,3,2,0,0,0,,,,
2272,22,21,1.336778658,0.950091442,0.688795502,0.920770024,0,1.21902341,3.44,1,2.55,0,0,0,0,0,1,-0.290062,0.224852,2,3,0,0,0,,,,
2273,0,2,1.513535968,0.990534011,0.998947252,1.511948371,3,0.96652748,2.55,0,2.55,0,0,0,3,3,0,0.049174,0.150852,4,3,3,0.33333333,1,,,,
2273,16,0,1.517348377,0.993029042,0.894423507,1.357145738,0,0.87818799,2.55,0,2.55,0,0,0,0,3,0,0.21891,0.049174,3,4,0,0,0,,,,
2273,15,23,1.507501795,0.986584944,0.836896571,1.26160918,0,1.03707243,2.55,0,2.55,0,0,0,0,0,0,0.139114,0.041615,3,1,0,0,0,,,,
2273,2,3,1.49219923,0.976570177,0.971127247,1.449102091,0,1.00810515,2.55,0,2.55,0,0,1,3,6,0,0.150852,0.042037,3,3,0,0,0,,,,
2273,18,17,1.431553863,1.017451217,0.860265295,1.23151446,0,0.90963252,2.55,0,3.44,1,0,0,0,0,1,0.194094,-0.290394,1,2,0,0,0,,,,
2273,9,14,1.387537739,0.986167547,0.963370447,1.336712377,0,0.97221585,2.55,0,3.44,1,1,0,6,0,1,0.21298,-0.283356,3,2,0,0,0,,,,
2273,14,15,1.367919899,0.97222452,0.711624687,0.973437017,0,1.07368033,3.44,1,2.55,0,0,0,0,0,1,-0.283356,0.139114,2,3,0,0,0,,,,
2273,17,16,1.334389602,0.948393463,0.692536401,0.924107253,0,1.2252122,3.44,1,2.55,0,0,0,0,0,1,-0.290394,0.21891,2,3,0,0,0,,,,
2274,0,2,1.503197784,0.983768183,0.811164959,1.219315487,3,1.00382139,2.55,0,2.55,0,0,0,3,3,0,0.074938,-0.132601,4,4,9,0.44444444,1,,,,
2274,29,33,1.537783767,1.006402989,0.941964893,1.448535758,0,1.06326087,2.55,0,2.55,0,0,0,6,0,0,-0.120076,0.03688,3,2,0,0,0,,,,
2274,33,36,1.530751587,1.001800777,0.843806524,1.29166894,0,1.10863174,2.55,0,2.55,0,0,0,0,0,0,0.03688,0.016504,2,1,0,0,0,,,,
2274,5,0,1.524285074,0.997568766,0.816540209,1.244696732,0,0.85762128,2.55,0,2.55,0,0,0,0,3,0,0.213935,0.074938,3,4,0,0,0,,,,
2274,7,6,1.430479002,1.016687279,0.858003223,1.227388995,0,0.9145963,2.55,0,3.44,1,0,0,0,0,1,0.194697,-0.317724,1,2,0,0,0,,,,
2274,6,5,1.349407591,0.959067229,0.683400955,0.922210144,0,1.15558889,3.44,1,2.55,0,0,0,0,0,1,-0.317724,0.213935,2,3,0,0,0,,,,
2275,1,2,1.475163602,0.965421205,0.787430682,1.161557145,3,1.02609967,2.55,0,2.55,0,0,0,3,3,0,0.049941,0.229475,3,3,3,0.33333333,1,,,,
2275,7,6,1.531861778,1.002527341,0.835293145,1.279636272,0,1.09243513,2.55,0,2.55,0,0,0,0,0,0,-0.01224,0.087697,1,2,0,0,0,,,,
2275,8,9,1.517092349,0.992861485,0.826543615,1.253965056,0,1.11158441,2.55,0,2.55,0,0,0,0,0,0,0.178824,0.003545,2,1,0,0,0,,,,
2275,6,1,1.508993598,0.987561255,0.767096016,1.15757248,0,1.03859361,2.55,0,2.55,0,0,0,0,3,0,0.087697,0.049941,2,3,0,0,0,,,,
2275,3,8,1.417667395,1.007581659,0.676381971,0.958934575,0,0.96783729,3.44,1,2.55,0,0,0,0,0,1,-0.332984,0.178824,2,2,0,0,0,,,,
2275,2,3,1.378607483,0.979820528,0.80516811,1.109953547,0,1.07176653,2.55,0,3.44,1,0,0,3,0,1,0.229475,-0.332984,3,2,0,0,0,,,,
2276,0,2,1.581649126,1.035110685,0.993204381,1.570836296,4,1.08120042,2.55,0,2.55,0,0,0,4,4,0,0.08656,0.033155,3,3,4,0.25,1,,,,
2276,55,54,1.509689497,0.988016686,0.837517178,1.264385648,0,1.03982438,2.55,0,2.55,0,0,0,0,0,0,0.042772,0.144166,1,3,0,0,0,,,,
2276,59,60,1.509520188,0.987905882,0.836912883,1.263331929,0,1.03931963,2.55,0,2.55,0,0,0,0,0,0,0.144282,0.041482,3,1,0,0,0,,,,
2276,2,6,1.509210999,0.987703533,0.962408189,1.45247797,0,0.98561986,2.55,0,2.55,0,0,1,4,6,0,0.033155,0.081753,3,3,0,0,0,,,,
2276,3,0,1.508639344,0.987329414,0.96463903,1.455305495,0,0.98873577,2.55,0,2.55,0,1,0,6,4,0,0.065732,0.08656,3,3,0,0,0,,,,
2276,52,23,1.388691781,0.986987762,0.962407047,1.33649142,0,0.99483772,3.44,1,2.55,0,0,1,0,6,1,-0.272211,0.218292,2,3,0,0,0,,,,
2276,16,53,1.388036879,0.986522302,0.962855812,1.336472742,0,0.99584435,2.55,0,3.44,1,1,0,6,0,1,0.217881,-0.272601,3,2,0,0,0,,,,
2276,53,59,1.360427546,0.966899464,0.726584034,0.988461858,0,1.08245463,3.44,1,2.55,0,0,0,0,0,1,-0.272601,0.144282,2,3,0,0,0,,,,
2276,54,52,1.359683551,0.966370683,0.726547541,0.987875156,0,1.08509762,2.55,0,3.44,1,0,0,0,0,1,0.144166,-0.272211,3,2,0,0,0,,,,
2277,0,2,1.562400463,1.022513392,0.983669189,1.536902106,4,1.0362308,2.55,0,2.55,0,0,0,4,4,0,-0.049003,-0.092049,3,3,4,0.25,1,,,,
2277,2,6,1.521987256,0.996064958,0.721592831,1.098300996,0,1.0880605,2.55,0,2.55,0,0,0,4,0,0,-0.092049,0.326599,3,2,0,0,0,,,,
2277,3,0,1.517554487,0.993163931,0.68914504,1.045842612,0,1.03404619,2.55,0,2.55,0,0,0,0,4,0,0.292247,-0.049003,2,3,0,0,0,,,,
2277,37,36,1.509307318,0.987766569,0.845222795,1.27570222,0,1.04475019,2.55,0,2.55,0,0,0,0,0,0,0.054027,0.119999,1,3,0,0,0,,,,
2277,41,42,1.505193509,0.985074286,0.844758108,1.271505137,0,1.04837766,2.55,0,2.55,0,0,0,0,0,0,0.136608,0.055102,3,1,0,0,0,,,,
2277,34,3,1.434845956,1.019791014,0.684220369,0.981746201,0,0.91262185,3.44,1,2.55,0,0,0,0,0,1,-0.325441,0.292247,2,2,0,0,0,,,,
2277,6,35,1.433499614,1.018834125,0.822097205,1.17852039,0,0.93275115,2.55,0,3.44,1,0,0,0,0,1,0.326599,-0.310738,2,2,0,0,0,,,,
2277,36,34,1.352195881,0.961048956,0.686497102,0.928278876,0,1.13142417,2.55,0,3.44,1,0,0,0,0,1,0.119999,-0.325441,3,2,0,0,0,,,,
2277,35,41,1.351163666,0.960315328,0.691503985,0.934306545,0,1.14461195,3.44,1,2.55,0,0,0,0,0,1,-0.310738,0.136608,2,3,0,0,0,,,,
2278,10,11,1.581882022,1.035263103,0.99996513,1.58185452,4,1.00355055,2.55,0,2.55,0,0,0,4,4,0,0.250304,0.250713,3,3,4,0.25,1,,,,
2278,17,16,1.518155707,0.9935574,0.82724803,1.255877062,0,1.10901428,2.55,0,2.55,0,0,0,0,0,0,0.00847,0.186476,1,2,0,0,0,,,,
2278,23,24,1.518146746,0.993551535,0.827326423,1.255983174,0,1.10910343,2.55,0,2.55,0,0,0,0,0,0,0.186929,0.007849,2,1,0,0,0,,,,
2278,14,23,1.411994141,1.003549496,0.676089245,0.95461555,0,0.98395975,3.44,1,2.55,0,0,0,0,0,1,-0.350212,0.186929,2,2,0,0,0,,,,
2278,16,12,1.411712777,1.003349521,0.675959056,0.9542452,0,0.98397285,2.55,0,3.44,1,0,0,0,0,1,0.186476,-0.350524,2,2,0,0,0,,,,
2278,12,10,1.394282807,0.990961483,0.688048254,0.959342191,0,1.06699573,3.44,1,2.55,0,0,0,0,4,1,-0.350524,0.250304,2,3,0,0,0,,,,
2278,11,14,1.393778293,0.990602909,0.688924699,0.96019869,0,1.06685178,2.55,0,3.44,1,0,0,4,0,1,0.250713,-0.350212,3,2,0,0,0,,,,
2279,10,11,1.581094118,1.034747459,0.796969335,1.260005524,4,1.05890644,2.55,0,2.55,0,0,0,4,4,0,0.254951,0.260821,3,3,4,0.25,1,,,,
2279,17,16,1.524986629,0.998027899,0.844624129,1.288069349,0,1.12010369,2.55,0,2.55,0,0,0,0,0,0,-0.013878,0.187276,1,2,0,0,0,,,,
2279,23,24,1.517815847,0.993334978,0.827935321,1.256662685,0,1.1082226,2.55,0,2.55,0,0,0,0,0,0,0.189287,0.007014,2,1,0,0,0,,,,
2279,16,12,1.422014625,1.010671375,0.815467988,1.1596181,0,0.96688065,2.55,0,3.44,1,0,0,0,0,1,0.187276,-0.368082,2,2,0,0,0,,,,
2279,14,23,1.414297683,1.005186697,0.678098223,0.95907613,0,0.97695162,3.44,1,2.55,0,0,0,0,0,1,-0.369124,0.189287,2,2,0,0,0,,,,
2279,11,14,1.400101882,0.995097286,0.694310149,0.972104925,0,1.02907938,2.55,0,3.44,1,0,0,4,0,1,0.260821,-0.369124,3,2,0,0,0,,,,
2279,12,10,1.397221354,0.993050003,0.837224526,1.169720488,0,1.0527183,3.44,1,2.55,0,0,0,0,4,1,-0.368082,0.254951,2,3,0,0,0,,,,
2280,0,2,1.592030433,1.041904733,0.985657793,1.569153,4,1.02633233,2.55,0,2.55,0,0,0,4,4,0,0.036009,0.049514,3,3,4,0.25,1,,,,
2280,53,55,1.537264026,1.006062844,0.838239222,1.288596851,0,1.10493563,2.55,0,2.55,0,0,0,0,0,0,0.062647,0.020842,2,1,0,0,0,,,,
2280,54,52,1.537183808,1.006010346,0.838417059,1.288784281,0,1.10500394,2.55,0,2.55,0,0,0,0,0,0,0.020797,0.062618,1,2,0,0,0,,,,
2280,52,23,1.514156637,0.990940207,0.966092455,1.462826659,0,1.04075302,2.55,0,2.55,0,0,1,0,6,0,0.062618,-0.013541,2,3,0,0,0,,,,
2280,16,53,1.514073902,0.990886061,0.966230287,1.462938356,0,1.0409751,2.55,0,2.55,0,1,0,6,0,0,-0.013484,0.062647,3,2,0,0,0,,,,
2280,3,0,1.51028525,0.988406577,0.965203136,1.457764737,0,0.98140514,2.55,0,2.55,0,1,0,6,4,0,0.09613,0.036009,3,3,0,0,0,,,,
2280,2,6,1.506422259,0.985878442,0.969311886,1.460164005,0,1.0176984,2.55,0,2.55,0,0,1,4,6,0,0.049514,0.104792,3,3,0,0,0,,,,
2281,0,2,1.580040497,1.034057917,0.982258399,1.552049891,4,1.05000902,2.55,0,2.55,0,0,0,4,4,0,0.022254,0.055355,3,3,4,0.25,1,,,,
2284,2,0,1.583074587,1.036043578,0.987072666,1.562554014,4,1.05172876,2.55,0,2.55,0,0,0,4,4,0,0.056811,0.043496,3,3,4,0.25,1,,,,
2284,0,3,1.501811323,0.982860813,0.82179084,1.234064586,0,1.00614467,2.55,0,2.55,0,0,0,4,0,0,0.043496,0.005286,3,2,0,0,0,,,,
2284,15,14,1.501506393,0.982661252,0.90014212,1.351541005,0,1.07021933,2.55,0,2.55,0,0,0,0,0,0,-0.101057,0.069816,2,1,0,0,0,,,,
2284,13,12,1.500701587,0.982134547,0.901488984,1.352859717,0,1.07355047,2.55,0,2.55,0,0,0,0,0,0,0.069026,-0.094121,1,2,0,0,0,,,,
2284,6,2,1.496901978,0.979647892,0.824939381,1.23478994,0,1.0201456,2.55,0,2.55,0,0,0,0,4,0,0.001194,0.056811,2,3,0,0,0,,,,
2284,3,15,1.338970824,0.876289807,0.793121535,1.06195033,0,1.94135503,2.55,0,2.55,0,0,0,0,0,0,0.005286,-0.101057,2,2,0,0,0,,,,
2284,12,6,1.338812204,0.876185997,0.787717326,1.054578533,0,1.94349158,2.55,0,2.55,0,0,0,0,0,0,-0.094121,0.001194,2,2,0,0,0,,,,
2285,2,0,1.579380975,1.033626292,0.983142465,1.552778887,4,1.02568536,2.55,0,2.55,0,0,0,4,4,0,-0.007932,0.0415,3,3,4,0.25,1,,,,
2285,13,12,1.502074809,0.983033252,0.909633455,1.366322082,0,1.08396112,2.55,0,2.55,0,0,0,0,0,0,0.067577,-0.098381,1,2,0,0,0,,,,
2285,15,14,1.501078462,0.982381192,0.910609806,1.366882997,0,1.08887126,2.55,0,2.55,0,0,0,0,0,0,-0.104669,0.0756,2,1,0,0,0,,,,
2285,0,3,1.499108144,0.981091717,0.807375801,1.210278571,0,1.0063031,2.55,0,2.55,0,0,0,4,0,0,0.0415,0.015923,3,2,0,0,0,,,,
2285,6,2,1.497170066,0.979823341,0.80056071,1.198549738,0,1.04347991,2.55,0,2.55,0,0,0,0,4,0,0.033955,-0.007932,2,3,0,0,0,,,,
2285,12,6,1.343413468,0.879197296,0.999985463,1.343387654,0,1.94151439,2.55,0,2.55,0,0,0,0,0,0,-0.098381,0.033955,2,2,0,0,0,,,,
2285,3,15,1.343063634,0.878968347,0.999982216,1.343057395,0,1.94535327,2.55,0,2.55,0,0,0,0,0,0,0.015923,-0.104669,2,2,0,0,0,,,,
2286,1,2,1.537071088,1.005936576,0.999770205,1.536717876,3,0.90109712,2.55,0,2.55,0,0,0,3,3,0,0.022458,0.048451,3,3,3,0.33333333,1,,,,
2286,2,3,1.534964838,1.00455814,0.969758487,1.488545179,0,1.0208606,2.55,0,2.55,0,0,0,3,6,0,0.048451,-0.002972,3,3,0,0,0,,,,
2286,20,23,1.530692892,1.001762364,0.995791887,1.524251563,0,1.08714909,2.55,0,2.55,0,0,0,6,0,0,-0.124143,0.068944,3,1,0,0,0,,,,
2286,14,13,1.530604279,1.001704371,0.996165082,1.524734537,0,1.08635618,2.55,0,2.55,0,0,0,0,6,0,0.069127,-0.124604,1,3,0,0,0,,,,
2286,6,1,1.52055633,0.995128488,0.955523967,1.452928016,0,1.04073838,2.55,0,2.55,0,0,0,6,3,0,-0.035444,0.022458,3,3,0,0,0,,,,
2287,1,5,1.425442324,0.872981858,1.244385289,0.96771373,4,0.96544216,3.04,2,3.04,2,0,0,4,4,4,-0.207398,-0.209124,3,3,4,0.25,1,,,,
2287,9,10,1.524811846,0.709332914,1.081599231,0.997913512,0,0.9636478,2.55,0,2.55,0,0,0,0,0,0,0.116886,-0.004394,3,2,0,0,0,,,,
2287,14,8,1.524482183,0.706348828,1.076816204,0.997697764,0,0.9644248,2.55,0,2.55,0,0,0,0,0,0,-0.010698,0.118858,2,3,0,0,0,,,,
2287,10,11,1.520632647,0.666215188,1.013068565,0.995178434,0,1.07054095,2.55,0,2.55,0,0,0,0,0,0,-0.004394,0.223815,2,2,0,0,0,,,,
2287,15,14,1.520209273,0.666801237,1.013677424,0.994901357,0,1.07125334,2.55,0,2.55,0,0,0,0,0,0,0.228187,-0.010698,2,2,0,0,0,,,,
2287,25,34,1.51029712,0.844899096,1.276048671,0.988414345,0,1.04123558,2.55,0,2.55,0,0,0,0,0,0,0.118678,0.050435,3,1,0,0,0,,,,
2287,30,21,1.510225122,0.844958558,1.276077642,0.988367227,0,1.04132996,2.55,0,2.55,0,0,0,0,0,0,0.051063,0.118596,1,3,0,0,0,,,,
2287,18,15,1.434862349,0.682591747,0.979425198,1.019802664,0,0.91387744,3.44,1,2.55,0,0,0,0,0,1,-0.327947,0.228187,2,2,0,0,0,,,,
2287,11,22,1.434410441,0.682642864,0.979190052,1.019481479,0,0.91413518,2.55,0,3.44,1,0,0,0,0,1,0.223815,-0.327575,2,2,0,0,0,,,,
2287,8,1,1.388686265,0.724053948,1.005483773,0.953113428,0,1.07036761,2.55,0,3.04,2,0,0,0,4,2,0.118858,-0.207398,3,3,0,0,0,,,,
2287,5,9,1.388324233,0.723993974,1.005138379,0.952864951,0,1.0674572,3.04,2,2.55,0,0,0,4,0,2,-0.209124,0.116886,3,3,0,0,0,,,,
2287,21,18,1.351777315,0.685494055,0.926635313,0.960751468,0,1.13164055,2.55,0,3.44,1,0,0,0,0,1,0.118596,-0.327947,3,2,0,0,0,,,,
2287,22,25,1.351724137,0.685609906,0.926755458,0.960713673,0,1.13160723,3.44,1,2.55,0,0,0,0,0,1,-0.327575,0.118678,2,3,0,0,0,,,,
2288,11,45,1.635122332,0.88770157,1.451500662,1.070106238,0,0.94495873,2.55,0,2.55,0,1,0,5,5,0,0.057317,0.054978,4,4,0,0,1,,,,
2288,21,11,1.552520096,0.95366246,1.480580134,1.016047183,0,0.90147973,2.55,0,2.55,0,1,1,6,5,0,0.054368,0.057317,3,4,0,0,0,,,,
2288,45,55,1.539248359,0.955172201,1.470247243,1.007361492,0,0.90824013,2.55,0,2.55,0,0,1,5,6,0,0.054978,-0.027051,4,3,0,0,0,,,,
2288,58,64,1.506872719,0.999670086,1.506375581,0.986173245,0,1.06503865,2.55,0,2.55,0,1,0,6,0,0,-0.073684,0.084829,3,1,0,0,0,,,,
2288,30,24,1.506751181,0.999656788,1.506234046,0.986093705,0,1.06402173,2.55,0,2.55,0,0,1,0,6,0,0.083419,-0.077811,1,3,0,0,0,,,,
2289,53,49,1.540647477,0.968182365,1.491627718,1.008277145,0,0.85822444,2.55,0,2.55,0,1,1,5,6,0,0.300411,-0.040382,4,3,0,0,0,,,,
2289,21,11,1.540489941,0.968119345,1.491378113,1.008174045,0,0.85828162,2.55,0,2.55,0,1,1,6,5,0,-0.040588,0.300593,3,4,0,0,0,,,,
2289,30,24,1.507017185,0.999620762,1.506445667,0.986267791,0,1.06348875,2.55,0,2.55,0,0,1,0,6,0,0.081339,-0.079313,1,3,0,0,0,,,,
2289,42,36,1.506948412,0.99957296,1.506304884,0.986222783,0,1.06408284,2.55,0,2.55,0,1,0,6,0,0,-0.08,0.082651,3,1,0,0,0,,,,
2289,68,69,1.467483554,0.642735837,0.94320427,1.017672367,0,0.90422041,3.44,1,3.44,1,0,0,0,0,3,-0.218892,-0.218558,2,2,0,0,1,,,,
2289,11,68,1.424905313,0.856880788,1.220973988,1.01272588,0,0.97830198,2.55,0,3.44,1,1,0,5,0,1,0.300593,-0.218892,4,2,0,0,0,,,,
2289,69,53,1.424688418,0.855303969,1.218541658,1.012571725,0,0.97831674,3.44,1,2.55,0,0,1,0,5,1,-0.218558,0.300411,2,4,0,0,0,,,,
2290,43,47,1.534901152,0.954989118,1.465813897,1.004516461,0,0.93283582,2.55,0,2.55,0,1,1,6,5,0,0.018591,0.261097,3,4,0,0,0,,,,
2290,11,21,1.531313725,0.963432207,1.475316962,1.002168668,0,0.92514547,2.55,0,2.55,0,1,1,5,6,0,0.244813,0.058967,4,3,0,0,0,,,,
2290,30,76,1.529628572,0.684993263,1.047785267,1.001065819,0,1.07932541,2.55,0,2.55,0,0,0,0,0,0,0.097326,0.228256,2,2,0,0,0,,,,
2290,66,32,1.529496951,0.686055993,1.04932055,1.00097968,0,1.07933305,2.55,0,2.55,0,0,0,0,0,0,0.228837,0.096906,2,2,0,0,0,,,,
2290,32,36,1.511840189,0.964364294,1.457964697,0.989424207,0,1.01554777,2.55,0,2.55,0,0,1,0,6,0,0.096906,-0.024388,2,3,0,0,0,,,,
2290,24,30,1.511695775,0.966729599,1.461401051,0.989329696,0,1.01678641,2.55,0,2.55,0,1,0,6,0,0,-0.025563,0.097326,3,2,0,0,0,,,,
2290,63,62,1.46028408,0.651738739,0.951723705,1.012679667,0,0.90638485,3.44,1,3.44,1,0,0,0,0,3,-0.234522,-0.216862,2,2,0,0,1,,,,
2290,62,11,1.433743487,0.84874245,1.21687896,1.019007453,0,0.96174431,3.44,1,2.55,0,0,1,0,5,1,-0.216862,0.244813,2,4,0,0,0,,,,
2290,47,63,1.429741993,0.613759701,0.877518018,1.016163463,0,0.99180347,2.55,0,3.44,1,1,0,5,0,1,0.261097,-0.234522,4,2,0,0,0,,,,
2290,69,66,1.406203873,0.670225684,0.942473953,0.999434167,0,1.01387896,3.44,1,2.55,0,0,0,0,0,1,-0.385661,0.228837,2,2,0,0,0,,,,
2290,76,79,1.405926161,0.670649713,0.942883977,0.999236788,0,1.0142327,2.55,0,3.44,1,0,0,0,0,1,0.228256,-0.385185,2,2,0,0,0,,,,
2290,79,82,1.401381445,0.837779477,1.174048614,0.996006713,0,1.00461682,3.44,1,2.55,0,0,0,0,0,1,-0.385185,0.19394,2,1,0,0,0,,,,
2290,72,69,1.401361833,0.838006206,1.174349913,0.995992774,0,1.00444504,2.55,0,3.44,1,0,0,0,0,1,0.193755,-0.385661,1,2,0,0,0,,,,
1014-,43,46,1.433022106,1.018494745,0.789002112,1.130657468,0,0.91828915,2.55,0,3.44,1,0,0,0,0,1,0.222448,-0.321912,2,2,0,0,0,,,,
1014-,33,0,1.387388644,0.98606158,0.874378885,1.213103336,0,0.95964069,3.44,1,2.55,0,0,0,0,6,1,-0.282945,0.172415,2,3,0,0,0,,,,
1014-,34,33,1.367610373,0.97200453,0.699478651,0.956614259,0,1.08153976,2.55,0,3.44,1,0,0,0,0,1,0.160869,-0.282945,3,2,0,0,0,,,,
1014-,46,49,1.35242239,0.961209943,0.693421944,0.937799362,0,1.14095067,3.44,1,2.55,0,0,0,0,0,1,-0.321912,0.144161,2,3,0,0,0,,,,
1014-2,18,17,1.455283201,1.034316419,0.771916437,1.123357023,6,0.95626119,3.44,1,2.55,0,0,0,6,5,1,-0.300244,0.211939,2,4,15,0.26666667,1,,,,
1014-2,17,20,1.448776434,0.994355823,0.884815438,1.281899755,5,1.03000186,2.55,0,3.04,2,0,0,5,5,2,0.211939,-0.291001,4,3,15,0.26666667,0,,,,
1014-2,0,1,1.402254571,0.917705871,0.999963476,1.402203355,6,1.3338938,2.55,0,2.55,0,0,0,6,6,0,0.154521,0.1876,3,3,15,0.26666667,0,,,,
1014-2,1,18,1.348953748,0.958744668,0.74952355,1.011072602,6,1.13201435,2.55,0,3.44,1,0,0,6,6,1,0.1876,-0.300244,3,2,15,0.26666667,0,,,,
1014-2,29,42,1.527923279,0.99994979,0.890107994,1.360016724,0,1.09519849,2.55,0,2.55,0,0,0,0,0,0,0.13964,0.219548,2,2,0,0,0,,,,
1014-2,48,49,1.507881025,0.986833132,0.843856456,1.272435139,0,1.04230713,2.55,0,2.55,0,0,0,0,0,0,0.143451,0.045324,3,1,0,0,0,,,,
1014-2,34,33,1.504907026,0.984886797,0.839043613,1.262682629,0,1.04839851,2.55,0,2.55,0,0,0,0,0,0,0.045038,0.154541,1,3,0,0,0,,,,
1014-2,20,29,1.452936317,0.997210925,0.810350956,1.177388334,0,0.96886182,3.04,2,2.55,0,0,0,5,0,2,-0.291001,0.13964,3,2,0,0,0,,,,
1014-2,42,45,1.434916974,1.019841488,0.792430023,1.137071291,0,0.91213309,2.55,0,3.44,1,0,0,0,0,1,0.219548,-0.323912,2,2,0,0,0,,,,
1014-2,32,0,1.386673649,0.985553411,0.896439291,1.243068743,0,0.96538724,3.44,1,2.55,0,0,0,0,6,1,-0.283474,0.154521,2,3,0,0,0,,,,
1014-2,33,32,1.370188392,0.973836811,0.695684382,0.953218665,0,1.07698819,2.55,0,3.44,1,0,0,0,0,1,0.154541,-0.283474,3,2,0,0,0,,,,
1014-2,45,48,1.351497854,0.960552845,0.69419505,0.93820312,0,1.14190553,3.44,1,2.55,0,0,0,0,0,1,-0.323912,0.143451,2,3,0,0,0,,,,
1014-2-,18,17,1.460532963,1.038047593,0.727295674,1.062239305,6,0.9488088,3.44,1,2.55,0,0,0,6,5,1,-0.301966,0.19095,2,4,15,0.26666667,1,,,,
1014-2-,17,20,1.446807868,0.993004714,0.884375549,1.279521503,5,1.01680898,2.55,0,3.04,2,0,0,5,5,2,0.19095,-0.294796,4,3,15,0.26666667,0,,,,
1014-2-,0,1,1.402464066,0.917842975,0.999387381,1.401604891,6,1.35125843,2.55,0,2.55,0,0,0,6,6,0,0.149754,0.190886,3,3,15,0.26666667,0,,,,
1014-2-,1,18,1.351861072,0.960810997,0.747410049,1.010394551,6,1.13838356,2.55,0,3.44,1,0,0,6,6,1,0.190886,-0.301966,3,2,15,0.26666667,0,,,,
1014-2-,29,42,1.529701896,1.001113806,0.898482376,1.374410194,0,1.09633117,2.55,0,2.55,0,0,0,0,0,0,0.147245,0.221978,2,2,0,0,0,,,,
1014-2-,48,49,1.507103441,0.986324242,0.843855072,1.271776883,0,1.04393428,2.55,0,2.55,0,0,0,0,0,0,0.144973,0.045305,3,1,0,0,0,,,,
1014-2-,34,33,1.505430098,0.985229122,0.839358282,1.263595221,0,1.04692022,2.55,0,2.55,0,0,0,0,0,0,0.045704,0.1594,1,3,0,0,0,,,,
1014-2-,20,29,1.450748156,0.995709098,0.804443384,1.167044756,0,0.98209134,3.04,2,2.55,0,0,0,5,0,2,-0.294796,0.147245,3,2,0,0,0,,,,
1014-2-,42,45,1.432762749,1.018310412,0.790389797,1.132441058,0,0.91996726,2.55,0,3.44,1,0,0,0,0,1,0.221978,-0.322889,2,2,0,0,0,,,,
1014-2-,32,0,1.387962842,0.986469682,0.870839521,1.208692897,0,0.95633807,3.44,1,2.55,0,0,0,0,6,1,-0.283828,0.149754,2,3,0,0,0,,,,
1014-2-,33,32,1.367577697,0.971981306,0.699194892,0.95620334,0,1.08210678,2.55,0,3.44,1,0,0,0,0,1,0.1594,-0.283828,3,2,0,0,0,,,,
1014-2-,45,48,1.353267283,0.961810436,0.693515317,0.938511588,0,1.13651805,3.44,1,2.55,0,0,0,0,0,1,-0.322889,0.144973,2,3,0,0,0,,,,
1015-,20,17,1.463619867,1.004543492,0.941936165,1.378636485,5,0.97549517,3.04,2,2.55,0,0,0,5,5,2,-0.300534,0.219292,3,4,15,0.33333333,0,,,,
1015-,17,18,1.425716819,1.013302643,0.726182002,1.035329894,6,0.99688874,2.55,0,3.44,1,0,0,5,6,1,0.219292,-0.29917,4,2,15,0.33333333,1,,,,
1015-,18,1,1.364365798,0.969698506,0.747780095,1.020245585,6,1.06735774,3.44,1,2.55,0,0,1,6,6,1,-0.29917,0.222608,2,3,15,0.33333333,0,,,,
1015-,33,29,1.526522526,0.999033067,0.855079799,1.305298574,0,1.07039544,2.55,0,2.55,0,0,0,0,0,0,0.210466,0.165149,2,2,0,0,0,,,,
1015-,40,39,1.507271661,0.986434333,0.84358397,1.271510212,0,1.04751836,2.55,0,2.55,0,0,0,0,0,0,0.0448,0.117526,1,3,0,0,0,,,,
1015-,68,69,1.507228064,0.986405801,0.837798735,1.262753766,0,1.03731361,2.55,0,2.55,0,0,0,0,0,0,0.135574,0.043581,3,1,0,0,0,,,,
1015-,5,63,1.486024577,0.972529173,0.967785134,1.438152495,0,0.97912733,2.55,0,2.55,0,1,1,6,6,0,0.105031,0.087914,3,3,0,0,0,,,,
1015-,29,20,1.446012373,0.992458732,0.843579298,1.219826103,0,0.9971,2.55,0,3.04,2,0,0,0,5,2,0.165149,-0.300534,2,3,0,0,0,,,,
1015-,36,33,1.430501997,1.016703622,0.695800717,0.995344315,0,0.91069487,3.44,1,2.55,0,0,0,0,0,1,-0.33107,0.210466,2,2,0,0,0,,,,
1015-,45,67,1.389295579,0.9874169,0.78344268,1.088433452,0,0.95364366,2.55,0,3.44,1,1,0,6,0,1,0.212722,-0.285888,3,2,0,0,0,,,,
1015-,67,68,1.36840225,0.972567342,0.705083937,0.964838446,0,1.0769127,3.44,1,2.55,0,0,0,0,0,1,-0.285888,0.135574,2,3,0,0,0,,,,
1015-,39,36,1.356277072,0.963949589,0.690485053,0.936489046,0,1.10738581,2.55,0,3.44,1,0,0,0,0,1,0.117526,-0.33107,3,2,0,0,0,,,,
1017-2,17,20,1.45856685,1.001075394,0.889708471,1.297699281,5,1.0036031,2.55,0,3.04,2,0,0,5,5,2,0.221467,-0.285193,4,3,15,0.26666667,0,,,,
1017-2,18,17,1.424311596,1.012303906,0.780026789,1.111001201,6,0.93250067,3.44,1,2.55,0,0,0,6,5,1,-0.293807,0.221467,2,4,15,0.26666667,1,,,,
1017-2,1,18,1.336958817,0.950219486,0.743556886,0.994104934,6,1.17136337,2.55,0,3.44,1,1,0,6,6,1,0.198417,-0.293807,3,2,15,0.26666667,0,,,,
1017-2,29,40,1.511018529,0.988886472,0.765728433,1.157029851,0,1.03101197,2.55,0,2.55,0,0,1,0,6,0,0.266353,-0.021793,2,3,0,0,0,,,,
1017-2,38,34,1.500361717,0.981912118,0.840803911,1.26151,0,1.04927877,2.55,0,2.55,0,0,0,0,0,0,0.047038,0.159293,1,3,0,0,0,,,,
1017-2,45,63,1.482625917,0.970304919,0.999783241,1.482304544,0,0.9344444,2.55,0,2.55,0,1,0,6,0,0,-0.03671,0.216094,3,3,0,0,0,,,,
1017-2,20,29,1.44075935,0.988853363,0.7632717,1.099690839,0,0.97680298,3.04,2,2.55,0,0,0,5,0,2,-0.285193,0.266353,3,2,0,0,0,,,,
1017-2,64,61,1.419180117,1.008656799,0.85566107,1.214337177,0,0.92264863,3.44,1,2.55,0,0,0,0,0,1,-0.312058,0.196199,2,1,0,0,0,,,,
1017-2,33,0,1.385013252,0.984373314,0.907277538,1.256591414,0,0.97340316,3.44,1,2.55,0,0,1,0,6,1,-0.284282,0.172506,2,3,0,0,0,,,,
1017-2,34,33,1.352830939,0.961500312,0.693252605,0.937853572,0,1.05299823,2.55,0,3.44,1,0,0,0,0,1,0.159293,-0.284282,3,2,0,0,0,,,,
1017-2,63,64,1.343127421,0.954603711,0.690918251,0.927991249,0,1.20106152,2.55,0,3.44,1,0,0,0,0,1,0.216094,-0.312058,3,2,0,0,0,,,,
1017-3,17,20,1.46401925,1.004817605,0.880148593,1.288554483,5,1.00886199,2.55,0,3.04,2,0,0,5,5,2,0.218103,-0.294467,4,3,15,0.26666667,0,,,,
1017-3,18,17,1.447726758,1.028945812,0.79215899,1.146829766,6,0.9206954,3.44,1,2.55,0,0,0,6,5,1,-0.299007,0.218103,2,4,15,0.26666667,1,,,,
1017-3,1,18,1.343195007,0.954651746,0.75438869,1.013291122,6,1.16882246,2.55,0,3.44,1,1,0,6,6,1,0.200952,-0.299007,3,2,15,0.26666667,0,,,,
1017-3,29,40,1.531287202,1.00215131,0.773153806,1.183920529,0,1.04559248,2.55,0,2.55,0,0,1,0,6,0,0.272127,-0.043224,2,3,0,0,0,,,,
1017-3,38,34,1.504427902,0.984573234,0.83833975,1.261221711,0,1.04961653,2.55,0,2.55,0,0,0,0,0,0,0.047258,0.158667,1,3,0,0,0,,,,
1017-3,43,63,1.499948668,0.981641798,0.752241344,1.128323402,0,0.93515117,2.55,0,2.55,0,1,0,6,0,0,-0.017227,0.201021,3,3,0,0,0,,,,
1017-3,20,29,1.454633632,0.998375862,0.774582171,1.126733277,0,0.96815684,3.04,2,2.55,0,0,0,5,0,2,-0.294467,0.272127,3,2,0,0,0,,,,
1017-3,64,61,1.426658214,1.013971723,0.859038811,1.225554776,0,0.92053772,3.44,1,2.55,0,0,0,0,0,1,-0.303224,0.196632,2,1,0,0,0,,,,
1017-3,33,0,1.383007801,0.982947975,0.880454736,1.217675769,0,0.97066843,3.44,1,2.55,0,0,1,0,6,1,-0.285656,0.172687,2,3,0,0,0,,,,
1017-3,34,33,1.374914784,0.977196008,0.696379447,0.957462397,0,1.05250868,2.55,0,3.44,1,0,0,0,0,1,0.158667,-0.285656,3,2,0,0,0,,,,
1017-3,63,64,1.348139334,0.958165838,0.690994174,0.931556425,0,1.21144639,2.55,0,3.44,1,0,0,0,0,1,0.201021,-0.303224,3,2,0,0,0,,,,
1033-2,16,18,1.598442715,1.046101253,0.659765503,1.054597363,5,0.91076565,2.55,0,2.55,0,0,0,5,5,0,0.260354,-0.269376,4,4,17,0.35294118,0,,,,
1033-2,18,13,1.530133448,1.001396236,0.725869505,1.110677209,5,0.93578436,2.55,0,2.55,0,0,0,5,5,0,-0.269376,0.038522,4,3,17,0.35294118,0,,,,
1033-2,17,16,1.431169612,1.017178118,0.69323769,0.992140715,6,0.97181838,3.44,1,2.55,0,0,0,6,5,1,-0.288096,0.260354,2,4,17,0.35294118,1,,,,
1033-2,13,12,1.390347677,0.909913401,0.998302128,1.387987044,6,1.45032421,2.55,0,2.55,0,0,0,5,6,0,0.038522,0.108646,3,3,17,0.35294118,0,,,,
1033-2,1,17,1.354113098,0.962411583,0.720785528,0.976025123,6,1.13718803,2.55,0,3.44,1,1,0,6,6,1,0.201694,-0.288096,3,2,17,0.35294118,0,,,,
1033-2,33,32,1.516180344,0.992264623,0.82290284,1.247669111,0,1.1043472,2.55,0,2.55,0,0,0,0,0,0,0.023958,0.140636,1,2,0,0,0,,,,
1033-2,44,45,1.508706226,0.987373185,0.836777352,1.262451202,0,1.03652911,2.55,0,2.55,0,0,0,0,0,0,0.141028,0.039066,3,1,0,0,0,,,,
1033-2,32,31,1.423853959,1.011978649,0.698486114,0.994542219,0,0.93261652,2.55,0,3.44,1,0,0,0,0,1,0.140636,-0.305394,2,2,0,0,0,,,,
1033-2,12,43,1.392197462,0.989479362,0.779828296,1.085674975,0,0.99084291,2.55,0,3.44,1,0,0,6,0,1,0.108646,-0.298593,3,2,0,0,0,,,,
1033-2,43,44,1.36912773,0.973082964,0.71068133,0.973013516,0,1.06175661,3.44,1,2.55,0,0,0,0,0,1,-0.298593,0.141028,2,3,0,0,0,,,,
1033-2,31,0,1.35007027,0.959538216,0.724992868,0.978791317,0,1.1721898,3.44,1,2.55,0,0,1,0,6,1,-0.305394,0.20001,2,3,0,0,0,,,,
1034-2,16,18,1.588185294,1.039388282,0.651926545,1.035349476,5,0.91369216,2.55,0,2.55,0,0,0,5,5,0,0.202168,-0.254875,4,4,17,0.35294118,0,,,,
1034-2,18,13,1.530532119,1.001657146,0.725422061,1.110300454,5,0.9253363,2.55,0,2.55,0,0,0,5,5,0,-0.254875,0.037446,4,3,17,0.35294118,0,,,,
1034-2,17,16,1.42237796,1.010929609,0.70332448,1.00036213,6,0.97881854,3.44,1,2.55,0,0,0,6,5,1,-0.287533,0.202168,2,4,17,0.35294118,1,,,,
1034-2,13,12,1.390163443,0.909792829,0.998287699,1.387793771,6,1.44669424,2.55,0,2.55,0,0,0,5,6,0,0.037446,0.102339,3,3,17,0.35294118,0,,,,
1034-2,1,17,1.356752454,0.964287458,0.721259915,0.978573553,6,1.12745722,2.55,0,3.44,1,1,0,6,6,1,0.193165,-0.287533,3,2,17,0.35294118,0,,,,
1034-2,33,32,1.516011091,0.992153856,0.822517591,1.246943146,0,1.10443648,2.55,0,2.55,0,0,0,0,0,0,0.023899,0.139128,1,2,0,0,0,,,,
1034-2,41,42,1.50842753,0.987190792,0.836890229,1.262394098,0,1.03611492,2.55,0,2.55,0,0,0,0,0,0,0.140534,0.038856,3,1,0,0,0,,,,
1034-2,32,31,1.424654161,1.012547378,0.698407642,0.994978118,0,0.9314972,2.55,0,3.44,1,0,0,0,0,1,0.139128,-0.311311,2,2,0,0,0,,,,
1034-2,12,40,1.391819941,0.989211045,0.77891252,1.084086924,0,0.99165384,2.55,0,3.44,1,0,0,6,0,1,0.102339,-0.298635,3,2,0,0,0,,,,
1034-2,40,41,1.369538416,0.973374852,0.71041806,0.972944198,0,1.06145229,3.44,1,2.55,0,0,0,0,0,1,-0.298635,0.140534,2,3,0,0,0,,,,
1034-2,31,0,1.350959888,0.960170496,0.724923891,0.979328347,0,1.17071078,3.44,1,2.55,0,0,1,0,6,1,-0.311311,0.202798,2,3,0,0,0,,,,
1035-2,16,18,1.587133011,1.038699614,0.651215654,1.033601787,5,0.9143163,2.55,0,2.55,0,0,0,5,5,0,0.200318,-0.250922,4,4,17,0.35294118,0,,,,
1035-2,18,13,1.529751356,1.001146175,0.724751571,1.108719992,5,0.92366835,2.55,0,2.55,0,0,1,5,5,0,-0.250922,0.041383,4,3,17,0.35294118,0,,,,
1035-2,17,16,1.420183725,1.009370096,0.70508331,1.001342372,6,0.98683866,3.44,1,2.55,0,0,0,6,5,1,-0.287491,0.200318,2,4,17,0.35294118,1,,,,
1035-2,1,17,1.358433063,0.965481921,0.721816242,0.980630976,6,1.12064982,2.55,0,3.44,1,1,0,6,6,1,0.191101,-0.287491,3,2,17,0.35294118,0,,,,
1035-2,33,32,1.515816902,0.992026768,0.822189478,1.24628789,0,1.10470688,2.55,0,2.55,0,0,0,0,0,0,0.023791,0.137896,1,2,0,0,0,,,,
1035-2,41,42,1.507358693,0.986491291,0.837509156,1.262411427,0,1.03796254,2.55,0,2.55,0,0,0,0,0,0,0.135787,0.043881,3,1,0,0,0,,,,
1035-2,32,31,1.425611226,1.013227595,0.698477865,0.995795315,0,0.92879788,2.55,0,3.44,1,0,0,0,0,1,0.137896,-0.311887,2,2,0,0,0,,,,
1035-2,12,40,1.391657384,0.989095511,0.789314654,1.098398698,0,0.98506891,2.55,0,3.44,1,1,0,6,0,1,0.098579,-0.301581,3,2,0,0,0,,,,
1035-2,40,41,1.371879757,0.975038918,0.704844703,0.966922371,0,1.05329702,3.44,1,2.55,0,0,0,0,0,1,-0.301581,0.135787,2,3,0,0,0,,,,
1035-2,31,0,1.350628426,0.959934915,0.724971741,0.979212334,0,1.17322403,3.44,1,2.55,0,0,1,0,6,1,-0.311887,0.203075,2,3,0,0,0,,,,
108-,18,66,1.614987045,1.056928694,0.887575483,1.433385508,0,0.81114623,2.55,0,2.55,0,1,1,5,5,0,0.067443,0.067448,4,4,0,0,1,,,,
108-,0,18,1.529671884,1.001094165,0.956217671,1.462730065,0,0.90836755,2.55,0,2.55,0,1,1,6,5,0,0.026141,0.067443,3,4,0,0,0,,,,
108-,12,11,1.517471224,0.99310944,0.823435822,1.249556116,0,1.10446064,2.55,0,2.55,0,0,0,0,0,0,0.019712,0.152661,1,2,0,0,0,,,,
108-,68,65,1.481166881,0.969350053,0.892711061,1.322220977,0,0.98076675,2.55,0,2.55,0,1,1,5,6,0,0.024288,0.012606,3,3,0,0,0,,,,
108-,11,10,1.418273288,1.008012287,0.699317742,0.991819752,0,0.95186411,2.55,0,3.44,1,0,0,0,0,1,0.152661,-0.316894,2,2,0,0,0,,,,
108-,10,5,1.358130736,0.965267048,0.959009355,1.302442844,0,1.12617602,3.44,1,2.55,0,0,1,0,6,1,-0.316894,0.236654,2,3,0,0,0,,,,
12-,3,0,1.563820923,1.023443012,0.967608271,1.51316606,4,1.03754169,2.55,0,2.55,0,0,0,4,4,0,-0.048464,-0.003247,3,3,4,0.25,1,,,,
12-,4,3,1.543778629,1.010326328,0.885599489,1.367169565,0,0.88799111,2.55,0,2.55,0,0,0,0,4,0,0.100761,-0.048464,3,3,0,0,0,,,,
12-,0,12,1.520576411,0.99514163,0.772738809,1.175008404,0,0.92605509,2.55,0,2.55,0,0,0,4,0,0,-0.003247,0.133143,3,3,0,0,0,,,,
12-,14,15,1.449110183,0.994584889,0.887653067,1.286307098,0,0.98679602,3.04,2,2.55,0,0,0,0,0,2,-0.172431,0.105391,2,1,0,0,0,,,,
12-,7,6,1.447638405,0.993574746,0.883930762,1.279612119,0,0.99799631,2.55,0,3.04,2,0,0,0,0,2,0.113575,-0.176467,1,2,0,0,0,,,,
12-,12,14,1.358923623,0.932686083,0.734676355,0.998369055,0,1.28371744,2.55,0,3.04,2,0,0,0,0,2,0.133143,-0.172431,3,2,0,0,0,,,,
12-,6,4,1.35853012,0.932416005,0.725646678,0.985812868,0,1.2782859,3.04,2,2.55,0,0,0,0,0,2,-0.176467,0.100761,2,3,0,0,0,,,,
12-2,4,3,1.526542097,0.999045875,0.775171396,1.183331768,0,0.88138449,2.55,0,2.55,0,0,0,0,4,0,0.115962,-0.01417,3,3,0,0,0,,,,
12-2,0,13,1.526539205,0.999043983,0.775647004,1.184055561,0,0.8814181,2.55,0,2.55,0,0,0,4,0,0,-0.01408,0.116,3,3,0,0,0,,,,
12-2,8,7,1.448232604,0.99398257,0.887447869,1.285230938,0,0.98923039,2.55,0,3.04,2,0,0,0,0,2,0.107125,-0.165185,1,2,0,0,0,,,,
12-2,16,17,1.448226962,0.993978697,0.887452016,1.285231936,0,0.98923099,3.04,2,2.55,0,0,0,0,0,2,-0.165196,0.107131,2,1,0,0,0,,,,
12-2,13,16,1.363580624,0.935882378,0.731485389,0.997439303,0,1.24351156,2.55,0,3.04,2,0,0,0,0,2,0.116,-0.165196,3,2,0,0,0,,,,
12-2,7,4,1.363574261,0.93587801,0.731484764,0.997433797,0,1.24351711,3.04,2,2.55,0,0,0,0,0,2,-0.165185,0.115962,2,3,0,0,0,,,,
12-3,3,1,1.585156032,1.03740578,0.998548808,1.582855667,4,1.07292589,2.55,0,2.55,0,0,0,4,4,0,-0.01417,0.053997,3,3,4,0.25,1,,,,
12-3,4,3,1.526542097,0.999045875,0.835595127,1.275571138,0,0.88138449,2.55,0,2.55,0,0,0,0,4,0,0.115962,-0.01417,3,3,0,0,0,,,,
12-3,1,34,1.509776851,0.988073856,0.963781409,1.45509486,0,0.99189946,2.55,0,2.55,0,0,1,4,6,0,0.053997,0.056144,3,3,0,0,0,,,,
12-3,8,7,1.448232604,0.99398257,0.887447869,1.285230938,0,0.98923039,2.55,0,3.04,2,0,0,0,0,2,0.107125,-0.165185,1,2,0,0,0,,,,
12-3,7,4,1.363574261,0.93587801,0.731484764,0.997433797,0,1.24351711,3.04,2,2.55,0,0,0,0,0,2,-0.165185,0.115962,2,3,0,0,0,,,,
2013-2,0,1,1.552916634,1.016306698,0.694467458,1.079418625,5,1.00632279,2.55,0,2.55,0,0,0,5,5,0,0.080534,0.199279,3,3,9,0.333333333,0,,,,
2013-2,1,2,1.551704212,1.015513228,0.897479014,1.391810537,5,1.03081343,2.55,0,2.55,0,0,0,5,5,0,0.199279,-0.067317,3,3,9,0.333333333,0,,,,
2013-2,6,0,1.459230647,1.001530987,0.879853244,1.283569839,5,0.91365378,3.04,2,2.55,0,0,0,5,5,2,-0.281572,0.080534,3,3,9,0.333333333,1,,,,
2013-2,13,12,1.522392916,0.996330443,0.96335895,1.468483001,0,1.02657045,2.55,0,2.55,0,1,0,6,0,0,-0.056592,0.307703,3,2,0,0,0,,,,
2013-2,2,32,1.513405554,0.990448661,0.715246563,1.08242476,0,0.91210994,2.55,0,2.55,0,0,0,5,0,0,-0.067317,0.17908,3,3,0,0,0,,,,
2013-2,25,18,1.4933581,0.977328599,0.962436749,1.436389617,0,0.93942345,2.55,0,2.55,0,0,1,0,6,0,0.216216,-0.034596,3,3,0,0,0,,,,
2013-2,12,6,1.447214144,0.993283558,0.845054798,1.217795499,0,0.99719609,2.55,0,3.04,2,0,0,0,5,2,0.307703,-0.281572,2,3,0,0,0,,,,
2013-2,33,34,1.430375459,1.016613688,0.860573204,1.231083621,0,0.9176619,3.44,1,2.55,0,0,0,0,0,1,-0.302845,0.191014,2,1,0,0,0,,,,
2013-2,27,26,1.426252675,1.013683493,0.857885138,1.22334108,0,0.92364126,2.55,0,3.44,1,0,0,0,0,1,0.196161,-0.310562,1,2,0,0,0,,,,
2013-2,26,25,1.348876031,0.958689432,0.692462396,0.934197348,0,1.20414039,3.44,1,2.55,0,0,0,0,0,1,-0.310562,0.216216,2,3,0,0,0,,,,
2013-2,32,33,1.344511771,0.955587613,0.686352374,0.922458336,0,1.19981618,2.55,0,3.44,1,0,0,0,0,1,0.17908,-0.302845,3,2,0,0,0,,,,
2014-2,0,1,1.551938786,1.015666745,0.689621712,1.069848978,5,0.9837966,2.55,0,2.55,0,0,0,5,5,0,0.138066,0.130966,3,3,9,0.333333333,0,,,,
2014-2,1,2,1.549557951,1.014108607,0.673203604,1.045135087,5,1.02325584,2.55,0,2.55,0,0,0,5,5,0,0.130966,-0.071648,3,3,9,0.333333333,0,,,,
2014-2,6,0,1.456823199,0.999878654,0.908028487,1.324336866,5,0.93916998,3.04,2,2.55,0,0,0,5,5,2,-0.28617,0.138066,3,3,9,0.333333333,1,,,,
2014-2,2,32,1.522888385,0.996654702,0.711540511,1.083037498,0,0.90935919,2.55,0,2.55,0,0,0,5,0,0,-0.071648,0.205749,3,3,0,0,0,,,,
2014-2,13,12,1.519718197,0.994579972,0.962750144,1.466840165,0,1.02850805,2.55,0,2.55,0,1,0,6,0,0,-0.055467,0.305822,3,2,0,0,0,,,,
2014-2,25,18,1.493794684,0.977614322,0.962502859,1.436807413,0,0.93848035,2.55,0,2.55,0,0,1,0,6,0,0.216859,-0.035727,3,3,0,0,0,,,,
2014-2,12,6,1.444518661,0.991433536,0.82050938,1.184692175,0,0.98555689,2.55,0,3.04,2,0,0,0,5,2,0.305822,-0.28617,2,3,0,0,0,,,,
2014-2,33,34,1.430240529,1.016517789,0.860186453,1.23063921,0,0.91686677,3.44,1,2.55,0,0,0,0,0,1,-0.302455,0.192488,2,1,0,0,0,,,,
2014-2,27,26,1.426606124,1.013934701,0.858029329,1.223763489,0,0.92249523,2.55,0,3.44,1,0,0,0,0,1,0.1959,-0.310337,1,2,0,0,0,,,,
2014-2,26,25,1.348164002,0.95818337,0.69225124,0.933772602,0,1.20608317,3.44,1,2.55,0,0,0,0,0,1,-0.310337,0.216859,2,3,0,0,0,,,,
2014-2,32,33,1.343492589,0.954863248,0.690608044,0.927190888,0,1.20170894,2.55,0,3.44,1,0,0,0,0,1,0.205749,-0.302455,3,2,0,0,0,,,,
2029-2,18,39,1.58607709,1.038008566,0.998342356,1.583447938,4,1.09294071,2.55,0,2.55,0,0,0,4,4,0,0.101963,0.071313,3,3,4,0.25,1,,,,
2029-2,32,33,1.517465109,0.993105438,0.823615208,1.249807342,0,1.10466682,2.55,0,2.55,0,0,0,0,0,0,0.15385,0.019162,2,1,0,0,0,,,,
2029-2,12,11,1.517338513,0.993022587,0.82363414,1.249731802,0,1.10441765,2.55,0,2.55,0,0,0,0,0,0,0.018609,0.153824,1,2,0,0,0,,,,
2029-2,0,18,1.513608054,0.990581187,0.96288378,1.457428644,0,0.97573194,2.55,0,2.55,0,1,0,6,4,0,0.034354,0.101963,3,3,0,0,0,,,,
2029-2,39,21,1.513015307,0.990193263,0.966229127,1.461919459,0,1.00403376,2.55,0,2.55,0,0,1,4,6,0,0.071313,0.022392,3,3,0,0,0,,,,
2029-2,31,32,1.417461139,1.007435067,0.699145071,0.991010969,0,0.95360723,3.44,1,2.55,0,0,0,0,0,1,-0.315566,0.15385,2,2,0,0,0,,,,
2029-2,11,10,1.417259523,1.007291772,0.698945522,0.990587197,0,0.95449528,2.55,0,3.44,1,0,0,0,0,1,0.153824,-0.317328,2,2,0,0,0,,,,
2029-2,10,4,1.359117301,0.965968231,0.959034015,1.303439722,0,1.12097335,3.44,1,2.55,0,0,1,0,6,1,-0.317328,0.234267,2,3,0,0,0,,,,
2029-2,25,31,1.358308092,0.9653931,0.958618827,1.30209971,0,1.12466792,2.55,0,3.44,1,1,0,6,0,1,0.234255,-0.315566,3,2,0,0,0,,,,
2030-,11,8,1.553611454,1.016761423,0.996566279,1.548305622,6,0.94025291,2.55,0,2.55,0,0,0,6,6,0,0.019292,-0.056405,3,4,6,0.166666667,1,,,,
2030-,8,69,1.535507256,1.004913125,0.907199411,1.393019825,0,0.86299033,2.55,0,2.55,0,0,0,6,0,0,-0.056405,0.232585,4,3,0,0,0,,,,
2030-,74,76,1.532543906,1.00297376,0.687969006,1.054342758,0,1.0624394,2.55,0,2.55,0,0,0,0,0,0,-0.062082,-0.00565,2,2,0,0,0,,,,
2030-,54,51,1.531716855,1.002432497,0.690971976,1.058379337,0,1.06893038,2.55,0,2.55,0,0,0,0,0,0,-0.02064,-0.025772,2,2,0,0,0,,,,
2030-,49,54,1.526926368,0.999297361,0.68907252,1.052171639,0,1.09351762,2.55,0,2.55,0,0,0,0,0,0,0.220335,-0.02064,2,2,0,0,0,,,,
2030-,51,55,1.525504125,0.998366574,0.686530738,1.04731238,0,1.09773474,2.55,0,2.55,0,0,0,0,0,0,-0.025772,0.227332,2,2,0,0,0,,,,
2030-,71,74,1.521777084,0.995927411,0.681599663,1.037237591,0,1.09553665,2.55,0,2.55,0,0,0,0,0,0,0.253209,-0.062082,2,2,0,0,0,,,,
2030-,76,79,1.51986089,0.994673358,0.671692398,1.020876529,0,1.07250179,2.55,0,2.55,0,0,0,0,0,0,-0.00565,0.203202,2,2,0,0,0,,,,
2030-,81,85,1.510544374,0.988576161,0.847470265,1.280142031,0,1.04373342,2.55,0,2.55,0,0,0,0,0,0,0.136085,0.049162,3,1,0,0,0,,,,
2030-,53,50,1.505298357,0.985142904,0.847861423,1.276277661,0,1.04605387,2.55,0,2.55,0,0,0,0,0,0,0.039938,0.13953,1,3,0,0,0,,,,
2030-,62,11,1.484045587,0.971234023,0.754809793,1.120177719,0,0.97987676,2.55,0,2.55,0,0,0,0,6,0,0.228606,0.019292,3,3,0,0,0,,,,
2030-,68,71,1.443103081,1.025659617,0.732469475,1.057025614,0,0.88704607,3.44,1,2.55,0,0,0,0,0,1,-0.327981,0.253209,2,2,0,0,0,,,,
2030-,79,80,1.440254275,1.02363488,0.694079185,0.999650314,0,0.89751202,2.55,0,3.44,1,0,0,0,0,1,0.203202,-0.313194,2,2,0,0,0,,,,
2030-,55,56,1.437216146,1.021475584,0.762940809,1.09651311,0,0.90746395,2.55,0,3.44,1,0,0,0,0,1,0.227332,-0.314252,2,2,0,0,0,,,,
2030-,52,49,1.434231833,1.019354537,0.79488056,1.140038784,0,0.92078061,3.44,1,2.55,0,0,0,0,0,1,-0.309457,0.220335,2,2,0,0,0,,,,
2030-,50,52,1.353010456,0.9616279,0.694589237,0.939782452,0,1.16315012,2.55,0,3.44,1,0,0,0,0,1,0.13953,-0.309457,3,2,0,0,0,,,,
2030-,56,62,1.350836054,0.960082484,0.699251031,0.944582315,0,1.19191853,3.44,1,2.55,0,0,0,0,0,1,-0.314252,0.228606,2,3,0,0,0,,,,
2030-,80,81,1.3416789,0.9535742,0.688095035,0.923202017,0,1.1722619,3.44,1,2.55,0,0,0,0,0,1,-0.313194,0.136085,2,3,0,0,0,,,,
2030-,69,68,1.338866927,0.951575641,0.694428504,0.929747059,0,1.18097981,2.55,0,3.44,1,0,0,0,0,1,0.232585,-0.327981,3,2,0,0,0,,,,
2031--,9,6,1.552152745,1.015806771,0.991692083,1.539257589,6,0.91570318,2.55,0,2.55,0,0,0,6,6,0,0.029063,0.019096,3,4,6,0.166666667,1,,,,
2031--,6,33,1.536301657,1.005433021,0.731820031,1.124296326,0,0.84535173,2.55,0,2.55,0,0,0,6,0,0,0.019096,-0.043684,4,3,0,0,0,,,,
2031--,22,21,1.522770621,0.996577631,0.861137678,1.311315156,0,1.02690121,2.55,0,2.55,0,0,0,0,0,0,0.059789,0.034593,1,3,0,0,0,,,,
2031--,33,34,1.519858585,0.994671849,0.862866291,1.311434741,0,1.04097766,2.55,0,2.55,0,0,0,0,0,0,-0.043684,0.063732,3,1,0,0,0,,,,
2031--,21,9,1.506589533,0.985987914,0.949244891,1.430122416,0,0.94398913,2.55,0,2.55,0,0,0,0,6,0,0.034593,0.029063,3,3,0,0,0,,,,
2033b,89,102,1.842132209,1.006629622,0.9015849,1.660838584,0,1.00762808,2.58,3,2.55,0,0,0,0,0,7,0.017198,-0.093438,2,2,0,0,1,,,,
2033b,88,0,1.839653742,1.005275269,0.849856133,1.563441015,0,1.0494565,2.58,3,2.55,0,0,0,0,4,7,0.018205,-0.195413,2,4,0,0,0,,,,
2033b,92,88,1.837129495,1.003895899,0.677082049,1.243887402,0,0.98472584,2.55,0,2.58,3,0,0,0,0,7,-0.097964,0.018205,2,2,0,0,0,,,,
2033b,3,89,1.822398102,0.995845957,0.668201463,1.217729078,0,1.06315214,2.55,0,2.58,3,0,0,4,0,7,-0.169316,0.017198,4,2,0,0,0,,,,
2034b,92,97,1.846227782,1.008867641,0.6492461,1.198656188,0,0.96784398,2.58,3,2.55,0,0,0,0,0,7,-0.017388,-0.073906,2,2,0,0,1,,,,
2034b,46,44,1.845029419,1.008212797,0.692482736,1.27765102,0,0.9807788,2.55,0,2.58,3,0,0,0,0,7,-0.116419,0.021471,2,2,0,0,1,,,,
2034b,44,1,1.83794402,1.004340994,0.91247981,1.67708681,0,1.0859805,2.58,3,2.55,0,0,0,0,4,7,0.021471,-0.206189,2,4,0,0,0,,,,
2034b,85,92,1.830875201,1.000478252,0.857237636,1.569495129,0,1.06279385,2.55,0,2.58,3,0,0,4,0,7,-0.157035,-0.017388,4,2,0,0,0,,,,
2037b,64,95,1.845951255,1.008716533,0.648690719,1.197451447,0,0.96556557,2.58,3,2.55,0,0,0,0,0,7,-0.025754,-0.06512,2,2,0,0,1,,,,
2037b,85,63,1.844675367,1.008019326,0.687424259,1.268074597,0,0.9791222,2.55,0,2.58,3,0,0,0,0,7,-0.0678,-0.005067,2,2,0,0,1,,,,
2037b,63,1,1.831610814,1.000880226,0.927301372,1.698455221,0,1.05706142,2.58,3,2.55,0,0,0,0,4,7,-0.005067,-0.116553,2,4,0,0,0,,,,
2037b,2,64,1.826003742,0.997816252,0.859804264,1.570005803,0,1.05518022,2.55,0,2.58,3,0,0,4,0,7,-0.197838,-0.025754,4,2,0,0,0,,,,
2040-2,1,2,1.597099539,1.045222211,0.832051116,1.328868454,4,0.87052581,2.55,0,2.55,0,0,0,4,4,0,0.060165,0.060868,4,4,20,0.45,1,,,,
2040-2,7,1,1.497331232,0.979928817,0.962769802,1.441585294,6,0.94673377,2.55,0,2.55,0,1,0,6,4,0,0.07443,0.060165,3,4,20,0.45,0,,,,
2040-2,2,9,1.496856511,0.979618136,0.963837237,1.442726044,6,0.94803958,2.55,0,2.55,0,0,1,4,6,0,0.060868,0.073768,4,3,20,0.45,0,,,,
2040-2,30,28,1.411678359,1.00332506,0.869765735,1.227829466,0,0.96418585,2.55,0,3.44,1,0,0,0,0,1,0.181628,-0.308152,1,2,0,0,0,,,,
2040-2,29,34,1.411637813,1.003296242,0.869637605,1.227613326,0,0.96426164,3.44,1,2.55,0,0,0,0,0,1,-0.308219,0.181431,2,1,0,0,0,,,,
2040-2,23,29,1.353617679,0.962059473,0.959450763,1.298729516,0,1.14014053,2.55,0,3.44,1,1,0,6,0,1,0.247801,-0.308219,3,2,0,0,0,,,,
2040-2,28,15,1.353490771,0.961969276,0.959569114,1.29876794,0,1.14026644,3.44,1,2.55,0,0,1,0,6,1,-0.308152,0.247943,2,3,0,0,0,,,,
2042-2,1,2,1.610987832,1.054311408,0.978797122,1.576830253,4,0.9238018,2.55,0,2.55,0,0,0,4,4,0,-0.171662,-0.167067,4,4,20,0.45,1,,,,
2042-2,7,1,1.519787058,0.994625038,0.953669175,1.44937407,6,0.92712718,2.55,0,2.55,0,1,0,6,4,0,-0.05097,-0.171662,3,4,20,0.45,0,,,,
2042-2,2,9,1.508907238,0.987504737,0.962038576,1.451626971,6,0.94411623,2.55,0,2.55,0,0,1,4,6,0,-0.167067,0.074079,4,3,20,0.45,0,,,,
2042-2,30,28,1.413055793,1.004304046,0.869906893,1.229226975,0,0.96057182,2.55,0,3.44,1,0,0,0,0,1,0.179257,-0.306767,1,2,0,0,0,,,,
2042-2,29,34,1.412578256,1.003964646,0.869759071,1.228602752,0,0.96137238,3.44,1,2.55,0,0,0,0,0,1,-0.306748,0.179324,2,1,0,0,0,,,,
2042-2,23,29,1.351948726,0.960873295,0.959445852,1.297121598,0,1.14452792,2.55,0,3.44,1,1,0,6,0,1,0.2483,-0.306748,3,2,0,0,0,,,,
2042-2,28,15,1.351367162,0.960459959,0.959622043,1.296801717,0,1.1460134,3.44,1,2.55,0,0,1,0,6,1,-0.306767,0.251979,2,3,0,0,0,,,,
2043-2,1,2,1.584335417,1.036868729,0.981429688,1.554913814,4,1.02680821,2.55,0,2.55,0,0,0,4,4,0,0.039051,0.076736,3,3,20,0.45,1,,,,
2043-2,2,9,1.505979012,0.985588358,0.96240534,1.449362242,6,0.96102793,2.55,0,2.55,0,0,1,4,6,0,0.076736,-0.047329,3,3,20,0.45,0,,,,
2043-2,7,1,1.494697977,0.978205482,0.966402944,1.444480526,6,0.99529829,2.55,0,2.55,0,1,0,6,4,0,0.048211,0.039051,3,3,20,0.45,0,,,,
2043-2,27,32,1.412935052,1.004218232,0.868393811,1.226984054,0,0.95919432,3.44,1,2.55,0,0,0,0,0,1,-0.314228,0.181363,2,1,0,0,0,,,,
2043-2,28,26,1.412579794,1.003965738,0.868815241,1.227270854,0,0.9594244,2.55,0,3.44,1,0,0,0,0,1,0.181805,-0.312044,1,2,0,0,0,,,,
2043-2,22,27,1.355272014,0.963235262,0.960609964,1.3018878,0,1.14175102,2.55,0,3.44,1,1,0,6,0,1,0.202438,-0.314228,3,2,0,0,0,,,,
2043-2,26,15,1.354595582,0.9627545,0.960298331,1.300815877,0,1.14532953,3.44,1,2.55,0,0,1,0,6,1,-0.312044,0.203559,2,3,0,0,0,,,,
2043-2b,1,2,1.584335417,1.036868729,0.981429688,1.554913814,4,1.02680821,2.55,0,2.55,0,0,0,4,4,0,0.039051,0.076736,3,3,20,0.35,1,,,,
2043-2b,2,9,1.505979012,0.985588358,0.893045588,1.344907912,6,0.96102793,2.55,0,2.55,0,0,1,4,6,0,0.076736,-0.047329,3,3,20,0.35,0,,,,
2043-2b,7,1,1.494697977,0.978205482,0.868493656,1.29813571,6,0.99529829,2.55,0,2.55,0,1,0,6,4,0,0.048211,0.039051,3,3,20,0.35,0,,,,
2043-2b,42,40,1.421753655,1.010485895,0.860558191,1.223501754,0,0.94706918,2.55,0,3.44,1,0,0,0,0,1,0.20422,-0.335652,1,2,0,0,0,,,,
2043-2b,41,46,1.420553933,1.009633215,0.860295785,1.222096561,0,0.95110857,3.44,1,2.55,0,0,0,0,0,1,-0.335924,0.206601,2,1,0,0,0,,,,
2043-2b,21,41,1.366188778,0.970994156,0.787858232,1.076363075,0,1.10143258,2.55,0,3.44,1,1,0,6,0,1,0.168205,-0.335924,3,2,0,0,0,,,,
2043-2b,40,16,1.364469405,0.969772143,0.788913189,1.07644791,0,1.10312002,3.44,1,2.55,0,0,1,0,6,1,-0.335652,0.172427,2,3,0,0,0,,,,
2043b,1,2,1.583121317,1.03607416,0.84073332,1.33098284,4,1.02031572,2.55,0,2.55,0,0,0,4,4,0,0.029188,0.028979,3,3,20,0.35,1,,,,
2043b,2,9,1.494745073,0.978236304,0.860376355,1.286043317,6,1.00831468,2.55,0,2.55,0,0,1,4,6,0,0.028979,0.063727,3,3,20,0.35,0,,,,
2043b,7,1,1.494706112,0.978210806,0.857790626,1.282144892,6,1.00855917,2.55,0,2.55,0,1,0,6,4,0,0.065851,0.029188,3,3,20,0.35,0,,,,
2043b,42,40,1.421095398,1.010018051,0.861122961,1.223737877,0,0.94866249,2.55,0,3.44,1,0,0,0,0,1,0.205283,-0.33359,1,2,0,0,0,,,,
2043b,41,46,1.420805801,1.009812225,0.860860597,1.22311573,0,0.94869024,3.44,1,2.55,0,0,0,0,0,1,-0.333979,0.206354,2,1,0,0,0,,,,
2043b,40,16,1.364441346,0.9697522,0.789019242,1.076570477,0,1.10474143,3.44,1,2.55,0,0,1,0,6,1,-0.33359,0.170737,2,3,0,0,0,,,,
2043b,21,41,1.364333607,0.969675627,0.791817044,1.080302604,0,1.10263371,2.55,0,3.44,1,1,0,6,0,1,0.170152,-0.333979,3,2,0,0,0,,,,
2044-2,1,2,1.612645837,1.05539649,0.982815119,1.58493271,4,0.95366399,2.55,0,2.55,0,0,0,4,4,0,-0.17687,-0.157247,4,4,20,0.45,1,,,,
2044-2,2,9,1.51659327,0.992534863,0.959010029,1.454428156,6,0.91498952,2.55,0,2.55,0,0,0,4,6,0,-0.157247,0.009553,4,3,20,0.45,0,,,,
2044-2,7,1,1.51027556,0.988400235,0.963947154,1.455825828,6,0.94339617,2.55,0,2.55,0,0,0,6,4,0,0.096973,-0.17687,3,4,20,0.45,0,,,,
2044-2,28,26,1.425643401,1.013250462,0.857188684,1.222045391,0,0.93326493,2.55,0,3.44,1,0,0,0,0,1,0.194442,-0.341003,1,2,0,0,0,,,,
2044-2,27,32,1.413976127,1.004958157,0.869280074,1.229141272,0,0.95496036,3.44,1,2.55,0,0,0,0,0,1,-0.311903,0.179806,2,1,0,0,0,,,,
2044-2,26,15,1.364161228,0.969553112,0.964322401,1.315491231,0,1.09128858,3.44,1,2.55,0,0,0,0,6,1,-0.341003,0.15396,2,3,0,0,0,,,,
2044-2,22,27,1.353182333,0.961750059,0.960790191,1.300124312,0,1.1494282,2.55,0,3.44,1,0,0,6,0,1,0.206926,-0.311903,3,2,0,0,0,,,,
2044-2b,1,2,1.612645837,1.05539649,0.982815119,1.58493271,4,0.95366399,2.55,0,2.55,0,0,0,4,4,0,-0.17687,-0.157247,4,4,20,0.35,1,,,,
2044-2b,2,9,1.51659327,0.992534863,0.875252585,1.327402181,6,0.91498952,2.55,0,2.55,0,0,0,4,6,0,-0.157247,0.009553,4,3,20,0.35,0,,,,
2044-2b,7,1,1.51027556,0.988400235,0.866482424,1.308627227,6,0.94339617,2.55,0,2.55,0,0,0,6,4,0,0.096973,-0.17687,3,4,20,0.35,0,,,,
2044-2b,9,20,1.407261383,0.92098258,0.770047282,1.083657802,6,1.25324713,2.55,0,2.55,0,0,0,6,6,0,0.009553,-0.076702,3,2,20,0.35,0,,,,
2044-2b,17,7,1.403993832,0.918844131,0.772625922,1.084762029,6,1.26990183,2.55,0,2.55,0,0,0,6,6,0,-0.118147,0.096973,2,3,20,0.35,0,,,,
2044-2b,16,17,1.395977546,0.91359787,0.762845779,1.064915579,6,1.36226024,2.55,0,2.55,0,0,0,6,6,0,0.149041,-0.118147,3,2,20,0.35,0,,,,
2044-2b,20,21,1.389326662,0.909245198,0.763392889,1.060602094,6,1.4278423,2.55,0,2.55,0,0,0,6,6,0,-0.076702,0.165172,2,3,20,0.35,0,,,,
2044-2b,40,38,1.428088497,1.014988271,0.853379012,1.218700751,0,0.93169794,2.55,0,3.44,1,0,0,0,0,1,0.188836,-0.343258,1,2,0,0,0,,,,
2044-2b,39,44,1.422272341,1.010854542,0.860819218,1.224319364,0,0.94662603,3.44,1,2.55,0,0,0,0,0,1,-0.336368,0.203368,2,1,0,0,0,,,,
2044-2b,38,16,1.367687195,0.972059129,0.785325641,1.074079823,0,1.09566932,3.44,1,2.55,0,0,0,0,6,1,-0.343258,0.149041,2,3,0,0,0,,,,
2044-2b,21,39,1.36666209,0.971330554,0.784160829,1.071682877,0,1.09697871,2.55,0,3.44,1,0,0,6,0,1,0.165172,-0.336368,3,2,0,0,0,,,,
2044b,1,2,1.60824693,1.052517624,0.811636859,1.305312487,4,0.94192052,2.55,0,2.55,0,0,0,4,4,0,-0.212452,-0.207679,4,4,20,0.35,1,,,,
2044b,2,9,1.509662846,0.987999245,0.869967706,1.313357924,6,0.94715319,2.55,0,2.55,0,0,1,4,6,0,-0.207679,0.08685,4,3,20,0.35,0,,,,
2044b,7,1,1.509402278,0.987828716,0.869175065,1.311934823,6,0.94629606,2.55,0,2.55,0,1,0,6,4,0,0.086,-0.212452,3,4,20,0.35,0,,,,
2044b,39,44,1.422366022,1.010921124,0.861487289,1.225350247,0,0.94349365,3.44,1,2.55,0,0,0,0,0,1,-0.330273,0.204037,2,1,0,0,0,,,,
2044b,40,38,1.42196608,1.010636873,0.862035857,1.225785749,0,0.94458444,2.55,0,3.44,1,0,0,0,0,1,0.204574,-0.33077,1,2,0,0,0,,,,
2044b,38,16,1.363408835,0.969018362,0.789017855,1.075753915,0,1.11753042,3.44,1,2.55,0,0,1,0,6,1,-0.33077,0.170641,2,3,0,0,0,,,,
2044b,21,39,1.362820417,0.968600154,0.78815767,1.074117365,0,1.11816569,2.55,0,3.44,1,1,0,6,0,1,0.169343,-0.330273,3,2,0,0,0,,,,
2052-2,2,4,1.581442082,1.034975185,0.822083529,1.300235558,4,0.93272205,2.55,0,2.55,0,0,0,4,4,0,-0.204397,-0.154802,4,4,4,0.25,1,,,,
2052-2,0,2,1.535091786,1.004641221,0.803850075,1.233957662,0,0.83602782,2.55,0,2.55,0,0,0,0,4,0,0.291227,-0.204397,3,4,0,0,0,,,,
2052-2,4,6,1.531939587,1.002578264,0.868824543,1.331011554,0,0.84079689,2.55,0,2.55,0,0,0,4,0,0,-0.154802,0.273969,4,3,0,0,0,,,,
2052-2,10,1,1.432715542,1.01827686,0.859927224,1.232026262,0,0.90480461,2.55,0,3.44,1,0,0,0,0,1,0.191193,-0.301274,1,2,0,0,0,,,,
2052-2,9,11,1.431867079,1.01767383,0.862966292,1.235649662,0,0.90641973,3.44,1,2.55,0,0,0,0,0,1,-0.279375,0.194698,2,1,0,0,0,,,,
2052-2,1,0,1.337327173,0.950481288,0.679717352,0.908993888,0,1.21964542,3.44,1,2.55,0,0,0,0,0,1,-0.301274,0.291227,2,3,0,0,0,,,,
2052-2,6,9,1.327424347,0.943443033,0.68346605,0.907223703,0,1.25874027,2.55,0,3.44,1,0,0,0,0,1,0.273969,-0.279375,3,2,0,0,0,,,,
2053-2,2,4,1.56887787,1.026752533,0.706454504,1.108341538,4,0.9783506,2.55,0,2.55,0,0,0,4,4,0,0.039588,0.059951,4,4,4,0.25,1,,,,
2053-2,4,10,1.532484738,1.002935038,0.774547459,1.186987217,0,0.84654213,2.55,0,2.55,0,0,0,4,0,0,0.059951,0.206226,4,3,0,0,0,,,,
2053-2,0,2,1.531927647,1.002570449,0.870264326,1.333186908,0,0.8602087,2.55,0,2.55,0,0,0,0,4,0,0.210704,0.039588,3,4,0,0,0,,,,
2053-2,13,15,1.431318409,1.017283873,0.861161183,1.232588722,0,0.9117345,3.44,1,2.55,0,0,0,0,0,1,-0.282455,0.191986,2,1,0,0,0,,,,
2053-2,14,1,1.431292317,1.017265328,0.859379773,1.230019228,0,0.91233338,2.55,0,3.44,1,0,0,0,0,1,0.192076,-0.316314,1,2,0,0,0,,,,
2053-2,1,0,1.341791343,0.953654117,0.682414157,0.915646669,0,1.18727685,3.44,1,2.55,0,0,0,0,0,1,-0.316314,0.210704,2,3,0,0,0,,,,
2053-2,10,13,1.33018096,0.945402246,0.683354733,0.908984745,0,1.24472775,2.55,0,3.44,1,0,0,0,0,1,0.206226,-0.282455,3,2,0,0,0,,,,
2054-2,2,4,1.576678099,1.031857395,0.819990255,1.29261496,4,0.91533228,2.55,0,2.55,0,0,0,4,4,0,0.010577,0.044346,4,4,4,0.25,1,,,,
2054-2,4,6,1.526364302,0.998929517,0.818467599,1.24916347,0,0.83643535,2.55,0,2.55,0,0,0,4,0,0,0.044346,0.220337,4,3,0,0,0,,,,
2054-2,0,2,1.525572243,0.998411154,0.855661934,1.305370821,0,0.85739282,2.55,0,2.55,0,0,0,0,4,0,0.227115,0.010577,3,4,0,0,0,,,,
2054-2,9,11,1.433119274,1.018563805,0.862426968,1.235995976,0,0.90389677,3.44,1,2.55,0,0,0,0,0,1,-0.290834,0.192686,2,1,0,0,0,,,,
2054-2,10,1,1.432832121,1.018359716,0.861077524,1.233804082,0,0.90517057,2.55,0,3.44,1,0,0,0,0,1,0.191136,-0.306713,1,2,0,0,0,,,,
2054-2,1,0,1.336820822,0.950121409,0.682408142,0.912277058,0,1.21491232,3.44,1,2.55,0,0,0,0,0,1,-0.306713,0.227115,2,3,0,0,0,,,,
2054-2,6,9,1.330368639,0.945535636,0.68064747,0.9054694,0,1.24693185,2.55,0,3.44,1,0,0,0,0,1,0.220337,-0.290834,3,2,0,0,0,,,,
2057-2,4,7,1.584407235,1.03691573,0.984924996,1.560732578,4,0.98540577,2.55,0,2.55,0,0,0,4,4,0,0.156784,0.149135,3,3,12,0.25,1,,,,
2057-2,3,4,1.44938023,0.994770233,0.840723188,1.218486189,6,0.98424161,3.04,2,2.55,0,0,0,6,4,2,-0.311309,0.156784,3,3,12,0.25,0,,,,
2057-2,7,12,1.440119985,0.98841454,0.838968552,1.20812338,6,1.02212375,2.55,0,3.04,2,0,0,4,6,2,0.149135,-0.298333,3,3,12,0.25,0,,,,
2057-2,27,16,1.52922531,1.000801904,0.84328959,1.289622629,0,1.1266569,2.55,0,2.55,0,0,0,0,0,0,-0.007242,0.139308,1,2,0,0,0,,,,
2057-2,17,33,1.52862941,1.000411918,0.843024205,1.288720514,0,1.12262608,2.55,0,2.55,0,0,0,0,0,0,0.109306,0.015619,2,1,0,0,0,,,,
2057-2,16,3,1.470844622,1.009502143,0.823972995,1.211833354,0,0.94339789,2.55,0,3.04,2,0,0,0,6,2,0.139308,-0.311309,2,3,0,0,0,,,,
2057-2,12,17,1.467240487,1.007028474,0.820861538,1.204299944,0,0.94224703,3.04,2,2.55,0,0,0,6,0,2,-0.298333,0.109306,3,2,0,0,0,,,,
2057-3,4,7,1.5826401,1.035759227,0.979533003,1.550398664,4,0.99434298,2.55,0,2.55,0,0,0,4,4,0,0.131966,0.198893,3,3,12,0.25,1,,,,
2057-3,3,4,1.451398409,0.996155394,0.847928187,1.23072609,6,0.96922299,3.04,2,2.55,0,0,0,6,4,2,-0.326456,0.131966,3,3,12,0.25,0,,,,
2057-3,7,12,1.440064508,0.988376464,0.843252297,1.214282764,6,1.01437693,2.55,0,3.04,2,0,0,4,6,2,0.198893,-0.300658,3,3,12,0.25,0,,,,
2057-3,23,16,1.529912069,1.001251354,0.844077835,1.291373215,0,1.12471499,2.55,0,2.55,0,0,0,0,0,0,-0.009116,0.138793,1,2,0,0,0,,,,
2057-3,17,29,1.528530471,1.000347167,0.842874204,1.288363444,0,1.12344856,2.55,0,2.55,0,0,0,0,0,0,0.110655,0.017597,2,1,0,0,0,,,,
2057-3,16,3,1.472096108,1.01036109,0.83051692,1.222578077,0,0.94671492,2.55,0,3.04,2,0,0,0,6,2,0.138793,-0.326456,2,3,0,0,0,,,,
2057-3,12,17,1.467061582,1.006905685,0.821898413,1.205717565,0,0.94015767,3.04,2,2.55,0,0,0,6,0,2,-0.300658,0.110655,3,2,0,0,0,,,,
2058-2,4,7,1.585261269,1.037474652,0.980181359,1.55375498,4,0.98505929,2.55,0,2.55,0,0,0,4,4,0,0.115829,0.145267,3,3,12,0.25,1,,,,
2058-2,3,4,1.450980244,0.99586839,0.845874649,1.22736751,6,0.97414635,3.04,2,2.55,0,0,0,6,4,2,-0.323943,0.115829,3,3,12,0.25,0,,,,
2058-2,7,12,1.439158795,0.987754835,0.841911754,1.211661912,6,1.01823657,2.55,0,3.04,2,0,0,4,6,2,0.145267,-0.300523,3,3,12,0.25,0,,,,
2058-2,24,16,1.529523108,1.000996799,0.84374898,1.290542757,0,1.12525597,2.55,0,2.55,0,0,0,0,0,0,-0.008489,0.137812,1,2,0,0,0,,,,
2058-2,17,30,1.528522222,1.000341768,0.843009887,1.288573102,0,1.12334896,2.55,0,2.55,0,0,0,0,0,0,0.108164,0.018289,2,1,0,0,0,,,,
2058-2,16,3,1.472353422,1.010537695,0.830852698,1.223362023,0,0.94538026,2.55,0,3.04,2,0,0,0,6,2,0.137812,-0.323943,2,3,0,0,0,,,,
2058-2,12,17,1.467206024,1.007004821,0.826778425,1.213108937,0,0.94065587,3.04,2,2.55,0,0,0,6,0,2,-0.300523,0.108164,3,2,0,0,0,,,,
2069-2,15,0,1.575162467,1.030865489,0.851033524,1.340432959,4,1.00830723,2.55,0,2.55,0,0,0,4,4,0,-0.049435,-0.049862,3,3,4,0.25,1,,,,
2069-2,18,15,1.507131762,0.986342776,0.96479269,1.45405711,0,1.01199496,2.55,0,2.55,0,1,0,6,4,0,0.124388,-0.049435,3,3,0,0,0,,,,
2069-2,0,2,1.506874084,0.986174139,0.964718098,1.45369696,0,1.0121348,2.55,0,2.55,0,0,1,4,6,0,-0.049862,0.126194,3,3,0,0,0,,,,
2069-2,27,19,1.49227944,0.97662267,0.962801611,1.436779626,0,0.94074033,2.55,0,2.55,0,0,1,0,6,0,0.215598,-0.033683,3,3,0,0,0,,,,
2069-2,5,26,1.492273972,0.976619092,0.962509394,1.436335213,0,0.94049667,2.55,0,2.55,0,1,0,6,0,0,-0.03339,0.21586,3,3,0,0,0,,,,
2069-2,37,38,1.42609344,1.01357032,0.858035672,1.223634521,0,0.92399919,3.44,1,2.55,0,0,0,0,0,1,-0.310757,0.196426,2,1,0,0,0,,,,
2069-2,33,32,1.426044092,1.013535247,0.857849061,1.223330621,0,0.9241703,2.55,0,3.44,1,0,0,0,0,1,0.196422,-0.311428,1,2,0,0,0,,,,
2069-2,32,27,1.349330604,0.959012511,0.692551891,0.934476512,0,1.20259864,3.44,1,2.55,0,0,0,0,0,1,-0.311428,0.215598,2,3,0,0,0,,,,
2069-2,26,37,1.34888413,0.958695188,0.692571264,0.93419181,0,1.203858,2.55,0,3.44,1,0,0,0,0,1,0.21586,-0.310757,3,2,0,0,0,,,,
2070-2,15,0,1.570704499,1.02794797,0.814368554,1.279132351,4,1.05141339,2.55,0,2.55,0,0,0,4,4,0,0.047812,0.052435,3,3,4,0.25,1,,,,
2070-2,0,2,1.507879302,0.986832004,0.964609615,1.454514872,0,1.00012115,2.55,0,2.55,0,0,1,4,6,0,0.052435,0.115215,3,3,0,0,0,,,,
2070-2,18,15,1.506605124,0.985998118,0.964922353,1.453756962,0,1.0067538,2.55,0,2.55,0,1,0,6,4,0,0.097774,0.047812,3,3,0,0,0,,,,
2070-2,27,19,1.493182794,0.97721387,0.962775613,1.43759998,0,0.93824778,2.55,0,2.55,0,0,1,0,6,0,0.216254,-0.032156,3,3,0,0,0,,,,
2070-2,5,26,1.492613277,0.97684115,0.962775509,1.437051508,0,0.94036187,2.55,0,2.55,0,1,0,6,0,0,-0.030927,0.215918,3,3,0,0,0,,,,
2070-2,29,28,1.426362536,1.013761575,0.858123511,1.223995227,0,0.92286705,2.55,0,3.44,1,0,0,0,0,1,0.195753,-0.309851,1,2,0,0,0,,,,
2070-2,33,34,1.425836369,1.013387612,0.857866762,1.22317763,0,0.92467343,3.44,1,2.55,0,0,0,0,0,1,-0.311061,0.19633,2,1,0,0,0,,,,
2070-2,26,33,1.349296262,0.958988104,0.692436388,0.934301829,0,1.20266212,2.55,0,3.44,1,0,0,0,0,1,0.215918,-0.311061,3,2,0,0,0,,,,
2070-2,28,27,1.348108973,0.958144259,0.692311644,0.933311539,0,1.20635753,3.44,1,2.55,0,0,0,0,0,1,-0.309851,0.216254,2,3,0,0,0,,,,
2071-2,15,0,1.562379974,1.022499983,0.842603408,1.316466691,4,1.05166374,2.55,0,2.55,0,0,0,4,4,0,-0.086131,0.118228,3,3,4,0.25,1,,,,
2071-2,18,15,1.508612956,0.987312144,0.965488633,1.456548661,0,0.99897492,2.55,0,2.55,0,1,0,6,4,0,0.109356,-0.086131,3,3,0,0,0,,,,
2071-2,0,2,1.508532699,0.98725962,0.964272246,1.454636215,0,0.99487733,2.55,0,2.55,0,0,1,4,6,0,0.118228,0.059455,3,3,0,0,0,,,,
2071-2,27,19,1.492735872,0.976921382,0.962918512,1.437383005,0,0.93960409,2.55,0,2.55,0,0,1,0,6,0,0.216046,-0.031396,3,3,0,0,0,,,,
2071-2,5,26,1.491780643,0.976296233,0.96271132,1.436154112,0,0.94145971,2.55,0,2.55,0,1,0,6,0,0,-0.032239,0.215642,3,3,0,0,0,,,,
2071-2,29,28,1.426079658,1.013560524,0.858146073,1.223784658,0,0.92367684,2.55,0,3.44,1,0,0,0,0,1,0.196385,-0.310269,1,2,0,0,0,,,,
2071-2,33,34,1.425776332,1.013344941,0.85771747,1.222913269,0,0.92520502,3.44,1,2.55,0,0,0,0,0,1,-0.311578,0.196757,2,1,0,0,0,,,,
2071-2,26,33,1.349608245,0.95920984,0.692472286,0.934566307,0,1.20142178,2.55,0,3.44,1,0,0,0,0,1,0.215642,-0.311578,3,2,0,0,0,,,,
2071-2,28,27,1.348621058,0.958508214,0.692382314,0.933761369,0,1.20480638,3.44,1,2.55,0,0,0,0,0,1,-0.310269,0.216046,2,3,0,0,0,,,,
2079-,5,68,1.580886788,1.034611772,0.704664476,1.113994759,6,0.96559642,2.55,0,2.55,0,0,0,6,6,0,-0.225214,0.034416,4,3,30,0.433333333,0,,,,
2079-,38,41,1.578905119,1.033314869,0.741528493,1.170803134,5,0.98583957,2.55,0,2.55,0,0,0,5,5,0,-0.295901,-0.029322,4,3,30,0.433333333,0,,,,
2079-,80,95,1.569028743,1.026851271,0.622312943,0.976426895,5,0.98066497,2.55,0,2.55,0,0,0,5,5,0,-0.250439,-0.053687,4,3,30,0.433333333,0,,,,
2079-,43,38,1.562967567,1.022884534,0.679503223,1.062041499,5,1.01017048,2.55,0,2.55,0,0,0,5,5,0,-0.035727,-0.295901,3,4,30,0.433333333,0,,,,
2079-,3,0,1.556104433,1.018392953,0.780003604,1.213767065,4,1.11073535,2.55,0,2.55,0,0,0,4,4,0,0.036719,0.045706,3,3,30,0.433333333,0,,,,
2079-,4,5,1.551350495,1.015281738,0.860592104,1.335079987,6,1.04692205,2.55,0,2.55,0,0,0,6,6,0,0.230488,-0.225214,2,4,30,0.433333333,0,,,,
2079-,41,14,1.550810963,1.014928641,0.686282816,1.064294915,6,1.05001692,2.55,0,2.55,0,0,0,5,6,0,-0.029322,-0.027483,3,3,30,0.433333333,0,,,,
2079-,14,15,1.548783822,1.013601978,0.700533071,1.084974287,6,1.06470302,2.55,0,2.55,0,0,0,6,6,0,-0.027483,0.198371,3,2,30,0.433333333,0,,,,
2079-,0,4,1.531345398,1.002189397,0.745075054,1.140967255,6,1.03833368,2.55,0,2.55,0,0,0,4,6,0,0.045706,0.230488,3,2,30,0.433333333,0,,,,
2079-,15,3,1.52790864,0.999940209,0.889273031,1.358727946,6,1.07195164,2.55,0,2.55,0,0,0,6,4,0,0.198371,0.036719,2,3,30,0.433333333,0,,,,
2079-,53,43,1.545524289,1.011468775,0.848162312,1.310855453,0,1.06157797,2.55,0,2.55,0,0,0,0,5,0,0.068658,-0.035727,2,3,0,0,0,,,,
2079-,95,98,1.541166347,1.008616719,0.8924164,1.375362124,0,1.07467902,2.55,0,2.55,0,0,0,5,0,0,-0.053687,0.036424,3,2,0,0,0,,,,
2079-,58,53,1.53417403,1.004040595,0.856200517,1.313560597,0,1.11394859,2.55,0,2.55,0,0,0,0,0,0,-6.20E-05,0.068658,1,2,0,0,0,,,,
2079-,98,100,1.532087561,1.002675106,0.854976479,1.309898829,0,1.11673607,2.55,0,2.55,0,0,0,0,0,0,0.036424,0.019868,2,1,0,0,0,,,,
2094-,3,2,1.563597939,1.02329708,0.732216909,1.14489285,4,1.01422576,2.55,0,2.55,0,0,0,4,4,0,-0.058255,-0.059556,3,3,11,0.272727273,0,,,,
2094-,34,37,1.430534888,1.016726999,0.700701848,1.00237844,5,0.98047017,3.44,1,2.55,0,0,0,5,5,1,-0.398016,0.083665,2,3,5,0.4,0,,,,
2094-,32,34,1.422252646,1.010840544,0.688853515,0.979723734,5,1.00972738,2.55,0,3.44,1,0,0,5,5,1,0.394398,-0.398016,3,2,5,0.4,0,,,,
2094-,6,4,1.539115593,1.007274603,0.706047837,1.086689235,7,1.03654341,2.55,0,2.55,0,0,0,7,7,0,-0.068249,0.144792,3,2,11,0.272727273,0,,,,
2094-,4,3,1.535296316,1.004775076,0.707571464,1.086331862,7,1.03607774,2.55,0,2.55,0,0,0,7,4,0,0.144792,-0.058255,2,3,11,0.272727273,0,,,,
2094-,25,6,1.53351586,1.003609856,0.717695675,1.100597701,0,0.9163974,2.55,0,2.55,0,0,0,0,7,0,0.000881,-0.068249,3,3,0,0,0,,,,
2094-,41,43,1.528661527,1.000432936,0.836709731,1.279045975,0,1.10845061,2.55,0,2.55,0,0,0,0,0,0,0.024859,0.017433,2,1,0,0,0,,,,
2094-,37,41,1.524273149,0.997560961,0.884367336,1.348017384,0,1.05353272,2.55,0,2.55,0,0,0,5,0,0,0.083665,0.024859,3,2,0,0,0,,,,
2094-,27,25,1.519084546,0.994165279,0.850894114,1.292580098,0,1.04716821,2.55,0,2.55,0,0,0,0,0,0,0.065344,0.000881,1,3,0,0,0,,,,
2094-,2,32,1.513580441,0.990563116,0.86844455,1.314460685,0,0.9940746,2.55,0,2.55,0,0,0,4,5,0,-0.059556,0.394398,3,3,0,0,0,,,,
2098-2,1,3,1.549182469,1.013862873,0.983996732,1.524390487,4,1.09518408,2.55,0,2.55,0,0,0,4,4,0,0.086676,0.153438,3,3,4,0.25,1,,,,
2098-2,18,19,1.514563992,0.991206801,0.819856502,1.241725136,0,1.10599595,2.55,0,2.55,0,0,0,0,0,0,0.185534,-0.000486,2,1,0,0,0,,,,
2098-2,9,8,1.514309026,0.991039939,0.819015602,1.240242719,0,1.10739515,2.55,0,2.55,0,0,0,0,0,0,0.000819,0.175245,1,2,0,0,0,,,,
2098-2,4,1,1.512579422,0.989907998,0.726497068,1.098884514,0,0.9081612,2.55,0,2.55,0,0,0,0,4,0,0.216509,0.086676,3,3,0,0,0,,,,
2098-2,3,15,1.511595355,0.989263976,0.943446689,1.426109632,0,0.91803254,2.55,0,2.55,0,0,0,4,0,0,0.153438,0.180513,3,3,0,0,0,,,,
2098-2,8,6,1.441692638,1.02465717,0.692653992,0.998594161,0,0.88420585,2.55,0,3.44,1,0,0,0,0,1,0.175245,-0.297442,2,2,0,0,0,,,,
2098-2,17,18,1.439545041,1.023130804,0.69003054,0.993330041,0,0.88839026,3.44,1,2.55,0,0,0,0,0,1,-0.324941,0.185534,2,2,0,0,0,,,,
2098-2,15,17,1.344203959,0.955368841,0.681746171,0.916405902,0,1.17402876,2.55,0,3.44,1,0,0,0,0,1,0.180513,-0.324941,3,2,0,0,0,,,,
2098-2,6,4,1.337158629,0.950361499,0.685183038,0.916198411,0,1.21943394,3.44,1,2.55,0,0,0,0,0,1,-0.297442,0.216509,2,3,0,0,0,,,,
2099-2,1,3,1.557105492,1.019048097,0.992445507,1.545342349,4,1.08639945,2.55,0,2.55,0,0,0,4,4,0,0.099859,0.089308,3,3,4,0.25,1,,,,
2099-2,4,1,1.51633285,0.992364431,0.783684,1.188325793,0,0.90279007,2.55,0,2.55,0,0,0,0,4,0,0.232345,0.099859,3,3,0,0,0,,,,
2099-2,3,9,1.509572776,0.987940298,0.730127204,1.102180149,0,0.92250452,2.55,0,2.55,0,0,0,4,0,0,0.089308,0.187633,3,3,0,0,0,,,,
2099-2,11,12,1.429741534,1.016163137,0.861175523,1.231258413,0,0.9163324,3.44,1,2.55,0,0,0,0,0,1,-0.304341,0.196727,2,1,0,0,0,,,,
2099-2,8,6,1.428595575,1.015348668,0.860143316,1.228796935,0,0.91850418,2.55,0,3.44,1,0,0,0,0,1,0.194368,-0.293907,1,2,0,0,0,,,,
2099-2,9,11,1.340895422,0.953017357,0.682383553,0.915004982,0,1.20334684,2.55,0,3.44,1,0,0,0,0,1,0.187633,-0.304341,3,2,0,0,0,,,,
2099-2,6,4,1.3386784,0.951441649,0.677497261,0.906950949,0,1.21391682,3.44,1,2.55,0,0,0,0,0,1,-0.293907,0.232345,2,3,0,0,0,,,,
2135-2,4,3,1.58583149,1.037847834,0.656103032,1.040429228,5,1.00058358,2.55,0,2.55,0,0,0,5,5,0,-0.124531,0.13305,4,3,10,0.4,0,,,,
2135-2,3,0,1.544952161,1.011094346,0.677440138,1.046643252,5,0.96318467,2.55,0,2.55,0,0,0,5,5,0,0.13305,-0.257338,3,4,10,0.4,0,,,,
2135-2,0,6,1.538883491,1.007122704,0.656346935,1.01004565,5,1.0067866,2.55,0,2.55,0,0,0,5,5,0,-0.257338,0.098009,4,3,10,0.4,0,,,,
2135-2,6,34,1.464425504,1.005096434,0.670948431,0.982556531,5,0.98399115,2.55,0,3.04,2,0,0,5,5,2,0.098009,-0.370402,3,3,10,0.4,0,,,,
2135-2,40,41,1.533428819,1.003552892,0.695289501,1.066172768,0,1.04708325,2.55,0,2.55,0,0,0,0,0,0,0.155688,0.19127,2,2,0,0,0,,,,
2135-2,12,4,1.51760262,0.993195432,0.688519129,1.044927361,0,1.05939962,2.55,0,2.55,0,0,0,0,5,0,0.327978,-0.124531,2,4,0,0,0,,,,
2135-2,47,48,1.509633656,0.987980141,0.845464932,1.276348732,0,1.04292785,2.55,0,2.55,0,0,0,0,0,0,0.117675,0.050922,3,1,0,0,0,,,,
2135-2,29,28,1.509288508,0.987754259,0.84281008,1.272046498,0,1.03716312,2.55,0,2.55,0,0,0,0,0,0,0.05083,0.127077,1,3,0,0,0,,,,
2135-2,34,40,1.449541829,0.994881145,0.906279564,1.313680988,0,1.04388483,3.04,2,2.55,0,0,0,5,0,2,-0.370402,0.155688,3,2,0,0,0,,,,
2135-2,25,12,1.436779655,1.021165356,0.743212876,1.067822589,0,0.92483097,3.44,1,2.55,0,0,0,0,0,1,-0.326896,0.327978,2,2,0,0,0,,,,
2135-2,41,44,1.433410534,1.018770813,0.68108542,0.976298781,0,0.9102161,2.55,0,3.44,1,0,0,0,0,1,0.19127,-0.32428,2,2,0,0,0,,,,
2135-2,28,25,1.352996717,0.961618136,0.694534121,0.939732064,0,1.12563512,2.55,0,3.44,1,0,0,0,0,1,0.127077,-0.326896,3,2,0,0,0,,,,
2135-2,44,47,1.351391383,0.960477173,0.687131392,0.92857593,0,1.13388121,3.44,1,2.55,0,0,0,0,0,1,-0.32428,0.117675,2,3,0,0,0,,,,
2135-3,0,1,1.621245769,1.061024718,0.953899324,1.546469605,5,0.94260982,2.55,0,2.55,0,0,0,5,5,0,-0.198514,-0.087573,4,4,10,0.3,1,,,,
2135-3,6,0,1.547120014,1.012513098,0.836846802,1.294709056,5,1.01368707,2.55,0,2.55,0,0,0,5,5,0,0.068236,-0.198514,3,4,10,0.3,0,,,,
2135-3,24,6,1.463876878,1.004719889,0.674607647,0.987553341,5,0.94965832,3.04,2,2.55,0,0,0,5,5,2,-0.380425,0.068236,3,3,10,0.3,0,,,,
2135-3,31,30,1.532727581,1.003093967,0.694495595,1.064477781,0,1.04662979,2.55,0,2.55,0,0,0,0,0,0,0.190457,0.160337,2,2,0,0,0,,,,
2135-3,1,48,1.519619287,0.99451524,0.694485308,1.055335783,0,1.04967591,2.55,0,2.55,0,0,0,5,0,0,-0.087573,0.364895,4,2,0,0,0,,,,
2135-3,49,47,1.509882463,0.988142973,0.845306084,1.276310942,0,1.04441698,2.55,0,2.55,0,0,0,0,0,0,0.121111,0.055079,3,1,0,0,0,,,,
2135-3,38,37,1.509466097,0.987870482,0.845156344,1.27573723,0,1.04294446,2.55,0,2.55,0,0,0,0,0,0,0.05048,0.117912,1,3,0,0,0,,,,
2135-3,30,24,1.449519111,0.994865553,0.907062926,1.314798626,0,1.03695034,2.55,0,3.04,2,0,0,0,5,2,0.160337,-0.380425,2,3,0,0,0,,,,
2135-3,48,46,1.44009408,1.023521024,0.692008132,0.996527879,0,0.90133702,2.55,0,3.44,1,0,0,0,0,1,0.364895,-0.324719,2,2,0,0,0,,,,
2135-3,34,31,1.433010092,1.018486206,0.681203992,0.976173051,0,0.91106615,3.44,1,2.55,0,0,0,0,0,1,-0.323257,0.190457,2,2,0,0,0,,,,
2135-3,37,34,1.35117406,0.960322715,0.686997679,0.928248923,0,1.13454889,2.55,0,3.44,1,0,0,0,0,1,0.117912,-0.323257,3,2,0,0,0,,,,
2135-3,46,49,1.350427952,0.959792432,0.685751624,0.926051361,0,1.13224179,3.44,1,2.55,0,0,0,0,0,1,-0.324719,0.121111,2,3,0,0,0,,,,
2135-4,0,1,1.628901033,1.066034708,0.889075813,1.448221033,5,0.93309119,2.55,0,2.55,0,0,0,5,5,0,-0.215151,-0.07072,4,4,10,0.3,1,,,,
2135-4,6,0,1.542074249,1.009210896,0.857232135,1.321894129,5,1.00584539,2.55,0,2.55,0,0,0,5,5,0,0.098654,-0.215151,3,4,10,0.3,0,,,,
2135-4,24,6,1.46442523,1.005096246,0.675401222,0.989067843,5,0.96666563,3.04,2,2.55,0,0,0,5,5,2,-0.374585,0.098654,3,3,10,0.3,0,,,,
2135-4,31,30,1.53282761,1.003159431,0.695053857,1.06541091,0,1.04675574,2.55,0,2.55,0,0,0,0,0,0,0.191407,0.158303,2,2,0,0,0,,,,
2135-4,1,50,1.524269399,0.997558507,0.701848716,1.069805365,0,1.07502712,2.55,0,2.55,0,0,0,5,0,0,-0.07072,0.332377,4,2,0,0,0,,,,
2135-4,38,37,1.509653119,0.987992879,0.845210374,1.275969894,0,1.04298084,2.55,0,2.55,0,0,0,0,0,0,0.050779,0.117502,1,3,0,0,0,,,,
2135-4,49,45,1.509055322,0.98760165,0.843648144,1.273115539,0,1.03838055,2.55,0,2.55,0,0,0,0,0,0,0.128611,0.053768,3,1,0,0,0,,,,
2135-4,30,24,1.449824642,0.995075252,0.905480018,1.312790247,0,1.03707563,2.55,0,3.04,2,0,0,0,5,2,0.158303,-0.374585,2,3,0,0,0,,,,
2135-4,50,48,1.43878008,1.022587122,0.797807328,1.147857905,0,0.90912893,2.55,0,3.44,1,0,0,0,0,1,0.332377,-0.321903,2,2,0,0,0,,,,
2135-4,34,31,1.433376255,1.01874645,0.680223845,0.975016881,0,0.9108613,3.44,1,2.55,0,0,0,0,0,1,-0.323393,0.191407,2,2,0,0,0,,,,
2135-4,48,49,1.351103966,0.960272897,0.692130238,0.935144583,0,1.13826697,3.44,1,2.55,0,0,0,0,0,1,-0.321903,0.128611,2,3,0,0,0,,,,
2135-4,37,34,1.351006452,0.960203591,0.686988477,0.928127456,0,1.13479,2.55,0,3.44,1,0,0,0,0,1,0.117502,-0.323393,3,2,0,0,0,,,,
2136-2,0,1,1.632411936,1.068332419,0.883676436,1.442523961,5,0.90854598,2.55,0,2.55,0,0,0,5,5,0,-0.242293,0.036912,4,4,10,0.3,1,,,,
2136-2,6,0,1.538871007,1.007114533,0.858662466,1.321370774,5,0.99951183,2.55,0,2.55,0,0,0,5,5,0,0.101266,-0.242293,3,4,10,0.3,0,,,,
2136-2,20,6,1.464342502,1.005039466,0.673559215,0.986321386,5,0.97269945,3.04,2,2.55,0,0,0,5,5,2,-0.372958,0.101266,3,3,10,0.3,0,,,,
2136-2,27,26,1.532634032,1.003032744,0.694968642,1.065132593,0,1.04611855,2.55,0,2.55,0,0,0,0,0,0,0.191082,0.157696,2,2,0,0,0,,,,
2136-2,1,43,1.518416157,0.993727851,0.707312906,1.073995345,0,1.06790458,2.55,0,2.55,0,0,0,5,0,0,0.036912,0.343669,4,2,0,0,0,,,,
2136-2,34,33,1.509372234,0.987809054,0.845360187,1.275963195,0,1.04347554,2.55,0,2.55,0,0,0,0,0,0,0.051078,0.117417,1,3,0,0,0,,,,
2136-2,41,44,1.50852829,0.987256734,0.843798726,1.272894249,0,1.04004869,2.55,0,2.55,0,0,0,0,0,0,0.127697,0.055277,3,1,0,0,0,,,,
2136-2,26,20,1.449991637,0.995189868,0.9049565,1.312179357,0,1.03725378,2.55,0,3.04,2,0,0,0,5,2,0.157696,-0.372958,2,3,0,0,0,,,,
2136-2,43,46,1.43326039,1.018664101,0.799835114,1.146371988,0,0.92993754,2.55,0,3.44,1,0,0,0,0,1,0.343669,-0.309558,2,2,0,0,0,,,,
2136-2,30,27,1.432876556,1.018391298,0.67952495,0.97367537,0,0.9119503,3.44,1,2.55,0,0,0,0,0,1,-0.323498,0.191082,2,2,0,0,0,,,,
2136-2,33,30,1.351498587,0.960553366,0.687048974,0.928545718,0,1.13329131,2.55,0,3.44,1,0,0,0,0,1,0.117417,-0.323498,3,2,0,0,0,,,,
2136-2,46,41,1.349246729,0.958952899,0.691774532,0.933374524,0,1.14948512,3.44,1,2.55,0,0,0,0,0,1,-0.309558,0.127697,2,3,0,0,0,,,,
2137-2,0,1,1.626972313,1.064772456,0.893958043,1.454444985,5,0.93512158,2.55,0,2.55,0,0,0,5,5,0,-0.239318,-0.228974,4,4,10,0.3,1,,,,
2137-2,6,0,1.543590237,1.010203035,0.856618143,1.322267403,5,1.00711007,2.55,0,2.55,0,0,0,5,5,0,0.095061,-0.239318,3,4,10,0.3,0,,,,
2137-2,20,6,1.463554753,1.004498801,0.675256547,0.988274928,5,0.96593497,3.04,2,2.55,0,0,0,5,5,2,-0.373618,0.095061,3,3,10,0.3,0,,,,
2137-2,27,26,1.532630383,1.003030355,0.695079304,1.06529966,0,1.0457941,2.55,0,2.55,0,0,0,0,0,0,0.190917,0.157805,2,2,0,0,0,,,,
2137-2,1,44,1.525831424,0.998580775,0.701155417,1.069844968,0,1.06766115,2.55,0,2.55,0,0,0,5,0,0,-0.228974,0.353074,4,2,0,0,0,,,,
2137-2,43,46,1.509574412,0.987941369,0.843965903,1.274029332,0,1.03785407,2.55,0,2.55,0,0,0,0,0,0,0.129888,0.052432,3,1,0,0,0,,,,
2137-2,34,33,1.50938546,0.98781771,0.845297592,1.275879895,0,1.04336739,2.55,0,2.55,0,0,0,0,0,0,0.051004,0.117664,1,3,0,0,0,,,,
2137-2,26,20,1.450081788,0.995251742,0.905102195,1.31247221,0,1.03777705,2.55,0,3.04,2,0,0,0,5,2,0.157805,-0.373618,2,3,0,0,0,,,,
2137-2,44,48,1.440043105,1.023484794,0.787662512,1.13426797,0,0.9106752,2.55,0,3.44,1,0,0,0,0,1,0.353074,-0.323068,2,2,0,0,0,,,,
2137-2,30,27,1.433150729,1.018586161,0.67934645,0.973605861,0,0.91146736,3.44,1,2.55,0,0,0,0,0,1,-0.323646,0.190917,2,2,0,0,0,,,,
2137-2,33,30,1.351375537,0.960465911,0.686938357,0.928311692,0,1.13387705,2.55,0,3.44,1,0,0,0,0,1,0.117664,-0.323646,3,2,0,0,0,,,,
2137-2,48,43,1.350109876,0.959566365,0.69222499,0.934579795,0,1.1435177,3.44,1,2.55,0,0,0,0,0,1,-0.323068,0.129888,2,3,0,0,0,,,,
2170-2,8,1,1.624612895,1.063228334,0.915059698,1.486617785,6,1.00367119,2.55,0,2.55,0,0,0,6,6,0,0.122632,0.047411,4,3,10,0.3,1,,,,
2170-2,1,26,1.510353864,0.988451482,0.752973232,1.137256031,6,0.94646621,2.55,0,2.55,0,0,0,6,6,0,0.047411,-0.091064,3,2,10,0.3,0,,,,
2170-2,26,29,1.345454185,0.880532844,0.779380614,1.048620908,6,1.74450454,2.55,0,2.55,0,0,0,6,6,0,-0.091064,0.200495,2,3,10,0.3,0,,,,
2170-2,11,14,1.518188906,0.993579127,0.646812533,0.981983611,0,1.06693051,2.55,0,2.55,0,0,0,0,0,0,0.224924,0.215712,2,2,0,0,0,,,,
2170-2,40,13,1.510425486,0.988498355,0.845089005,1.276443971,0,1.0424211,2.55,0,2.55,0,0,0,0,0,0,0.049964,0.120597,1,3,0,0,0,,,,
2170-2,47,48,1.508554951,0.987274183,0.836907938,1.262521614,0,1.0410968,2.55,0,2.55,0,0,0,0,0,0,0.147146,0.042459,3,1,0,0,0,,,,
2170-2,12,11,1.432947231,1.018441529,0.680848731,0.975620304,0,0.89926077,3.44,1,2.55,0,0,0,0,0,1,-0.332008,0.224924,2,2,0,0,0,,,,
2170-2,14,10,1.417733934,1.007628951,0.697147382,0.988369501,0,0.92528104,2.55,0,3.44,1,0,0,0,0,1,0.215712,-0.345813,2,2,0,0,0,,,,
2170-2,10,8,1.387511017,0.986148555,0.919763702,1.27618227,0,1.14248428,3.44,1,2.55,0,0,0,0,6,1,-0.345813,0.122632,2,4,0,0,0,,,,
2170-2,29,49,1.387019735,0.985799386,0.998037146,1.384297218,0,0.9967167,2.55,0,3.44,1,0,0,6,0,1,0.200495,-0.277181,3,2,0,0,0,,,,
2170-2,49,47,1.364737217,0.969962486,0.724784585,0.989140497,0,1.07049258,3.44,1,2.55,0,0,0,0,0,1,-0.277181,0.147146,2,3,0,0,0,,,,
2170-2,13,12,1.350014986,0.959498924,0.686344088,0.926574805,0,1.13881219,2.55,0,3.44,1,0,0,0,0,1,0.120597,-0.332008,3,2,0,0,0,,,,
2171-2,8,1,1.560172619,1.021055379,0.999192215,1.558769549,6,0.89913313,2.55,0,2.55,0,0,0,6,6,0,0.26645,0.040525,4,3,10,0.3,1,,,,
2171-2,26,29,1.405659909,0.919934495,0.770293222,1.082777803,6,1.30615778,2.55,0,2.55,0,0,0,6,6,0,-0.121687,0.236563,2,3,10,0.3,0,,,,
2171-2,1,26,1.393607014,0.912046475,0.761207866,1.060842938,6,1.38215577,2.55,0,2.55,0,0,0,6,6,0,0.040525,-0.121687,3,2,10,0.3,0,,,,
2171-2,11,14,1.518875953,0.994028765,0.646374815,0.981759601,0,1.06788266,2.55,0,2.55,0,0,0,0,0,0,0.218962,0.224878,2,2,0,0,0,,,,
2171-2,38,13,1.510723392,0.988693319,0.845320072,1.277043402,0,1.04101809,2.55,0,2.55,0,0,0,0,0,0,0.048835,0.120124,1,3,0,0,0,,,,
2171-2,69,65,1.508326109,0.987124417,0.836889412,1.26228618,0,1.04094247,2.55,0,2.55,0,0,0,0,0,0,0.144312,0.044331,3,1,0,0,0,,,,
2171-2,12,11,1.433472573,1.018814906,0.681033646,0.976283504,0,0.89718054,3.44,1,2.55,0,0,0,0,0,1,-0.330255,0.218962,2,2,0,0,0,,,,
2171-2,14,10,1.42340485,1.011659453,0.717338221,1.021012918,0,0.91597015,2.55,0,3.44,1,0,0,0,0,1,0.224878,-0.35856,2,2,0,0,0,,,,
2171-2,29,67,1.386828792,0.985663676,0.998354232,1.384602634,0,0.99698959,2.55,0,3.44,1,0,0,6,0,1,0.236563,-0.272052,3,2,0,0,0,,,,
2171-2,10,8,1.383277366,0.983139564,0.890253432,1.231479521,0,1.14007626,3.44,1,2.55,0,0,0,0,6,1,-0.35856,0.26645,2,4,0,0,0,,,,
2171-2,67,69,1.362021159,0.968032096,0.727470661,0.990844112,0,1.07809994,3.44,1,2.55,0,0,0,0,0,1,-0.272052,0.144312,2,3,0,0,0,,,,
2171-2,13,12,1.349060678,0.958820667,0.685870405,0.92529994,0,1.14212816,2.55,0,3.44,1,0,0,0,0,1,0.120124,-0.330255,3,2,0,0,0,,,,
2171-3,8,1,1.624089835,1.062886017,0.919228376,1.492909461,6,0.99516297,2.55,0,2.55,0,0,0,6,6,0,0.140013,0.041414,4,3,10,0.3,1,,,,
2171-3,1,26,1.50918995,0.987689758,0.75573894,1.140553613,6,0.95834115,2.55,0,2.55,0,0,0,6,6,0,0.041414,-0.07204,3,2,10,0.3,0,,,,
2171-3,26,29,1.344410954,0.879850101,0.777728308,1.045586457,6,1.74976671,2.55,0,2.55,0,0,0,6,6,0,-0.07204,0.197312,2,3,10,0.3,0,,,,
2171-3,11,14,1.517954139,0.993425484,0.646555727,0.981441942,0,1.0674687,2.55,0,2.55,0,0,0,0,0,0,0.219381,0.222082,2,2,0,0,0,,,,
2171-3,38,13,1.510392891,0.988477023,0.84525756,1.27667101,0,1.04264743,2.55,0,2.55,0,0,0,0,0,0,0.05014,0.120791,1,3,0,0,0,,,,
2171-3,65,69,1.508409806,0.987179193,0.836593932,1.261926492,0,1.04045088,2.55,0,2.55,0,0,0,0,0,0,0.149612,0.042261,3,1,0,0,0,,,,
2171-3,12,11,1.432368,1.018029851,0.68188244,0.976706587,0,0.90068607,3.44,1,2.55,0,0,0,0,0,1,-0.330331,0.219381,2,2,0,0,0,,,,
2171-3,14,10,1.417597611,1.007532062,0.696539955,0.987413376,0,0.92265721,2.55,0,3.44,1,0,0,0,0,1,0.222082,-0.354419,2,2,0,0,0,,,,
2171-3,10,8,1.387346965,0.986031958,0.927276759,1.286454598,0,1.1322909,3.44,1,2.55,0,0,0,0,6,1,-0.354419,0.140013,2,4,0,0,0,,,,
2171-3,29,68,1.386755488,0.985611576,0.993361129,1.377548997,0,0.99170834,2.55,0,3.44,1,0,0,6,0,1,0.197312,-0.279568,3,2,0,0,0,,,,
2171-3,68,65,1.365713334,0.970656243,0.722634626,0.986911744,0,1.06960716,3.44,1,2.55,0,0,0,0,0,1,-0.279568,0.149612,2,3,0,0,0,,,,
2171-3,13,12,1.349629677,0.959225072,0.685770447,0.925536147,0,1.13961962,2.55,0,3.44,1,0,0,0,0,1,0.120791,-0.330331,3,2,0,0,0,,,,
2175-2,8,5,1.570746619,1.027975536,0.836240442,1.313659854,6,1.05651439,2.55,0,2.55,0,0,0,6,6,0,-0.309596,0.098177,4,3,6,0.333333333,0,,,,
2175-2,5,14,1.519888776,0.994691607,0.744508444,1.131626597,6,1.01054222,2.55,0,2.55,0,0,0,6,6,0,0.098177,0.015284,3,3,6,0.333333333,0,,,,
2175-2,17,8,1.550766604,1.01489961,0.709142698,1.099682089,0,0.83629174,2.55,0,2.55,0,0,0,0,6,0,0.015335,-0.309596,3,4,0,0,0,,,,
2175-2,34,17,1.523287945,0.996916194,0.857773437,1.306649131,0,1.04505784,2.55,0,2.55,0,0,0,0,0,0,0.072376,0.015335,1,3,0,0,0,,,,
2175-2,40,41,1.518724259,0.993929489,0.859251865,1.304929717,0,1.05112465,2.55,0,2.55,0,0,0,0,0,0,0.020203,0.043081,3,1,0,0,0,,,,
2175-2,14,40,1.502282658,0.983169279,0.765929946,1.150599976,0,0.91944158,2.55,0,2.55,0,0,0,6,0,0,0.015284,0.020203,3,3,0,0,0,,,,
2185-,5,6,1.582996581,1.035992527,0.856169977,1.355372863,5,1.01305071,2.55,0,2.55,0,0,0,5,5,0,-0.006289,-0.082411,4,3,5,0.2,1,,,,
2185-,19,22,1.533442316,1.003561725,0.723569699,1.109595338,5,0.93644299,2.55,0,2.55,0,0,0,5,5,0,-0.168629,0.178646,3,3,5,0.4,0,,,,
2185-,51,43,1.533394594,1.003530494,0.715453069,1.097132406,5,0.9365666,2.55,0,2.55,0,0,0,5,5,0,0.178427,-0.176532,3,3,5,0.4,0,,,,
2185-,22,14,1.396966884,0.958796763,0.705735535,0.985886753,5,1.05842828,2.55,0,3.04,2,0,0,5,5,2,0.178646,-0.284651,3,3,5,0.4,0,,,,
2185-,49,51,1.392846128,0.955968516,0.708151831,0.986325819,5,1.07437355,3.04,2,2.55,0,0,0,5,5,2,-0.287648,0.178427,3,3,5,0.4,0,,,,
2185-,23,19,1.538588281,1.006929503,0.866302702,1.33288121,0,1.03635364,2.55,0,2.55,0,0,0,0,5,0,0.040975,-0.168629,2,3,0,0,0,,,,
2185-,43,48,1.536290869,1.005425961,0.864919225,1.328767669,0,1.03747821,2.55,0,2.55,0,0,0,5,0,0,-0.176532,0.052048,3,2,0,0,0,,,,
2185-,52,58,1.535150214,1.004679459,0.888087037,1.363342836,0,1.10529586,2.55,0,2.55,0,0,0,0,0,0,0.056738,0.199554,2,2,0,0,0,,,,
2185-,6,52,1.533558381,1.003637684,0.718808051,1.102320117,0,1.01845565,2.55,0,2.55,0,0,0,5,0,0,-0.082411,0.056738,3,2,0,0,0,,,,
2185-,13,5,1.522610203,0.996472646,0.706389441,1.075601966,0,1.0529608,2.55,0,2.55,0,0,0,0,5,0,0.323354,-0.006289,2,4,0,0,0,,,,
2185-,27,23,1.521813864,0.995951482,0.678169403,1.032038329,0,1.06760682,2.55,0,2.55,0,0,0,0,0,0,0.22918,0.040975,2,2,0,0,0,,,,
2185-,48,50,1.521789937,0.995935823,0.678360427,1.032314083,0,1.06538663,2.55,0,2.55,0,0,0,0,0,0,0.052048,0.225851,2,2,0,0,0,,,,
2185-,34,33,1.510435563,0.988504949,0.845401245,1.276885747,0,1.04157778,2.55,0,2.55,0,0,0,0,0,0,0.051301,0.119242,1,3,0,0,0,,,,
2185-,55,59,1.50999669,0.988217729,0.845429775,1.276562502,0,1.04213136,2.55,0,2.55,0,0,0,0,0,0,0.119468,0.051158,3,1,0,0,0,,,,
2185-,58,49,1.460818677,1.002620918,0.82368715,1.203249703,0,0.9212525,2.55,0,3.04,2,0,0,0,5,2,0.199554,-0.287648,2,3,0,0,0,,,,
2185-,14,13,1.454237717,0.99810413,0.827317468,1.203096154,0,0.9341953,3.04,2,2.55,0,0,0,5,0,2,-0.284651,0.323354,3,2,0,0,0,,,,
2185-,30,27,1.436121755,1.020697764,0.682778849,0.980541583,0,0.90798152,3.44,1,2.55,0,0,0,0,0,1,-0.324969,0.22918,2,2,0,0,0,,,,
2185-,50,53,1.435262196,1.020086849,0.683674743,0.981260393,0,0.91045385,2.55,0,3.44,1,0,0,0,0,1,0.225851,-0.324861,2,2,0,0,0,,,,
2185-,53,55,1.350901942,0.960129312,0.685999635,0.926730262,0,1.13580766,3.44,1,2.55,0,0,0,0,0,1,-0.324861,0.119468,2,3,0,0,0,,,,
2185-,33,30,1.350040938,0.959517369,0.686039339,0.926192556,0,1.13874373,2.55,0,3.44,1,0,0,0,0,1,0.119242,-0.324969,3,2,0,0,0,,,,
2187-2,0,31,1.588168394,1.039377221,0.914351335,1.452143891,5,0.98695928,2.55,0,2.55,0,0,1,5,5,0,-0.179676,0.001597,4,3,8,0.375,1,,,,
2187-2,48,49,1.521695732,0.99587417,0.881845939,1.341901202,0,1.08856481,2.55,0,2.55,0,0,0,0,0,0,0.18588,0.192396,2,2,0,0,0,,,,
2187-2,2,0,1.518021302,0.993469438,0.869667899,1.320174396,0,1.04395764,2.55,0,2.55,0,0,0,0,5,0,0.360821,-0.179676,2,4,0,0,0,,,,
2187-2,41,40,1.510147131,0.988316185,0.845259274,1.276465867,0,1.04393064,2.55,0,2.55,0,0,0,0,0,0,0.050068,0.130121,1,3,0,0,0,,,,
2187-2,55,56,1.508956819,0.987537185,0.84467169,1.274573107,0,1.04356005,2.55,0,2.55,0,0,0,0,0,0,0.118237,0.052138,3,1,0,0,0,,,,
2187-2,32,48,1.454837285,0.998515638,0.810392927,1.178989845,0,0.92715477,3.04,2,2.55,0,1,0,5,0,2,-0.287131,0.18588,3,2,0,0,0,,,,
2187-2,37,2,1.4397539,1.023279247,0.680112665,0.979194863,0,0.90140676,3.44,1,2.55,0,0,0,0,0,1,-0.336664,0.360821,2,2,0,0,0,,,,
2187-2,49,52,1.431031262,1.017079788,0.688118262,0.984718745,0,0.92227273,2.55,0,3.44,1,0,0,0,0,1,0.192396,-0.322114,2,2,0,0,0,,,,
2187-2,52,55,1.352281352,0.961109703,0.687181597,0.929262859,0,1.13362955,3.44,1,2.55,0,0,0,0,0,1,-0.322114,0.118237,2,3,0,0,0,,,,
2187-2,40,37,1.351951657,0.960875378,0.685455529,0.926702738,0,1.12414902,2.55,0,3.44,1,0,0,0,0,1,0.130121,-0.336664,3,2,0,0,0,,,,
2197-2,7,2,1.570054716,1.02752272,0.884287151,1.388379212,6,1.01451427,2.55,0,2.55,0,0,0,5,6,0,-0.033452,0.083873,3,3,9,0.333333333,0,,,,
2197-2,6,7,1.530673501,1.001749674,0.735286051,1.125482874,5,0.93183638,2.55,0,2.55,0,0,0,5,5,0,0.202765,-0.033452,3,3,9,0.333333333,0,,,,
2197-2,31,36,1.41312103,0.969884029,0.999393873,1.412264499,5,1.07058715,2.55,0,3.04,2,0,0,5,5,2,0.182699,-0.254134,3,3,5,0.2,0,,,,
2197-2,16,6,1.406088778,0.965057501,0.707737166,0.995141287,5,1.01617371,3.04,2,2.55,0,0,0,5,5,2,-0.28114,0.202765,3,3,9,0.333333333,0,,,,
2197-2,22,21,1.514218295,0.99098056,0.869330218,1.316355721,0,1.02793101,2.55,0,2.55,0,0,0,0,0,0,-0.015844,0.139155,1,3,0,0,0,,,,
2197-2,64,65,1.506289237,0.985791385,0.847079525,1.275946771,0,1.04378972,2.55,0,2.55,0,0,0,0,0,0,0.130351,0.040055,3,1,0,0,0,,,,
2197-2,2,29,1.503083473,0.983693372,0.789781706,1.18710783,0,1.03092167,2.55,0,2.55,0,0,0,6,0,0,0.083873,-0.152475,3,2,0,0,0,,,,
2197-2,37,61,1.446758132,1.028257379,0.786671183,1.138122932,0,0.92451441,2.55,0,3.44,1,0,0,0,0,1,0.340535,-0.317756,2,2,0,0,0,,,,
2197-2,19,16,1.433250404,0.98369966,0.833958978,1.195272042,0,0.97244076,2.55,0,3.04,2,0,0,0,5,2,0.347068,-0.28114,2,3,0,0,0,,,,
2197-2,20,19,1.423572383,1.011778524,0.716904979,1.02056613,0,0.97198908,3.44,1,2.55,0,0,0,0,0,1,-0.302208,0.347068,2,2,0,0,0,,,,
2197-2,36,37,1.420444641,0.974910529,0.837390163,1.189466369,0,1.05750266,3.04,2,2.55,0,0,0,5,0,2,-0.254134,0.340535,3,2,0,0,0,,,,
2197-2,21,20,1.366677753,0.971341687,0.998410376,1.364505249,0,1.07455073,2.55,0,3.44,1,0,0,0,0,1,0.139155,-0.302208,3,2,0,0,0,,,,
2197-2,61,64,1.354421702,0.962630918,0.699732208,0.947732488,0,1.15484051,3.44,1,2.55,0,0,0,0,0,1,-0.317756,0.130351,2,3,0,0,0,,,,
2197-2,29,31,1.349448838,0.883147145,0.787813308,1.063113752,0,1.79559426,2.55,0,2.55,0,0,0,0,5,0,-0.152475,0.182699,2,3,0,0,0,,,,
2203-,1,2,1.487842385,0.973718838,0.782810509,1.164698654,3,0.95357934,2.55,0,2.55,0,0,0,3,3,0,0.108458,0.108629,3,3,3,0.333333333,1,,,,
2203-,8,7,1.498966799,0.980999214,0.901895563,1.351911504,0,1.06626361,2.55,0,2.55,0,0,0,0,0,0,0.066012,-0.104696,1,2,0,0,0,,,,
2203-,12,13,1.498847125,0.980920893,0.901873972,1.351771211,0,1.06633271,2.55,0,2.55,0,0,0,0,0,0,-0.104755,0.066277,2,1,0,0,0,,,,
2203-,6,1,1.479659854,0.968363779,0.797717894,1.180351142,0,1.04867337,2.55,0,2.55,0,0,0,0,3,0,0.061199,0.108458,2,3,0,0,0,,,,
2203-,2,3,1.479603065,0.968326613,0.798433776,1.181365062,0,1.04823822,2.55,0,2.55,0,0,0,3,0,0,0.108629,0.06098,3,2,0,0,0,,,,
2203-,3,12,1.340189799,0.877087564,0.779265379,1.044363511,0,1.87263684,2.55,0,2.55,0,0,0,0,0,0,0.06098,-0.104755,2,2,0,0,0,,,,
2203-,7,6,1.340134091,0.877051107,0.779040675,1.044018967,0,1.87296486,2.55,0,2.55,0,0,0,0,0,0,-0.104696,0.061199,2,2,0,0,0,,,,
2205-,1,2,1.546098753,1.011844734,0.80234309,1.240501651,3,0.82326898,2.55,0,2.55,0,0,0,3,3,0,0.023972,0.024617,3,3,3,0.333333333,1,,,,
2205-,8,7,1.499078988,0.981072636,0.901025125,1.350707833,0,1.06926085,2.55,0,2.55,0,0,0,0,0,0,0.063412,-0.103722,1,2,0,0,0,,,,
2205-,12,13,1.499057136,0.981058335,0.900859911,1.350440479,0,1.06913862,2.55,0,2.55,0,0,0,0,0,0,-0.103615,0.06319,2,1,0,0,0,,,,
2205-,6,1,1.480338249,0.968807754,0.797853449,1.181092978,0,1.07342936,2.55,0,2.55,0,0,0,0,3,0,0.075197,0.023972,2,3,0,0,0,,,,
2205-,2,3,1.480196249,0.968714823,0.797643684,1.180669189,0,1.07373047,2.55,0,2.55,0,0,0,3,0,0,0.024617,0.075152,3,2,0,0,0,,,,
2205-,7,6,1.341197732,0.877747207,0.776728803,1.041746909,0,1.8883724,2.55,0,2.55,0,0,0,0,0,0,-0.103722,0.075197,2,2,0,0,0,,,,
2205-,3,12,1.341142408,0.877711,0.776911046,1.041948351,0,1.88844363,2.55,0,2.55,0,0,0,0,0,0,0.075152,-0.103615,2,2,0,0,0,,,,
2208-,1,2,1.536877974,1.005810192,0.796369054,1.223922058,3,0.87147582,2.55,0,2.55,0,0,0,3,3,0,-0.110583,-0.086294,3,3,3,0.333333333,1,,,,
2208-,3,8,1.531169993,1.002074603,0.83449575,1.277754852,0,1.10856473,2.55,0,2.55,0,0,0,0,0,0,0.083101,0.010132,2,1,0,0,0,,,,
2208-,7,6,1.531103552,1.00203112,0.83527405,1.278891064,0,1.10253562,2.55,0,2.55,0,0,0,0,0,0,0.00915,0.098923,1,2,0,0,0,,,,
2208-,2,3,1.517339561,0.993023273,0.847495354,1.285938229,0,1.05910652,2.55,0,2.55,0,0,0,3,0,0,-0.086294,0.083101,3,2,0,0,0,,,,
2208-,6,1,1.515915249,0.992091131,0.742341494,1.12532679,0,1.05014502,2.55,0,2.55,0,0,0,0,3,0,0.098923,-0.110583,2,3,0,0,0,,,,
2211-,1,2,1.551637468,1.015469547,0.801229856,1.243218265,3,0.84043013,2.55,0,2.55,0,0,0,3,3,0,-0.038871,-0.038883,3,3,3,0.333333333,1,,,,
2211-,12,13,1.458953855,0.954812732,0.999997121,1.458949655,0,1.12054239,2.55,0,2.55,0,0,0,0,0,0,-0.200926,0.073678,2,1,0,0,0,,,,
2211-,8,7,1.458919449,0.954790216,0.999997326,1.458915548,0,1.12053969,2.55,0,2.55,0,0,0,0,0,0,0.072863,-0.200198,1,2,0,0,0,,,,
2211-,2,3,1.438570878,0.941473088,0.932940343,1.342100808,0,0.9937746,2.55,0,2.55,0,0,0,3,0,0,-0.038883,0.057998,3,2,0,0,0,,,,
2211-,6,1,1.438551968,0.941460712,0.933016597,1.342192862,0,0.99364695,2.55,0,2.55,0,0,0,0,3,0,0.057871,-0.038871,2,3,0,0,0,,,,
2211-,7,6,1.213687621,0.794298181,0.999961168,1.213640492,0,2.47995765,2.55,0,2.55,0,0,0,0,0,0,-0.200198,0.057871,2,2,0,0,0,,,,
2211-,3,12,1.213662569,0.794281786,0.9999705,1.213626767,0,2.48137549,2.55,0,2.55,0,0,0,0,0,0,0.057998,-0.200926,2,2,0,0,0,,,,
2221-2,2,1,1.542070782,1.009208627,0.999931933,1.541965817,3,0.86331022,2.55,0,2.55,0,0,0,3,3,0,0.049333,0.04981,3,3,3,0.333333333,1,,,,
2221-2,10,30,1.510123352,0.988300623,0.878967277,1.327349011,0,1.06138895,2.55,0,2.55,0,1,0,6,0,0,-0.041813,0.078215,3,1,0,0,0,,,,
2221-2,26,18,1.508527377,0.987256137,0.871333921,1.314431074,0,1.10832256,2.55,0,2.55,0,0,1,0,6,0,0.145296,-0.086204,1,3,0,0,0,,,,
2221-2,1,6,1.501172165,0.982442516,0.816429984,1.225601966,0,1.01494197,2.55,0,2.55,0,0,1,3,6,0,0.04981,0.041234,3,3,0,0,0,,,,
2221-2,3,2,1.493613825,0.977495959,0.788622502,1.177897472,0,1.05134993,2.55,0,2.55,0,1,0,6,3,0,0.16657,0.049333,3,3,0,0,0,,,,
2231-2,2,1,1.553679766,1.016806129,0.775840346,1.205407447,3,0.7691452,2.55,0,2.55,0,0,0,3,3,0,-0.2161,-0.215875,4,4,3,0.333333333,1,,,,
2231-2,4,2,1.535634323,1.004996285,0.871175786,1.337807439,0,1.08268966,2.55,0,2.55,0,0,0,0,3,0,0.125463,-0.2161,1,4,0,0,0,,,,
2231-2,1,5,1.535520532,1.004921814,0.871048864,1.337513415,0,1.08316856,2.55,0,2.55,0,0,0,3,0,0,-0.215875,0.125093,4,1,0,0,0,,,,
2232-2,1,2,1.534359926,1.004162255,0.78746044,1.208247743,3,0.86411293,2.55,0,2.55,0,0,0,3,3,0,-0.21596,0.00773,4,3,6,0.333333333,1,,,,
2232-2,2,3,1.530751244,1.001800552,0.747584811,1.144366379,6,1.03079915,2.55,0,2.55,0,0,0,3,6,0,0.00773,0.003476,3,3,7,0.285714286,0,,,,
2232-2,3,12,1.534331866,1.004143891,0.829360843,1.272514769,0,1.07806842,2.55,0,2.55,0,0,0,6,0,0,0.003476,0.065411,3,1,0,0,0,,,,
2232-2,5,1,1.519852665,0.994667975,0.860372296,1.307639127,0,1.09877734,2.55,0,2.55,0,0,0,0,3,0,0.132072,-0.21596,1,4,0,0,0,,,,
2233-2,12,3,1.534077067,1.003977138,0.682183178,1.040378805,0,1.08015575,2.55,0,2.55,0,0,0,0,6,0,0.068337,-0.011039,1,3,0,0,0,,,,
2233-2,6,13,1.532736095,1.003099539,0.991173923,1.513982005,0,1.08460514,2.55,0,2.55,0,0,0,6,0,0,-0.022817,0.057818,3,1,0,0,0,,,,
2234-2,2,1,1.510433596,0.988503662,0.768292909,1.160455422,3,0.80982788,2.55,0,2.55,0,0,0,3,3,0,-0.009134,-0.004746,4,4,3,0.333333333,1,,,,
2234-2,4,2,1.538992207,1.007193853,0.875461547,1.347328498,0,1.07975447,2.55,0,2.55,0,0,0,0,3,0,0.148519,-0.009134,1,4,0,0,0,,,,
2234-2,1,5,1.537955769,1.006515556,0.874054703,1.344257473,0,1.086539,2.55,0,2.55,0,0,0,3,0,0,-0.004746,0.147511,4,1,0,0,0,,,,
2235-2,1,2,1.514476798,0.991149737,0.805667515,1.220164759,3,0.88786943,2.55,0,2.55,0,0,0,3,3,0,-0.093871,0.045271,3,3,3,0.333333333,1,,,,
2235-2,11,18,1.509691636,0.988018086,0.999988769,1.50967468,0,1.06374471,2.55,0,2.55,0,1,0,6,0,0,-0.031654,0.079184,3,1,0,0,0,,,,
2235-2,6,1,1.508361289,0.987147441,0.875085847,1.319945616,0,0.98385478,2.55,0,2.55,0,0,0,0,3,0,0.556915,-0.093871,4,3,0,0,0,,,,
2235-2,2,3,1.498576779,0.980743965,0.967659114,1.450111478,0,1.00990673,2.55,0,2.55,0,0,1,3,6,0,0.045271,0.068654,3,3,0,0,0,,,,
2242-2,2,1,1.514509642,0.991171232,0.771698305,1.168744523,3,0.83183628,2.55,0,2.55,0,0,0,3,3,0,0.026457,0.013772,3,3,3,0.333333333,1,,,,
2242-2,3,2,1.502532219,0.983332604,0.723848224,1.087605278,0,0.94408978,2.55,0,2.55,0,0,0,0,3,0,0.229103,0.026457,3,3,0,0,0,,,,
2242-2,1,6,1.502481282,0.983299269,0.724618476,1.088725697,0,0.93717498,2.55,0,2.55,0,0,0,3,0,0,0.013772,0.228044,3,3,0,0,0,,,,
2242-2,13,8,1.430547401,1.016735893,0.859507421,1.229566108,0,0.91506176,2.55,0,3.44,1,0,0,0,0,1,0.190657,-0.29954,1,2,0,0,0,,,,
2242-2,7,17,1.430024265,1.016364083,0.859805907,1.229543311,0,0.91547911,3.44,1,2.55,0,0,0,0,0,1,-0.300071,0.190492,2,1,0,0,0,,,,
2242-2,6,7,1.340901153,0.953021431,0.680211607,0.912096529,0,1.20309014,2.55,0,3.44,1,0,0,0,0,1,0.228044,-0.300071,3,2,0,0,0,,,,
2242-2,8,3,1.340882869,0.953008436,0.680385641,0.91231745,0,1.20429193,3.44,1,2.55,0,0,0,0,0,1,-0.29954,0.229103,2,3,0,0,0,,,,
2246-2,1,2,1.526539523,0.999044191,0.79803205,1.218227465,3,0.88400079,2.55,0,2.55,0,0,0,3,3,0,-0.097812,0.221967,3,3,3,0.333333333,1,,,,
2246-2,11,23,1.528924943,1.000605329,0.834234589,1.275482072,0,1.08928083,2.55,0,2.55,0,0,0,0,0,0,-0.006973,-0.014954,2,1,0,0,0,,,,
2246-2,7,6,1.524927238,0.99798903,0.683600962,1.042441726,0,1.0654558,2.55,0,2.55,0,0,0,0,0,0,0.210986,0.135533,2,2,0,0,0,,,,
2246-2,8,11,1.521229697,0.995569174,0.682607093,1.038402181,0,1.07675783,2.55,0,2.55,0,0,0,0,0,0,0.213725,-0.006973,2,2,0,0,0,,,,
2246-2,6,1,1.513506809,0.990514928,0.745805488,1.128781685,0,1.03274354,2.55,0,2.55,0,0,0,0,3,0,0.135533,-0.097812,2,3,0,0,0,,,,
2246-2,3,8,1.419238328,1.008698172,0.676683149,0.960374661,0,0.9663739,3.44,1,2.55,0,0,0,0,0,1,-0.332488,0.213725,2,2,0,0,0,,,,
2246-2,12,7,1.40587109,0.999197647,0.66981579,0.941674655,0,1.01583206,3.44,1,2.55,0,0,0,0,0,1,-0.386978,0.210986,2,2,0,0,0,,,,
2246-2,19,12,1.401928135,0.996395263,0.837661143,1.174340725,0,1.00247876,2.55,0,3.44,1,0,0,0,0,1,0.192966,-0.386978,1,2,0,0,0,,,,
2246-2,2,3,1.376666002,0.978440655,0.841667394,1.158694886,0,1.11151234,2.55,0,3.44,1,0,0,3,0,1,0.221967,-0.332488,3,2,0,0,0,,,,
2251-,1,2,1.512776117,0.990036726,0.770262807,1.165181656,3,0.95729128,2.55,0,2.55,0,0,0,3,3,0,-0.10336,-0.043303,3,3,3,0.333333333,1,,,,
2251-,12,13,1.459476242,0.955154608,0.999993821,1.462654334,0,1.11623862,2.55,0,2.55,0,0,0,0,0,0,-0.204967,0.074198,2,1,0,0,0,,,,
2251-,8,7,1.459218206,0.954985737,0.999998861,1.462187883,0,1.11680173,2.55,0,2.55,0,0,0,0,0,0,0.072892,-0.22369,1,2,0,0,0,,,,
2251-,6,1,1.445418848,0.945954743,0.929908229,1.331931355,0,0.90388854,2.55,0,2.55,0,0,0,0,3,0,0.096812,-0.10336,2,3,0,0,0,,,,
2251-,2,3,1.444336698,0.94524653,0.930594799,1.333577441,0,0.94067226,2.55,0,2.55,0,0,0,3,0,0,-0.043303,0.031209,3,2,0,0,0,,,,
2251-,3,12,1.214840498,0.795052682,0.999998487,1.200974618,0,2.51552145,2.55,0,2.55,0,0,0,0,0,0,0.031209,-0.204967,2,2,0,0,0,,,,
2251-,7,6,1.213789335,0.794364748,0.999989902,1.201058667,0,2.53927658,2.55,0,2.55,0,0,0,0,0,0,-0.22369,0.096812,2,2,0,0,0,,,,
2252-,2,1,1.505436418,0.985233258,0.745699728,1.122603528,3,0.93864578,2.55,0,2.55,0,0,0,3,3,0,-0.043546,-0.017199,3,3,3,0.333333333,1,,,,
2252-,3,2,1.503280406,0.983822255,0.731367376,1.099450247,0,0.92755596,2.55,0,2.55,0,0,0,0,3,0,0.241285,-0.043546,3,3,0,0,0,,,,
2252-,1,6,1.49810307,0.980433946,0.745877478,1.117401339,0,0.93462477,2.55,0,2.55,0,0,0,3,0,0,-0.017199,0.225156,3,3,0,0,0,,,,
2252-,7,15,1.430367386,1.01660795,0.860778231,1.231229108,0,0.91547688,3.44,1,2.55,0,0,0,0,0,1,-0.295236,0.189346,2,1,0,0,0,,,,
2252-,11,8,1.428849978,1.01552948,0.858501934,1.22667047,0,0.91996963,2.55,0,3.44,1,0,0,0,0,1,0.190367,-0.30833,1,2,0,0,0,,,,
2252-,8,3,1.345431102,0.95624101,0.680946158,0.91616614,0,1.18464357,3.44,1,2.55,0,0,0,0,0,1,-0.30833,0.241285,2,3,0,0,0,,,,
2252-,6,7,1.337775797,0.95080014,0.688424638,0.920957819,0,1.19871522,2.55,0,3.44,1,0,0,0,0,1,0.225156,-0.295236,3,2,0,0,0,,,,
2253-2,2,1,1.483176899,0.97066551,0.776524334,1.169782918,3,0.97533288,2.55,0,2.55,0,0,0,3,3,0,-0.005829,0.02138,3,3,3,0.333333333,1,,,,
2253-2,6,7,1.538669915,1.006982929,0.845308403,1.29580036,0,1.08694797,2.55,0,2.55,0,0,0,0,0,0,0.091169,-0.002823,2,2,0,0,0,,,,
2253-2,8,3,1.532977452,1.003257495,0.685360475,1.047233034,0,1.08721066,2.55,0,2.55,0,0,0,0,0,0,-0.023101,0.119715,2,2,0,0,0,,,,
2253-2,7,13,1.531226585,1.00211164,0.833803885,1.270502767,0,1.10316298,2.55,0,2.55,0,0,0,0,0,0,-0.002823,-0.009438,2,1,0,0,0,,,,
2253-2,9,8,1.529242023,1.000812842,0.826145067,1.255578432,0,1.10096478,2.55,0,2.55,0,0,0,0,0,0,0.022974,-0.023101,1,2,0,0,0,,,,
2253-2,1,6,1.517122426,0.992881169,0.716648175,1.074716752,0,1.04210989,2.55,0,2.55,0,0,0,3,0,0,0.02138,0.091169,3,2,0,0,0,,,,
2253-2,3,2,1.512583935,0.989910952,0.720077194,1.07995376,0,1.04977772,2.55,0,2.55,0,0,0,0,3,0,0.119715,-0.005829,2,3,0,0,0,,,,
2254-2,2,1,1.487244141,0.973327317,0.78371336,1.165573103,3,0.96097381,2.55,0,2.55,0,0,0,3,3,0,-0.016041,0.081803,3,3,3,0.333333333,1,,,,
2254-2,8,3,1.533154879,1.003373612,0.700453343,1.07390346,0,1.08522963,2.55,0,2.55,0,0,0,0,0,0,-0.027058,0.121819,2,2,0,0,0,,,,
2254-2,9,8,1.529159013,1.000758516,0.83377974,1.274981805,0,1.10162686,2.55,0,2.55,0,0,0,0,0,0,0.023797,-0.027058,1,2,0,0,0,,,,
2254-2,3,2,1.51175469,0.989368253,0.753011576,1.138368782,0,1.0455069,2.55,0,2.55,0,0,0,0,3,0,0.121819,-0.016041,2,3,0,0,0,,,,
2254-2,7,13,1.498057361,0.980404032,0.908800914,1.361435899,0,1.09099311,2.55,0,2.55,0,0,0,0,0,0,-0.082908,0.083031,2,1,0,0,0,,,,
2254-2,1,6,1.486069412,0.972558516,0.784414791,1.165694827,0,1.03719361,2.55,0,2.55,0,0,0,3,0,0,0.081803,0.014197,3,2,0,0,0,,,,
2254-2,6,7,1.343219768,0.879070529,0.999820455,1.3429786,0,1.91144253,2.55,0,2.55,0,0,0,0,0,0,0.014197,-0.082908,2,2,0,0,0,,,,
2256-2,2,1,1.490687551,0.975580858,0.794731234,1.184695956,3,0.96622404,2.55,0,2.55,0,0,0,3,3,0,-0.060987,0.017862,4,3,3,0.333333333,1,,,,
2256-2,6,7,1.537263009,1.006062179,0.873528414,1.342842918,0,1.08867019,2.55,0,2.55,0,0,0,0,0,0,0.121418,0.005126,2,2,0,0,0,,,,
2256-2,8,3,1.531942778,1.002580352,0.707761296,1.084249806,0,1.08814093,2.55,0,2.55,0,0,0,0,0,0,-0.014193,0.15972,2,2,0,0,0,,,,
2256-2,7,13,1.531143413,1.002057207,0.840513436,1.286946611,0,1.10047619,2.55,0,2.55,0,0,0,0,0,0,0.005126,-0.010018,2,1,0,0,0,,,,
2256-2,9,8,1.529347441,1.000881833,0.830522499,1.270157459,0,1.10231154,2.55,0,2.55,0,0,0,0,0,0,0.017748,-0.014193,1,2,0,0,0,,,,
2256-2,1,6,1.520768185,0.995267137,0.742459464,1.129108732,0,1.03287874,2.55,0,2.55,0,0,0,3,0,0,0.017862,0.121418,3,2,0,0,0,,,,
2256-2,3,2,1.515014971,0.991501944,0.762615848,1.155374426,0,1.02807699,2.55,0,2.55,0,0,0,0,3,0,0.15972,-0.060987,2,4,0,0,0,,,,
2257-2,2,1,1.525838528,0.998585424,0.757663228,1.156071745,3,0.92261988,2.55,0,2.55,0,0,0,3,3,0,-0.055843,-0.069902,4,4,3,0.333333333,1,,,,
2257-2,1,6,1.537583516,1.006271935,0.824092364,1.267110834,0,1.0454014,2.55,0,2.55,0,0,0,3,0,0,-0.069902,0.146632,4,2,0,0,0,,,,
2257-2,6,7,1.535550167,1.004941209,0.707540896,1.086464541,0,1.09303166,2.55,0,2.55,0,0,0,0,0,0,0.146632,-0.011779,2,2,0,0,0,,,,
2257-2,3,2,1.533539155,1.003625101,0.744081458,1.14107805,0,1.06778203,2.55,0,2.55,0,0,0,0,3,0,0.148705,-0.055843,2,4,0,0,0,,,,
2257-2,8,3,1.532911184,1.003214126,0.700859744,1.07435574,0,1.08812037,2.55,0,2.55,0,0,0,0,0,0,-0.017208,0.148705,2,2,0,0,0,,,,
2257-2,7,13,1.531050311,1.001996277,0.826858487,1.265961943,0,1.10612728,2.55,0,2.55,0,0,0,0,0,0,-0.011779,0.015721,2,1,0,0,0,,,,
2257-2,9,8,1.530118782,1.001386637,0.830596105,1.2709107,0,1.10444128,2.55,0,2.55,0,0,0,0,0,0,0.020629,-0.017208,1,2,0,0,0,,,,
2260-2,2,0,1.520916826,0.995364415,0.769724325,1.170686677,3,0.84793466,2.55,0,2.55,0,0,0,3,3,0,-0.081426,0.172737,3,3,3,0.333333333,1,,,,
2260-2,14,15,1.523276645,0.996908799,0.846346089,1.28921923,0,1.11084126,2.55,0,2.55,0,0,0,0,0,0,0.198566,-0.030317,2,1,0,0,0,,,,
2260-2,7,5,1.513218331,0.990326133,0.847681602,1.28272734,0,1.04360183,2.55,0,2.55,0,0,0,0,0,0,0.040289,0.051224,1,3,0,0,0,,,,
2260-2,5,2,1.510826587,0.988760855,0.733892003,1.108783551,0,0.91013339,2.55,0,2.55,0,0,0,0,3,0,0.051224,-0.081426,3,3,0,0,0,,,,
2260-2,12,14,1.429823787,1.016221597,0.846827461,1.210814048,0,0.95005616,3.44,1,2.55,0,0,0,0,0,1,-0.339543,0.198566,2,2,0,0,0,,,,
2260-2,0,12,1.374676147,0.977026401,0.717666532,0.986559063,0,1.11756659,2.55,0,3.44,1,0,0,3,0,1,0.172737,-0.339543,3,2,0,0,0,,,,
2273-2,0,2,1.506712095,0.986068125,0.999120859,1.505353189,3,0.99579082,2.55,0,2.55,0,0,0,3,3,0,0.187931,0.04608,3,4,3,0.333333333,1,,,,
2273-2,2,35,1.520806212,0.995292023,0.844608403,1.284512795,0,0.87653265,2.55,0,2.55,0,0,0,3,0,0,0.04608,0.225836,4,3,0,0,0,,,,
2273-2,29,28,1.519097797,0.994173951,0.861820165,1.309190338,0,1.07120233,2.55,0,2.55,0,0,0,0,0,0,0.050464,0.006397,1,3,0,0,0,,,,
2273-2,28,17,1.502854213,0.983543333,0.961376872,1.444814741,0,0.92030951,2.55,0,2.55,0,0,1,0,6,0,0.006397,0.026562,3,3,0,0,0,,,,
2273-2,23,0,1.481891927,0.96982456,0.913639854,1.353898206,0,1.04390725,2.55,0,2.55,0,0,0,0,3,0,-0.021232,0.187931,2,3,0,0,0,,,,
2273-2,18,24,1.468780944,0.961244074,0.97383421,1.430369783,0,1.06454262,2.55,0,2.55,0,1,0,6,0,0,0.109283,0.005415,3,2,0,0,0,,,,
2273-2,36,37,1.431586321,1.017474287,0.859882642,1.230979844,0,0.91267983,3.44,1,2.55,0,0,0,0,0,1,-0.288201,0.189228,2,1,0,0,0,,,,
2273-2,24,23,1.346474282,0.881200446,0.786131375,1.058507306,0,1.76537514,2.55,0,2.55,0,0,0,0,0,0,0.005415,-0.021232,2,2,0,0,0,,,,
2273-2,35,36,1.335302082,0.949041991,0.688166065,0.918903718,0,1.22560243,2.55,0,3.44,1,0,0,0,0,1,0.225836,-0.288201,3,2,0,0,0,,,,
2274-2,0,2,1.551507872,1.015384733,0.891758033,1.383924026,3,0.81051852,2.55,0,2.55,0,0,0,3,3,0,-0.058561,-0.235923,4,4,9,0.444444444,1,,,,
2274-2,29,33,1.539632639,1.007612984,0.893995486,1.376465843,0,1.05669819,2.55,0,2.55,0,0,0,6,0,0,-0.133718,0.029584,3,2,0,0,0,,,,
2274-2,33,36,1.530463586,1.001612295,0.84486438,1.293135993,0,1.1065551,2.55,0,2.55,0,0,0,0,0,0,0.029584,0.012171,2,1,0,0,0,,,,
2274-2,5,0,1.52389682,0.997314673,0.915708111,1.395488941,0,0.88679429,2.55,0,2.55,0,0,0,0,3,0,0.239271,-0.058561,3,4,0,0,0,,,,
2274-2,7,6,1.430679237,1.016829593,0.857832423,1.227282683,0,0.91640183,2.55,0,3.44,1,0,0,0,0,1,0.194636,-0.310581,1,2,0,0,0,,,,
2274-2,6,5,1.347664033,0.957828026,0.684717998,0.922930224,0,1.17180204,3.44,1,2.55,0,0,0,0,0,1,-0.310581,0.239271,2,3,0,0,0,,,,
2275-2,1,2,1.466042377,0.959451817,0.999397518,1.465160596,3,1.03295169,2.55,0,2.55,0,0,0,3,3,0,0.046619,0.254049,3,3,3,0.333333333,1,,,,
2275-2,7,6,1.531338631,1.002184968,0.833291038,1.276070148,0,1.09738349,2.55,0,2.55,0,0,0,0,0,0,-0.013844,0.092474,1,2,0,0,0,,,,
2275-2,8,9,1.516214308,0.992286851,0.825401875,1.251476158,0,1.11294226,2.55,0,2.55,0,0,0,0,0,0,0.178822,0.002963,2,1,0,0,0,,,,
2275-2,6,1,1.510460205,0.988521076,0.759097563,1.146602906,0,1.05989195,2.55,0,2.55,0,0,0,0,3,0,0.092474,0.046619,2,3,0,0,0,,,,
2275-2,3,8,1.424732685,1.012603188,0.678267981,0.966316608,0,0.94872187,3.44,1,2.55,0,0,0,0,0,1,-0.341987,0.178822,2,2,0,0,0,,,,
2275-2,2,3,1.370485381,0.97404789,0.733486844,1.005254693,0,1.10966384,2.55,0,3.44,1,0,0,3,0,1,0.254049,-0.341987,3,2,0,0,0,,,,
30b,3,2,1.475100764,1.012423311,0.916172376,1.351446572,4,1.01002465,3.04,2,2.55,0,0,0,4,4,2,-0.241364,0.182105,3,3,4,0.25,1,,,,
30b,2,15,1.513420161,0.990458221,0.963194031,1.457717265,0,1.00105342,2.55,0,2.55,0,0,1,4,6,0,0.182105,0.028189,3,3,0,0,0,,,,
30b,39,42,1.507056828,0.986293735,0.836402526,1.260506138,0,1.03716342,2.55,0,2.55,0,0,0,0,0,0,0.138492,0.041781,3,1,0,0,0,,,,
30b,4,3,1.403966748,0.963601062,0.977903316,1.372943738,0,0.98389743,2.55,0,3.04,2,1,0,6,4,2,0.151293,-0.241364,3,3,0,0,0,,,,
30b,20,43,1.386454638,0.985397752,0.963259827,1.335516055,0,0.97350886,2.55,0,3.44,1,1,0,6,0,1,0.213594,-0.285602,3,2,0,0,0,,,,
30b,43,39,1.370613815,0.974139172,0.710020604,0.973164049,0,1.06619453,3.44,1,2.55,0,0,0,0,0,1,-0.285602,0.138492,2,3,0,0,0,,,,
31b,49,51,1.539995594,1.056963345,0.998113918,1.537091037,4,0.93789981,3.04,2,2.55,0,0,0,4,4,2,-0.186529,-0.026976,3,4,4,0.25,1,,,,
31b,51,64,1.518588414,0.993840585,0.96731027,1.468946168,0,0.95176101,2.55,0,2.55,0,0,1,4,6,0,-0.026976,0.080423,4,3,0,0,0,,,,
31b,29,28,1.51837301,0.993699614,0.650736875,0.988061308,0,1.04359477,2.55,0,2.55,0,0,0,0,0,0,0.22826,0.184228,2,2,0,0,0,,,,
31b,33,32,1.50895718,0.987537422,0.844875734,1.274881306,0,1.04433766,2.55,0,2.55,0,0,0,0,0,0,0.051346,0.11887,1,3,0,0,0,,,,
31b,31,49,1.431146922,0.982255952,0.962167547,1.377003123,0,0.97596337,2.55,0,3.04,2,1,0,6,4,2,0.11734,-0.186529,3,3,0,0,0,,,,
31b,36,29,1.42897817,1.01562059,0.679973999,0.971668,0,0.9141559,3.44,1,2.55,0,0,0,0,0,1,-0.329101,0.22826,2,2,0,0,0,,,,
31b,28,34,1.410937782,1.002798708,0.691130054,0.975141506,0,0.95718272,2.55,0,3.44,1,0,0,0,0,1,0.184228,-0.322227,2,2,0,0,0,,,,
31b,34,35,1.360824204,0.967181381,0.959126307,1.305202293,0,1.10493145,3.44,1,2.55,0,0,1,0,6,1,-0.322227,0.242668,2,3,0,0,0,,,,
31b,32,36,1.353493896,0.961971497,0.686010375,0.928510856,0,1.12660216,2.55,0,3.44,1,0,0,0,0,1,0.11887,-0.329101,3,2,0,0,0,,,,
48-,0,26,1.694556677,1.109003061,0.999997206,1.694378293,7,0.85183993,2.55,0,2.55,0,0,0,6,6,0,-0.101815,-0.101491,4,4,8,0.125,1,,,,
48-,26,59,1.544119647,1.010549507,0.663083184,1.023810202,0,1.13220656,2.55,0,2.55,0,0,0,6,0,0,-0.101491,0.318986,4,2,0,0,0,,,,
48-,46,0,1.543896117,1.010403218,0.663379604,1.024132718,0,1.13318345,2.55,0,2.55,0,0,0,0,6,0,0.319352,-0.101815,2,4,0,0,0,,,,
48-,53,52,1.445887794,0.992373228,0.885615178,1.280546797,0,1.00149641,2.55,0,3.04,2,0,0,0,0,2,0.111404,-0.187608,1,2,0,0,0,,,,
48-,62,61,1.445713743,0.99225377,0.885915314,1.280826596,0,1.00152124,3.04,2,2.55,0,0,0,0,0,2,-0.187409,0.110648,2,1,0,0,0,,,,
48-,47,46,1.427559289,1.014612145,0.720905995,1.029199506,0,0.9470836,3.44,1,2.55,0,0,0,0,0,1,-0.331361,0.319352,2,2,0,0,0,,,,
48-,59,58,1.427428256,1.014519017,0.719477835,1.027054298,0,0.9468423,2.55,0,3.44,1,0,0,0,0,1,0.318986,-0.33114,2,2,0,0,0,,,,
48-,50,47,1.361615965,0.967744111,0.698233449,0.950744103,0,1.10679764,2.55,0,3.44,1,0,0,0,0,1,0.237268,-0.331361,3,2,0,0,0,,,,
48-,58,64,1.361480373,0.967647742,0.698430622,0.950926986,0,1.10618918,3.44,1,2.55,0,0,0,0,0,1,-0.33114,0.236596,2,3,0,0,0,,,,
48-,64,62,1.358885618,0.932659999,0.720910268,0.979649771,0,1.21692793,2.55,0,3.04,2,0,0,0,0,2,0.236596,-0.187409,3,2,0,0,0,,,,
48-,52,50,1.35878581,0.932591496,0.720621223,0.979181609,0,1.21696796,3.04,2,2.55,0,0,0,0,0,2,-0.187608,0.237268,2,3,0,0,0,,,,
49-,0,26,1.667782389,1.091480621,0.977930272,1.631021124,7,0.85975627,2.55,0,2.55,0,0,0,6,6,0,0.040329,0.04013,4,4,8,0.125,1,,,,
49-,26,56,1.541084182,1.008562946,0.696405735,1.073233715,0,0.87881409,2.55,0,2.55,0,0,0,6,0,0,0.04013,0.17866,4,3,0,0,0,,,,
49-,46,0,1.540566118,1.008223899,0.696179205,1.072574053,0,0.87961067,2.55,0,2.55,0,0,0,0,6,0,0.178933,0.040329,3,4,0,0,0,,,,
49-,55,54,1.429809578,1.016211498,0.861084924,1.231224445,0,0.91392069,3.44,1,2.55,0,0,0,0,0,1,-0.278807,0.196675,2,1,0,0,0,,,,
49-,49,48,1.42967483,1.016115729,0.861040614,1.231045532,0,0.91422162,2.55,0,3.44,1,0,0,0,0,1,0.197098,-0.27903,1,2,0,0,0,,,,
49-,48,46,1.335242862,0.948999902,0.694935466,0.927908276,0,1.25412741,3.44,1,2.55,0,0,0,0,0,1,-0.27903,0.178933,2,3,0,0,0,,,,
49-,56,55,1.335108319,0.948904278,0.695267839,0.928254042,0,1.25410088,2.55,0,3.44,1,0,0,0,0,1,0.17866,-0.278807,3,2,0,0,0,,,,
56-2,4,7,1.530622917,1.001716569,0.999603214,1.530015587,3,0.81673952,2.55,0,2.55,0,0,0,3,3,0,-0.048057,-0.016035,3,4,3,0.333333333,1,,,,
56-2,10,11,1.536950329,1.005857545,0.850809485,1.307651918,0,1.09465798,2.55,0,2.55,0,0,0,0,0,0,0.118993,0.010857,2,1,0,0,0,,,,
56-2,0,1,1.535343984,1.004806272,0.828623627,1.272222301,0,1.10350359,2.55,0,2.55,0,0,0,0,0,0,0.008468,0.102595,1,2,0,0,0,,,,
56-2,7,10,1.523207576,0.996863597,0.772841755,1.177198416,0,1.06892364,2.55,0,2.55,0,0,0,3,0,0,-0.016035,0.118993,4,2,0,0,0,,,,
56-2,1,4,1.519077071,0.994160387,0.742070517,1.127262308,0,1.06521437,2.55,0,2.55,0,0,0,0,3,0,0.102595,-0.048057,2,3,0,0,0,,,,
623-,27,28,1.550801011,1.014922127,0.637010994,0.98792623,5,0.82792237,2.55,0,2.55,0,0,0,5,5,0,-0.202114,0.153394,4,3,5,0.4,0,,,,
623-,28,24,1.5450971,1.011189202,0.647937363,1.001119843,5,0.82557496,2.55,0,2.55,0,0,0,5,5,0,0.153394,-0.160851,3,4,5,0.4,0,,,,
623-,32,27,1.516769952,0.992650492,0.911824744,1.382988909,0,0.88868444,2.55,0,2.55,0,0,0,0,5,0,0.217541,-0.202114,3,4,0,0,0,,,,
623-,24,39,1.515593703,0.991880696,0.945031569,1.43227314,0,0.88459016,2.55,0,2.55,0,0,0,5,0,0,-0.160851,0.212366,4,3,0,0,0,,,,
623-,42,41,1.429033721,1.015660072,0.859844712,1.228752792,0,0.91643538,3.44,1,2.55,0,0,0,0,0,1,-0.306477,0.196318,2,1,0,0,0,,,,
623-,33,34,1.428076296,1.014979599,0.861547612,1.230353537,0,0.92165617,2.55,0,3.44,1,0,0,0,0,1,0.200034,-0.299887,1,2,0,0,0,,,,
623-,39,42,1.344136268,0.955320731,0.682911823,0.917969776,0,1.2063243,2.55,0,3.44,1,0,0,0,0,1,0.212366,-0.306477,3,2,0,0,0,,,,
623-,34,32,1.339929368,0.952330752,0.679144585,0.910027545,0,1.22872758,3.44,1,2.55,0,0,0,0,0,1,-0.299887,0.217541,2,3,0,0,0,,,,
628-,28,27,1.556645152,1.018746827,0.641604927,0.998750041,5,0.81064127,2.55,0,2.55,0,0,0,5,5,0,0.131623,-0.174765,3,4,5,0.4,1,,,,
628-,24,28,1.552387094,1.01596014,0.645854741,1.002589502,5,0.80703295,2.55,0,2.55,0,0,0,5,5,0,-0.138525,0.131623,4,3,5,0.4,1,,,,
628-,43,42,1.459466111,0.955147978,0.999999898,1.459498722,0,1.14181693,2.55,0,2.55,0,0,0,0,0,0,0.075429,-0.34591,1,2,0,0,0,,,,
628-,47,48,1.459294715,0.955035809,0.999990237,1.459251653,0,1.14492511,2.55,0,2.55,0,0,0,0,0,0,-0.328769,0.075439,2,1,0,0,0,,,,
628-,27,30,1.452106699,0.95033161,0.92531151,1.343656351,0,0.86247176,2.55,0,2.55,0,0,0,5,0,0,-0.174765,0.139144,4,2,0,0,0,,,,
628-,41,24,1.451056166,0.949644088,0.926213079,1.344000273,0,0.86589261,2.55,0,2.55,0,0,0,0,5,0,0.153518,-0.138525,2,4,0,0,0,,,,
628-,42,41,1.213436189,0.794133631,0.99997539,1.213403625,0,2.46178601,2.55,0,2.55,0,0,0,0,0,0,-0.34591,0.153518,2,2,0,0,0,,,,
628-,30,47,1.213201451,0.793980007,0.999958227,1.213118377,0,2.47676789,2.55,0,2.55,0,0,0,0,0,0,0.139144,-0.328769,2,2,0,0,0,,,,
631-,30,27,1.913926473,1.04586146,0.552055431,1.056481934,5,0.74599795,2.58,3,2.55,0,0,0,5,5,7,0.848334,-0.442215,4,4,5,0.4,1,,,,
631-,24,30,1.905631622,1.041328755,0.53341525,1.016398067,5,0.7662076,2.55,0,2.58,3,0,0,5,5,7,-0.420864,0.848334,4,4,5,0.4,1,,,,
632-,25,26,1.573936792,1.030063346,0.773772958,1.217869862,5,1.0063483,2.55,0,2.55,0,0,0,5,5,0,-0.006464,0.016747,3,3,5,0.2,1,,,,
632-,26,39,1.541454967,1.008805607,0.706495111,1.088992245,0,1.04361585,2.55,0,2.55,0,0,0,5,0,0,0.016747,0.055986,3,2,0,0,0,,,,
632-,36,25,1.534780074,1.004437221,0.706639916,1.084558811,0,1.05800694,2.55,0,2.55,0,0,0,0,5,0,0.057891,-0.006464,2,3,0,0,0,,,,
632-,39,41,1.531445629,1.002254993,0.84663373,1.296563129,0,1.10657555,2.55,0,2.55,0,0,0,0,0,0,0.055986,0.017091,2,1,0,0,0,,,,
632-,38,36,1.530632178,1.00172263,0.849445359,1.300198117,0,1.11424721,2.55,0,2.55,0,0,0,0,0,0,0.023482,0.057891,1,2,0,0,0,,,,
67-2,1,0,1.47977364,0.968438246,0.784577264,1.160996754,3,1.00178595,2.55,0,2.55,0,0,0,3,3,0,0.06909,0.092832,3,3,3,0.333333333,1,,,,
67-2,7,5,1.533108466,1.003343237,0.699917517,1.07304947,0,1.07282533,2.55,0,2.55,0,0,0,0,0,0,-0.035552,0.103437,2,2,0,0,0,,,,
67-2,10,7,1.529537925,1.001006495,0.834725981,1.276745045,0,1.10355732,2.55,0,2.55,0,0,0,0,0,0,0.019113,-0.035552,1,2,0,0,0,,,,
67-2,5,1,1.511431101,0.98915648,0.828471121,1.252177019,0,1.04208409,2.55,0,2.55,0,0,0,0,3,0,0.103437,0.06909,2,3,0,0,0,,,,
67-2,16,17,1.498988182,0.981013208,0.902073469,1.352197468,0,1.06592673,2.55,0,2.55,0,0,0,0,0,0,-0.106375,0.067003,2,1,0,0,0,,,,
67-2,0,3,1.479388973,0.968186501,0.79959321,1.182909377,0,1.045363,2.55,0,2.55,0,0,0,3,0,0,0.092832,0.066002,3,2,0,0,0,,,,
67-2,3,16,1.340071076,0.877009867,0.779513228,1.044603131,0,1.87472443,2.55,0,2.55,0,0,0,0,0,0,0.066002,-0.106375,2,2,0,0,0,,,,
701-,21,19,1.587697387,1.03906897,0.748144392,1.187837305,5,0.91714798,2.55,0,2.55,0,0,0,5,5,0,-0.247752,0.228471,4,4,19,0.368421053,0,,,,
701-,15,21,1.522663054,0.996507235,0.72317135,1.101144577,5,0.93778362,2.55,0,2.55,0,1,0,5,5,0,0.041955,-0.247752,3,4,19,0.368421053,0,,,,
701-,19,20,1.48268577,1.053792303,0.723870743,1.073294376,6,0.88127369,2.55,0,3.44,1,0,0,5,6,1,0.228471,-0.301992,4,2,19,0.368421053,1,,,,
701-,20,1,1.334853661,0.948723284,0.752290135,1.004194993,6,1.19014189,3.44,1,2.55,0,0,1,6,6,1,-0.301992,0.197895,2,3,19,0.368421053,0,,,,
701-,36,35,1.509433619,0.987849227,0.837744834,1.264519064,0,1.03485389,2.55,0,2.55,0,0,0,0,0,0,0.040321,0.140324,1,3,0,0,0,,,,
701-,42,43,1.503294518,0.983831491,0.83825812,1.260155511,0,1.05081569,2.55,0,2.55,0,0,0,0,0,0,0.158189,0.044194,3,1,0,0,0,,,,
701-,34,12,1.393180957,0.990178363,0.764441108,1.06499833,0,0.96190771,3.44,1,2.55,0,0,1,0,6,1,-0.28405,0.217162,2,3,0,0,0,,,,
701-,0,41,1.3811705,0.981642146,0.891568773,1.231408163,0,0.98217154,2.55,0,3.44,1,1,0,6,0,1,0.173815,-0.281146,3,2,0,0,0,,,,
701-,41,42,1.374687834,0.977034708,0.699089451,0.961026354,0,1.06073606,3.44,1,2.55,0,0,0,0,0,1,-0.281146,0.158189,2,3,0,0,0,,,,
701-,35,34,1.361817456,0.967887318,0.716305044,0.975475772,0,1.08780252,2.55,0,3.44,1,0,0,0,0,1,0.140324,-0.28405,3,2,0,0,0,,,,
702-,19,20,1.472372257,1.046462159,0.783943178,1.154173495,6,0.90475214,2.55,0,3.44,1,0,0,5,6,1,0.234047,-0.305454,4,2,15,0.266666667,1,,,,
702-,22,19,1.449352242,0.994751024,0.877752221,1.272203066,5,1.02998752,3.04,2,2.55,0,0,0,5,5,2,-0.293593,0.234047,3,4,15,0.266666667,0,,,,
702-,20,1,1.345116696,0.956017552,0.755850357,1.016698881,6,1.1760448,3.44,1,2.55,0,0,1,6,6,1,-0.305454,0.171542,2,3,15,0.266666667,0,,,,
702-,35,51,1.537232395,1.006042143,0.839675937,1.290774113,0,1.105019,2.55,0,2.55,0,0,0,0,0,0,0.094755,0.004341,2,1,0,0,0,,,,
702-,36,31,1.533023416,1.003287576,0.692851989,1.062142211,0,1.09488699,2.55,0,2.55,0,0,0,0,0,0,0.231751,0.130159,2,2,0,0,0,,,,
702-,0,35,1.512416123,0.989801128,0.862833179,1.304965999,0,1.04661059,2.55,0,2.55,0,1,0,6,0,0,-0.076523,0.094755,3,2,0,0,0,,,,
702-,43,42,1.508002311,0.986912507,0.844999532,1.274270255,0,1.0384643,2.55,0,2.55,0,0,0,0,0,0,0.050954,0.122974,1,3,0,0,0,,,,
702-,31,22,1.450449605,0.99550419,0.75930184,1.101319374,0,0.96457992,2.55,0,3.04,2,0,0,0,5,2,0.130159,-0.293593,2,3,0,0,0,,,,
702-,39,36,1.433475525,1.018817005,0.82718056,1.185698233,0,0.91592354,3.44,1,2.55,0,0,0,0,0,1,-0.316912,0.231751,2,2,0,0,0,,,,
702-,42,39,1.351887164,0.960829541,0.688739969,0.931106478,0,1.14855173,2.55,0,3.44,1,0,0,0,0,1,0.122974,-0.316912,3,2,0,0,0,,,,
719-2,1,4,1.586700132,1.038416316,0.997970517,1.58347181,4,1.0011474,2.55,0,2.55,0,0,0,4,4,0,-0.234332,-0.062867,4,3,4,0.25,1,,,,
719-2,4,13,1.524825487,0.997922439,0.848623389,1.294036596,0,1.09277857,2.55,0,2.55,0,0,0,4,0,0,-0.062867,0.082464,3,1,0,0,0,,,,
719-2,7,1,1.515949503,0.992113549,0.85921074,1.302475609,0,1.07272519,2.55,0,2.55,0,0,0,0,4,0,0.144735,-0.234332,1,4,0,0,0,,,,
719-3,3,1,1.594340778,1.04341674,0.999999986,1.594340756,4,0.96670712,2.55,0,2.55,0,0,0,4,4,0,-0.239152,-0.238652,4,4,4,0.25,1,,,,
719-3,6,3,1.514807802,0.991366362,0.875350043,1.325987075,0,1.07352596,2.55,0,2.55,0,0,0,0,4,0,0.133892,-0.239152,1,4,0,0,0,,,,
719-3,1,7,1.514788557,0.991353768,0.875367672,1.325996933,0,1.07367439,2.55,0,2.55,0,0,0,4,0,0,-0.238652,0.134554,4,1,0,0,0,,,,
74-,19,21,1.589208219,1.040057735,0.654449064,1.040055831,5,0.91866604,2.55,0,2.55,0,0,0,5,5,0,0.216803,-0.27471,4,4,19,0.368421053,0,,,,
74-,21,15,1.523028051,0.996746107,0.720475908,1.097305018,5,0.92153717,2.55,0,2.55,0,0,1,5,5,0,-0.27471,0.016391,4,3,19,0.368421053,0,,,,
74-,20,19,1.440848183,1.024056988,0.752727768,1.084566437,6,0.95150855,3.44,1,2.55,0,0,0,6,5,1,-0.288455,0.216803,2,4,19,0.368421053,1,,,,
74-,1,20,1.344163496,0.955340083,0.754703806,1.014445306,6,1.17402806,2.55,0,3.44,1,1,0,6,6,1,0.198064,-0.288455,3,2,19,0.368421053,0,,,,
74-,46,47,1.508315343,0.987117371,0.838455952,1.264655977,0,1.03550966,2.55,0,2.55,0,0,0,0,0,0,0.133694,0.044674,3,1,0,0,0,,,,
74-,40,39,1.50413317,0.984380347,0.837620295,1.259892471,0,1.04897955,2.55,0,2.55,0,0,0,0,0,0,0.045952,0.159651,1,3,0,0,0,,,,
74-,12,45,1.394082236,0.990818931,0.932806549,1.300409039,0,0.93683443,2.55,0,3.44,1,1,0,6,0,1,0.215333,-0.290012,3,2,0,0,0,,,,
74-,38,0,1.381503724,0.981878979,0.88546078,1.223267365,0,0.98178824,3.44,1,2.55,0,0,1,0,6,1,-0.281402,0.167479,2,3,0,0,0,,,,
74-,39,38,1.373957213,0.976515432,0.698049297,0.959089866,0,1.06155178,2.55,0,3.44,1,0,0,0,0,1,0.159651,-0.281402,3,2,0,0,0,,,,
74-,45,46,1.365082895,0.97020817,0.704193588,0.961282622,0,1.08898254,3.44,1,2.55,0,0,0,0,0,1,-0.290012,0.133694,2,3,0,0,0,,,,
743-2,17,19,1.585782901,1.037816035,0.650850586,1.032088775,5,0.91687684,2.55,0,2.55,0,0,0,5,5,0,0.200818,-0.231846,4,4,17,0.411764706,0,,,,
743-2,19,14,1.52819476,1.000127461,0.722124417,1.10355096,5,0.92832848,2.55,0,2.55,0,0,1,5,5,0,-0.231846,0.02267,4,3,17,0.411764706,0,,,,
743-2,18,17,1.423148989,1.011477604,0.705286352,1.003702003,6,0.97615183,3.44,1,2.55,0,0,0,6,5,1,-0.282412,0.200818,2,4,17,0.411764706,1,,,,
743-2,1,18,1.354010558,0.962338705,0.719920505,0.974776555,6,1.13919751,2.55,0,3.44,1,1,0,6,6,1,0.199159,-0.282412,3,2,17,0.411764706,0,,,,
743-2,34,33,1.516329457,0.99236221,0.822857388,1.247745292,0,1.10399767,2.55,0,2.55,0,0,0,0,0,0,0.024723,0.141382,1,2,0,0,0,,,,
743-2,37,38,1.509565762,0.987935708,0.838070023,1.265108728,0,1.03470196,2.55,0,2.55,0,0,0,0,0,0,0.139052,0.04142,3,1,0,0,0,,,,
743-2,33,32,1.422637065,1.011113764,0.698106268,0.993143595,0,0.9364919,2.55,0,3.44,1,0,0,0,0,1,0.141382,-0.304909,2,2,0,0,0,,,,
743-2,11,36,1.394073537,0.990812749,0.766853176,1.069058572,0,0.95564168,2.55,0,3.44,1,1,0,6,0,1,0.217564,-0.284377,3,2,0,0,0,,,,
743-2,36,37,1.361379131,0.967575786,0.714237121,0.972351861,0,1.09176018,3.44,1,2.55,0,0,0,0,0,1,-0.284377,0.139052,2,3,0,0,0,,,,
743-2,32,0,1.350479268,0.959828904,0.725022963,0.979127966,0,1.17693584,3.44,1,2.55,0,0,1,0,6,1,-0.304909,0.198066,2,3,0,0,0,,,,
743-3,19,14,1.385567294,0.950972748,0.94044616,1.303061493,5,1.07953923,3.04,2,2.55,0,0,1,5,5,2,-0.309975,0.20009,3,3,17,0.411764706,0,,,,
743-3,33,32,1.516370214,0.992388884,0.82282941,1.247709457,0,1.10394528,2.55,0,2.55,0,0,0,0,0,0,0.024889,0.141603,1,2,0,0,0,,,,
743-3,63,62,1.509745943,0.988053627,0.837541146,1.264470053,0,1.03921215,2.55,0,2.55,0,0,0,0,0,0,0.143447,0.044474,3,1,0,0,0,,,,
743-3,32,31,1.422486705,1.011006898,0.698023256,0.99293794,0,0.9370776,2.55,0,3.44,1,0,0,0,0,1,0.141603,-0.304972,2,2,0,0,0,,,,
743-3,9,64,1.390056281,0.987957555,0.999665309,1.389576143,0,0.98624105,2.55,0,3.44,1,1,0,6,0,1,0.217711,-0.272485,3,2,0,0,0,,,,
743-3,64,63,1.358016674,0.96518598,0.727932236,0.988550321,0,1.09189244,3.44,1,2.55,0,0,0,0,0,1,-0.272485,0.143447,2,3,0,0,0,,,,
743-3,31,0,1.350706099,0.95999012,0.725012855,0.979268224,0,1.17657974,3.44,1,2.55,0,0,1,0,6,1,-0.304972,0.197529,2,3,0,0,0,,,,
75-,19,22,1.467218168,1.007013156,0.90745672,1.331436987,5,0.98589372,2.55,0,3.04,2,0,0,5,5,2,0.255414,-0.285436,4,3,15,0.266666667,0,,,,
75-,20,19,1.443229037,1.025749138,0.785528132,1.133697009,6,0.95861118,3.44,1,2.55,0,0,0,6,5,1,-0.295777,0.255414,2,4,15,0.266666667,1,,,,
75-,1,20,1.345735252,0.95645718,0.755197125,1.016295394,6,1.15966725,2.55,0,3.44,1,1,0,6,6,1,0.197174,-0.295777,3,2,15,0.266666667,0,,,,
75-,31,42,1.538145043,1.006639426,0.706002932,1.08593491,0,1.08588664,2.55,0,2.55,0,0,0,0,0,0,0.133647,0.219157,2,2,0,0,0,,,,
75-,48,49,1.508356623,0.987144387,0.844522777,1.273841524,0,1.03993893,2.55,0,2.55,0,0,0,0,0,0,0.120073,0.052329,3,1,0,0,0,,,,
75-,37,36,1.504546825,0.984651063,0.837784045,1.260485325,0,1.04822464,2.55,0,2.55,0,0,0,0,0,0,0.046441,0.158483,1,3,0,0,0,,,,
75-,22,31,1.445309268,0.991976162,0.837440967,1.210361191,0,0.99116401,3.04,2,2.55,0,0,0,5,0,2,-0.285436,0.133647,3,2,0,0,0,,,,
75-,42,45,1.434248675,1.019366507,0.816221525,1.170664641,0,0.91444951,2.55,0,3.44,1,0,0,0,0,1,0.219157,-0.320083,2,2,0,0,0,,,,
75-,35,0,1.382699791,0.982729062,0.880822169,1.217912629,0,0.97914807,3.44,1,2.55,0,0,1,0,6,1,-0.282678,0.16603,2,3,0,0,0,,,,
75-,36,35,1.373050845,0.975871247,0.697638951,0.957893751,0,1.06446744,2.55,0,3.44,1,0,0,0,0,1,0.158483,-0.282678,3,2,0,0,0,,,,
75-,45,48,1.354059146,0.962373238,0.688545521,0.93233136,0,1.13833139,3.44,1,2.55,0,0,0,0,0,1,-0.320083,0.120073,2,3,0,0,0,,,,
771-2,18,19,1.466149788,1.04203965,0.801993892,1.17585194,6,0.92921112,2.55,0,3.44,1,0,0,5,6,1,0.242019,-0.308014,4,2,19,0.315789474,1,,,,
771-2,21,18,1.443729718,0.990892051,0.881164014,1.272175976,5,1.03919214,3.04,2,2.55,0,0,0,5,5,2,-0.288759,0.242019,3,4,19,0.315789474,0,,,,
771-2,19,1,1.350149902,0.959594813,0.743547159,1.003896948,6,1.16404251,3.44,1,2.55,0,0,1,6,6,1,-0.308014,0.154791,2,3,19,0.315789474,0,,,,
771-2,33,30,1.538972671,1.007181067,0.70326885,1.082307264,0,1.08390195,2.55,0,2.55,0,0,0,0,0,0,0.214549,0.12449,2,2,0,0,0,,,,
771-2,51,52,1.51043845,0.988506839,0.865073557,1.306635242,0,1.03042575,2.55,0,2.55,0,0,0,0,0,0,0.138595,0.016385,3,1,0,0,0,,,,
771-2,40,39,1.507903898,0.986848101,0.84470775,1.273744161,0,1.03861312,2.55,0,2.55,0,0,0,0,0,0,0.051396,0.120867,1,3,0,0,0,,,,
771-2,30,21,1.448970233,0.994488835,0.844750296,1.224025041,0,0.99695203,2.55,0,3.04,2,0,0,0,5,2,0.12449,-0.288759,2,3,0,0,0,,,,
771-2,36,33,1.434217927,1.019344653,0.823642369,1.181284212,0,0.90606461,3.44,1,2.55,0,0,0,0,0,1,-0.319516,0.214549,2,2,0,0,0,,,,
771-2,50,51,1.385923695,0.985020395,0.996216405,1.380698598,0,1.00482541,3.44,1,2.55,0,0,0,0,0,1,-0.25922,0.138595,2,3,0,0,0,,,,
771-2,46,50,1.375645184,0.977715127,0.88233422,1.213796987,0,1.06137403,2.55,0,3.44,1,1,0,6,0,1,0.167347,-0.25922,3,2,0,0,0,,,,
771-2,39,36,1.351917914,0.960851396,0.689684694,0.932397905,0,1.14787944,2.55,0,3.44,1,0,0,0,0,1,0.120867,-0.319516,3,2,0,0,0,,,,
776-,17,18,1.458192534,1.036384175,0.792563672,1.155726592,6,0.93911538,2.55,0,3.44,1,0,0,5,6,1,0.235994,-0.311122,4,2,19,0.263157895,1,,,,
776-,20,17,1.447364847,0.993386992,0.895564674,1.296185357,5,1.03078784,3.04,2,2.55,0,0,0,5,5,2,-0.29813,0.235994,3,4,19,0.263157895,0,,,,
776-,18,1,1.353847413,0.962222753,0.750155074,1.01560931,6,1.14501939,3.44,1,2.55,0,0,1,6,6,1,-0.311122,0.138429,2,3,19,0.263157895,0,,,,
776-,32,29,1.533225236,1.003419657,0.692603477,1.061921601,0,1.0882131,2.55,0,2.55,0,0,0,0,0,0,0.229599,0.125908,2,2,0,0,0,,,,
776-,39,38,1.508007088,0.986915634,0.844848283,1.274012458,0,1.03874712,2.55,0,2.55,0,0,0,0,0,0,0.049098,0.126612,1,3,0,0,0,,,,
776-,56,53,1.503521452,0.983980008,0.838657772,1.260959162,0,1.05009836,2.55,0,2.55,0,0,0,0,0,0,0.156337,0.053561,3,1,0,0,0,,,,
776-,29,20,1.453415823,0.997540029,0.769245695,1.11803801,0,0.94833882,2.55,0,3.04,2,0,0,0,5,2,0.125908,-0.29813,2,3,0,0,0,,,,
776-,35,32,1.433339782,1.018720527,0.823805066,1.180794686,0,0.91495024,3.44,1,2.55,0,0,0,0,0,1,-0.315854,0.229599,2,2,0,0,0,,,,
776-,59,52,1.388981703,0.987193818,0.876446512,1.217353835,0,0.9745707,2.55,0,3.44,1,1,0,6,0,1,0.113812,-0.291217,3,2,0,0,0,,,,
776-,52,56,1.369370396,0.973255434,0.701148398,0.960136774,0,1.04905169,3.44,1,2.55,0,0,0,0,0,1,-0.291217,0.156337,2,3,0,0,0,,,,
776-,38,35,1.350944709,0.960159708,0.688816975,0.930561507,0,1.15147201,2.55,0,3.44,1,0,0,0,0,1,0.126612,-0.315854,3,2,0,0,0,,,,
777-,1,0,1.444145338,0.945121295,0.999984057,1.444088323,6,1.13241871,2.55,0,2.55,0,0,1,6,6,0,0.138609,0.080102,3,3,19,0.263157895,0,,,,
777-,20,17,1.436024777,0.985603828,0.884501046,1.270096654,5,1.03451925,3.04,2,2.55,0,0,0,5,5,2,-0.291504,0.091807,3,4,19,0.263157895,0,,,,
777-,17,18,1.435647847,1.020360943,0.716793996,1.028752841,6,0.93799042,2.55,0,3.44,1,0,0,5,6,1,0.091807,-0.278551,4,2,19,0.263157895,1,,,,
777-,18,1,1.361675966,0.967786756,0.744401395,1.013966487,6,1.13871752,3.44,1,2.55,0,0,0,6,6,1,-0.278551,0.138609,2,3,19,0.263157895,0,,,,
777-,24,21,1.527441907,0.999634756,0.677017774,1.034035105,0,1.06718456,2.55,0,2.55,0,0,0,0,0,0,0.229192,0.129585,2,2,0,0,0,,,,
777-,31,30,1.508632031,0.987324628,0.844804425,1.274502747,0,1.04453738,2.55,0,2.55,0,0,0,0,0,0,0.050706,0.11914,1,3,0,0,0,,,,
777-,48,45,1.505448718,0.985241308,0.837112212,1.260219681,0,1.04681518,2.55,0,2.55,0,0,0,0,0,0,0.153036,0.037463,3,1,0,0,0,,,,
777-,21,20,1.456971339,0.999980329,0.782376685,1.140139205,0,0.94923352,2.55,0,3.04,2,0,0,0,5,2,0.129585,-0.291504,2,3,0,0,0,,,,
777-,27,24,1.430161896,1.016461902,0.679783731,0.972027668,0,0.92040452,3.44,1,2.55,0,0,0,0,0,1,-0.325273,0.229192,2,2,0,0,0,,,,
777-,51,44,1.386324405,0.985305192,0.883089593,1.224352653,0,0.9907348,2.55,0,3.44,1,1,0,6,0,1,0.119347,-0.286009,3,2,0,0,0,,,,
777-,44,48,1.367873572,0.972191593,0.700525638,0.958141648,0,1.05925707,3.44,1,2.55,0,0,0,0,0,1,-0.286009,0.153036,2,3,0,0,0,,,,
777-,30,27,1.353363394,0.961878745,0.687158583,0.930034208,0,1.12520214,2.55,0,3.44,1,0,0,0,0,1,0.11914,-0.325273,3,2,0,0,0,,,,
778-,17,18,1.460725721,1.038184592,0.790963099,1.155373973,6,0.93436984,2.55,0,3.44,1,0,0,5,6,1,0.229435,-0.311395,4,2,19,0.263157895,1,,,,
778-,20,17,1.447274135,0.993324733,0.890138504,1.288286689,5,1.03625227,3.04,2,2.55,0,0,0,5,5,2,-0.292698,0.229435,3,4,19,0.263157895,0,,,,
778-,18,1,1.352689419,0.961399729,0.748751676,1.012844739,6,1.14594886,3.44,1,2.55,0,0,1,6,6,1,-0.311395,0.158237,2,3,19,0.263157895,0,,,,
778-,32,29,1.526241992,0.998849471,0.675572766,1.031092592,0,1.06641446,2.55,0,2.55,0,0,0,0,0,0,0.226106,0.140471,2,2,0,0,0,,,,
778-,39,38,1.508949012,0.987532076,0.845038174,1.275114933,0,1.04476735,2.55,0,2.55,0,0,0,0,0,0,0.051372,0.118597,1,3,0,0,0,,,,
778-,55,52,1.502560109,0.983350857,0.837629652,1.258575717,0,1.05122906,2.55,0,2.55,0,0,0,0,0,0,0.156395,0.05173,3,1,0,0,0,,,,
778-,29,20,1.454295471,0.998143769,0.773341168,1.12466342,0,0.93842512,2.55,0,3.04,2,0,0,0,5,2,0.140471,-0.292698,2,3,0,0,0,,,,
778-,35,32,1.430561394,1.016745838,0.681473403,0.974887529,0,0.91998931,3.44,1,2.55,0,0,0,0,0,1,-0.32247,0.226106,2,2,0,0,0,,,,
778-,58,51,1.381958231,0.982202012,0.879380535,1.2152456,0,1.0005081,2.55,0,3.44,1,1,0,6,0,1,0.125678,-0.287219,3,2,0,0,0,,,,
778-,51,55,1.373590435,0.976254751,0.702555141,0.96501951,0,1.03780644,3.44,1,2.55,0,0,0,0,0,1,-0.287219,0.156395,2,3,0,0,0,,,,
778-,38,35,1.352008238,0.960915592,0.686924623,0.928725799,0,1.13081542,2.55,0,3.44,1,0,0,0,0,1,0.118597,-0.32247,3,2,0,0,0,,,,
783-2,29,26,1.470329442,1.009148553,0.935349033,1.375312276,5,0.97355248,3.04,2,2.55,0,0,0,5,5,2,-0.290781,0.234525,3,4,19,0.368421053,0,,,,
783-2,0,1,1.43954062,0.942107735,0.96114643,1.383608526,6,1.14788781,2.55,0,2.55,0,0,0,6,6,0,0.022329,0.078519,3,3,19,0.368421053,0,,,,
783-2,1,9,1.41876803,0.928513108,0.766824185,1.087963968,6,1.25491232,2.55,0,2.55,0,0,0,6,6,0,0.078519,-0.086695,3,2,19,0.368421053,0,,,,
783-2,9,8,1.379434096,0.902771005,0.744806341,1.027407864,6,1.44563772,2.55,0,2.55,0,0,0,6,6,0,-0.086695,0.221415,2,3,19,0.368421053,0,,,,
783-2,42,41,1.536198433,1.005365467,0.692256708,1.063446634,0,1.09958972,2.55,0,2.55,0,0,0,0,0,0,0.220918,0.142392,2,2,0,0,0,,,,
783-2,49,48,1.508953008,0.987534691,0.844692161,1.274590192,0,1.03814746,2.55,0,2.55,0,0,0,0,0,0,0.050196,0.125973,1,3,0,0,0,,,,
783-2,66,67,1.507813596,0.986789003,0.837149025,1.262266001,0,1.036773,2.55,0,2.55,0,0,0,0,0,0,0.139045,0.041923,3,1,0,0,0,,,,
783-2,41,29,1.443700254,0.990871828,0.802696098,1.158869186,0,0.9737918,2.55,0,3.04,2,0,0,0,5,2,0.142392,-0.290781,2,3,0,0,0,,,,
783-2,45,42,1.43567163,1.020377847,0.812410404,1.166367868,0,0.90551347,3.44,1,2.55,0,0,0,0,0,1,-0.319736,0.220918,2,2,0,0,0,,,,
783-2,8,65,1.388693649,0.98698909,0.771571299,1.071477293,0,0.98401268,2.55,0,3.44,1,0,0,6,0,1,0.221415,-0.281294,3,2,0,0,0,,,,
783-2,65,66,1.367458075,0.971896286,0.709918397,0.970776379,0,1.07408576,3.44,1,2.55,0,0,0,0,0,1,-0.281294,0.139045,2,3,0,0,0,,,,
783-2,48,45,1.350353656,0.959739627,0.690708546,0.932682698,0,1.15152453,2.55,0,3.44,1,0,0,0,0,1,0.125973,-0.319736,3,2,0,0,0,,,,
786-2,14,15,1.474162506,1.047734546,0.804555226,1.186160914,6,0.92531397,2.55,0,3.44,1,0,0,5,6,1,0.256147,-0.291451,4,2,11,0.272727273,1,,,,
786-2,17,14,1.443257771,0.990568133,0.885839512,1.278459754,5,1.04939975,3.04,2,2.55,0,0,0,5,5,2,-0.290352,0.256147,3,4,11,0.272727273,0,,,,
786-2,15,1,1.34096014,0.953063355,0.730570611,0.979638942,6,1.18981275,3.44,1,2.55,0,0,0,6,6,1,-0.291451,0.264779,2,3,11,0.272727273,0,,,,
786-2,27,26,1.533213082,1.003411703,0.693346284,1.063041122,0,1.09285968,2.55,0,2.55,0,0,0,0,0,0,0.227153,0.138989,2,2,0,0,0,,,,
786-2,58,57,1.508594009,0.987299744,0.83637673,1.261726102,0,1.04038916,2.55,0,2.55,0,0,0,0,0,0,0.143544,0.043461,3,1,0,0,0,,,,
786-2,34,33,1.507868992,0.986825257,0.844780857,1.273807194,0,1.03829859,2.55,0,2.55,0,0,0,0,0,0,0.049994,0.123065,1,3,0,0,0,,,,
786-2,1,0,1.469473295,0.961697183,0.993941635,1.460598407,0,1.01637908,2.55,0,2.55,0,0,1,6,5,0,0.264779,-0.108933,3,3,0,0,0,,,,
786-2,26,17,1.451712986,0.996371301,0.766775433,1.113123051,0,0.95559386,2.55,0,3.04,2,0,0,0,5,2,0.138989,-0.290352,2,3,0,0,0,,,,
786-2,30,27,1.433293026,1.018687296,0.825407281,1.18306083,0,0.91673457,3.44,1,2.55,0,0,0,0,0,1,-0.316902,0.227153,2,2,0,0,0,,,,
786-2,45,59,1.385935446,0.985028746,0.998718067,1.384193089,0,0.99913181,2.55,0,3.44,1,1,0,6,0,1,0.212001,-0.276043,3,2,0,0,0,,,,
786-2,59,58,1.364159059,0.96955157,0.726267118,0.990751459,0,1.06963218,3.44,1,2.55,0,0,0,0,0,1,-0.276043,0.143544,2,3,0,0,0,,,,
786-2,33,30,1.352050331,0.960945509,0.689009597,0.931587013,0,1.14765446,2.55,0,3.44,1,0,0,0,0,1,0.123065,-0.316902,3,2,0,0,0,,,,
787-2,14,15,1.472635891,1.046649532,0.802932926,1.182424537,6,0.9300846,2.55,0,3.44,1,0,0,5,6,1,0.257326,-0.290909,4,2,11,0.272727273,1,,,,
787-2,40,41,1.46282707,1.003999362,0.707057454,1.034313188,5,1.04971,3.04,2,2.55,0,0,0,5,5,2,-0.126256,0.112846,2,3,5,0.4,0,,,,
787-2,17,14,1.443945747,0.991040321,0.88300338,1.275017381,5,1.04620262,3.04,2,2.55,0,0,0,5,5,2,-0.290456,0.257326,3,4,11,0.272727273,0,,,,
787-2,61,63,1.401244212,0.917044641,0.744423807,1.043133957,6,1.34521241,2.55,0,2.55,0,0,0,6,6,0,0.011717,-0.033091,3,2,6,0.333333333,0,,,,
787-2,63,66,1.39471915,0.912774313,0.762369316,1.063284341,6,1.35446231,2.55,0,2.55,0,0,0,6,6,0,-0.033091,0.211509,2,3,6,0.333333333,0,,,,
787-2,15,1,1.340546025,0.95276903,0.729680088,0.978176318,6,1.18730345,3.44,1,2.55,0,0,0,6,6,1,-0.290909,0.186901,2,3,11,0.272727273,0,,,,
787-2,0,40,1.273607406,0.874129998,0.702118833,0.894219314,5,1.85769306,2.55,0,3.04,2,0,0,5,5,2,0.119222,-0.126256,3,2,5,0.4,0,,,,
787-2,27,26,1.53383714,1.003820118,0.693473381,1.063687398,0,1.09469914,2.55,0,2.55,0,0,0,0,0,0,0.226132,0.139588,2,2,0,0,0,,,,
787-2,41,61,1.513255665,0.990350566,0.743998216,1.125860977,0,0.99115512,2.55,0,2.55,0,0,0,5,6,0,0.112846,0.011717,3,3,0,0,0,,,,
787-2,34,33,1.507882203,0.986833902,0.844704969,1.273705437,0,1.03827417,2.55,0,2.55,0,0,0,0,0,0,0.049587,0.122378,1,3,0,0,0,,,,
787-2,74,73,1.507302791,0.986454706,0.83830949,1.263593574,0,1.03736868,2.55,0,2.55,0,0,0,0,0,0,0.139741,0.043401,3,1,0,0,0,,,,
787-2,1,0,1.474158756,0.964763584,0.997400338,1.470342345,0,0.98887409,2.55,0,2.55,0,0,0,6,5,0,0.186901,0.119222,3,3,0,0,0,,,,
787-2,26,17,1.450866586,0.995790382,0.770330113,1.117650099,0,0.95662929,2.55,0,3.04,2,0,0,0,5,2,0.139588,-0.290456,2,3,0,0,0,,,,
787-2,30,27,1.433014793,1.018489547,0.825547697,1.183014244,0,0.91722362,3.44,1,2.55,0,0,0,0,0,1,-0.31627,0.226132,2,2,0,0,0,,,,
787-2,66,72,1.39198857,0.989330896,0.937500058,1.304998349,0,0.94692552,2.55,0,3.44,1,0,0,6,0,1,0.211509,-0.285258,3,2,0,0,0,,,,
787-2,72,74,1.365082658,0.970208001,0.705631713,0.963239783,0,1.09036709,3.44,1,2.55,0,0,0,0,0,1,-0.285258,0.139741,2,3,0,0,0,,,,
787-2,33,30,1.352061535,0.960953472,0.68913673,0.931770302,0,1.14749203,2.55,0,3.44,1,0,0,0,0,1,0.122378,-0.31627,3,2,0,0,0,,,,
787-3,14,15,1.472333532,1.046434635,0.752672861,1.086794154,6,0.92839461,2.55,0,3.44,1,0,0,5,6,1,0.25464,-0.290248,4,2,11,0.272727273,1,,,,
787-3,40,41,1.46376801,1.004645168,0.723945393,1.070893782,5,1.05441975,3.04,2,2.55,0,0,0,5,5,2,-0.134636,0.088846,2,3,5,0.4,0,,,,
787-3,17,14,1.444566928,0.991466663,0.918223932,1.360275849,5,1.04634614,3.04,2,2.55,0,0,0,5,5,2,-0.290209,0.25464,3,4,11,0.272727273,0,,,,
787-3,15,1,1.340997213,0.953089704,0.732307476,1.00731485,6,1.19021318,3.44,1,2.55,0,0,0,6,6,1,-0.290248,0.184481,2,3,11,0.272727273,0,,,,
787-3,0,40,1.273834789,0.874286059,0.694230014,0.89665656,5,1.85035897,2.55,0,3.04,2,0,0,5,5,2,0.118114,-0.134636,3,2,5,0.4,0,,,,
787-3,27,26,1.533429092,1.003553071,0.686810746,1.053620693,0,1.09353723,2.55,0,2.55,0,0,0,0,0,0,0.227832,0.138104,2,2,0,0,0,,,,
787-3,41,61,1.519915208,0.994708906,0.957677262,1.453038918,0,0.98503218,2.55,0,2.55,0,0,1,5,6,0,0.088846,0.089695,3,3,0,0,0,,,,
787-3,73,72,1.509451226,0.98786075,0.827293663,1.240583496,0,1.04009105,2.55,0,2.55,0,0,0,0,0,0,0.144574,0.042364,3,1,0,0,0,,,,
787-3,34,33,1.507824204,0.986795945,0.838152857,1.255068094,0,1.03851691,2.55,0,2.55,0,0,0,0,0,0,0.05082,0.122299,1,3,0,0,0,,,,
787-3,1,0,1.474592126,0.965047203,0.995449019,1.477307567,0,0.9891342,2.55,0,2.55,0,0,0,6,5,0,0.184481,0.118114,3,3,0,0,0,,,,
787-3,26,17,1.451371472,0.996136906,0.737924819,1.079388568,0,0.95629739,2.55,0,3.04,2,0,0,0,5,2,0.138104,-0.290209,2,3,0,0,0,,,,
787-3,30,27,1.433616163,1.01891696,0.823252161,1.183406923,0,0.91647919,3.44,1,2.55,0,0,0,0,0,1,-0.316345,0.227832,2,2,0,0,0,,,,
787-3,67,76,1.387724565,0.986300331,0.964962069,1.366190892,0,0.99749538,2.55,0,3.44,1,1,0,6,0,1,0.216042,-0.272347,3,2,0,0,0,,,,
787-3,76,73,1.360642213,0.967052035,0.721791442,1.009341769,0,1.08172343,3.44,1,2.55,0,0,0,0,0,1,-0.272347,0.144574,2,3,0,0,0,,,,
787-3,33,30,1.351799378,0.960767149,0.676025672,0.919732665,0,1.1486729,2.55,0,3.44,1,0,0,0,0,1,0.122299,-0.316345,3,2,0,0,0,,,,
78i-,19,22,1.473325999,1.011205216,0.920988931,1.356916937,5,0.96391324,2.55,0,3.04,2,1,0,5,5,2,0.242026,-0.287793,4,3,15,0.266666667,0,,,,
78i-,38,43,1.531565377,1.002333362,0.690260269,1.05717873,0,1.06386639,2.55,0,2.55,0,0,0,0,0,0,0.147174,0.215734,2,2,0,0,0,,,,
78i-,49,50,1.509784988,0.988079181,0.845690552,1.2768109,0,1.04308135,2.55,0,2.55,0,0,0,0,0,0,0.118825,0.050982,3,1,0,0,0,,,,
78i-,33,32,1.50585165,0.985505007,0.838432641,1.262555176,0,1.0458383,2.55,0,2.55,0,0,0,0,0,0,0.04606,0.15824,1,3,0,0,0,,,,
78i-,22,38,1.443574356,0.990785419,0.84866331,1.225108591,0,0.99063135,3.04,2,2.55,0,0,0,5,0,2,-0.287793,0.147174,3,2,0,0,0,,,,
78i-,43,46,1.433715451,1.018987527,0.680226779,0.975251643,0,0.90859944,2.55,0,3.44,1,0,0,0,0,1,0.215734,-0.325051,2,2,0,0,0,,,,
78i-,31,0,1.386689718,0.985564831,0.88113608,1.221862343,0,0.97116669,3.44,1,2.55,0,0,1,0,6,1,-0.283634,0.158979,2,3,0,0,0,,,,
78i-,32,31,1.368873934,0.972902583,0.697153522,0.954315285,0,1.07794908,2.55,0,3.44,1,0,0,0,0,1,0.15824,-0.283634,3,2,0,0,0,,,,
78i-,46,49,1.350694034,0.959981545,0.686988068,0.927910685,0,1.1360607,3.44,1,2.55,0,0,0,0,0,1,-0.325051,0.118825,2,3,0,0,0,,,,
79-,19,22,1.472147443,1.010396323,0.918936071,1.352809387,5,0.96781043,2.55,0,3.04,2,1,0,5,5,2,0.240075,-0.28721,4,3,15,0.266666667,0,,,,
79-,38,42,1.53171044,1.002428299,0.690954283,1.058341889,0,1.06212046,2.55,0,2.55,0,0,0,0,0,0,0.147663,0.2136,2,2,0,0,0,,,,
79-,48,49,1.509282381,0.987750249,0.845368053,1.275899107,0,1.0437395,2.55,0,2.55,0,0,0,0,0,0,0.118984,0.051379,3,1,0,0,0,,,,
79-,33,32,1.504806531,0.984821028,0.837815295,1.260749928,0,1.04745932,2.55,0,2.55,0,0,0,0,0,0,0.045771,0.159339,1,3,0,0,0,,,,
79-,22,38,1.444487106,0.991411878,0.848018211,1.224951371,0,0.98985194,3.04,2,2.55,0,0,0,5,0,2,-0.28721,0.147663,3,2,0,0,0,,,,
79-,42,45,1.433461897,1.018807318,0.679327096,0.973789508,0,0.91038163,2.55,0,3.44,1,0,0,0,0,1,0.2136,-0.325768,2,2,0,0,0,,,,
79-,31,0,1.383689006,0.983432129,0.883283396,1.222189524,0,0.97552098,3.44,1,2.55,0,0,1,0,6,1,-0.282721,0.155597,2,3,0,0,0,,,,
79-,32,31,1.371718798,0.974924519,0.698054907,0.957535038,0,1.06849004,2.55,0,3.44,1,0,0,0,0,1,0.159339,-0.282721,3,2,0,0,0,,,,
79-,45,48,1.351476849,0.960537917,0.686123236,0.927279669,0,1.13302838,3.44,1,2.55,0,0,0,0,0,1,-0.325768,0.118984,2,3,0,0,0,,,,
79-2,20,19,1.460316608,1.037893823,0.801924867,1.171064201,6,0.93501366,3.44,1,2.55,0,0,0,6,5,1,-0.315708,0.238168,2,4,15,0.266666667,1,,,,
79-2,19,22,1.454523631,0.998300364,0.883198638,1.28463329,5,1.02420669,2.55,0,3.04,2,0,0,5,5,2,0.238168,-0.293757,4,3,15,0.266666667,0,,,,
79-2,1,20,1.352149061,0.961015679,0.755635727,1.021732138,6,1.1265856,2.55,0,3.44,1,1,0,6,6,1,0.176725,-0.315708,3,2,15,0.266666667,0,,,,
79-2,31,39,1.531943579,1.002580876,0.690141233,1.05725743,0,1.08716123,2.55,0,2.55,0,0,0,0,0,0,0.132826,0.231907,2,2,0,0,0,,,,
79-2,45,46,1.508701824,0.987370304,0.845046604,1.274923353,0,1.03775271,2.55,0,2.55,0,0,0,0,0,0,0.126954,0.049403,3,1,0,0,0,,,,
79-2,34,33,1.504217456,0.984435508,0.839369555,1.262594337,0,1.05079743,2.55,0,2.55,0,0,0,0,0,0,0.043651,0.155966,1,3,0,0,0,,,,
79-2,22,31,1.453522576,0.997613298,0.755712201,1.098444744,0,0.95507843,3.04,2,2.55,0,0,0,5,0,2,-0.293757,0.132826,3,2,0,0,0,,,,
79-2,39,42,1.434999175,1.019899912,0.823475617,1.181686832,0,0.91293317,2.55,0,3.44,1,0,0,0,0,1,0.231907,-0.317866,2,2,0,0,0,,,,
79-2,32,0,1.384520718,0.984023253,0.892929564,1.236279481,0,0.97190958,3.44,1,2.55,0,0,1,0,6,1,-0.28299,0.174964,2,3,0,0,0,,,,
79-2,33,32,1.371832414,0.975005269,0.698293434,0.957941567,0,1.07169856,2.55,0,3.44,1,0,0,0,0,1,0.155966,-0.28299,3,2,0,0,0,,,,
79-2,42,45,1.350512996,0.959852875,0.688216562,0.929445411,0,1.15299515,3.44,1,2.55,0,0,0,0,0,1,-0.317866,0.126954,2,3,0,0,0,,,,
806-2,20,17,1.484072617,1.018581069,0.913916104,1.356317865,5,1.04721154,3.04,2,2.55,0,0,0,5,5,2,-0.297234,0.24912,3,4,15,0.266666667,0,,,,
806-2,17,18,1.44706281,1.028473923,0.778340145,1.126307077,6,0.8898278,2.55,0,3.44,1,0,0,5,6,1,0.24912,-0.299774,4,2,15,0.266666667,1,,,,
806-2,1,0,1.408063159,0.921507303,0.998918711,1.406540636,6,1.32650093,2.55,0,2.55,0,0,0,6,6,0,0.180733,-0.082604,3,3,15,0.266666667,0,,,,
806-2,18,1,1.365279662,0.970348019,0.738533447,1.008304696,6,1.19853948,3.44,1,2.55,0,0,0,6,6,1,-0.299774,0.180733,2,3,15,0.266666667,0,,,,
806-2,43,29,1.53314043,1.003364156,0.687011651,1.053285337,0,1.08949663,2.55,0,2.55,0,0,0,0,0,0,0.238932,0.144397,2,2,0,0,0,,,,
806-2,116,106,1.519493598,0.994432983,0.961939429,1.461660804,0,1.01136876,2.55,0,2.55,0,0,0,0,6,0,0.205333,-0.034691,2,3,0,0,0,,,,
806-2,72,71,1.517975735,0.993439617,0.956522737,1.451978304,0,1.04402513,2.55,0,2.55,0,1,0,6,0,0,0.000703,0.202712,3,2,0,0,0,,,,
806-2,111,116,1.514165623,0.990946088,0.816566131,1.236416364,0,1.03359073,2.55,0,2.55,0,1,0,6,0,0,-0.056839,0.205333,3,2,0,0,0,,,,
806-2,0,34,1.512415603,0.989800788,0.889120608,1.344719881,0,1.04370461,2.55,0,2.55,0,0,0,6,0,0,-0.082604,0.34843,3,2,0,0,0,,,,
806-2,71,63,1.509335673,0.987785126,0.807065959,1.218133442,0,1.04160782,2.55,0,2.55,0,0,1,0,6,0,0.202712,-0.009865,2,3,0,0,0,,,,
806-2,59,52,1.507762182,0.986755355,0.744436214,1.12243277,0,1.02113458,2.55,0,2.55,0,1,0,6,0,0,-0.035383,0.235921,3,2,0,0,0,,,,
806-2,108,114,1.505288816,0.98513666,0.893103679,1.34437898,0,1.0259653,2.55,0,2.55,0,0,1,0,6,0,0.280338,-0.080523,2,3,0,0,0,,,,
806-2,86,85,1.502182567,0.983103774,0.863670329,1.297390512,0,1.03559091,2.55,0,2.55,0,0,0,0,0,0,0.018396,0.153719,1,3,0,0,0,,,,
806-2,98,96,1.500754905,0.98216944,0.862166701,1.293900906,0,1.03443937,2.55,0,2.55,0,0,0,0,0,0,0.130697,0.007859,3,1,0,0,0,,,,
806-2,29,20,1.456996248,0.999997425,0.737816716,1.074996187,0,0.95971833,2.55,0,3.04,2,0,0,0,5,2,0.144397,-0.297234,2,3,0,0,0,,,,
806-2,126,108,1.441551161,0.989396816,0.754948126,1.088296347,0,0.97359289,3.04,2,2.55,0,0,0,0,0,2,-0.196864,0.280338,2,2,0,0,0,,,,
806-2,52,51,1.439272574,0.987832927,0.778702211,1.120764736,0,0.98238106,2.55,0,3.04,2,0,0,0,0,2,0.235921,-0.186877,2,2,0,0,0,,,,
806-2,46,43,1.437708343,1.021825404,0.823775388,1.184348748,0,0.9196961,3.44,1,2.55,0,0,0,0,0,1,-0.330775,0.238932,2,2,0,0,0,,,,
806-2,34,53,1.429855254,1.016243962,0.727837534,1.040702322,0,0.93590854,2.55,0,3.44,1,0,0,0,0,1,0.34843,-0.348958,2,2,0,0,0,,,,
806-2,84,79,1.414170702,1.005096448,0.965201294,1.364959391,0,1.04372456,3.44,1,2.55,0,0,1,0,6,1,-0.25531,0.12269,2,3,0,0,0,,,,
806-2,103,101,1.413732629,1.004785095,0.971825646,1.373901625,0,1.04928108,2.55,0,3.44,1,0,0,6,0,1,0.123964,-0.273002,3,2,0,0,0,,,,
806-2,101,98,1.394596507,0.99118444,0.997322622,1.390862645,0,0.99244239,3.44,1,2.55,0,0,0,0,0,1,-0.273002,0.130697,2,3,0,0,0,,,,
806-2,85,84,1.390945754,0.988589733,0.994077972,1.382708534,0,1.02990085,2.55,0,3.44,1,0,0,0,0,1,0.153719,-0.25531,3,2,0,0,0,,,,
806-2,54,126,1.359948483,0.933389487,0.998959848,1.35853393,0,1.20417725,2.55,0,3.04,2,0,0,0,0,2,0.235818,-0.196864,3,2,0,0,0,,,,
806-2,51,50,1.356651716,0.931126778,0.718340306,0.974537609,0,1.19875669,3.04,2,2.55,0,0,0,0,0,2,-0.186877,0.239782,2,3,0,0,0,,,,
806-2,53,54,1.355870296,0.96366048,0.700605602,0.949930325,0,1.07925073,3.44,1,2.55,0,0,0,0,0,1,-0.348958,0.235818,2,3,0,0,0,,,,
806-2,50,46,1.35417697,0.962456979,0.680405728,0.921389768,0,1.14816638,2.55,0,3.44,1,0,0,0,0,1,0.239782,-0.330775,3,2,0,0,0,,,,
813-2,17,18,1.452144683,1.032085773,0.735024198,1.067361481,6,0.96628843,2.55,0,3.44,1,0,0,5,6,1,0.190394,-0.299664,4,2,15,0.333333333,1,,,,
813-2,20,17,1.450644363,0.99563786,0.890061869,1.291163233,5,1.01699504,3.04,2,2.55,0,0,0,5,5,2,-0.291477,0.190394,3,4,15,0.333333333,0,,,,
813-2,18,1,1.358278406,0.965372001,0.749296778,1.017753633,6,1.08959316,3.44,1,2.55,0,0,1,6,6,1,-0.299664,0.220209,2,3,15,0.333333333,0,,,,
813-2,33,29,1.522576212,0.996450401,0.867196988,1.320373505,0,1.08846421,2.55,0,2.55,0,0,0,0,0,0,0.223741,0.156093,2,2,0,0,0,,,,
813-2,65,66,1.517180175,0.992918962,0.822910592,1.248503636,0,1.10566646,2.55,0,2.55,0,0,0,0,0,0,0.149233,0.017761,2,1,0,0,0,,,,
813-2,40,39,1.508920175,0.987513203,0.843472092,1.272732056,0,1.04038948,2.55,0,2.55,0,0,0,0,0,0,0.04242,0.125391,1,3,0,0,0,,,,
813-2,5,60,1.48718777,0.973290425,0.972970435,1.446989731,0,0.99453337,2.55,0,2.55,0,1,1,6,6,0,0.113132,0.076601,3,3,0,0,0,,,,
813-2,29,20,1.454165514,0.998054574,0.783588339,1.13946714,0,0.96421234,2.55,0,3.04,2,0,0,0,5,2,0.156093,-0.291477,2,3,0,0,0,,,,
813-2,36,33,1.432483303,1.018111801,0.707832234,1.013957856,0,0.91988602,3.44,1,2.55,0,0,0,0,0,1,-0.325496,0.223741,2,2,0,0,0,,,,
813-2,64,65,1.420016471,1.009251223,0.701553931,0.996218137,0,0.94528783,3.44,1,2.55,0,0,0,0,0,1,-0.316659,0.149233,2,2,0,0,0,,,,
813-2,45,64,1.355971626,0.963732499,0.731666863,0.992119506,0,1.1276497,2.55,0,3.44,1,1,0,6,0,1,0.222987,-0.316659,3,2,0,0,0,,,,
813-2,39,36,1.354264518,0.962519202,0.691474426,0.93643928,0,1.12424096,2.55,0,3.44,1,0,0,0,0,1,0.125391,-0.325496,3,2,0,0,0,,,,
814-2,20,17,1.467671789,1.007324495,0.924361191,1.356658842,5,0.9729735,3.04,2,2.55,0,0,0,5,5,2,-0.29448,0.225794,3,4,15,0.333333333,0,,,,
814-2,17,18,1.42433617,1.012321372,0.768028058,1.093930142,6,1.00956368,2.55,0,3.44,1,0,0,5,6,1,0.225794,-0.296819,4,2,15,0.333333333,1,,,,
814-2,18,1,1.363677863,0.969209568,0.750301152,1.023169072,6,1.0729848,3.44,1,2.55,0,0,1,6,6,1,-0.296819,0.22135,2,3,15,0.333333333,0,,,,
814-2,67,68,1.534553623,1.00428902,0.842586852,1.292994705,0,1.09203853,2.55,0,2.55,0,0,0,0,0,0,0.125071,0.226141,2,2,0,0,0,,,,
814-2,33,29,1.531573328,1.002338565,0.688182548,1.054002035,0,1.06251176,2.55,0,2.55,0,0,0,0,0,0,0.207698,0.144122,2,2,0,0,0,,,,
814-2,40,39,1.509636839,0.987982224,0.844950097,1.275567794,0,1.04286224,2.55,0,2.55,0,0,0,0,0,0,0.050247,0.120046,1,3,0,0,0,,,,
814-2,5,60,1.486678116,0.972956882,0.966919929,1.437498698,0,0.98289698,2.55,0,2.55,0,1,1,6,6,0,0.103607,0.081618,3,3,0,0,0,,,,
814-2,65,67,1.445010128,0.99177085,0.83310645,1.203847259,0,0.98230468,3.04,2,2.55,0,1,0,5,0,2,-0.225225,0.125071,3,2,0,0,0,,,,
814-2,29,20,1.444334959,0.991307453,0.8393447,1.212294893,0,0.98112248,2.55,0,3.04,2,0,0,0,5,2,0.144122,-0.29448,2,3,0,0,0,,,,
814-2,36,33,1.433184911,1.018610455,0.679165987,0.973370445,0,0.91031092,3.44,1,2.55,0,0,0,0,0,1,-0.327765,0.207698,2,2,0,0,0,,,,
814-2,39,36,1.352034333,0.960934139,0.686898967,0.928710987,0,1.12946977,2.55,0,3.44,1,0,0,0,0,1,0.120046,-0.327765,3,2,0,0,0,,,,
815-2,17,18,1.451699201,1.031769155,0.734405668,1.066136121,6,0.9665346,2.55,0,3.44,1,0,0,5,6,1,0.189547,-0.299518,4,2,15,0.333333333,1,,,,
815-2,20,17,1.450869945,0.995792687,0.88959847,1.290691684,5,1.01688559,3.04,2,2.55,0,0,0,5,5,2,-0.291314,0.189547,3,4,15,0.333333333,0,,,,
815-2,18,1,1.358185985,0.965306315,0.749202253,1.017555999,6,1.08912677,3.44,1,2.55,0,0,1,6,6,1,-0.299518,0.219776,2,3,15,0.333333333,0,,,,
815-2,33,29,1.52244055,0.996361616,0.86690276,1.319807915,0,1.08837497,2.55,0,2.55,0,0,0,0,0,0,0.223861,0.156238,2,2,0,0,0,,,,
815-2,69,68,1.51670032,0.992604921,0.823269508,1.248653127,0,1.10597227,2.55,0,2.55,0,0,0,0,0,0,0.154581,0.014693,2,1,0,0,0,,,,
815-2,40,39,1.508834254,0.987456973,0.84358053,1.2728232,0,1.04065251,2.55,0,2.55,0,0,0,0,0,0,0.042566,0.125369,1,3,0,0,0,,,,
815-2,5,59,1.486840745,0.973063315,0.970461879,1.442922264,0,0.99191242,2.55,0,2.55,0,1,1,6,6,0,0.110743,0.077196,3,3,0,0,0,,,,
815-2,29,20,1.454240818,0.998106258,0.782203314,1.137511988,0,0.96412214,2.55,0,3.04,2,0,0,0,5,2,0.156238,-0.291314,2,3,0,0,0,,,,
815-2,36,33,1.432648517,1.018229223,0.707228734,1.013210197,0,0.91966252,3.44,1,2.55,0,0,0,0,0,1,-0.325352,0.223861,2,2,0,0,0,,,,
815-2,67,69,1.42209669,1.010729702,0.700462517,0.996125427,0,0.93801183,3.44,1,2.55,0,0,0,0,0,1,-0.31484,0.154581,2,2,0,0,0,,,,
815-2,39,36,1.354162834,0.962446932,0.691286558,0.936114564,0,1.12449154,2.55,0,3.44,1,0,0,0,0,1,0.125369,-0.325352,3,2,0,0,0,,,,
815-2,50,67,1.354023813,0.962348126,0.73277561,0.992195625,0,1.18549468,2.55,0,3.44,1,1,0,6,0,1,0.141542,-0.31484,3,2,0,0,0,,,,
816-2,20,17,1.462936047,1.004074157,0.921370239,1.347905735,5,0.98265904,3.04,2,2.55,0,0,0,5,5,2,-0.29693,0.228168,3,4,15,0.333333333,0,,,,
816-2,17,18,1.429185908,1.015768236,0.75222415,1.075068155,6,0.99726261,2.55,0,3.44,1,0,0,5,6,1,0.228168,-0.294824,4,2,15,0.333333333,1,,,,
816-2,0,5,1.403515818,0.918531294,0.752997311,1.056843637,6,1.32556354,2.55,0,2.55,0,0,0,6,6,0,-0.081362,0.16197,2,3,15,0.333333333,0,,,,
816-2,1,0,1.396022651,0.913627389,0.74760762,1.043677171,6,1.32866492,2.55,0,2.55,0,0,0,6,6,0,0.198931,-0.081362,3,2,15,0.333333333,0,,,,
816-2,18,1,1.360286855,0.966799471,0.749232692,1.019171383,6,1.08067294,3.44,1,2.55,0,0,0,6,6,1,-0.294824,0.198931,2,3,15,0.333333333,0,,,,
816-2,33,29,1.531283305,1.00214876,0.68793947,1.053430225,0,1.0626974,2.55,0,2.55,0,0,0,0,0,0,0.205336,0.146771,2,2,0,0,0,,,,
816-2,68,69,1.510286009,0.988407074,0.838000684,1.265620708,0,1.03874075,2.55,0,2.55,0,0,0,0,0,0,0.143305,0.042618,3,1,0,0,0,,,,
816-2,40,39,1.509067637,0.98760971,0.845175431,1.275426891,0,1.04382987,2.55,0,2.55,0,0,0,0,0,0,0.049911,0.119806,1,3,0,0,0,,,,
816-2,29,20,1.44493674,0.99172048,0.840999779,1.215191478,0,0.97957183,2.55,0,3.04,2,0,0,0,5,2,0.146771,-0.29693,2,3,0,0,0,,,,
816-2,36,33,1.432198697,1.017909522,0.678466146,0.97169833,0,0.91346995,3.44,1,2.55,0,0,0,0,0,1,-0.326601,0.205336,2,2,0,0,0,,,,
816-2,5,61,1.417919059,0.973177117,0.812234992,1.151683476,0,0.93786784,2.55,0,3.04,2,0,1,6,5,2,0.16197,-0.185888,3,3,0,0,0,,,,
816-2,59,67,1.392374606,0.989605264,0.965610535,1.344491588,0,0.98191125,2.55,0,3.44,1,1,0,6,0,1,0.223976,-0.274651,3,2,0,0,0,,,,
816-2,67,68,1.357208911,0.964611877,0.727347122,0.987161995,0,1.09248746,3.44,1,2.55,0,0,0,0,0,1,-0.274651,0.143305,2,3,0,0,0,,,,
816-2,39,36,1.352779529,0.961463773,0.686498888,0.928681642,0,1.12755781,2.55,0,3.44,1,0,0,0,0,1,0.119806,-0.326601,3,2,0,0,0,,,,
822-2,20,17,1.480783815,1.016323827,0.884375614,1.309589218,5,0.98210128,3.04,2,2.55,0,0,0,5,5,2,-0.283728,0.199037,3,4,15,0.266666667,0,,,,
822-2,17,18,1.433215756,1.018632378,0.792182567,1.135362487,6,0.95709745,2.55,0,3.44,1,0,0,5,6,1,0.199037,-0.295708,4,2,15,0.266666667,1,,,,
822-2,1,0,1.414838267,0.925941274,0.999045205,1.413509527,6,1.37993449,2.55,0,2.55,0,0,0,6,6,0,0.165364,-0.092777,3,3,15,0.266666667,0,,,,
822-2,18,1,1.353635938,0.962072451,0.753066858,1.01938585,6,1.17195591,3.44,1,2.55,0,0,0,6,6,1,-0.295708,0.165364,2,3,15,0.266666667,0,,,,
822-2,35,29,1.52932815,1.000869208,0.89068412,1.362177043,0,1.09162693,2.55,0,2.55,0,0,0,0,0,0,0.230344,0.145782,2,2,0,0,0,,,,
822-2,33,66,1.521321731,0.995629405,0.686981617,1.04513185,0,1.09932376,2.55,0,2.55,0,0,0,0,0,0,0.107662,0.210454,2,2,0,0,0,,,,
822-2,91,92,1.512775591,0.990036382,0.866642449,1.311029764,0,1.02842606,2.55,0,2.55,0,0,0,0,0,0,0.130852,0.022205,3,1,0,0,0,,,,
822-2,0,33,1.512569595,0.989901568,0.73606085,1.113362439,0,0.99039755,2.55,0,2.55,0,0,0,6,0,0,-0.092777,0.107662,3,2,0,0,0,,,,
822-2,61,60,1.505507573,0.985279826,0.840397001,1.265231205,0,1.04236684,2.55,0,2.55,0,0,0,0,0,0,0.044347,0.142837,1,3,0,0,0,,,,
822-2,43,42,1.494344179,0.977973939,0.730053179,1.090957077,0,0.92637096,2.55,0,2.55,0,1,0,6,0,0,-0.030982,0.241448,3,3,0,0,0,,,,
822-2,72,74,1.493924029,0.977698972,0.731042396,1.092116977,0,0.93373947,2.55,0,2.55,0,0,1,0,6,0,0.229173,-0.023875,3,3,0,0,0,,,,
822-2,29,20,1.450247422,0.995365423,0.744276724,1.079381303,0,0.98991547,2.55,0,3.04,2,0,0,0,5,2,0.145782,-0.283728,2,3,0,0,0,,,,
822-2,66,69,1.432375644,1.018035283,0.693404912,0.993216177,0,0.91422398,2.55,0,3.44,1,0,0,0,0,1,0.210454,-0.314657,2,2,0,0,0,,,,
822-2,38,35,1.430792703,1.016910237,0.780438403,1.116630011,0,0.91489771,3.44,1,2.55,0,0,0,0,0,1,-0.317697,0.230344,2,2,0,0,0,,,,
822-2,59,53,1.392440184,0.989651872,0.802691723,1.117705721,0,0.92989595,3.44,1,2.55,0,0,1,0,6,1,-0.282134,0.206686,2,3,0,0,0,,,,
822-2,85,90,1.383459534,0.983269036,0.854338343,1.181963944,0,0.98414695,2.55,0,3.44,1,1,0,6,0,1,0.149122,-0.257714,3,2,0,0,0,,,,
822-2,90,91,1.376302224,0.978182107,0.997272321,1.372593783,0,1.05066314,3.44,1,2.55,0,0,0,0,0,1,-0.257714,0.130852,2,3,0,0,0,,,,
822-2,60,59,1.362742343,0.968544665,0.7024251,0.957225964,0,1.09921337,2.55,0,3.44,1,0,0,0,0,1,0.142837,-0.282134,3,2,0,0,0,,,,
822-2,42,38,1.352711555,0.961415462,0.69859503,0.944986098,0,1.18216381,2.55,0,3.44,1,0,0,0,0,1,0.241448,-0.317697,3,2,0,0,0,,,,
822-2,69,72,1.352439405,0.961222036,0.69587252,0.941125866,0,1.17551745,3.44,1,2.55,0,0,0,0,0,1,-0.314657,0.229173,2,3,0,0,0,,,,
823-2,17,20,1.464349276,1.005044115,0.880256819,1.289003435,5,1.00472051,2.55,0,3.04,2,0,0,5,5,2,0.221808,-0.28582,4,3,15,0.266666667,0,,,,
823-2,18,17,1.446796769,1.028284839,0.782261124,1.131772867,6,0.93023965,3.44,1,2.55,0,0,0,6,5,1,-0.294049,0.221808,2,4,15,0.266666667,1,,,,
823-2,1,18,1.343305463,0.954730251,0.75433883,1.013307471,6,1.17249021,2.55,0,3.44,1,1,0,6,6,1,0.199407,-0.294049,3,2,15,0.266666667,0,,,,
823-2,29,40,1.520460956,0.995066071,0.950775491,1.445617012,0,1.03509197,2.55,0,2.55,0,0,1,0,6,0,0.266242,-0.014587,2,3,0,0,0,,,,
823-2,69,68,1.507695532,0.986711735,0.837208531,1.262255561,0,1.03671108,2.55,0,2.55,0,0,0,0,0,0,0.13784,0.04198,3,1,0,0,0,,,,
823-2,38,34,1.504319128,0.984502047,0.838122937,1.260804366,0,1.04943165,2.55,0,2.55,0,0,0,0,0,0,0.046398,0.159571,1,3,0,0,0,,,,
823-2,20,29,1.452540184,0.996939042,0.766149029,1.112862252,0,0.97333641,3.04,2,2.55,0,0,0,5,0,2,-0.28582,0.266242,3,2,0,0,0,,,,
823-2,62,70,1.389250633,0.987384956,0.942817873,1.309810327,0,0.95903697,2.55,0,3.44,1,1,0,6,0,1,0.216293,-0.28531,3,2,0,0,0,,,,
823-2,33,0,1.382568853,0.982636,0.87895981,1.215222456,0,0.97155666,3.44,1,2.55,0,0,1,0,6,1,-0.284082,0.172298,2,3,0,0,0,,,,
823-2,34,33,1.375442336,0.977570957,0.697426257,0.9592696,0,1.05381715,2.55,0,3.44,1,0,0,0,0,1,0.159571,-0.284082,3,2,0,0,0,,,,
823-2,70,69,1.367763984,0.972113706,0.708201152,0.968652029,0,1.0766931,3.44,1,2.55,0,0,0,0,0,1,-0.28531,0.13784,2,3,0,0,0,,,,
con1,18,38,1.552282831,1.015891905,0.762598852,1.183769104,0,0.99769134,2.55,0,2.55,0,0,0,0,4,0,0.231485,-0.341613,2,4,0,0,0,,,,
con1,42,22,1.552268507,1.015882531,0.763947088,1.185851007,0,0.99852961,2.55,0,2.55,0,0,0,4,0,0,-0.341202,0.231609,4,2,0,0,0,,,,
con1,7,18,1.51667037,0.992585321,0.960384396,1.456586557,0,1.04798756,2.55,0,2.55,0,1,0,6,0,0,-0.026925,0.231485,3,2,0,0,0,,,,
con1,22,21,1.516499498,0.992473494,0.960942595,1.457268964,0,1.04854378,2.55,0,2.55,0,0,1,0,6,0,0.231609,-0.028219,2,3,0,0,0,,,,
con1,29,28,1.512131363,0.989614767,0.96258641,1.4555571,0,0.99728766,2.55,0,2.55,0,1,0,6,0,0,-0.055912,0.292713,3,2,0,0,0,,,,
con1,10,2,1.512111651,0.989601866,0.962629717,1.455603611,0,0.9961631,2.55,0,2.55,0,0,1,0,6,0,0.292184,-0.055949,2,3,0,0,0,,,,
con1,28,31,1.402801562,0.997016036,0.681953664,0.956645665,0,1.03247301,2.55,0,3.44,1,0,0,0,0,1,0.292713,-0.382144,2,2,0,0,0,,,,
con1,11,10,1.402577297,0.996856643,0.682009151,0.956570552,0,1.03377932,3.44,1,2.55,0,0,0,0,0,1,-0.381739,0.292184,2,2,0,0,0,,,,
con1,31,30,1.401521652,0.996106363,0.838106759,1.174624769,0,0.99751875,3.44,1,2.55,0,0,0,0,0,1,-0.382144,0.198059,2,1,0,0,0,,,,
con1,14,11,1.401389151,0.99601219,0.837971574,1.174324273,0,0.99717657,2.55,0,3.44,1,0,0,0,0,1,0.198068,-0.381739,1,2,0,0,0,,,,
con2,42,22,1.553902661,1.016952003,0.767727351,1.192973574,0,0.99936161,2.55,0,2.55,0,0,0,4,0,0,-0.342983,0.225072,4,2,0,0,0,,,,
con2,18,38,1.553872326,1.01693215,0.767952058,1.19329945,0,0.99981074,2.55,0,2.55,0,0,0,0,4,0,0.225435,-0.34193,2,4,0,0,0,,,,
con2,22,21,1.51619678,0.992275379,0.960908525,1.456926411,0,1.05013634,2.55,0,2.55,0,0,1,0,6,0,0.225072,-0.026666,2,3,0,0,0,,,,
con2,7,18,1.516182414,0.992265978,0.961131289,1.457250358,0,1.050388,2.55,0,2.55,0,1,0,6,0,0,-0.027406,0.225435,3,2,0,0,0,,,,
con2,29,28,1.512242481,0.989687487,0.962667377,1.455786502,0,0.99628467,2.55,0,2.55,0,1,0,6,0,0,-0.056092,0.292471,3,2,0,0,0,,,,
con2,10,2,1.512038296,0.989553859,0.962514619,1.455358964,0,0.99860526,2.55,0,2.55,0,0,1,0,6,0,0.292171,-0.054965,2,3,0,0,0,,,,
con2,11,10,1.403091464,0.997222078,0.68169247,0.956476886,0,1.03130497,3.44,1,2.55,0,0,0,0,0,1,-0.382318,0.292171,2,2,0,0,0,,,,
con2,28,31,1.402506818,0.996806552,0.681987066,0.95649151,0,1.03356139,2.55,0,3.44,1,0,0,0,0,1,0.292471,-0.381843,2,2,0,0,0,,,,
con2,14,11,1.401641031,0.996191209,0.837933895,1.174482529,0,0.99780749,2.55,0,3.44,1,0,0,0,0,1,0.197732,-0.382318,1,2,0,0,0,,,,
con2,31,30,1.401530548,0.996112685,0.838033696,1.174529825,0,0.99720999,3.44,1,2.55,0,0,0,0,0,1,-0.381843,0.198102,2,1,0,0,0,,,,
con3,55,60,1.572725349,1.029270516,0.665646639,1.046598192,6,1.04139159,2.55,0,2.55,0,0,0,6,5,0,0.132596,-0.035347,3,3,13,0.384615385,0,,,,
con3,60,65,1.525289931,0.998226394,0.72882045,1.111598425,5,0.90012786,2.55,0,2.55,0,0,0,5,5,0,-0.035347,0.18352,3,3,13,0.384615385,0,,,,
con3,45,55,1.521978062,0.996058941,0.77117459,1.173859555,6,1.00539897,2.55,0,2.55,0,1,0,6,6,0,-0.035838,0.132596,3,3,13,0.384615385,0,,,,
con3,65,66,1.397950789,0.959472058,0.706565588,0.987699814,5,1.05320377,2.55,0,3.04,2,0,0,5,5,2,0.18352,-0.297187,3,3,13,0.384615385,0,,,,
con3,67,68,1.525526128,0.998380974,0.672029031,1.025304376,0,1.08408296,2.55,0,2.55,0,0,0,0,0,0,0.180242,0.20833,2,2,0,0,0,,,,
con3,74,75,1.50899405,0.987561551,0.844834769,1.274848379,0,1.04480534,2.55,0,2.55,0,0,0,0,0,0,0.120671,0.050541,3,1,0,0,0,,,,
con3,22,20,1.508465684,0.987215762,0.836257522,1.261363168,0,1.04134847,2.55,0,2.55,0,0,0,0,0,0,0.042801,0.144579,1,3,0,0,0,,,,
con3,66,67,1.453033308,0.997277494,0.826998787,1.20171743,0,0.9143031,3.04,2,2.55,0,0,0,5,0,2,-0.297187,0.180242,3,2,0,0,0,,,,
con3,68,71,1.430053673,1.016384984,0.679033687,0.97097714,0,0.92264949,2.55,0,3.44,1,0,0,0,0,1,0.20833,-0.325411,2,2,0,0,0,,,,
con3,32,33,1.427044758,0.933929816,0.999997055,1.427149582,0,0.95214355,2.55,0,2.55,0,1,0,6,0,0,-0.008363,-0.048472,3,2,0,0,0,,,,
con3,34,47,1.426790184,0.933763209,0.941669942,1.343699124,0,0.88618313,2.55,0,2.55,0,0,1,0,6,0,-0.055097,0.032611,2,3,0,0,0,,,,
con3,23,21,1.383948479,0.983616545,0.962467971,1.331970892,0,1.00944015,3.44,1,2.55,0,0,1,0,6,1,-0.270404,0.217153,2,3,0,0,0,,,,
con3,20,23,1.363911429,0.969375572,0.727714359,0.992655144,0,1.07081609,2.55,0,3.44,1,0,0,0,0,1,0.144579,-0.270404,3,2,0,0,0,,,,
con3,71,74,1.352718027,0.961420062,0.686197938,0.928250846,0,1.1267456,3.44,1,2.55,0,0,0,0,0,1,-0.325411,0.120671,2,3,0,0,0,,,,
con3,33,34,1.221739796,0.799567929,0.999994942,1.221780755,0,2.33768297,2.55,0,2.55,0,0,0,0,0,0,-0.048472,-0.055097,2,2,0,0,0,,,,
con4,23,20,1.568692444,1.026631181,0.877430326,1.376418322,6,1.0345253,2.55,0,2.55,0,1,0,5,6,0,-0.04966,0.189896,3,3,13,0.461538462,0,,,,
con4,20,18,1.519876967,0.994683879,0.776507402,1.180195716,6,0.95256736,2.55,0,2.55,0,0,1,6,6,0,0.189896,0.000229,3,3,13,0.461538462,0,,,,
con4,33,32,1.525428202,0.998316886,0.671949824,1.025011213,0,1.08201103,2.55,0,2.55,0,0,0,0,0,0,0.206673,0.180415,2,2,0,0,0,,,,
con4,49,50,1.515964646,0.992123459,0.871308051,1.320872201,0,1.02396335,2.55,0,2.55,0,0,0,0,0,0,0.129531,-0.006555,3,1,0,0,0,,,,
con4,12,45,1.513889726,0.990765528,0.720853122,1.091292136,0,0.98370285,2.55,0,2.55,0,1,0,6,0,0,-0.058128,0.27578,3,2,0,0,0,,,,
con4,40,39,1.508879502,0.987486585,0.844960509,1.274943593,0,1.04498825,2.55,0,2.55,0,0,0,0,0,0,0.049832,0.121043,1,3,0,0,0,,,,
con4,32,29,1.453711922,0.997743255,0.813564379,1.182688237,0,0.91234017,2.55,0,3.04,2,0,1,0,5,2,0.180415,-0.297978,2,3,0,0,0,,,,
con4,36,33,1.429736524,1.016159576,0.678304536,0.96979677,0,0.92314448,3.44,1,2.55,0,0,0,0,0,1,-0.325243,0.206673,2,2,0,0,0,,,,
con4,45,46,1.420196186,1.009378952,0.722587296,1.026215722,0,0.97148727,2.55,0,3.44,1,0,0,0,0,1,0.27578,-0.293521,2,2,0,0,0,,,,
con4,46,49,1.360809284,0.967170778,0.998512702,1.358785355,0,1.09547004,3.44,1,2.55,0,0,0,0,0,1,-0.293521,0.129531,2,3,0,0,0,,,,
con4,39,36,1.352852993,0.961515987,0.685950304,0.927989922,0,1.12609581,2.55,0,3.44,1,0,0,0,0,1,0.121043,-0.325243,3,2,0,0,0,,,,
con5,5,3,1.574175837,1.030219789,0.665629094,1.047919887,5,0.99041082,2.55,0,2.55,0,0,0,5,5,0,-0.042316,0.167448,3,3,9,0.444444444,0,,,,
con5,3,25,1.531435834,1.002248582,0.803787211,1.231007549,5,0.95226177,2.55,0,2.55,0,0,0,5,5,0,0.167448,-0.053267,3,3,9,0.444444444,0,,,,
con5,1,5,1.524795938,0.997903101,0.74553257,1.136754369,5,0.91398063,2.55,0,2.55,0,0,0,5,5,0,0.194545,-0.042316,3,3,9,0.444444444,0,,,,
con5,0,1,1.396593549,0.958540528,0.706897722,0.987220761,5,1.06177195,3.04,2,2.55,0,0,0,5,5,2,-0.280436,0.194545,3,3,9,0.444444444,0,,,,
con5,15,10,1.525730668,0.998514835,0.672282129,1.025702331,0,1.08344955,2.55,0,2.55,0,0,0,0,0,0,0.209779,0.175299,2,2,0,0,0,,,,
con5,22,20,1.508867287,0.987478591,0.844672902,1.274487231,0,1.04492285,2.55,0,2.55,0,0,0,0,0,0,0.049828,0.121424,1,3,0,0,0,,,,
con5,34,36,1.508296102,0.987104779,0.844876192,1.274300645,0,1.04811172,2.55,0,2.55,0,0,0,0,0,0,0.120525,0.054565,3,1,0,0,0,,,,
con5,25,28,1.488236364,0.973976678,0.92294322,1.373540345,0,1.05447962,2.55,0,2.55,0,0,0,5,0,0,-0.053267,0.328582,3,2,0,0,0,,,,
con5,10,0,1.453815374,0.997814258,0.824920976,1.199278417,0,0.91126382,2.55,0,3.04,2,0,0,0,5,2,0.175299,-0.280436,2,3,0,0,0,,,,
con5,28,31,1.436815069,1.021190525,0.691373349,0.993365062,0,0.92012285,2.55,0,3.44,1,0,0,0,0,1,0.328582,-0.323722,2,2,0,0,0,,,,
con5,14,15,1.429570082,1.016041281,0.679027974,0.970666955,0,0.92403202,3.44,1,2.55,0,0,0,0,0,1,-0.325154,0.209779,2,2,0,0,0,,,,
con5,31,34,1.354218282,0.962486341,0.684299237,0.926702456,0,1.12523956,3.44,1,2.55,0,0,0,0,0,1,-0.323722,0.120525,2,3,0,0,0,,,,
con5,20,14,1.353056756,0.961660807,0.686094541,0.928331607,0,1.12563542,2.55,0,3.44,1,0,0,0,0,1,0.121424,-0.325154,3,2,0,0,0,,,,
con6,1,0,1.475905348,0.965906641,0.999999916,1.475874044,3,1.04873819,2.55,0,2.55,0,0,0,3,3,0,0.059569,0.05759,3,3,3,0.333333333,0,,,,
con6,3,10,1.53227147,1.002795465,0.831550576,1.274184491,0,1.09685291,2.55,0,2.55,0,0,0,0,0,0,0.083578,-0.013473,2,1,0,0,0,,,,
con6,8,5,1.532212406,1.002756811,0.831590513,1.274211216,0,1.09634452,2.55,0,2.55,0,0,0,0,0,0,-0.01364,0.083833,1,2,0,0,0,,,,
con6,0,3,1.511866843,0.989441651,0.76470912,1.156261679,0,1.05537557,2.55,0,2.55,0,0,0,3,0,0,0.05759,0.083578,3,2,0,0,0,,,,
con6,5,1,1.511848545,0.989429676,0.766370678,1.158729286,0,1.05705142,2.55,0,2.55,0,0,0,0,3,0,0.083833,0.059569,2,3,0,0,0,,,,
con7,1,0,1.518914362,0.994053902,0.738547442,1.121790317,6,0.9962685,2.55,0,2.55,0,0,0,6,6,0,0.216512,-0.005541,4,2,14,0.428571429,0,,,,
con7,5,4,1.457948652,0.954154877,0.785262458,1.144872342,6,1.08499979,2.55,0,2.55,0,0,0,6,6,0,0.024343,0.018233,2,3,14,0.428571429,0,,,,
con7,4,6,1.438373583,0.941343968,0.999424329,1.437545553,6,1.18922131,2.55,0,2.55,0,0,1,6,6,0,0.018233,0.104711,3,3,14,0.428571429,0,,,,
con7,0,5,1.344691561,0.880033744,0.999624308,1.344186371,6,1.78585313,2.55,0,2.55,0,0,0,6,6,0,-0.005541,0.024343,2,2,14,0.428571429,0,,,,
con7,31,1,1.536995363,1.005887018,0.964942193,1.483111676,0,0.92144854,2.55,0,2.55,0,1,0,6,6,0,0.01176,0.216512,3,4,0,0,0,,,,
con7,50,51,1.518151065,0.993554362,0.650229722,0.987146944,0,1.04381849,2.55,0,2.55,0,0,0,0,0,0,0.183271,0.228828,2,2,0,0,0,,,,
con7,57,58,1.508956993,0.987537299,0.844799558,1.274766201,0,1.04454129,2.55,0,2.55,0,0,0,0,0,0,0.118861,0.051463,3,1,0,0,0,,,,
con7,43,42,1.508534074,0.987260519,0.8369609,1.262584035,0,1.03613853,2.55,0,2.55,0,0,0,0,0,0,0.040816,0.140091,1,3,0,0,0,,,,
con7,51,54,1.429338243,1.015876505,0.67941722,0.971117015,0,0.91377532,2.55,0,3.44,1,0,0,0,0,1,0.228828,-0.329529,2,2,0,0,0,,,,
con7,49,50,1.411449275,1.003162243,0.692931805,0.978038095,0,0.95548547,3.44,1,2.55,0,0,0,0,0,1,-0.319791,0.183271,2,2,0,0,0,,,,
con7,41,36,1.388820297,0.987079102,0.96292058,1.337323646,0,0.97294567,3.44,1,2.55,0,0,1,0,6,1,-0.28266,0.217697,2,3,0,0,0,,,,
con7,42,41,1.365728454,0.970666989,0.714689821,0.976072225,0,1.07768036,2.55,0,3.44,1,0,0,0,0,1,0.140091,-0.28266,3,2,0,0,0,,,,
con7,11,49,1.361718925,0.967817289,0.737030093,1.003627826,0,1.11631067,2.55,0,3.44,1,1,0,6,0,1,0.234998,-0.319791,3,2,0,0,0,,,,
con7,54,57,1.353364985,0.961879875,0.685999258,0.928407375,0,1.12666049,3.44,1,2.55,0,0,0,0,0,1,-0.329529,0.118861,2,3,0,0,0,,,,
con8,30,1,1.542278391,1.009344497,0.618172211,0.953393643,0,0.93030401,2.55,0,2.55,0,1,0,6,6,0,0.041576,0.215201,3,4,0,0,0,,,,
con8,58,55,1.518227841,0.993604608,0.65139838,0.988971156,0,1.04270438,2.55,0,2.55,0,0,0,0,0,0,0.182112,0.23104,2,2,0,0,0,,,,
con8,52,50,1.509096782,0.987628784,0.844770288,1.274840123,0,1.04426781,2.55,0,2.55,0,0,0,0,0,0,0.119031,0.051192,3,1,0,0,0,,,,
con8,42,41,1.508225604,0.987058641,0.83693715,1.262290038,0,1.03649755,2.55,0,2.55,0,0,0,0,0,0,0.040752,0.140549,1,3,0,0,0,,,,
con8,55,54,1.429372899,1.015901137,0.680044154,0.972036684,0,0.91366739,2.55,0,3.44,1,0,0,0,0,1,0.23104,-0.329328,2,2,0,0,0,,,,
con8,59,58,1.410666383,1.002605816,0.690221406,0.973672135,0,0.95769116,3.44,1,2.55,0,0,0,0,0,1,-0.32187,0.182112,2,2,0,0,0,,,,
con8,40,35,1.387920504,0.98643959,0.962847702,1.336356067,0,0.97305951,3.44,1,2.55,0,0,1,0,6,1,-0.282574,0.218092,2,3,0,0,0,,,,
con8,41,40,1.366456355,0.971184332,0.713914174,0.97553256,0,1.076253,2.55,0,3.44,1,0,0,0,0,1,0.140549,-0.282574,3,2,0,0,0,,,,
con8,12,59,1.360884958,0.967224562,0.983187956,1.338005701,0,1.10258191,2.55,0,3.44,1,1,0,6,0,1,0.236208,-0.32187,3,2,0,0,0,,,,
con8,54,52,1.353314812,0.961844216,0.68625922,0.928724768,0,1.12726957,3.44,1,2.55,0,0,0,0,0,1,-0.329328,0.119031,2,3,0,0,0,,,,